발생년월일,주야,요일,사망자수,사상자수,중상자수,경상자수,부상신고자수,발생지시도,발생지시군구,사고유형_대분류,사고유형_중분류,법규위반,도로형태_대분류,도로형태,당사자종별_1당_대분류,당사자종별_2당_대분류,경도,위도,발생지,사고피해정도,사고차량타입,도시여부,주말/공휴일,인구수,발생지번호,보행자의위치,무단횡단여부
2019-03-16,0,5,1,1,0,0,0,충북,청주시,1,8,6,1,1,1,4,127.5187,36.6234,충북청주시,0,화물차이륜차,0,1,0,83,0,0
2019-03-16,0,5,1,1,0,0,0,경남,진주시,1,1,0,1,2,1,2,128.1035,35.1794,경남진주시,0,화물차승용차,0,1,0,42,0,0
2019-03-16,1,5,1,3,0,1,0,경기,화성시,1,5,0,0,0,0,9,126.7594,37.2116,경기화성시,0,승용차건설기계,0,1,0,50,0,0
2019-03-16,1,5,1,1,0,0,0,경북,경주시,1,8,0,1,1,0,4,129.2174,35.9863,경북경주시,0,승용차이륜차,0,1,0,100,0,0
2019-03-16,1,5,1,6,0,2,1,경기,용인시,1,5,0,1,1,0,4,127.2307,37.2326,경기용인시,0,승용차이륜차,0,1,0,51,0,0
2019-03-16,1,5,1,1,0,0,0,경기,시흥시,1,12,0,2,4,6,1,126.7204,37.347,경기시흥시,0,원동기장치자전거없음,0,1,0,73,0,0
2019-03-16,1,5,1,1,0,0,0,경북,예천군,1,11,0,0,0,4,1,128.4551,36.5544,경북예천군,0,이륜차없음,0,1,0,55,0,0
2019-03-16,0,5,1,1,0,0,0,경남,거창군,1,9,5,0,0,4,2,128.0135,35.71,경남거창군,0,이륜차승용차,0,1,0,154,0,0
2019-03-16,0,5,1,1,0,0,0,경남,남해군,1,11,0,0,0,4,1,127.8504,34.8133,경남남해군,0,이륜차없음,0,1,0,197,0,0
2019-03-16,0,5,1,1,0,0,0,제주,제주시,1,1,0,0,0,1,3,126.8645,33.5157,제주제주시,0,화물차화물차,0,1,0,90,0,0
2019-03-17,0,6,2,2,0,0,0,경남,김해시,1,6,0,0,0,0,1,128.8538,35.2107,경남김해시,0,승용차없음,0,1,0,13,0,0
2019-03-17,1,6,1,5,2,0,0,강원,정선군,1,9,5,0,0,0,2,128.6707,37.411,강원정선군,1,승용차승용차,0,1,0,198,0,0
2019-03-17,0,6,1,3,0,1,0,경기,오산시,1,8,6,1,1,4,2,127.066,37.1713,경기오산시,0,이륜차승용차,0,1,0,143,0,0
2019-03-18,0,0,1,1,0,0,0,경북,포항시,1,1,0,0,0,4,1,129.3841,35.9748,경북포항시,0,이륜차없음,0,0,0,160,0,0
2019-03-18,1,0,1,3,0,1,0,전남,여수시,1,8,6,1,1,1,9,127.6144,34.7078,전남여수시,0,화물차건설기계,0,0,0,102,0,0
2019-03-18,1,0,1,1,0,0,0,충남,당진시,1,8,7,1,1,6,3,126.7699,36.8078,충남당진시,0,원동기장치자전거화물차,0,0,0,46,0,0
2019-03-18,1,0,1,3,1,0,0,경기,의왕시,1,5,0,0,0,1,11,127.0176,37.3926,경기의왕시,0,화물차특수차,0,0,0,199,0,0
2019-03-18,0,0,1,1,0,0,0,경남,김해시,1,11,0,0,0,1,1,128.8393,35.2477,경남김해시,0,화물차없음,0,0,0,13,0,0
2019-03-18,0,0,1,1,0,0,0,울산,울주군,1,8,6,1,1,1,4,129.1156,35.5482,울산울주군,0,화물차이륜차,0,0,0,17,0,0
2019-03-19,0,1,1,5,1,1,0,충북,영동군,1,8,6,1,1,0,11,127.7737,36.1739,충북영동군,0,승용차특수차,0,0,0,75,0,0
2019-03-19,0,1,1,1,0,0,0,경기,파주시,1,6,0,0,0,0,1,126.7596,37.7345,경기파주시,0,승용차없음,0,0,0,175,0,0
2019-03-19,1,1,1,1,0,0,0,충북,청주시,1,1,0,1,1,1,4,127.521,36.7142,충북청주시,0,화물차이륜차,0,0,0,83,0,0
2019-03-19,1,1,1,1,0,0,0,제주,서귀포시,1,1,0,0,0,4,1,126.6355,33.2961,제주서귀포시,0,이륜차없음,0,0,0,62,0,0
2019-03-19,0,1,1,3,0,1,0,충남,아산시,1,1,0,0,0,0,2,126.9592,36.7576,충남아산시,0,승용차승용차,0,0,0,53,0,0
2019-03-20,0,2,1,3,1,0,0,부산,해운대구,1,8,6,1,1,0,4,129.1474,35.1588,부산해운대구,0,승용차이륜차,0,0,0,1,0,0
2019-03-20,0,2,1,3,1,0,0,경북,김천시,1,5,0,1,1,0,8,128.1269,36.0951,경북김천시,0,승용차농기계,0,0,0,76,0,0
2019-03-20,1,2,1,1,0,0,0,울산,울주군,1,12,0,0,0,4,1,129.255,35.532,울산울주군,0,이륜차없음,0,0,0,17,0,0
2019-03-20,1,2,1,1,0,0,0,전북,익산시,1,8,0,1,2,2,5,126.9367,35.9393,전북익산시,0,승합차자전거,0,0,0,125,0,0
2019-03-21,0,3,1,3,0,0,2,서울,강남구,1,1,2,0,0,1,6,127.0524,37.5284,서울강남구,0,화물차승합차,0,0,0,89,0,0
2019-03-21,0,3,1,4,1,0,1,경기,안양시,1,5,2,0,0,0,3,126.8911,37.4145,경기안양시,0,승용차화물차,0,0,0,151,0,0
2019-03-21,1,3,1,1,0,0,0,경기,수원시,1,1,0,0,0,5,1,127.0344,37.309,경기수원시,0,특수차없음,0,0,0,99,0,0
2019-03-21,1,3,1,1,0,0,0,경기,남양주시,1,6,0,0,0,0,1,127.2265,37.5964,경기남양주시,0,승용차없음,0,0,0,70,0,0
2019-03-21,1,3,1,1,0,0,0,전남,나주시,1,11,0,0,0,1,1,126.7764,34.9474,전남나주시,0,화물차없음,0,0,0,33,0,0
2019-03-21,0,3,1,1,0,0,0,부산,수영구,1,6,0,0,0,0,1,129.133,35.1589,부산수영구,0,승용차없음,0,0,0,45,0,0
2019-03-21,0,3,1,1,0,0,0,충남,공주시,1,5,0,0,0,0,3,126.9464,36.5751,충남공주시,0,승용차화물차,0,0,0,19,0,0
2019-03-22,1,4,1,1,0,0,0,경기,파주시,1,8,7,1,2,1,9,126.8793,37.801,경기파주시,0,화물차건설기계,0,0,0,175,0,0
2019-03-22,1,4,1,1,0,0,0,경북,의성군,1,5,3,0,0,1,8,128.6663,36.4295,경북의성군,0,화물차농기계,0,0,0,105,0,0
2019-03-22,1,4,1,6,0,1,3,경북,안동시,1,8,2,0,0,0,2,128.7005,36.6024,경북안동시,0,승용차승용차,0,0,0,66,0,0
2019-03-22,1,4,1,1,0,0,0,경기,광명시,1,6,0,0,0,4,1,126.8952,37.4416,경기광명시,0,이륜차없음,0,0,0,81,0,0
2019-03-22,0,4,1,1,0,0,0,전북,익산시,1,8,0,1,1,0,7,126.9641,35.9654,전북익산시,0,승용차원동기장치자전거,0,0,0,125,0,0
2019-03-22,0,4,1,1,0,0,0,경북,성주군,1,1,0,0,0,0,2,128.2825,35.9407,경북성주군,0,승용차승용차,0,0,0,168,0,0
2019-03-22,0,4,1,1,0,0,0,전북,익산시,1,5,0,0,0,1,5,126.9402,36.0868,전북익산시,0,화물차자전거,0,0,0,125,0,0
2019-03-22,0,4,1,5,2,0,0,충북,영동군,1,1,0,0,0,0,2,127.8894,36.2172,충북영동군,1,승용차승용차,0,0,0,75,0,0
2019-03-22,0,4,1,3,1,0,0,전북,부안군,1,6,0,0,0,1,1,126.6712,35.7305,전북부안군,0,화물차없음,0,0,0,185,0,0
2019-03-23,1,5,1,5,1,1,0,전남,나주시,1,9,5,1,2,1,3,126.6424,34.9529,전남나주시,0,화물차화물차,0,1,0,33,0,0
2019-03-23,1,5,1,2,0,0,1,서울,강북구,1,5,0,1,1,4,3,127.0133,37.6504,서울강북구,0,이륜차화물차,0,1,0,200,0,0
2019-03-23,1,5,1,1,0,0,0,경기,여주시,1,1,0,1,2,0,3,127.52,37.3384,경기여주시,0,승용차화물차,0,1,0,22,0,0
2019-03-23,1,5,1,22,0,7,7,경기,용인시,1,5,0,0,0,2,2,127.1037,37.3325,경기용인시,2,승합차승용차,0,1,0,51,0,0
2019-03-23,0,5,1,1,0,0,0,대구,동구,1,8,6,1,1,0,4,128.6685,35.8767,대구동구,0,승용차이륜차,0,1,0,26,0,0
2019-03-24,1,6,1,1,0,0,0,대구,달서구,1,8,0,0,0,4,2,128.5496,35.813,대구달서구,0,이륜차승용차,0,1,0,20,0,0
2019-03-25,1,0,1,3,1,0,0,경남,남해군,1,9,5,0,0,1,9,128.0194,34.8298,경남남해군,0,화물차건설기계,0,0,0,197,0,0
2019-03-25,1,0,1,3,0,1,0,경남,합천군,1,5,0,0,0,0,3,128.1219,35.7252,경남합천군,0,승용차화물차,0,0,0,133,0,0
2019-03-25,0,0,1,11,1,4,0,대구,달성군,1,1,0,1,2,0,2,128.4466,35.6816,대구달성군,1,승용차승용차,0,0,0,30,0,0
2019-03-25,0,0,1,1,0,0,0,제주,제주시,1,5,0,0,0,0,2,126.1836,33.3107,제주제주시,0,승용차승용차,0,0,0,90,0,0
2019-03-26,0,1,1,1,0,0,0,강원,홍천군,1,5,0,0,0,1,5,128.2347,37.6955,강원홍천군,0,화물차자전거,0,0,0,82,0,0
2019-03-26,1,1,1,1,0,0,0,경북,경산시,1,9,0,1,1,1,4,128.8097,35.8153,경북경산시,0,화물차이륜차,0,0,0,52,0,0
2019-03-26,1,1,1,3,0,1,0,전북,군산시,1,1,5,0,0,4,2,126.8161,35.9453,전북군산시,0,이륜차승용차,0,0,0,166,0,0
2019-03-26,1,1,1,1,0,0,0,세종,세종시,1,8,7,1,1,4,3,127.2762,36.5727,세종세종시,0,이륜차화물차,0,0,0,202,0,0
2019-03-26,0,1,1,1,0,0,0,경북,영주시,1,8,6,1,1,4,3,128.6142,36.8148,경북영주시,0,이륜차화물차,0,0,0,113,0,0
2019-03-26,0,1,1,1,0,0,0,경기,여주시,1,12,0,0,0,4,1,127.5941,37.2482,경기여주시,0,이륜차없음,0,0,0,22,0,0
2019-03-27,0,2,1,3,0,1,0,충북,청주시,1,5,0,1,2,0,3,127.4865,36.6639,충북청주시,0,승용차화물차,0,0,0,83,0,0
2019-03-27,1,2,1,1,0,0,0,경남,창원시(통합),1,8,0,1,1,1,5,128.6379,35.2131,경남창원시(통합),0,화물차자전거,0,0,0,86,0,0
2019-03-27,0,2,1,1,0,0,0,충남,공주시,1,8,2,1,1,0,4,127.1236,36.4623,충남공주시,0,승용차이륜차,0,0,0,19,0,0
2019-03-28,1,3,1,1,0,0,0,충북,단양군,1,12,0,0,0,9,1,128.4908,37.0778,충북단양군,0,농기계없음,0,0,0,204,0,0
2019-03-28,0,3,1,1,0,0,0,충북,청주시,1,8,6,1,1,0,7,127.4936,36.6157,충북청주시,0,승용차원동기장치자전거,0,0,0,83,0,0
2019-03-28,0,3,1,1,0,0,0,충남,당진시,1,5,0,0,0,1,8,126.5679,36.9552,충남당진시,0,화물차농기계,0,0,0,46,0,0
2019-03-28,0,3,1,1,0,0,0,전북,익산시,1,6,0,0,0,0,1,126.9633,36.0987,전북익산시,0,승용차없음,0,0,0,125,0,0
2019-03-29,1,4,1,6,0,0,5,경기,성남시,1,8,6,1,1,0,6,127.1083,37.3635,경기성남시,0,승용차승합차,0,0,0,95,0,0
2019-03-29,1,4,1,1,0,0,0,경기,포천시,1,8,0,1,1,1,12,127.3353,38.0071,경기포천시,0,화물차기타,0,0,0,171,0,0
2019-03-29,1,4,1,3,0,1,0,경북,포항시,1,5,0,0,0,5,11,129.3876,35.9032,경북포항시,0,특수차특수차,0,0,0,160,0,0
2019-03-29,1,4,1,9,1,2,2,경북,구미시,1,1,5,0,0,0,2,128.3188,36.0975,경북구미시,1,승용차승용차,0,0,0,144,0,0
2019-03-29,0,4,1,1,0,0,0,전북,장수군,1,11,3,0,0,1,1,127.3945,35.5599,전북장수군,0,화물차없음,0,0,0,155,0,0
2019-03-29,0,4,1,14,1,4,3,경기,용인시,1,1,6,0,0,0,6,127.1025,37.3137,경기용인시,1,승용차승합차,0,0,0,51,0,0
2019-03-30,1,5,1,9,3,1,0,경북,경주시,1,9,5,0,0,0,2,129.2538,35.8444,경북경주시,1,승용차승용차,0,1,0,100,0,0
2019-03-30,1,5,1,3,1,0,0,전남,여수시,1,6,0,0,0,4,1,127.5985,34.8549,전남여수시,0,이륜차없음,0,1,0,102,0,0
2019-03-30,1,5,1,7,1,2,0,제주,제주시,1,9,5,0,0,1,3,126.3268,33.4426,제주제주시,1,화물차화물차,0,1,0,90,0,0
2019-03-30,1,5,1,11,0,5,0,경기,안성시,1,1,0,0,0,1,6,127.1542,36.994,경기안성시,1,화물차승합차,0,1,0,23,0,0
2019-03-31,0,6,1,7,3,0,0,충남,서산시,1,5,0,1,1,0,3,126.4401,36.8195,충남서산시,1,승용차화물차,0,1,0,69,0,0
2019-03-31,1,6,1,1,0,0,0,경기,안양시,1,6,0,0,0,0,1,126.967,37.382,경기안양시,0,승용차없음,0,1,0,151,0,0
2019-03-31,1,6,1,3,0,1,0,충북,괴산군,1,9,5,0,0,0,3,127.7862,36.9051,충북괴산군,0,승용차화물차,0,1,0,179,0,0
2019-03-31,0,6,1,1,0,0,0,경기,용인시,1,8,0,0,0,0,3,127.2314,37.2306,경기용인시,0,승용차화물차,0,1,0,51,0,0
2019-04-01,1,0,1,1,0,0,0,인천,연수구,1,8,6,1,2,0,4,126.6788,37.4034,인천연수구,0,승용차이륜차,0,0,0,35,0,0
2019-04-01,1,0,1,5,2,0,0,부산,강서구,1,8,6,1,1,1,3,128.8268,35.0987,부산강서구,1,화물차화물차,0,0,0,206,0,0
2019-04-01,1,0,1,5,1,1,0,서울,중구,1,9,6,1,1,0,6,126.973,37.5567,서울중구,0,승용차승합차,0,0,0,8,0,0
2019-04-01,1,0,1,1,0,0,0,강원,원주시,1,11,0,0,0,3,1,128.0363,37.2607,강원원주시,0,건설기계없음,0,0,0,36,0,0
2019-04-01,1,0,1,3,0,1,0,인천,동구,1,8,3,2,4,2,12,126.6419,37.4751,인천동구,0,승합차기타,0,0,0,207,0,0
2019-04-01,0,0,1,1,0,0,0,경북,김천시,1,6,0,1,2,8,1,128.2324,36.1504,경북김천시,0,기타없음,0,0,0,76,0,0
2019-04-01,0,0,1,1,0,0,0,경기,가평군,1,1,0,0,0,0,1,127.4658,37.7089,경기가평군,0,승용차없음,0,0,0,176,0,0
2019-04-02,0,1,1,3,0,1,0,경기,용인시,1,5,0,1,1,1,3,127.3921,37.1412,경기용인시,0,화물차화물차,0,0,0,51,0,0
2019-04-02,1,1,1,1,0,0,0,강원,강릉시,1,5,0,1,1,1,5,128.828,37.8771,강원강릉시,0,화물차자전거,0,0,0,194,0,0
2019-04-02,1,1,1,3,1,0,0,경남,남해군,1,11,0,0,0,1,1,128.0109,34.8805,경남남해군,0,화물차없음,0,0,0,197,0,0
2019-04-02,1,1,1,1,0,0,0,충남,천안시,1,8,0,1,1,1,4,127.2809,36.7288,충남천안시,0,화물차이륜차,0,0,0,63,0,0
2019-04-02,0,1,1,3,1,0,0,대구,북구,1,9,5,0,0,0,3,128.5907,35.9006,대구북구,0,승용차화물차,0,0,0,112,0,0
2019-04-02,0,1,1,1,0,0,0,경북,영천시,1,6,0,0,0,0,1,128.7497,36.0856,경북영천시,0,승용차없음,0,0,0,5,0,0
2019-04-02,0,1,1,1,0,0,0,울산,북구,1,8,6,1,1,4,2,129.3568,35.5705,울산북구,0,이륜차승용차,0,0,0,158,0,0
2019-04-03,0,2,1,1,0,0,0,충남,홍성군,1,11,0,0,0,4,1,126.7148,36.611,충남홍성군,0,이륜차없음,0,0,0,38,0,0
2019-04-03,1,2,1,1,0,0,0,대구,달서구,1,6,0,0,0,4,1,128.5497,35.8142,대구달서구,0,이륜차없음,0,0,0,20,0,0
2019-04-03,1,2,1,1,0,0,0,충북,옥천군,1,1,0,0,0,2,1,127.6409,36.2896,충북옥천군,0,승합차없음,0,0,0,142,0,0
2019-04-03,1,2,1,3,0,1,0,강원,춘천시,1,5,0,0,0,0,3,127.5862,37.7246,강원춘천시,0,승용차화물차,0,0,0,111,0,0
2019-04-03,1,2,1,1,0,0,0,전남,고흥군,1,12,0,0,0,9,1,127.1758,34.5915,전남고흥군,0,농기계없음,0,0,0,191,0,0
2019-04-03,1,2,1,3,0,1,0,경북,상주시,1,5,0,0,0,1,3,128.0738,36.4067,경북상주시,0,화물차화물차,0,0,0,58,0,0
2019-04-04,1,3,1,1,0,0,0,대구,북구,1,1,0,0,0,1,3,128.5812,35.9462,대구북구,0,화물차화물차,0,0,0,112,0,0
2019-04-04,1,3,1,1,0,0,0,인천,부평구,1,1,6,1,1,4,3,126.7222,37.4986,인천부평구,0,이륜차화물차,0,0,0,44,0,0
2019-04-04,1,3,1,1,0,0,0,경기,용인시,1,1,0,0,0,1,5,127.1502,37.2885,경기용인시,0,화물차자전거,0,0,0,51,0,0
2019-04-04,1,3,1,1,0,0,0,경북,청도군,1,6,0,0,0,0,1,128.7555,35.6351,경북청도군,0,승용차없음,0,0,0,3,0,0
2019-04-04,1,3,1,1,0,0,0,경북,울진군,1,11,0,0,0,0,1,129.3181,37.0927,경북울진군,0,승용차없음,0,0,0,208,0,0
2019-04-04,0,3,1,3,0,1,0,전남,영광군,1,11,0,0,0,1,1,126.5432,35.2226,전남영광군,0,화물차없음,0,0,0,127,0,0
2019-04-04,0,3,1,3,0,1,0,경기,안성시,1,9,5,0,0,4,2,127.4389,37.0521,경기안성시,0,이륜차승용차,0,0,0,23,0,0
2019-04-04,0,3,1,1,0,0,0,전남,광양시,1,5,3,1,2,1,3,127.5951,34.9379,전남광양시,0,화물차화물차,0,0,0,130,0,0
2019-04-05,0,4,1,7,2,1,0,경기,남양주시,1,5,0,1,1,1,2,127.1339,37.668,경기남양주시,1,화물차승용차,0,0,0,70,0,0
2019-04-05,1,4,1,3,0,1,0,경기,수원시,1,12,0,0,0,4,1,126.9704,37.248,경기수원시,0,이륜차없음,0,0,0,99,0,0
2019-04-05,1,4,1,18,0,1,15,경기,용인시,1,1,3,0,0,3,2,127.1037,37.3298,경기용인시,2,건설기계승용차,0,0,0,51,0,0
2019-04-05,0,4,1,1,0,0,0,충남,서산시,1,1,0,0,0,1,5,126.4897,36.784,충남서산시,0,화물차자전거,0,0,0,69,0,0
2019-04-06,0,5,1,1,0,0,0,경기,고양시,1,6,0,0,0,4,1,126.7908,37.6464,경기고양시,0,이륜차없음,0,1,0,40,0,0
2019-04-06,1,5,1,3,1,0,0,전북,군산시,1,5,0,0,0,2,3,126.7159,35.9461,전북군산시,0,승합차화물차,0,1,0,166,0,0
2019-04-06,1,5,1,3,1,0,0,전남,해남군,1,5,0,0,0,0,8,126.5864,34.5595,전남해남군,0,승용차농기계,0,1,0,119,0,0
2019-04-06,1,5,1,3,1,0,0,경북,포항시,1,8,0,0,0,0,4,129.1341,36.1094,경북포항시,0,승용차이륜차,0,1,0,160,0,0
2019-04-06,0,5,1,3,0,1,0,전남,장성군,1,8,0,0,0,2,12,126.7624,35.2918,전남장성군,0,승합차기타,0,1,0,146,0,0
2019-04-06,0,5,1,7,2,1,0,울산,북구,1,1,0,1,1,0,2,129.3549,35.6021,울산북구,1,승용차승용차,0,1,0,158,0,0
2019-04-07,0,6,1,1,0,0,0,서울,성북구,1,12,0,0,0,4,1,127.0239,37.6069,서울성북구,0,이륜차없음,0,1,0,167,0,0
2019-04-07,0,6,1,1,0,0,0,서울,양천구,1,6,0,0,0,1,1,126.8584,37.5291,서울양천구,0,화물차없음,0,1,0,140,0,0
2019-04-07,0,6,1,5,1,1,0,경남,밀양시,1,5,0,0,0,0,3,128.8055,35.4068,경남밀양시,0,승용차화물차,0,1,0,177,0,0
2019-04-07,1,6,1,5,1,1,0,경남,창원시(통합),1,8,0,1,2,0,2,128.6649,35.2376,경남창원시(통합),0,승용차승용차,0,1,0,86,0,0
2019-04-07,1,6,1,1,0,0,0,경기,광주시,1,11,0,0,0,4,1,127.2446,37.4642,경기광주시,0,이륜차없음,0,1,0,9,0,0
2019-04-07,1,6,1,1,0,0,0,강원,철원군,1,8,7,1,1,0,4,127.2019,38.2526,강원철원군,0,승용차이륜차,0,1,0,184,0,0
2019-04-07,0,6,1,1,0,0,0,서울,양천구,1,8,6,0,0,2,4,126.8226,37.5392,서울양천구,0,승합차이륜차,0,1,0,140,0,0
2019-04-08,0,0,1,3,1,0,0,인천,부평구,1,1,6,1,1,0,4,126.7156,37.5169,인천부평구,0,승용차이륜차,0,0,0,44,0,0
2019-04-08,1,0,1,1,0,0,0,경남,사천시,1,8,6,1,1,4,3,128.0808,34.9433,경남사천시,0,이륜차화물차,0,0,0,57,0,0
2019-04-08,1,0,1,1,0,0,0,충남,태안군,1,6,0,0,0,8,1,126.3651,36.6044,충남태안군,0,기타없음,0,0,0,169,0,0
2019-04-08,1,0,1,1,0,0,0,경기,부천시,1,8,7,1,1,7,2,126.7835,37.4878,경기부천시,0,자전거승용차,0,0,0,65,0,0
2019-04-08,1,0,1,3,0,1,0,전남,고흥군,1,8,5,0,0,0,8,127.3053,34.5054,전남고흥군,0,승용차농기계,0,0,0,191,0,0
2019-04-08,1,0,1,9,0,4,0,경북,영덕군,1,9,5,0,0,0,3,129.4041,36.5264,경북영덕군,1,승용차화물차,0,0,0,54,0,0
2019-04-09,0,1,1,1,0,0,0,경기,안양시,1,5,2,0,0,0,12,126.9388,37.3834,경기안양시,0,승용차기타,0,0,0,151,0,0
2019-04-09,0,1,1,3,0,1,0,경기,남양주시,1,9,5,0,0,4,2,127.1519,37.6397,경기남양주시,0,이륜차승용차,0,0,0,70,0,0
2019-04-09,0,1,1,5,0,2,0,경북,상주시,1,9,6,1,1,1,6,128.1888,36.4199,경북상주시,0,화물차승합차,0,0,0,58,0,0
2019-04-09,1,1,1,1,0,0,0,경북,의성군,1,12,0,0,0,1,1,128.5861,36.3046,경북의성군,0,화물차없음,0,0,0,105,0,0
2019-04-09,1,1,1,1,0,0,0,서울,관악구,1,8,0,1,1,1,4,126.9201,37.4874,서울관악구,0,화물차이륜차,0,0,0,188,0,0
2019-04-09,1,1,1,5,1,1,0,경북,안동시,1,9,5,0,0,1,11,128.8268,36.54,경북안동시,0,화물차특수차,0,0,0,66,0,0
2019-04-09,1,1,1,1,0,0,0,충남,태안군,1,1,0,0,0,8,1,126.2404,36.8355,충남태안군,0,기타없음,0,0,0,169,0,0
2019-04-09,0,1,1,9,2,2,0,충북,단양군,1,5,0,0,0,1,2,128.4057,36.9114,충북단양군,1,화물차승용차,0,0,0,204,0,0
2019-04-10,0,2,1,1,0,0,0,경기,광명시,1,6,0,1,1,0,1,126.881,37.4294,경기광명시,0,승용차없음,0,0,0,81,0,0
2019-04-10,1,2,1,1,0,0,0,충남,공주시,1,6,0,1,2,2,1,126.9868,36.464,충남공주시,0,승합차없음,0,0,0,19,0,0
2019-04-10,1,2,1,1,0,0,0,전남,나주시,1,8,0,1,2,3,2,126.8807,35.0007,전남나주시,0,건설기계승용차,0,0,0,33,0,0
2019-04-10,1,2,1,1,0,0,0,전남,완도군,1,8,5,0,0,0,9,126.7216,34.3049,전남완도군,0,승용차건설기계,0,0,0,141,0,0
2019-04-10,1,2,1,5,0,2,0,경기,시흥시,1,1,0,0,0,1,2,126.8162,37.437,경기시흥시,0,화물차승용차,0,0,0,73,0,0
2019-04-10,0,2,1,1,0,0,0,전남,고흥군,1,12,0,0,0,9,1,127.2656,34.6094,전남고흥군,0,농기계없음,0,0,0,191,0,0
2019-04-11,0,3,1,1,0,0,0,제주,제주시,1,6,0,1,1,0,1,126.4925,33.4939,제주제주시,0,승용차없음,0,0,0,90,0,0
2019-04-11,0,3,1,1,0,0,0,경북,칠곡군,1,1,0,0,0,0,3,128.3908,36.0568,경북칠곡군,0,승용차화물차,0,0,0,21,0,0
2019-04-11,1,3,2,2,0,0,0,전남,고흥군,1,9,6,1,1,3,3,127.122,34.4881,전남고흥군,0,건설기계화물차,0,0,0,191,0,0
2019-04-11,1,3,1,1,0,0,0,강원,정선군,1,6,0,1,2,1,1,128.7494,37.4702,강원정선군,0,화물차없음,0,0,0,198,0,0
2019-04-11,1,3,1,5,1,1,0,전북,무주군,1,8,6,1,1,6,6,127.6616,36.0041,전북무주군,0,원동기장치자전거승합차,0,0,0,182,0,0
2019-04-11,1,3,1,1,0,0,0,경북,성주군,1,8,0,1,1,4,3,128.3125,35.9479,경북성주군,0,이륜차화물차,0,0,0,168,0,0
2019-04-11,0,3,1,1,0,0,0,경기,시흥시,1,9,0,0,0,0,3,126.8699,37.3903,경기시흥시,0,승용차화물차,0,0,0,73,0,0
2019-04-12,0,4,1,5,0,2,0,경기,하남시,1,5,0,0,0,1,11,127.2408,37.4856,경기하남시,0,화물차특수차,0,0,0,67,0,0
2019-04-12,1,4,1,1,0,0,0,경기,시흥시,1,8,6,1,1,0,3,126.707,37.3164,경기시흥시,0,승용차화물차,0,0,0,73,0,0
2019-04-12,1,4,1,1,0,0,0,경남,사천시,1,11,0,1,2,3,1,127.9202,35.069,경남사천시,0,건설기계없음,0,0,0,57,0,0
2019-04-12,1,4,1,9,3,1,0,전남,나주시,1,8,3,0,0,0,3,126.6839,34.9754,전남나주시,1,승용차화물차,0,0,0,33,0,0
2019-04-12,1,4,1,3,1,0,0,강원,홍천군,1,6,0,0,0,0,1,128.3461,37.7421,강원홍천군,0,승용차없음,0,0,0,82,0,0
2019-04-12,1,4,1,1,0,0,0,강원,홍천군,1,8,7,1,1,0,5,127.8883,37.6893,강원홍천군,0,승용차자전거,0,0,0,82,0,0
2019-04-12,0,4,1,1,0,0,0,서울,강서구,1,8,3,0,0,1,4,126.8474,37.5493,서울강서구,0,화물차이륜차,0,0,0,43,0,0
2019-04-12,0,4,1,1,0,0,0,충남,천안시,1,8,0,0,0,7,2,127.1453,36.8319,충남천안시,0,자전거승용차,0,0,0,63,0,0
2019-04-12,0,4,1,1,0,0,0,경남,진주시,1,8,0,1,1,0,4,128.1483,35.1703,경남진주시,0,승용차이륜차,0,0,0,42,0,0
2019-04-12,0,4,1,7,1,2,0,경기,이천시,1,5,0,0,0,0,2,127.3961,37.2735,경기이천시,1,승용차승용차,0,0,0,41,0,0
2019-04-13,0,5,1,1,0,0,0,충북,진천군,1,5,0,0,0,0,5,127.4771,36.8494,충북진천군,0,승용차자전거,0,1,0,60,0,0
2019-04-13,1,5,1,7,1,2,0,전북,완주군,1,8,7,1,1,0,2,127.1737,35.9371,전북완주군,1,승용차승용차,0,1,0,28,0,0
2019-04-13,1,5,1,5,2,0,0,경남,합천군,1,9,5,0,0,0,3,128.1214,35.6535,경남합천군,1,승용차화물차,0,1,0,133,0,0
2019-04-13,1,5,1,6,2,0,1,경북,칠곡군,1,5,0,0,0,0,9,128.5472,36.0233,경북칠곡군,1,승용차건설기계,0,1,0,21,0,0
2019-04-13,1,5,1,1,0,0,0,경기,양주시,1,1,2,0,0,0,5,127.0689,37.8353,경기양주시,0,승용차자전거,0,1,0,59,0,0
2019-04-14,1,6,1,1,0,0,0,충남,천안시,1,1,6,1,1,4,6,127.1432,36.82,충남천안시,0,이륜차승합차,0,1,0,63,0,0
2019-04-14,1,6,1,1,0,0,0,경기,파주시,1,9,0,1,2,0,4,126.792,37.8839,경기파주시,0,승용차이륜차,0,1,0,175,0,0
2019-04-14,1,6,1,5,1,1,0,경기,여주시,1,5,0,0,0,0,2,127.6117,37.2045,경기여주시,0,승용차승용차,0,1,0,22,0,0
2019-04-14,1,6,1,1,0,0,0,충남,논산시,1,6,0,1,2,4,1,127.067,36.214,충남논산시,0,이륜차없음,0,1,0,61,0,0
2019-04-14,1,6,1,1,0,0,0,충남,논산시,1,6,0,0,0,1,1,127.1106,36.2096,충남논산시,0,화물차없음,0,1,0,61,0,0
2019-04-14,0,6,1,5,1,1,0,경남,진주시,1,8,6,1,1,6,2,128.1175,35.1799,경남진주시,0,원동기장치자전거승용차,0,1,0,42,0,0