발생년월일,주야,요일,사망자수,사상자수,중상자수,경상자수,부상신고자수,발생지시도,발생지시군구,사고유형_대분류,사고유형_중분류,법규위반,도로형태_대분류,도로형태,당사자종별_1당_대분류,당사자종별_2당_대분류,경도,위도,발생지,사고피해정도,사고차량타입,도시여부,주말/공휴일,인구수,발생지번호,보행자의위치,무단횡단여부
2019-05-12,1,6,1,5,1,1,0,전남,담양군,1,1,0,0,0,0,1,127.0351,35.166,전남담양군,0,승용차없음,0,1,0,181,0,0
2019-05-12,0,6,1,1,0,0,0,충북,청주시,1,1,0,0,0,8,4,127.5867,36.5834,충북청주시,0,기타이륜차,0,1,0,83,0,0
2019-05-13,1,0,1,1,0,0,0,충북,진천군,1,6,0,1,1,0,1,127.4302,36.8388,충북진천군,0,승용차없음,0,0,0,60,0,0
2019-05-13,1,0,1,3,0,1,0,충북,보은군,1,8,6,1,1,4,2,127.7216,36.4894,충북보은군,0,이륜차승용차,0,0,0,32,0,0
2019-05-13,1,0,1,1,0,0,0,충북,진천군,1,5,0,0,0,1,8,127.3949,36.8283,충북진천군,0,화물차농기계,0,0,0,60,0,0
2019-05-13,1,0,1,3,1,0,0,경기,포천시,1,8,3,0,0,6,2,127.2262,37.9326,경기포천시,0,원동기장치자전거승용차,0,0,0,171,0,0
2019-05-13,1,0,1,1,0,0,0,울산,북구,1,8,2,0,0,4,2,129.3661,35.6294,울산북구,0,이륜차승용차,0,0,0,158,0,0
2019-05-13,1,0,1,1,0,0,0,충북,청주시,1,5,0,0,0,0,3,127.5195,36.676,충북청주시,0,승용차화물차,0,0,0,83,0,0
2019-05-13,0,0,1,1,0,0,0,경기,이천시,1,8,0,0,0,1,4,127.5324,37.3074,경기이천시,0,화물차이륜차,0,0,0,41,0,0
2019-05-13,0,0,1,3,0,1,0,전남,구례군,1,5,0,0,0,1,8,127.4794,35.2112,전남구례군,0,화물차농기계,0,0,0,161,0,0
2019-05-13,0,0,1,5,0,2,0,경기,수원시,1,8,2,1,1,0,4,126.9565,37.2751,경기수원시,0,승용차이륜차,0,0,0,99,0,0
2019-05-13,0,0,1,1,0,0,0,전남,강진군,1,12,0,1,1,4,1,126.7622,34.7077,전남강진군,0,이륜차없음,0,0,0,121,0,0
2019-05-14,0,1,1,1,0,0,0,서울,송파구,1,8,5,0,0,6,2,127.1142,37.4912,서울송파구,0,원동기장치자전거승용차,0,0,0,156,0,0
2019-05-14,1,1,1,5,0,2,0,서울,송파구,1,9,6,1,1,4,2,127.1066,37.5155,서울송파구,0,이륜차승용차,0,0,0,156,0,0
2019-05-14,1,1,1,1,0,0,0,서울,강서구,1,8,6,0,0,2,5,126.8386,37.5373,서울강서구,0,승합차자전거,0,0,0,43,0,0
2019-05-15,0,2,1,3,1,0,0,부산,동래구,1,11,0,0,0,0,1,129.0789,35.2114,부산동래구,0,승용차없음,0,0,0,216,0,0
2019-05-15,0,2,1,1,0,0,0,전북,전주시,1,1,0,0,0,4,1,127.0127,35.8748,전북전주시,0,이륜차없음,0,0,0,11,0,0
2019-05-15,1,2,1,1,0,0,0,경북,포항시,1,8,6,1,3,3,5,129.363,36.0163,경북포항시,0,건설기계자전거,0,0,0,160,0,0
2019-05-15,1,2,1,1,0,0,0,제주,서귀포시,1,5,0,0,0,4,4,126.9288,33.4679,제주서귀포시,0,이륜차이륜차,0,0,0,62,0,0
2019-05-15,1,2,1,3,0,1,0,전남,무안군,1,9,5,1,2,0,11,126.3308,35.0905,전남무안군,0,승용차특수차,0,0,0,101,0,0
2019-05-15,1,2,1,1,0,0,0,전남,광양시,1,8,0,1,3,7,6,127.6055,34.9763,전남광양시,0,자전거승합차,0,0,0,130,0,0
2019-05-15,1,2,1,3,0,1,0,경기,양평군,1,5,0,0,0,1,3,127.6336,37.4802,경기양평군,0,화물차화물차,0,0,0,48,0,0
2019-05-15,0,2,1,3,0,1,0,광주,광산구,1,8,7,1,1,1,3,126.7627,35.1996,광주광산구,0,화물차화물차,0,0,0,135,0,0
2019-05-15,0,2,2,12,3,2,0,인천,연수구,1,9,6,1,1,2,6,126.6647,37.3859,인천연수구,2,승합차승합차,0,0,0,35,0,0
2019-05-15,0,2,1,3,0,1,0,전남,곡성군,1,1,0,0,0,0,1,127.2156,35.2345,전남곡성군,0,승용차없음,0,0,0,147,0,0
2019-05-15,0,2,1,1,0,0,0,경기,시흥시,1,8,7,1,1,4,6,126.7076,37.343,경기시흥시,0,이륜차승합차,0,0,0,73,0,0
2019-05-16,0,3,1,3,1,0,0,경남,거창군,1,6,0,0,0,0,1,127.8541,35.7128,경남거창군,0,승용차없음,0,0,0,154,0,0
2019-05-16,0,3,1,3,1,0,0,경기,화성시,1,6,0,0,0,1,1,126.8833,37.2504,경기화성시,0,화물차없음,0,0,0,50,0,0
2019-05-16,0,3,1,1,0,0,0,경북,구미시,1,1,0,0,0,1,3,128.3156,36.3085,경북구미시,0,화물차화물차,0,0,0,144,0,0
2019-05-16,1,3,1,5,0,2,0,서울,송파구,1,5,0,1,2,0,3,127.0975,37.5163,서울송파구,0,승용차화물차,0,0,0,156,0,0
2019-05-16,1,3,1,3,1,0,0,전남,광양시,1,11,0,0,0,9,1,127.6892,35.1219,전남광양시,0,농기계없음,0,0,0,130,0,0
2019-05-16,0,3,1,3,0,1,0,전남,장흥군,1,8,0,1,1,4,3,126.9269,34.6782,전남장흥군,0,이륜차화물차,0,0,0,56,0,0
2019-05-17,0,4,1,1,0,0,0,경기,화성시,1,1,0,0,0,0,2,127.0313,37.2127,경기화성시,0,승용차승용차,0,0,0,50,0,0
2019-05-17,1,4,1,1,0,0,0,전북,부안군,1,9,5,2,4,4,3,126.7605,35.7192,전북부안군,0,이륜차화물차,0,0,0,185,0,0
2019-05-17,1,4,1,3,1,0,0,충남,당진시,1,9,5,0,0,1,3,126.6552,36.8184,충남당진시,0,화물차화물차,0,0,0,46,0,0
2019-05-17,0,4,1,1,0,0,0,경북,영천시,1,8,5,0,0,4,2,128.9327,35.954,경북영천시,0,이륜차승용차,0,0,0,5,0,0
2019-05-17,0,4,1,3,1,0,0,전남,여수시,1,8,5,1,2,0,2,127.7594,34.7155,전남여수시,0,승용차승용차,0,0,0,102,0,0
2019-05-18,0,5,1,3,0,1,0,경기,이천시,1,5,0,0,0,0,3,127.4148,37.2409,경기이천시,0,승용차화물차,0,1,0,41,0,0
2019-05-18,0,5,1,3,1,0,0,경기,여주시,1,9,5,0,0,0,2,127.614,37.3467,경기여주시,0,승용차승용차,0,1,0,22,0,0
2019-05-18,0,5,1,4,1,0,1,충북,충주시,1,5,2,0,0,0,3,127.819,37.039,충북충주시,0,승용차화물차,0,1,0,6,0,0
2019-05-18,1,5,1,1,0,0,0,경기,양주시,1,1,0,0,0,4,1,126.9702,37.7012,경기양주시,0,이륜차없음,0,1,0,59,0,0
2019-05-18,0,5,1,5,1,1,0,강원,횡성군,1,6,0,0,0,0,1,128.1662,37.4205,강원횡성군,0,승용차없음,0,1,0,31,0,0
2019-05-18,0,5,1,1,0,0,0,전남,여수시,1,1,0,0,0,0,1,127.6029,34.8509,전남여수시,0,승용차없음,0,1,0,102,0,0
2019-05-18,0,5,1,1,0,0,0,광주,광산구,1,5,0,1,1,0,4,126.7925,35.1394,광주광산구,0,승용차이륜차,0,1,0,135,0,0
2019-05-19,0,6,1,3,1,0,0,전북,부안군,1,9,5,0,0,0,2,126.7399,35.7479,전북부안군,0,승용차승용차,0,1,0,185,0,0
2019-05-19,1,6,1,1,0,0,0,경남,합천군,1,8,0,1,1,0,3,128.3452,35.5807,경남합천군,0,승용차화물차,0,1,0,133,0,0
2019-05-19,1,6,1,1,0,0,0,강원,철원군,1,12,0,0,0,2,1,127.2129,38.1466,강원철원군,0,승합차없음,0,1,0,184,0,0
2019-05-20,0,0,1,1,0,0,0,경기,성남시,1,6,0,0,0,4,1,127.1282,37.4021,경기성남시,0,이륜차없음,0,0,0,95,0,0
2019-05-20,1,0,1,1,0,0,0,경남,창원시(통합),1,8,0,1,1,1,4,128.5786,35.2033,경남창원시(통합),0,화물차이륜차,0,0,0,86,0,0
2019-05-20,1,0,1,1,0,0,0,경기,여주시,1,1,2,1,1,0,5,127.6568,37.1724,경기여주시,0,승용차자전거,0,0,0,22,0,0
2019-05-20,1,0,1,1,0,0,0,전남,여수시,1,8,0,0,0,4,3,127.7099,34.7551,전남여수시,0,이륜차화물차,0,0,0,102,0,0
2019-05-20,1,0,1,1,0,0,0,전북,익산시,1,5,0,0,0,1,5,126.9422,35.9635,전북익산시,0,화물차자전거,0,0,0,125,0,0
2019-05-20,1,0,1,5,2,0,0,부산,동구,1,6,0,0,0,2,1,129.0543,35.1264,부산동구,1,승합차없음,0,0,0,209,0,0
2019-05-20,0,0,1,1,0,0,0,경기,안성시,1,12,0,1,1,8,1,127.4375,37.0881,경기안성시,0,기타없음,0,0,0,23,0,0
2019-05-21,0,1,1,7,3,0,0,경기,고양시,1,8,5,1,2,0,2,126.7769,37.6914,경기고양시,1,승용차승용차,0,0,0,40,0,0
2019-05-21,1,1,1,1,0,0,0,제주,제주시,1,5,0,0,0,4,3,126.5844,33.5123,제주제주시,0,이륜차화물차,0,0,0,90,0,0
2019-05-21,1,1,1,13,4,2,0,전남,곡성군,1,6,2,0,0,0,1,127.1447,35.2825,전남곡성군,2,승용차없음,0,0,0,147,0,0
2019-05-21,1,1,1,3,0,1,0,충북,괴산군,1,11,0,0,0,9,1,127.8132,36.7155,충북괴산군,0,농기계없음,0,0,0,179,0,0
2019-05-21,0,1,1,1,0,0,0,강원,동해시,1,1,0,1,1,0,2,129.1162,37.5268,강원동해시,0,승용차승용차,0,0,0,210,0,0
2019-05-22,0,2,1,3,1,0,0,충남,공주시,1,1,6,1,1,0,3,127.1246,36.4722,충남공주시,0,승용차화물차,0,0,0,19,0,0
2019-05-22,0,2,1,3,0,1,0,경북,영주시,1,8,0,1,2,0,2,128.6055,36.815,경북영주시,0,승용차승용차,0,0,0,113,0,0
2019-05-22,1,2,1,1,0,0,0,경기,김포시,1,1,0,0,0,4,2,126.6212,37.6633,경기김포시,0,이륜차승용차,0,0,0,47,0,0
2019-05-22,1,2,1,1,0,0,0,전북,익산시,1,8,0,0,0,1,5,126.9626,35.9366,전북익산시,0,화물차자전거,0,0,0,125,0,0
2019-05-22,1,2,1,1,0,0,0,경북,경산시,1,8,0,1,2,1,4,128.7411,35.808,경북경산시,0,화물차이륜차,0,0,0,52,0,0
2019-05-22,1,2,1,5,1,1,0,경기,파주시,1,5,0,0,0,0,3,126.7059,37.6977,경기파주시,0,승용차화물차,0,0,0,175,0,0
2019-05-23,1,3,1,3,1,0,0,부산,북구,1,8,6,1,1,4,3,128.9914,35.2003,부산북구,0,이륜차화물차,0,0,0,118,0,0
2019-05-23,1,3,2,2,0,0,0,세종,세종시,1,6,2,0,0,0,1,127.1751,36.7228,세종세종시,0,승용차없음,0,0,0,202,0,0
2019-05-23,1,3,1,7,2,1,0,충남,서산시,1,8,5,0,0,0,2,126.4096,36.7239,충남서산시,1,승용차승용차,0,0,0,69,0,0
2019-05-23,1,3,1,1,0,0,0,부산,기장군,1,8,0,0,0,3,5,129.2808,35.3311,부산기장군,0,건설기계자전거,0,0,0,85,0,0
2019-05-23,1,3,1,3,1,0,0,강원,고성군,1,9,6,1,1,4,3,128.4477,38.4376,강원고성군,0,이륜차화물차,0,0,0,217,0,0
2019-05-23,1,3,1,1,0,0,0,전북,장수군,1,12,0,0,0,1,1,127.5962,35.7989,전북장수군,0,화물차없음,0,0,0,155,0,0
2019-05-23,0,3,1,1,0,0,0,경남,함양군,1,11,0,1,2,4,1,127.6878,35.5272,경남함양군,0,이륜차없음,0,0,0,108,0,0
2019-05-23,0,3,1,1,0,0,0,경기,안산시,1,5,6,1,1,2,5,126.7867,37.3294,경기안산시,0,승합차자전거,0,0,0,2,0,0
2019-05-24,0,4,1,1,0,0,0,충남,서산시,1,6,0,1,2,1,1,126.4487,36.7419,충남서산시,0,화물차없음,0,0,0,69,0,0
2019-05-24,1,4,1,9,2,2,0,전남,장흥군,1,8,2,1,1,0,6,127.0353,34.6419,전남장흥군,1,승용차승합차,0,0,0,56,0,0
2019-05-24,1,4,1,3,0,1,0,전북,완주군,1,5,0,0,0,1,8,127.2316,35.9975,전북완주군,0,화물차농기계,0,0,0,28,0,0
2019-05-24,1,4,1,5,2,0,0,경기,남양주시,1,8,5,0,0,0,3,127.331,37.6474,경기남양주시,1,승용차화물차,0,0,0,70,0,0
2019-05-24,0,4,1,1,0,0,0,경기,남양주시,1,9,6,1,1,8,6,127.2016,37.642,경기남양주시,0,기타승합차,0,0,0,70,0,0
2019-05-24,0,4,1,3,0,1,0,충남,천안시,1,8,6,1,1,4,2,127.1305,36.7982,충남천안시,0,이륜차승용차,0,0,0,63,0,0
2019-05-25,0,5,1,1,0,0,0,서울,서초구,1,1,0,0,0,4,2,127.0113,37.5081,서울서초구,0,이륜차승용차,0,1,0,214,0,0
2019-05-25,0,5,1,5,2,0,0,인천,미추홀구,1,1,0,0,0,0,2,126.6368,37.4439,인천미추홀구,1,승용차승용차,0,1,0,123,0,0
2019-05-25,1,5,1,1,0,0,0,충북,충주시,1,12,0,0,0,4,1,127.7226,37.1056,충북충주시,0,이륜차없음,0,1,0,6,0,0
2019-05-25,1,5,1,2,0,0,1,충북,청주시,1,8,2,0,0,0,5,127.4358,36.6365,충북청주시,0,승용차자전거,0,1,0,83,0,0
2019-05-25,1,5,1,3,1,0,0,경북,영천시,1,9,5,0,0,0,3,128.992,36.0249,경북영천시,0,승용차화물차,0,1,0,5,0,0
2019-05-25,1,5,1,1,0,0,0,전남,진도군,1,8,5,2,4,4,2,126.2689,34.4813,전남진도군,0,이륜차승용차,0,1,0,71,0,0
2019-05-26,0,6,1,1,0,0,0,경기,연천군,1,12,0,1,2,3,1,127.0235,38.0581,경기연천군,0,건설기계없음,0,1,0,106,0,0
2019-05-26,1,6,1,9,1,3,0,경북,경주시,1,8,5,0,0,4,2,129.0585,35.6654,경북경주시,1,이륜차승용차,0,1,0,100,0,0
2019-05-26,0,6,1,1,0,0,0,경남,거창군,1,8,0,1,1,2,4,127.9117,35.6484,경남거창군,0,승합차이륜차,0,1,0,154,0,0
2019-05-27,0,0,1,1,0,0,0,경기,광명시,1,1,0,1,1,0,3,126.856,37.4828,경기광명시,0,승용차화물차,0,0,0,81,0,0
2019-05-27,0,0,1,1,0,0,0,충남,예산군,1,11,0,0,0,1,1,126.8539,36.5757,충남예산군,0,화물차없음,0,0,0,187,0,0
2019-05-27,1,0,1,3,1,0,0,강원,정선군,1,6,2,0,0,0,1,128.7975,37.2269,강원정선군,0,승용차없음,0,0,0,198,0,0
2019-05-27,1,0,2,4,0,1,0,충북,충주시,1,8,0,1,1,0,9,127.9634,36.8811,충북충주시,1,승용차건설기계,0,0,0,6,0,0
2019-05-27,1,0,1,1,0,0,0,전남,나주시,1,8,6,1,1,4,6,126.713,35.0014,전남나주시,0,이륜차승합차,0,0,0,33,0,0
2019-05-27,1,0,1,1,0,0,0,경남,양산시,1,11,0,0,0,1,1,129.1143,35.3425,경남양산시,0,화물차없음,0,0,0,49,0,0
2019-05-27,1,0,1,2,0,0,1,제주,제주시,1,1,5,0,0,1,9,126.6876,33.5237,제주제주시,0,화물차건설기계,0,0,0,90,0,0
2019-05-27,1,0,1,1,0,0,0,경북,봉화군,1,11,0,2,4,1,1,128.988,36.8577,경북봉화군,0,화물차없음,0,0,0,149,0,0
2019-05-27,0,0,1,3,0,1,0,전남,해남군,1,5,0,0,0,0,8,126.6796,34.6666,전남해남군,0,승용차농기계,0,0,0,119,0,0
2019-05-28,0,1,1,5,2,0,0,인천,연수구,1,9,5,0,0,0,2,126.6616,37.3955,인천연수구,1,승용차승용차,0,0,0,35,0,0
2019-05-28,0,1,1,3,1,0,0,서울,중랑구,1,9,5,0,0,0,3,127.1161,37.6113,서울중랑구,0,승용차화물차,0,0,0,196,0,0
2019-05-28,1,1,1,13,3,3,0,충북,보은군,1,5,0,0,0,1,2,127.6516,36.4735,충북보은군,1,화물차승용차,0,0,0,32,0,0
2019-05-28,0,1,1,1,0,0,0,전남,고흥군,1,12,0,0,0,9,1,127.3815,34.6756,전남고흥군,0,농기계없음,0,0,0,191,0,0
2019-05-29,0,2,1,1,0,0,0,대구,북구,1,8,0,1,1,1,5,128.5781,35.8953,대구북구,0,화물차자전거,0,0,0,112,0,0
2019-05-29,1,2,1,3,1,0,0,충북,보은군,1,8,0,1,1,4,3,127.6892,36.4795,충북보은군,0,이륜차화물차,0,0,0,32,0,0
2019-05-29,1,2,1,1,0,0,0,경북,군위군,1,9,5,0,0,4,2,128.4868,36.24,경북군위군,0,이륜차승용차,0,0,0,170,0,0
2019-05-29,1,2,1,3,1,0,0,경북,청송군,1,9,5,0,0,0,3,128.9715,36.2866,경북청송군,0,승용차화물차,0,0,0,203,0,0
2019-05-29,1,2,1,1,0,0,0,경남,밀양시,1,12,0,0,0,4,1,128.8513,35.4031,경남밀양시,0,이륜차없음,0,0,0,177,0,0
2019-05-29,1,2,1,7,1,2,0,경남,함안군,1,5,3,0,0,1,3,128.5421,35.2888,경남함안군,1,화물차화물차,0,0,0,117,0,0
2019-05-29,1,2,1,1,0,0,0,인천,동구,1,8,0,1,1,1,5,126.6479,37.4918,인천동구,0,화물차자전거,0,0,0,207,0,0
2019-05-29,1,2,1,1,0,0,0,강원,홍천군,1,6,0,0,0,1,1,128.0724,37.8187,강원홍천군,0,화물차없음,0,0,0,82,0,0
2019-05-29,1,2,1,1,0,0,0,충남,아산시,1,6,3,0,0,1,1,127.0087,36.9175,충남아산시,0,화물차없음,0,0,0,53,0,0
2019-05-30,1,3,1,1,0,0,0,전북,익산시,1,5,0,0,0,0,5,126.976,36.0756,전북익산시,0,승용차자전거,0,0,0,125,0,0
2019-05-30,1,3,1,1,0,0,0,대구,북구,1,1,0,0,0,1,3,128.5503,35.956,대구북구,0,화물차화물차,0,0,0,112,0,0
2019-05-30,1,3,1,1,0,0,0,충남,천안시,1,12,0,0,0,4,1,127.165,36.7862,충남천안시,0,이륜차없음,0,0,0,63,0,0
2019-05-31,0,4,1,1,0,0,0,인천,연수구,1,1,0,0,0,4,3,126.6722,37.4173,인천연수구,0,이륜차화물차,0,0,0,35,0,0
2019-05-31,1,4,1,1,0,0,0,전남,담양군,1,1,0,1,2,0,1,127.0299,35.3467,전남담양군,0,승용차없음,0,0,0,181,0,0
2019-05-31,1,4,1,3,1,0,0,전북,남원시,1,1,2,0,0,0,3,127.5232,35.4889,전북남원시,0,승용차화물차,0,0,0,193,0,0
2019-05-31,0,4,1,1,0,0,0,전북,부안군,1,5,0,0,0,0,5,126.77,35.7567,전북부안군,0,승용차자전거,0,0,0,185,0,0
2019-05-31,0,4,1,3,0,1,0,울산,남구,1,8,6,1,1,4,2,129.2539,35.5361,울산남구,0,이륜차승용차,0,0,0,213,0,0
2019-06-01,0,5,1,1,0,0,0,경남,창원시(통합),1,6,0,0,0,4,1,128.5712,35.203,경남창원시(통합),0,이륜차없음,0,1,0,86,0,0
2019-06-01,0,5,1,1,0,0,0,대구,북구,1,12,0,0,0,4,1,128.5476,35.9003,대구북구,0,이륜차없음,0,1,0,112,0,0
2019-06-01,1,5,1,7,3,0,0,충북,충주시,1,8,2,0,0,0,2,127.7986,37.0428,충북충주시,1,승용차승용차,0,1,0,6,0,0
2019-06-01,1,5,1,7,3,0,0,인천,강화군,1,5,0,0,0,1,2,126.5032,37.7552,인천강화군,1,화물차승용차,0,1,0,92,0,0
2019-06-01,0,5,1,1,0,0,0,전북,전주시,1,5,0,0,0,0,4,127.0094,35.8755,전북전주시,0,승용차이륜차,0,1,0,11,0,0
2019-06-02,0,6,1,1,0,0,0,충남,아산시,1,6,0,1,2,0,1,127.0383,36.7733,충남아산시,0,승용차없음,0,1,0,53,0,0
2019-06-02,1,6,1,3,1,0,0,충북,제천시,1,9,5,0,0,4,2,128.16,36.9673,충북제천시,0,이륜차승용차,0,1,0,103,0,0
2019-06-02,1,6,1,5,1,1,0,강원,인제군,1,9,5,0,0,0,3,128.1448,38.1397,강원인제군,0,승용차화물차,0,1,0,124,0,0
2019-06-02,1,6,1,1,0,0,0,충북,진천군,1,1,0,0,0,4,1,127.537,36.7804,충북진천군,0,이륜차없음,0,1,0,60,0,0
2019-06-02,1,6,1,1,0,0,0,경북,포항시,1,1,6,1,1,9,3,129.3471,36.1152,경북포항시,0,농기계화물차,0,1,0,160,0,0
2019-06-02,0,6,1,1,0,0,0,세종,세종시,1,6,0,0,0,7,1,127.2455,36.5211,세종세종시,0,자전거없음,0,1,0,202,0,0
2019-06-02,0,6,1,3,0,1,0,울산,울주군,1,5,0,0,0,0,3,129.3432,35.4106,울산울주군,0,승용차화물차,0,1,0,17,0,0
2019-06-02,0,6,1,1,0,0,0,경기,안산시,1,8,6,1,1,2,2,126.8094,37.3276,경기안산시,0,승합차승용차,0,1,0,2,0,0
2019-06-02,0,6,1,1,0,0,0,전남,목포시,1,6,0,0,0,4,1,126.3681,34.7967,전남목포시,0,이륜차없음,0,1,0,153,0,0
2019-06-03,1,0,1,1,0,0,0,서울,구로구,1,8,6,1,1,0,4,126.8942,37.4943,서울구로구,0,승용차이륜차,0,0,0,79,0,0
2019-06-03,0,0,1,1,0,0,0,전북,완주군,1,8,6,1,1,0,4,127.1726,35.9277,전북완주군,0,승용차이륜차,0,0,0,28,0,0
2019-06-03,0,0,1,1,0,0,0,충남,태안군,1,12,0,0,0,0,1,126.3008,36.918,충남태안군,0,승용차없음,0,0,0,169,0,0
2019-06-04,0,1,1,3,0,1,0,경남,진주시,1,6,0,1,1,4,1,128.1164,35.1965,경남진주시,0,이륜차없음,0,0,0,42,0,0
2019-06-04,0,1,1,3,1,0,0,경북,경주시,1,5,0,0,0,1,8,129.4499,35.6544,경북경주시,0,화물차농기계,0,0,0,100,0,0
2019-06-04,1,1,3,5,1,0,0,충남,공주시,1,9,5,2,4,1,2,127.1212,36.4913,충남공주시,1,화물차승용차,0,0,0,19,0,0
2019-06-04,1,1,1,3,1,0,0,충북,충주시,1,9,0,1,1,3,3,127.8582,36.94,충북충주시,0,건설기계화물차,0,0,0,6,0,0
2019-06-04,1,1,1,1,0,0,0,경남,창원시(통합),1,1,7,1,1,4,3,128.7053,35.3295,경남창원시(통합),0,이륜차화물차,0,0,0,86,0,0
2019-06-04,1,1,1,3,0,1,0,충남,서산시,1,8,0,1,1,0,11,126.4284,36.7167,충남서산시,0,승용차특수차,0,0,0,69,0,0
2019-06-04,1,1,1,5,1,1,0,충북,증평군,1,6,0,1,2,0,1,127.5827,36.7854,충북증평군,0,승용차없음,0,0,0,138,0,0
2019-06-04,1,1,1,1,0,0,0,경북,의성군,1,8,5,0,0,1,4,128.5849,36.3034,경북의성군,0,화물차이륜차,0,0,0,105,0,0
2019-06-04,0,1,1,1,0,0,0,충북,음성군,1,1,0,0,0,8,1,127.6363,37.1482,충북음성군,0,기타없음,0,0,0,110,0,0
2019-06-04,0,1,1,3,1,0,0,경기,평택시,1,5,0,0,0,4,8,127.0477,37.0157,경기평택시,0,이륜차농기계,0,0,0,14,0,0
2019-06-04,0,1,1,1,0,0,0,대구,달성군,1,1,0,0,0,1,2,128.4668,35.728,대구달성군,0,화물차승용차,0,0,0,30,0,0
2019-06-05,0,2,1,1,0,0,0,충남,홍성군,1,6,0,1,1,0,1,126.6366,36.51,충남홍성군,0,승용차없음,0,0,0,38,0,0
2019-06-05,1,2,1,3,0,1,0,경남,합천군,1,1,0,0,0,1,1,128.27,35.6241,경남합천군,0,화물차없음,0,0,0,133,0,0
2019-06-05,1,2,1,1,0,0,0,전북,군산시,1,5,0,0,0,1,3,126.7273,35.9433,전북군산시,0,화물차화물차,0,0,0,166,0,0
2019-06-05,1,2,1,1,0,0,0,부산,북구,1,1,0,0,0,4,1,129.0074,35.231,부산북구,0,이륜차없음,0,0,0,118,0,0
2019-06-05,0,2,1,5,1,1,0,서울,영등포구,1,8,2,0,0,4,2,126.8947,37.5416,서울영등포구,0,이륜차승용차,0,0,0,150,0,0
2019-06-05,0,2,1,3,1,0,0,강원,화천군,1,9,5,0,0,1,2,127.533,38.068,강원화천군,0,화물차승용차,0,0,0,218,0,0
2019-06-05,0,2,1,1,0,0,0,충북,충주시,1,8,5,1,1,0,4,127.9461,36.9777,충북충주시,0,승용차이륜차,0,0,0,6,0,0
2019-06-05,0,2,1,1,0,0,0,충남,천안시,1,1,0,0,0,0,5,127.1224,36.7946,충남천안시,0,승용차자전거,0,0,0,63,0,0
2019-06-05,0,2,1,1,0,0,0,전북,군산시,1,1,0,1,1,0,5,126.6391,35.9229,전북군산시,0,승용차자전거,0,0,0,166,0,0
2019-06-05,0,2,2,6,2,0,0,경기,파주시,1,8,0,0,0,0,6,126.789,37.8,경기파주시,1,승용차승합차,0,0,0,175,0,0
2019-06-05,0,2,1,1,0,0,0,충남,서산시,1,6,0,0,0,4,1,126.5211,36.7949,충남서산시,0,이륜차없음,0,0,0,69,0,0
2019-06-06,1,3,1,1,0,0,0,전북,무주군,1,8,0,1,1,3,4,127.6507,35.8629,전북무주군,0,건설기계이륜차,0,1,0,182,0,0
2019-06-06,1,3,1,1,0,0,0,경북,상주시,1,11,0,1,1,9,1,128.079,36.3607,경북상주시,0,농기계없음,0,1,0,58,0,0
2019-06-06,1,3,1,1,0,0,0,경북,안동시,1,1,0,0,0,1,2,128.6811,36.5129,경북안동시,0,화물차승용차,0,1,0,66,0,0
2019-06-06,0,3,1,1,0,0,0,경기,용인시,1,6,0,1,2,0,1,127.2108,37.2272,경기용인시,0,승용차없음,0,1,0,51,0,0
2019-06-06,0,3,1,1,0,0,0,전남,고흥군,1,12,0,0,0,1,1,127.4876,34.4515,전남고흥군,0,화물차없음,0,1,0,191,0,0
2019-06-07,0,4,1,3,0,1,0,강원,홍천군,1,5,0,1,1,1,2,127.9922,37.8061,강원홍천군,0,화물차승용차,0,0,0,82,0,0
2019-06-07,0,4,1,5,2,0,0,충북,제천시,1,6,2,2,4,0,1,128.2941,37.1822,충북제천시,1,승용차없음,0,0,0,103,0,0
2019-06-07,0,4,1,1,0,0,0,경북,포항시,1,6,0,0,0,5,1,129.3871,35.946,경북포항시,0,특수차없음,0,0,0,160,0,0
2019-06-07,1,4,1,1,0,0,0,전남,장흥군,1,12,0,0,0,1,1,126.9333,34.5981,전남장흥군,0,화물차없음,0,0,0,56,0,0
2019-06-07,1,4,1,9,4,0,0,전남,영암군,1,6,2,0,0,0,1,126.465,34.7669,전남영암군,1,승용차없음,0,0,0,16,0,0
2019-06-07,1,4,1,18,3,5,1,경기,평택시,1,8,0,0,0,0,2,127.0993,37.1255,경기평택시,2,승용차승용차,0,0,0,14,0,0
2019-06-07,1,4,1,1,0,0,0,경남,김해시,1,5,0,1,2,0,4,128.8747,35.2256,경남김해시,0,승용차이륜차,0,0,0,13,0,0
2019-06-07,1,4,1,1,0,0,0,경남,진주시,1,6,0,0,0,4,1,128.0099,35.232,경남진주시,0,이륜차없음,0,0,0,42,0,0
2019-06-07,0,4,1,1,0,0,0,충남,아산시,1,1,0,0,0,2,5,127.0409,36.9312,충남아산시,0,승합차자전거,0,0,0,53,0,0
2019-06-08,1,5,1,7,0,3,0,경기,남양주시,1,8,2,1,1,0,2,127.2156,37.5865,경기남양주시,1,승용차승용차,0,1,0,70,0,0
2019-06-08,0,5,1,1,0,0,0,경북,칠곡군,1,12,0,0,0,6,1,128.4184,36.0765,경북칠곡군,0,원동기장치자전거없음,0,1,0,21,0,0
2019-06-08,0,5,1,5,1,1,0,경기,화성시,1,6,0,0,0,1,1,126.7063,37.1766,경기화성시,0,화물차없음,0,1,0,50,0,0