발생년월일,주야,요일,사망자수,사상자수,중상자수,경상자수,부상신고자수,발생지시도,발생지시군구,사고유형_대분류,사고유형_중분류,법규위반,도로형태_대분류,도로형태,당사자종별_1당_대분류,당사자종별_2당_대분류,경도,위도,발생지,사고피해정도,사고차량타입,도시여부,주말/공휴일,인구수,발생지번호,보행자의위치,무단횡단여부
2019-06-08,0,5,1,1,0,0,0,대구,달서구,1,8,0,0,0,7,2,128.5286,35.8047,대구달서구,0,자전거승용차,0,1,0,20,0,0
2019-06-09,0,6,1,3,1,0,0,제주,제주시,1,1,6,1,1,0,2,126.4091,33.4735,제주제주시,0,승용차승용차,0,1,0,90,0,0
2019-06-09,0,6,1,5,2,0,0,울산,울주군,1,8,6,1,1,4,4,129.1029,35.5303,울산울주군,1,이륜차이륜차,0,1,0,17,0,0
2019-06-09,0,6,1,5,2,0,0,충북,청주시,1,9,5,1,1,0,2,127.4686,36.6204,충북청주시,1,승용차승용차,0,1,0,83,0,0
2019-06-09,0,6,1,3,1,0,0,충남,아산시,1,5,0,0,0,0,12,126.8943,36.7612,충남아산시,0,승용차기타,0,1,0,53,0,0
2019-06-09,1,6,1,3,0,1,0,경북,경주시,1,11,0,0,0,9,1,129.1684,35.7252,경북경주시,0,농기계없음,0,1,0,100,0,0
2019-06-09,1,6,1,1,0,0,0,경기,양평군,1,1,0,0,0,7,1,127.5183,37.4425,경기양평군,0,자전거없음,0,1,0,48,0,0
2019-06-09,1,6,1,5,2,0,0,경기,평택시,1,9,5,1,1,0,3,126.8626,36.9684,경기평택시,1,승용차화물차,0,1,0,14,0,0
2019-06-09,1,6,1,1,0,0,0,전남,담양군,1,11,0,0,0,9,1,127.0436,35.2615,전남담양군,0,농기계없음,0,1,0,181,0,0
2019-06-09,0,6,1,1,0,0,0,서울,강서구,1,1,6,1,1,4,6,126.8266,37.5598,서울강서구,0,이륜차승합차,0,1,0,43,0,0
2019-06-10,1,0,1,3,1,0,0,전북,고창군,1,8,3,0,0,1,2,126.6663,35.4453,전북고창군,0,화물차승용차,0,0,0,219,0,0
2019-06-10,1,0,1,1,0,0,0,대구,달성군,1,1,0,0,0,0,8,128.4762,35.7921,대구달성군,0,승용차농기계,0,0,0,30,0,0
2019-06-10,1,0,1,1,0,0,0,경남,창원시(통합),1,8,6,1,1,4,11,128.6319,35.1916,경남창원시(통합),0,이륜차특수차,0,0,0,86,0,0
2019-06-10,1,0,1,1,0,0,0,전북,익산시,1,8,6,1,1,3,4,127.0779,36.0614,전북익산시,0,건설기계이륜차,0,0,0,125,0,0
2019-06-10,1,0,1,1,0,0,0,경남,밀양시,1,8,5,0,0,1,4,128.754,35.4906,경남밀양시,0,화물차이륜차,0,0,0,177,0,0
2019-06-10,0,0,1,1,0,0,0,경기,고양시,1,8,6,1,1,2,5,126.7479,37.6965,경기고양시,0,승합차자전거,0,0,0,40,0,0
2019-06-11,0,1,1,1,0,0,0,부산,해운대구,1,6,0,0,0,4,1,129.1315,35.1615,부산해운대구,0,이륜차없음,0,0,0,1,0,0
2019-06-11,0,1,1,3,0,1,0,전남,여수시,1,8,6,1,1,6,3,127.6788,34.7497,전남여수시,0,원동기장치자전거화물차,0,0,0,102,0,0
2019-06-11,0,1,1,1,0,0,0,대구,중구,1,8,0,1,3,1,5,128.5823,35.8704,대구중구,0,화물차자전거,0,0,0,178,0,0
2019-06-11,1,1,2,4,0,1,0,충남,서산시,1,5,0,0,0,0,2,126.5744,36.8113,충남서산시,1,승용차승용차,0,0,0,69,0,0
2019-06-11,1,1,1,1,0,0,0,경남,김해시,1,6,0,1,1,0,1,128.928,35.3088,경남김해시,0,승용차없음,0,0,0,13,0,0
2019-06-11,1,1,1,5,2,0,0,충남,공주시,1,5,0,0,0,1,3,127.1281,36.3249,충남공주시,1,화물차화물차,0,0,0,19,0,0
2019-06-12,1,2,1,1,0,0,0,경기,평택시,1,12,0,1,2,7,1,127.1018,36.9951,경기평택시,0,자전거없음,0,0,0,14,0,0
2019-06-12,1,2,1,1,0,0,0,경북,고령군,1,8,6,1,1,4,3,128.2836,35.7632,경북고령군,0,이륜차화물차,0,0,0,220,0,0
2019-06-12,1,2,1,3,1,0,0,경북,성주군,1,6,0,0,0,0,1,128.2532,35.8563,경북성주군,0,승용차없음,0,0,0,168,0,0
2019-06-12,1,2,1,7,0,3,0,전남,순천시,1,8,6,1,1,0,2,127.4966,34.9314,전남순천시,1,승용차승용차,0,0,0,27,0,0
2019-06-12,0,2,1,1,0,0,0,충남,공주시,1,11,0,0,0,4,1,127.0854,36.5195,충남공주시,0,이륜차없음,0,0,0,19,0,0
2019-06-12,0,2,1,3,1,0,0,대전,대덕구,1,1,6,1,2,4,2,127.4229,36.4012,대전대덕구,0,이륜차승용차,0,0,0,77,0,0
2019-06-13,1,3,1,1,0,0,0,경남,진주시,1,8,5,1,1,7,3,128.2453,35.1891,경남진주시,0,자전거화물차,0,0,0,42,0,0
2019-06-13,1,3,1,1,0,0,0,광주,남구,1,5,0,0,0,0,5,126.9004,35.1446,광주남구,0,승용차자전거,0,0,0,190,0,0
2019-06-13,1,3,1,1,0,0,0,경기,김포시,1,8,6,1,2,4,2,126.7111,37.6301,경기김포시,0,이륜차승용차,0,0,0,47,0,0
2019-06-14,0,4,1,2,0,0,1,경기,남양주시,1,9,5,0,0,0,3,127.3162,37.6311,경기남양주시,0,승용차화물차,0,0,0,70,0,0
2019-06-14,0,4,1,1,0,0,0,전북,완주군,1,5,0,0,0,0,4,127.0343,35.8227,전북완주군,0,승용차이륜차,0,0,0,28,0,0
2019-06-14,1,4,1,1,0,0,0,충북,청주시,1,1,3,1,2,1,9,127.4801,36.7528,충북청주시,0,화물차건설기계,0,0,0,83,0,0
2019-06-14,1,4,1,3,0,1,0,전북,부안군,1,9,5,0,0,0,9,126.58,35.7011,전북부안군,0,승용차건설기계,0,0,0,185,0,0
2019-06-14,1,4,2,8,2,1,0,충북,음성군,1,5,0,0,0,0,11,127.4669,36.9662,충북음성군,1,승용차특수차,0,0,0,110,0,0
2019-06-14,1,4,1,1,0,0,0,충북,단양군,1,9,5,0,0,1,6,128.3637,37.063,충북단양군,0,화물차승합차,0,0,0,204,0,0
2019-06-14,1,4,1,3,1,0,0,인천,미추홀구,1,8,0,1,1,0,2,126.6673,37.4505,인천미추홀구,0,승용차승용차,0,0,0,123,0,0
2019-06-14,0,4,1,1,0,0,0,전북,임실군,1,5,0,0,0,1,8,127.2267,35.587,전북임실군,0,화물차농기계,0,0,0,152,0,0
2019-06-14,0,4,2,2,0,0,0,경북,김천시,1,5,0,0,0,1,3,128.1948,36.156,경북김천시,0,화물차화물차,0,0,0,76,0,0
2019-06-15,0,5,1,1,0,0,0,경북,안동시,1,6,0,0,0,0,1,128.9224,36.4601,경북안동시,0,승용차없음,0,1,0,66,0,0
2019-06-15,1,5,1,1,0,0,0,서울,동대문구,1,1,6,1,1,4,2,127.0383,37.5782,서울동대문구,0,이륜차승용차,0,1,0,201,0,0
2019-06-15,1,5,1,3,0,1,0,전남,해남군,1,8,5,0,0,4,2,126.5908,34.5695,전남해남군,0,이륜차승용차,0,1,0,119,0,0
2019-06-15,1,5,1,1,0,0,0,경북,안동시,1,11,0,0,0,9,1,128.713,36.6039,경북안동시,0,농기계없음,0,1,0,66,0,0
2019-06-15,1,5,1,3,0,1,0,경기,수원시,1,5,3,0,0,4,2,127.0322,37.2614,경기수원시,0,이륜차승용차,0,1,0,99,0,0
2019-06-16,1,6,1,1,0,0,0,경기,여주시,1,5,0,1,1,0,3,127.5568,37.1941,경기여주시,0,승용차화물차,0,1,0,22,0,0
2019-06-16,0,6,1,1,0,0,0,경기,의왕시,1,6,0,0,0,0,1,126.9929,37.3607,경기의왕시,0,승용차없음,0,1,0,199,0,0
2019-06-17,1,0,1,3,0,1,0,전남,여수시,1,5,0,0,0,0,9,127.6391,34.7861,전남여수시,0,승용차건설기계,0,0,0,102,0,0
2019-06-17,1,0,1,18,0,6,5,경기,파주시,1,5,0,0,0,2,6,126.8647,37.8456,경기파주시,2,승합차승합차,0,0,0,175,0,0
2019-06-17,1,0,1,3,1,0,0,충남,부여군,1,9,5,0,0,1,3,126.8784,36.2203,충남부여군,0,화물차화물차,0,0,0,129,0,0
2019-06-17,0,0,2,6,1,1,0,전남,광양시,1,8,6,1,1,2,2,127.7256,34.9515,전남광양시,1,승합차승용차,0,0,0,130,0,0
2019-06-17,0,0,1,1,0,0,0,경기,하남시,1,8,0,0,0,1,4,127.2206,37.5302,경기하남시,0,화물차이륜차,0,0,0,67,0,0
2019-06-17,0,0,1,1,0,0,0,서울,종로구,1,5,0,0,0,4,6,127.0014,37.5709,서울종로구,0,이륜차승합차,0,0,0,116,0,0
2019-06-18,0,1,2,64,17,14,0,충남,아산시,1,8,6,1,1,1,6,127.0939,36.8298,충남아산시,2,화물차승합차,0,0,0,53,0,0
2019-06-18,0,1,1,1,0,0,0,경남,함안군,1,1,2,0,0,0,3,128.5327,35.2922,경남함안군,0,승용차화물차,0,0,0,117,0,0
2019-06-18,0,1,1,3,1,0,0,전북,완주군,1,8,0,0,0,1,3,127.1465,35.8907,전북완주군,0,화물차화물차,0,0,0,28,0,0
2019-06-18,1,1,1,1,0,0,0,경기,평택시,1,5,0,0,0,0,3,126.8403,36.9746,경기평택시,0,승용차화물차,0,0,0,14,0,0
2019-06-18,1,1,1,1,0,0,0,전북,군산시,1,8,5,0,0,7,6,126.7451,35.9873,전북군산시,0,자전거승합차,0,0,0,166,0,0
2019-06-18,1,1,1,1,0,0,0,경북,청도군,1,9,0,1,2,1,4,128.8899,35.6884,경북청도군,0,화물차이륜차,0,0,0,3,0,0
2019-06-18,1,1,1,3,0,1,0,전북,진안군,1,5,0,0,0,1,8,127.3488,35.7477,전북진안군,0,화물차농기계,0,0,0,192,0,0
2019-06-18,1,1,1,1,0,0,0,전북,무주군,1,5,0,0,0,3,8,127.6448,35.9881,전북무주군,0,건설기계농기계,0,0,0,182,0,0
2019-06-18,0,1,1,1,0,0,0,전남,나주시,1,1,0,0,0,7,3,126.7151,34.9824,전남나주시,0,자전거화물차,0,0,0,33,0,0
2019-06-18,0,1,1,3,0,1,0,대구,동구,1,6,0,0,0,0,1,128.665,35.957,대구동구,0,승용차없음,0,0,0,26,0,0
2019-06-19,0,2,1,1,0,0,0,서울,동대문구,1,6,0,1,2,4,1,127.044,37.5723,서울동대문구,0,이륜차없음,0,0,0,201,0,0
2019-06-19,1,2,1,1,0,0,0,세종,세종시,1,1,0,1,1,5,2,127.2362,36.4999,세종세종시,0,특수차승용차,0,0,0,202,0,0
2019-06-19,1,2,1,3,0,1,0,인천,남동구,1,8,7,1,1,4,2,126.7261,37.4519,인천남동구,0,이륜차승용차,0,0,0,29,0,0
2019-06-19,1,2,2,3,0,0,1,전남,보성군,1,8,3,1,2,4,2,127.2618,34.8193,전남보성군,0,이륜차승용차,0,0,0,122,0,0
2019-06-19,1,2,1,1,0,0,0,경북,영덕군,1,6,0,0,0,1,1,129.3686,36.2885,경북영덕군,0,화물차없음,0,0,0,54,0,0
2019-06-19,0,2,1,1,0,0,0,충남,청양군,1,5,0,1,2,4,2,126.9363,36.3802,충남청양군,0,이륜차승용차,0,0,0,174,0,0
2019-06-19,0,2,1,1,0,0,0,대구,달서구,1,8,0,0,0,0,4,128.4738,35.8532,대구달서구,0,승용차이륜차,0,0,0,20,0,0
2019-06-20,1,3,1,9,4,0,0,경남,밀양시,1,9,5,0,0,1,3,128.7672,35.5267,경남밀양시,1,화물차화물차,0,0,0,177,0,0
2019-06-20,1,3,1,1,0,0,0,울산,울주군,1,1,0,1,2,3,1,129.1412,35.5558,울산울주군,0,건설기계없음,0,0,0,17,0,0
2019-06-20,1,3,1,1,0,0,0,제주,제주시,1,1,0,0,0,0,1,126.2505,33.389,제주제주시,0,승용차없음,0,0,0,90,0,0
2019-06-20,1,3,1,1,0,0,0,대전,서구,1,6,0,1,2,8,1,127.3542,36.282,대전서구,0,기타없음,0,0,0,4,0,0
2019-06-20,1,3,1,3,0,1,0,부산,강서구,1,5,0,1,2,0,3,128.8552,35.1273,부산강서구,0,승용차화물차,0,0,0,206,0,0
2019-06-20,1,3,1,3,0,1,0,경북,칠곡군,1,8,0,0,0,1,3,128.4945,35.9409,경북칠곡군,0,화물차화물차,0,0,0,21,0,0
2019-06-20,1,3,1,5,2,0,0,경기,남양주시,1,9,5,0,0,0,2,127.2257,37.7507,경기남양주시,1,승용차승용차,0,0,0,70,0,0
2019-06-20,0,3,1,1,0,0,0,경남,함안군,1,1,0,1,2,4,1,128.4312,35.3566,경남함안군,0,이륜차없음,0,0,0,117,0,0
2019-06-21,1,4,1,1,0,0,0,경기,양평군,1,1,0,0,0,3,1,127.4595,37.5828,경기양평군,0,건설기계없음,0,0,0,48,0,0
2019-06-21,0,4,1,2,0,0,1,전북,순창군,1,1,0,1,1,4,2,127.1037,35.4499,전북순창군,0,이륜차승용차,0,0,0,131,0,0
2019-06-22,0,5,1,3,1,0,0,경기,평택시,1,9,5,0,0,4,2,127.0712,37.0138,경기평택시,0,이륜차승용차,0,1,0,14,0,0
2019-06-22,0,5,1,1,0,0,0,경기,남양주시,1,12,0,0,0,7,1,127.1601,37.6735,경기남양주시,0,자전거없음,0,1,0,70,0,0
2019-06-22,1,5,1,1,0,0,0,경기,평택시,1,6,0,2,4,1,1,127.097,37.0518,경기평택시,0,화물차없음,0,1,0,14,0,0
2019-06-22,1,5,1,3,1,0,0,전북,부안군,1,6,0,0,0,1,1,126.7555,35.6708,전북부안군,0,화물차없음,0,1,0,185,0,0
2019-06-22,1,5,1,3,1,0,0,경남,밀양시,1,5,0,0,0,1,3,128.8005,35.4075,경남밀양시,0,화물차화물차,0,1,0,177,0,0
2019-06-22,0,5,1,1,0,0,0,강원,양양군,1,1,0,0,0,1,1,128.5942,38.0812,강원양양군,0,화물차없음,0,1,0,164,0,0
2019-06-22,0,5,1,1,0,0,0,경기,가평군,1,11,0,0,0,8,1,127.3771,37.6991,경기가평군,0,기타없음,0,1,0,176,0,0
2019-06-22,0,5,1,5,1,1,0,경기,여주시,1,5,0,0,0,0,2,127.5164,37.3784,경기여주시,0,승용차승용차,0,1,0,22,0,0
2019-06-23,1,6,1,1,0,0,0,전북,완주군,1,1,0,1,2,7,2,127.1612,35.9299,전북완주군,0,자전거승용차,0,1,0,28,0,0
2019-06-23,1,6,1,1,0,0,0,충남,논산시,1,12,0,0,0,7,1,127.1779,36.189,충남논산시,0,자전거없음,0,1,0,61,0,0
2019-06-23,0,6,1,1,0,0,0,경북,의성군,1,11,3,0,0,9,1,128.3779,36.3766,경북의성군,0,농기계없음,0,1,0,105,0,0
2019-06-24,0,0,1,1,0,0,0,강원,원주시,1,1,0,1,1,0,1,127.813,37.3055,강원원주시,0,승용차없음,0,0,0,36,0,0
2019-06-24,0,0,1,1,0,0,0,경북,경산시,1,6,0,0,0,4,1,128.716,35.8245,경북경산시,0,이륜차없음,0,0,0,52,0,0
2019-06-24,1,0,1,1,0,0,0,세종,세종시,1,8,0,1,1,0,4,127.2811,36.4677,세종세종시,0,승용차이륜차,0,0,0,202,0,0
2019-06-24,1,0,2,2,0,0,0,전남,해남군,1,8,7,1,1,1,9,126.5465,34.6492,전남해남군,0,화물차건설기계,0,0,0,119,0,0
2019-06-24,1,0,1,1,0,0,0,경기,의왕시,1,1,0,1,3,2,5,126.9671,37.36,경기의왕시,0,승합차자전거,0,0,0,199,0,0
2019-06-25,0,1,1,1,0,0,0,서울,강북구,1,9,5,0,0,7,2,127.0276,37.635,서울강북구,0,자전거승용차,0,0,0,200,0,0
2019-06-25,0,1,1,1,0,0,0,경북,울진군,1,1,0,0,0,1,1,129.4458,36.8261,경북울진군,0,화물차없음,0,0,0,208,0,0
2019-06-25,1,1,1,1,0,0,0,대구,달성군,1,8,0,0,0,4,3,128.4483,35.7273,대구달성군,0,이륜차화물차,0,0,0,30,0,0
2019-06-25,1,1,1,3,1,0,0,제주,서귀포시,1,1,0,0,0,4,1,126.2991,33.3074,제주서귀포시,0,이륜차없음,0,0,0,62,0,0
2019-06-26,1,2,1,3,0,1,0,충북,청주시,1,1,6,1,1,4,2,127.5604,36.6449,충북청주시,0,이륜차승용차,0,0,0,83,0,0
2019-06-26,1,2,1,1,0,0,0,경북,경주시,1,11,0,0,0,6,1,129.4489,35.6659,경북경주시,0,원동기장치자전거없음,0,0,0,100,0,0
2019-06-26,1,2,1,3,1,0,0,전남,보성군,1,8,6,1,1,0,2,127.063,34.6681,전남보성군,0,승용차승용차,0,0,0,122,0,0
2019-06-26,1,2,1,3,1,0,0,강원,강릉시,1,1,0,0,0,0,2,128.7697,37.6964,강원강릉시,0,승용차승용차,0,0,0,194,0,0
2019-06-26,0,2,1,1,0,0,0,경기,하남시,1,6,0,0,0,0,1,127.1995,37.5648,경기하남시,0,승용차없음,0,0,0,67,0,0
2019-06-26,0,2,1,3,0,1,0,대구,달성군,1,9,6,1,1,0,6,128.4589,35.6781,대구달성군,0,승용차승합차,0,0,0,30,0,0
2019-06-27,1,3,1,1,0,0,0,충남,논산시,1,8,7,1,1,7,3,127.1885,36.2252,충남논산시,0,자전거화물차,0,0,0,61,0,0
2019-06-27,1,3,1,1,0,0,0,경북,경주시,1,11,0,1,1,9,1,129.2577,35.8301,경북경주시,0,농기계없음,0,0,0,100,0,0
2019-06-27,1,3,1,1,0,0,0,전남,담양군,1,1,2,0,0,1,4,126.9772,35.3107,전남담양군,0,화물차이륜차,0,0,0,181,0,0
2019-06-28,1,4,1,1,0,0,0,충남,논산시,1,6,0,0,0,1,1,127.1773,36.2459,충남논산시,0,화물차없음,0,0,0,61,0,0
2019-06-28,1,4,1,1,0,0,0,전남,해남군,1,1,0,0,0,3,1,126.4381,34.5644,전남해남군,0,건설기계없음,0,0,0,119,0,0
2019-06-28,1,4,1,1,0,0,0,경기,양평군,1,12,0,0,0,1,1,127.6779,37.4183,경기양평군,0,화물차없음,0,0,0,48,0,0
2019-06-28,1,4,1,1,0,0,0,전남,무안군,1,6,0,0,0,0,1,126.3593,35.0625,전남무안군,0,승용차없음,0,0,0,101,0,0
2019-06-28,0,4,1,1,0,0,0,울산,울주군,1,6,0,1,2,0,1,129.194,35.6936,울산울주군,0,승용차없음,0,0,0,17,0,0
2019-06-29,0,5,1,3,0,1,0,경기,하남시,1,6,0,0,0,4,1,127.2176,37.5489,경기하남시,0,이륜차없음,0,1,0,67,0,0
2019-06-29,1,5,1,5,1,1,0,경기,포천시,1,1,0,1,1,0,2,127.3107,37.9428,경기포천시,0,승용차승용차,0,1,0,171,0,0
2019-06-29,1,5,1,3,0,1,0,전남,순천시,1,1,0,0,0,0,1,127.2772,35.0559,전남순천시,0,승용차없음,0,1,0,27,0,0
2019-06-29,0,5,1,7,2,1,0,경남,거제시,1,9,5,0,0,0,2,128.5761,34.8888,경남거제시,1,승용차승용차,0,1,0,15,0,0
2019-06-30,1,6,1,1,0,0,0,경기,파주시,1,6,0,1,2,0,1,126.753,37.7532,경기파주시,0,승용차없음,0,1,0,175,0,0
2019-06-30,1,6,1,3,1,0,0,경북,상주시,1,8,0,1,1,0,2,128.1734,36.4239,경북상주시,0,승용차승용차,0,1,0,58,0,0
2019-07-01,0,0,1,1,0,0,0,경북,구미시,1,6,0,1,1,0,1,128.3757,36.0833,경북구미시,0,승용차없음,0,0,0,144,0,0
2019-07-01,0,0,1,1,0,0,0,충북,음성군,1,5,0,0,0,0,8,127.4511,36.9872,충북음성군,0,승용차농기계,0,0,0,110,0,0
2019-07-01,1,0,1,1,0,0,0,강원,강릉시,1,8,0,1,1,4,2,128.8875,37.7403,강원강릉시,0,이륜차승용차,0,0,0,194,0,0
2019-07-01,1,0,1,1,0,0,0,경남,거제시,1,8,0,0,0,5,11,128.6903,34.8695,경남거제시,0,특수차특수차,0,0,0,15,0,0
2019-07-01,1,0,1,1,0,0,0,전남,장성군,1,1,0,1,1,1,4,126.7737,35.3001,전남장성군,0,화물차이륜차,0,0,0,146,0,0
2019-07-01,1,0,1,3,0,1,0,전남,보성군,1,9,6,1,1,4,2,127.1563,34.776,전남보성군,0,이륜차승용차,0,0,0,122,0,0
2019-07-01,1,0,1,1,0,0,0,세종,세종시,1,5,0,0,0,1,8,127.2595,36.6547,세종세종시,0,화물차농기계,0,0,0,202,0,0
2019-07-01,1,0,1,5,0,2,0,경기,시흥시,1,5,2,0,0,4,2,126.6584,37.3259,경기시흥시,0,이륜차승용차,0,0,0,73,0,0
2019-07-01,0,0,1,1,0,0,0,충남,논산시,1,8,5,1,2,1,2,127.1361,36.195,충남논산시,0,화물차승용차,0,0,0,61,0,0
2019-07-02,1,1,1,1,0,0,0,경기,평택시,1,1,0,2,4,9,1,126.9885,37.0152,경기평택시,0,농기계없음,0,0,0,14,0,0
2019-07-02,0,1,1,1,0,0,0,전북,부안군,1,1,0,0,0,0,8,126.7618,35.7561,전북부안군,0,승용차농기계,0,0,0,185,0,0
2019-07-03,1,2,1,1,0,0,0,강원,춘천시,1,6,0,0,0,1,1,127.7878,37.7541,강원춘천시,0,화물차없음,0,0,0,111,0,0
2019-07-03,1,2,1,3,1,0,0,경기,안성시,1,5,0,2,4,1,3,127.2184,37.106,경기안성시,0,화물차화물차,0,0,0,23,0,0
2019-07-03,1,2,1,3,1,0,0,대전,대덕구,1,1,0,1,1,4,2,127.422,36.4481,대전대덕구,0,이륜차승용차,0,0,0,77,0,0
2019-07-04,1,3,1,26,2,10,1,경남,양산시,1,5,0,0,0,0,2,129.0488,35.37,경남양산시,2,승용차승용차,0,0,0,49,0,0
2019-07-04,1,3,1,1,0,0,0,강원,정선군,1,6,0,0,0,0,1,128.7208,37.2661,강원정선군,0,승용차없음,0,0,0,198,0,0
2019-07-05,0,4,1,1,0,0,0,경남,김해시,1,8,0,1,2,4,2,128.89,35.2347,경남김해시,0,이륜차승용차,0,0,0,13,0,0
2019-07-05,1,4,1,1,0,0,0,강원,강릉시,1,8,0,0,0,0,2,128.9092,37.7723,강원강릉시,0,승용차승용차,0,0,0,194,0,0
2019-07-05,1,4,1,1,0,0,0,전남,나주시,1,12,0,0,0,3,1,126.7622,34.9982,전남나주시,0,건설기계없음,0,0,0,33,0,0
2019-07-05,0,4,1,1,0,0,0,경기,양주시,1,6,0,1,2,0,1,126.9943,37.8941,경기양주시,0,승용차없음,0,0,0,59,0,0
2019-07-06,0,5,1,1,0,0,0,충북,진천군,1,1,0,0,0,0,1,127.4898,36.8119,충북진천군,0,승용차없음,0,1,0,60,0,0
2019-07-06,0,5,1,1,0,0,0,충남,천안시,1,5,0,0,0,0,3,127.209,36.7644,충남천안시,0,승용차화물차,0,1,0,63,0,0
2019-07-06,1,5,1,1,0,0,0,경기,평택시,1,11,0,0,0,4,1,127.0143,37.0376,경기평택시,0,이륜차없음,0,1,0,14,0,0
2019-07-06,1,5,1,1,0,0,0,충남,예산군,1,8,6,1,1,4,3,126.8075,36.6849,충남예산군,0,이륜차화물차,0,1,0,187,0,0
2019-07-06,1,5,1,1,0,0,0,경북,포항시,1,9,5,0,0,1,9,129.356,36.2023,경북포항시,0,화물차건설기계,0,1,0,160,0,0
2019-07-06,1,5,1,4,0,1,1,경기,의정부시,1,9,5,0,0,0,2,127.035,37.7501,경기의정부시,0,승용차승용차,0,1,0,64,0,0
2019-07-06,1,5,1,1,0,0,0,대전,동구,1,12,0,0,0,7,1,127.4298,36.342,대전동구,0,자전거없음,0,1,0,80,0,0
2019-07-06,1,5,1,1,0,0,0,경기,김포시,1,6,0,0,0,4,1,126.5524,37.6813,경기김포시,0,이륜차없음,0,1,0,47,0,0
2019-07-07,0,6,1,1,0,0,0,경남,사천시,1,1,0,1,2,0,7,128.0862,35.0805,경남사천시,0,승용차원동기장치자전거,0,1,0,57,0,0
2019-07-07,0,6,1,1,0,0,0,부산,사상구,1,1,0,0,0,4,1,128.9988,35.1533,부산사상구,0,이륜차없음,0,1,0,120,0,0
2019-07-07,0,6,1,1,0,0,0,경기,의왕시,1,5,0,0,0,0,3,126.9634,37.3225,경기의왕시,0,승용차화물차,0,1,0,199,0,0
2019-07-07,1,6,1,1,0,0,0,충남,천안시,1,1,0,0,0,0,2,127.3057,36.7274,충남천안시,0,승용차승용차,0,1,0,63,0,0
2019-07-07,1,6,1,1,0,0,0,전남,장성군,1,1,0,0,0,4,1,126.8088,35.4582,전남장성군,0,이륜차없음,0,1,0,146,0,0
2019-07-07,1,6,1,11,2,3,0,충북,청주시,1,5,0,0,0,1,3,127.4204,36.623,충북청주시,1,화물차화물차,0,1,0,83,0,0
2019-07-07,1,6,1,3,1,0,0,경남,거창군,1,8,0,0,0,1,3,127.9263,35.5499,경남거창군,0,화물차화물차,0,1,0,154,0,0
2019-07-08,0,0,1,5,1,1,0,광주,북구,1,5,0,0,0,0,3,126.9401,35.1861,광주북구,0,승용차화물차,0,0,0,137,0,0
2019-07-08,1,0,2,4,1,0,0,충북,보은군,1,1,0,0,0,0,1,127.8091,36.4395,충북보은군,1,승용차없음,0,0,0,32,0,0
2019-07-08,1,0,1,3,1,0,0,충남,당진시,1,9,5,0,0,1,2,126.6122,36.8773,충남당진시,0,화물차승용차,0,0,0,46,0,0
2019-07-08,0,0,1,1,0,0,0,경기,고양시,1,8,0,1,1,0,5,126.7316,37.6856,경기고양시,0,승용차자전거,0,0,0,40,0,0
2019-07-09,0,1,1,3,0,1,0,인천,동구,1,9,6,1,1,6,2,126.6477,37.4922,인천동구,0,원동기장치자전거승용차,0,0,0,207,0,0
2019-07-09,1,1,3,5,1,0,0,전북,정읍시,1,8,6,1,1,5,3,127.0018,35.5991,전북정읍시,1,특수차화물차,0,0,0,12,0,0
2019-07-09,1,1,1,1,0,0,0,강원,춘천시,1,12,0,1,1,8,1,127.738,37.9225,강원춘천시,0,기타없음,0,0,0,111,0,0
2019-07-09,1,1,1,1,0,0,0,전남,나주시,1,8,0,1,2,1,5,126.8221,35.0418,전남나주시,0,화물차자전거,0,0,0,33,0,0
2019-07-09,1,1,1,1,0,0,0,부산,부산진구,1,8,0,1,1,4,2,129.0506,35.1575,부산부산진구,0,이륜차승용차,0,0,0,163,0,0
2019-07-09,0,1,1,1,0,0,0,전북,익산시,1,1,0,1,2,0,4,127.0169,35.9684,전북익산시,0,승용차이륜차,0,0,0,125,0,0
2019-07-10,1,2,1,1,0,0,0,경기,양평군,1,1,0,0,0,1,6,127.5632,37.4836,경기양평군,0,화물차승합차,0,0,0,48,0,0
2019-07-10,1,2,1,1,0,0,0,전북,정읍시,1,12,0,0,0,7,1,126.9868,35.605,전북정읍시,0,자전거없음,0,0,0,12,0,0
2019-07-10,1,2,1,1,0,0,0,충북,음성군,1,6,0,0,0,1,1,127.4823,37.028,충북음성군,0,화물차없음,0,0,0,110,0,0
2019-07-10,0,2,1,1,0,0,0,경남,통영시,1,6,0,0,0,0,1,128.3926,34.8608,경남통영시,0,승용차없음,0,0,0,212,0,0
2019-07-10,0,2,1,1,0,0,0,대전,대덕구,1,9,6,1,1,0,7,127.4203,36.3589,대전대덕구,0,승용차원동기장치자전거,0,0,0,77,0,0
2019-07-10,0,2,1,1,0,0,0,강원,강릉시,1,6,0,0,0,0,1,128.8752,37.7467,강원강릉시,0,승용차없음,0,0,0,194,0,0
2019-07-11,1,3,1,3,0,1,0,전북,무주군,1,8,2,0,0,0,2,127.6697,36.0101,전북무주군,0,승용차승용차,0,0,0,182,0,0
2019-07-11,1,3,1,1,0,0,0,경북,안동시,1,8,0,0,0,7,6,128.7947,36.5319,경북안동시,0,자전거승합차,0,0,0,66,0,0
2019-07-12,1,4,1,1,0,0,0,울산,울주군,1,8,6,1,1,4,3,129.1221,35.5636,울산울주군,0,이륜차화물차,0,0,0,17,0,0