발생년월일,주야,요일,사망자수,사상자수,중상자수,경상자수,부상신고자수,발생지시도,발생지시군구,사고유형_대분류,사고유형_중분류,법규위반,도로형태_대분류,도로형태,당사자종별_1당_대분류,당사자종별_2당_대분류,경도,위도,발생지,사고피해정도,사고차량타입,도시여부,주말/공휴일,인구수,발생지번호,보행자의위치,무단횡단여부
2019-11-16,1,5,1,3,1,0,0,충북,충주시,1,1,0,1,1,7,2,127.9469,36.9672,충북충주시,0,자전거승용차,0,1,0,6,0,0
2019-11-16,1,5,1,3,0,1,0,전북,장수군,1,9,5,0,0,4,3,127.5977,35.7593,전북장수군,0,이륜차화물차,0,1,0,155,0,0
2019-11-16,0,5,1,1,0,0,0,서울,강북구,1,1,6,0,0,4,6,127.0284,37.6352,서울강북구,0,이륜차승합차,0,1,0,200,0,0
2019-11-16,0,5,1,3,1,0,0,충남,금산군,1,1,6,1,1,0,2,127.4721,36.1817,충남금산군,0,승용차승용차,0,1,0,68,0,0
2019-11-17,0,6,1,1,0,0,0,경기,이천시,1,6,0,1,2,0,1,127.4092,37.2981,경기이천시,0,승용차없음,0,1,0,41,0,0
2019-11-17,0,6,2,8,1,2,0,경기,안양시,1,8,0,1,2,4,2,126.9562,37.3908,경기안양시,1,이륜차승용차,0,1,0,151,0,0
2019-11-17,1,6,1,1,0,0,0,경기,수원시,1,8,0,0,0,0,2,126.969,37.2808,경기수원시,0,승용차승용차,0,1,0,99,0,0
2019-11-17,1,6,1,1,0,0,0,강원,평창군,1,8,0,0,0,0,4,128.6271,37.6738,강원평창군,0,승용차이륜차,0,1,0,24,0,0
2019-11-17,1,6,1,27,4,9,0,대구,수성구,1,9,0,0,0,0,2,128.6322,35.8695,대구수성구,2,승용차승용차,0,1,0,37,0,0
2019-11-17,1,6,1,5,1,1,0,경북,영천시,1,6,0,0,0,0,1,129.0666,36.1125,경북영천시,0,승용차없음,0,1,0,5,0,0
2019-11-17,0,6,1,1,0,0,0,충남,부여군,1,11,0,0,0,0,1,126.8466,36.2801,충남부여군,0,승용차없음,0,1,0,129,0,0
2019-11-18,0,0,1,1,0,0,0,전남,순천시,1,6,0,0,0,1,1,127.3466,34.886,전남순천시,0,화물차없음,0,0,0,27,0,0
2019-11-18,1,0,1,3,0,1,0,충남,당진시,1,5,0,0,0,1,9,126.5521,37.0012,충남당진시,0,화물차건설기계,0,0,0,46,0,0
2019-11-18,1,0,1,1,0,0,0,충남,천안시,1,11,0,0,0,1,1,127.0713,36.6659,충남천안시,0,화물차없음,0,0,0,63,0,0
2019-11-18,1,0,1,5,1,1,0,경남,김해시,1,5,0,0,0,4,2,128.8678,35.2516,경남김해시,0,이륜차승용차,0,0,0,13,0,0
2019-11-18,0,0,1,1,0,0,0,경북,칠곡군,1,8,0,0,0,0,5,128.4251,35.975,경북칠곡군,0,승용차자전거,0,0,0,21,0,0
2019-11-19,1,1,1,1,0,0,0,전남,영암군,1,6,0,0,0,1,1,126.4631,34.768,전남영암군,0,화물차없음,0,0,0,16,0,0
2019-11-19,1,1,1,3,1,0,0,경남,고성군,1,9,5,0,0,2,6,128.2856,35.0715,경남고성군,0,승합차승합차,0,0,0,87,0,0
2019-11-19,1,1,1,15,4,3,0,경남,창원시(통합),1,5,0,0,0,5,3,128.6387,35.1944,경남창원시(통합),2,특수차화물차,0,0,0,86,0,0
2019-11-19,0,1,1,1,0,0,0,전북,순창군,1,11,0,0,0,6,1,127.0773,35.4442,전북순창군,0,원동기장치자전거없음,0,0,0,131,0,0
2019-11-20,0,2,1,1,0,0,0,대구,남구,1,6,0,1,1,0,1,128.6069,35.8288,대구남구,0,승용차없음,0,0,0,145,0,0
2019-11-20,1,2,1,1,0,0,0,전남,담양군,1,1,0,0,0,0,3,126.9583,35.224,전남담양군,0,승용차화물차,0,0,0,181,0,0
2019-11-21,0,3,1,3,0,1,0,서울,강남구,1,9,6,1,2,4,2,127.0429,37.5022,서울강남구,0,이륜차승용차,0,0,0,89,0,0
2019-11-21,1,3,2,4,0,1,0,경기,광주시,1,8,0,0,0,0,3,127.2428,37.475,경기광주시,1,승용차화물차,0,0,0,9,0,0
2019-11-21,0,3,1,1,0,0,0,경남,진주시,1,9,5,0,0,1,4,127.9693,35.2012,경남진주시,0,화물차이륜차,0,0,0,42,0,0
2019-11-21,0,3,1,1,0,0,0,충남,아산시,1,1,5,0,0,1,2,126.8601,36.7419,충남아산시,0,화물차승용차,0,0,0,53,0,0
2019-11-22,1,4,1,3,0,1,0,전북,정읍시,1,5,0,1,2,1,3,126.9129,35.6812,전북정읍시,0,화물차화물차,0,0,0,12,0,0
2019-11-22,1,4,1,1,0,0,0,부산,해운대구,1,12,0,0,0,4,1,129.1584,35.2295,부산해운대구,0,이륜차없음,0,0,0,1,0,0
2019-11-22,1,4,1,1,0,0,0,경기,성남시,1,8,0,1,1,0,4,127.105,37.4487,경기성남시,0,승용차이륜차,0,0,0,95,0,0
2019-11-22,1,4,1,1,0,0,0,강원,횡성군,1,1,5,0,0,3,5,128.0283,37.4922,강원횡성군,0,건설기계자전거,0,0,0,31,0,0
2019-11-22,1,4,1,1,0,0,0,전북,부안군,1,8,0,1,1,1,6,126.7583,35.7644,전북부안군,0,화물차승합차,0,0,0,185,0,0
2019-11-22,1,4,1,1,0,0,0,경기,성남시,1,8,0,0,0,3,5,127.1269,37.43,경기성남시,0,건설기계자전거,0,0,0,95,0,0
2019-11-23,1,5,1,1,0,0,0,경기,양평군,1,8,0,0,0,0,4,127.4664,37.5041,경기양평군,0,승용차이륜차,0,1,0,48,0,0
2019-11-23,1,5,1,1,0,0,0,경기,평택시,1,5,0,0,0,1,3,126.9817,37.0506,경기평택시,0,화물차화물차,0,1,0,14,0,0
2019-11-23,1,5,1,5,1,1,0,전북,완주군,1,9,5,0,0,0,3,127.2106,35.8889,전북완주군,0,승용차화물차,0,1,0,28,0,0
2019-11-23,1,5,1,1,0,0,0,대전,서구,1,8,6,0,0,0,4,127.3485,36.3283,대전서구,0,승용차이륜차,0,1,0,4,0,0
2019-11-24,0,6,1,5,2,0,0,제주,제주시,1,9,5,0,0,0,2,126.5105,33.4619,제주제주시,1,승용차승용차,0,1,0,90,0,0
2019-11-24,1,6,1,3,1,0,0,대전,동구,1,8,6,1,1,0,6,127.4444,36.3217,대전동구,0,승용차승합차,0,1,0,80,0,0
2019-11-24,1,6,1,3,1,0,0,충북,괴산군,1,9,5,0,0,0,2,127.7617,36.8356,충북괴산군,0,승용차승용차,0,1,0,179,0,0
2019-11-24,1,6,4,4,0,0,0,충북,충주시,1,11,0,0,0,0,1,128.036,37.0329,충북충주시,1,승용차없음,0,1,0,6,0,0
2019-11-24,0,6,1,3,1,0,0,충남,태안군,1,6,0,1,2,2,1,126.3395,36.5204,충남태안군,0,승합차없음,0,1,0,169,0,0
2019-11-24,0,6,1,1,0,0,0,충남,당진시,1,1,0,0,0,1,2,126.6449,36.8256,충남당진시,0,화물차승용차,0,1,0,46,0,0
2019-11-25,0,0,1,1,0,0,0,서울,송파구,1,6,0,0,0,0,1,127.0915,37.5245,서울송파구,0,승용차없음,0,0,0,156,0,0
2019-11-25,1,0,1,3,0,1,0,경기,용인시,1,5,0,0,0,0,9,127.2137,37.2709,경기용인시,0,승용차건설기계,0,0,0,51,0,0
2019-11-25,1,0,1,5,1,1,0,강원,춘천시,1,8,0,1,1,0,3,127.7105,37.83,강원춘천시,0,승용차화물차,0,0,0,111,0,0
2019-11-25,1,0,1,5,1,1,0,경북,군위군,1,9,5,0,0,1,3,128.6759,36.1839,경북군위군,0,화물차화물차,0,0,0,170,0,0
2019-11-25,1,0,1,1,0,0,0,대구,달성군,1,12,0,0,0,1,1,128.4785,35.7642,대구달성군,0,화물차없음,0,0,0,30,0,0
2019-11-25,1,0,1,7,1,2,0,경기,김포시,1,1,5,2,4,0,2,126.6518,37.6661,경기김포시,1,승용차승용차,0,0,0,47,0,0
2019-11-25,1,0,1,1,0,0,0,전북,부안군,1,5,0,2,4,1,8,126.702,35.6602,전북부안군,0,화물차농기계,0,0,0,185,0,0
2019-11-25,0,0,1,3,1,0,0,경북,청송군,1,9,5,0,0,0,2,129.043,36.2911,경북청송군,0,승용차승용차,0,0,0,203,0,0
2019-11-26,0,1,1,5,2,0,0,전북,남원시,1,8,5,0,0,1,3,127.5564,35.4516,전북남원시,1,화물차화물차,0,0,0,193,0,0
2019-11-26,1,1,1,3,0,1,0,경기,연천군,1,5,3,0,0,0,8,126.9127,38.0197,경기연천군,0,승용차농기계,0,0,0,106,0,0
2019-11-26,0,1,1,3,0,1,0,강원,태백시,1,9,5,0,0,0,2,129.0333,37.1502,강원태백시,0,승용차승용차,0,0,0,215,0,0
2019-11-26,0,1,1,1,0,0,0,부산,사상구,1,1,0,1,1,0,1,128.9618,35.1226,부산사상구,0,승용차없음,0,0,0,120,0,0
2019-11-27,0,2,1,1,0,0,0,서울,서초구,1,5,0,0,0,4,3,127.0215,37.4827,서울서초구,0,이륜차화물차,0,0,0,214,0,0
2019-11-28,0,3,1,1,0,0,0,대전,동구,1,1,0,0,0,4,1,127.4632,36.3389,대전동구,0,이륜차없음,0,0,0,80,0,0
2019-11-28,1,3,1,1,0,0,0,경남,의령군,1,8,6,1,1,4,3,128.2621,35.3182,경남의령군,0,이륜차화물차,0,0,0,189,0,0
2019-11-28,1,3,1,1,0,0,0,충남,보령시,1,6,0,0,0,0,1,126.6133,36.3647,충남보령시,0,승용차없음,0,0,0,136,0,0
2019-11-28,1,3,1,1,0,0,0,경남,김해시,1,6,0,0,0,0,1,128.8722,35.1726,경남김해시,0,승용차없음,0,0,0,13,0,0
2019-11-28,1,3,1,1,0,0,0,경북,청송군,1,5,0,0,0,1,4,129.0418,36.4808,경북청송군,0,화물차이륜차,0,0,0,203,0,0
2019-11-28,1,3,1,1,0,0,0,경남,합천군,1,5,2,0,0,0,8,128.1173,35.5475,경남합천군,0,승용차농기계,0,0,0,133,0,0
2019-11-28,0,3,1,1,0,0,0,경남,합천군,1,1,0,0,0,4,8,128.1176,35.5477,경남합천군,0,이륜차농기계,0,0,0,133,0,0
2019-11-29,1,4,1,3,1,0,0,전남,고흥군,1,9,5,0,0,1,4,127.1524,34.4763,전남고흥군,0,화물차이륜차,0,0,0,191,0,0
2019-11-29,1,4,1,5,1,1,0,경기,양주시,1,9,5,1,1,1,3,126.9772,37.7996,경기양주시,0,화물차화물차,0,0,0,59,0,0
2019-11-29,1,4,1,1,0,0,0,충남,당진시,1,5,0,0,0,0,4,126.5929,36.9765,충남당진시,0,승용차이륜차,0,0,0,46,0,0
2019-11-29,1,4,1,5,2,0,0,경기,성남시,1,1,5,0,0,0,2,127.1287,37.4081,경기성남시,1,승용차승용차,0,0,0,95,0,0
2019-11-29,1,4,1,3,1,0,0,충남,당진시,1,1,0,2,4,0,2,126.6481,36.8618,충남당진시,0,승용차승용차,0,0,0,46,0,0
2019-11-29,1,4,1,3,0,1,0,경북,상주시,1,6,0,0,0,1,1,128.0115,36.4008,경북상주시,0,화물차없음,0,0,0,58,0,0
2019-11-29,1,4,1,1,0,0,0,충남,당진시,1,8,0,0,0,0,8,126.7026,36.877,충남당진시,0,승용차농기계,0,0,0,46,0,0
2019-11-30,1,5,1,1,0,0,0,경기,가평군,1,8,0,1,2,7,6,127.5074,37.8168,경기가평군,0,자전거승합차,0,1,0,176,0,0
2019-11-30,1,5,1,1,0,0,0,경기,용인시,1,1,0,1,1,1,1,127.1277,37.1375,경기용인시,0,화물차없음,0,1,0,51,0,0
2019-11-30,0,5,1,11,2,3,0,경북,영주시,1,1,0,0,0,2,3,128.5666,36.7804,경북영주시,1,승합차화물차,0,1,0,113,0,0
2019-12-01,0,6,1,3,0,1,0,서울,강동구,1,1,5,0,0,4,2,127.1209,37.5398,서울강동구,0,이륜차승용차,0,1,0,91,0,0
2019-12-01,0,6,1,1,0,0,0,경기,시흥시,1,5,0,0,0,0,3,126.8074,37.3662,경기시흥시,0,승용차화물차,0,1,0,73,0,0
2019-12-01,0,6,1,1,0,0,0,경남,합천군,1,6,0,2,4,0,1,128.1467,35.5756,경남합천군,0,승용차없음,0,1,0,133,0,0
2019-12-02,1,0,1,1,0,0,0,경남,거창군,1,5,3,1,1,4,3,128.0024,35.72,경남거창군,0,이륜차화물차,0,0,0,154,0,0
2019-12-02,0,0,1,1,0,0,0,경기,부천시,1,1,0,0,0,2,1,126.7747,37.4807,경기부천시,0,승합차없음,0,0,0,65,0,0
2019-12-03,0,1,1,1,0,0,0,경기,성남시,1,1,0,2,4,6,1,127.1096,37.3678,경기성남시,0,원동기장치자전거없음,0,0,0,95,0,0
2019-12-03,0,1,2,6,0,2,0,경기,안산시,1,5,0,0,0,1,11,126.8485,37.3481,경기안산시,1,화물차특수차,0,0,0,2,0,0
2019-12-03,1,1,1,1,0,0,0,경남,창원시(통합),1,8,0,0,0,0,2,128.5821,35.2465,경남창원시(통합),0,승용차승용차,0,0,0,86,0,0
2019-12-03,1,1,1,1,0,0,0,서울,동대문구,1,8,5,0,0,0,4,127.0588,37.5944,서울동대문구,0,승용차이륜차,0,0,0,201,0,0
2019-12-04,1,2,1,49,2,22,0,충북,음성군,1,9,5,0,0,2,2,127.6649,36.9367,충북음성군,2,승합차승용차,0,0,0,110,0,0
2019-12-04,1,2,2,10,1,3,0,경기,화성시,1,5,0,0,0,5,3,126.8615,37.0305,경기화성시,1,특수차화물차,0,0,0,50,0,0
2019-12-04,1,2,1,1,0,0,0,경남,합천군,1,12,0,2,4,9,1,128.1482,35.7449,경남합천군,0,농기계없음,0,0,0,133,0,0
2019-12-04,1,2,1,1,0,0,0,서울,강서구,1,1,6,1,1,2,7,126.82,37.5485,서울강서구,0,승합차원동기장치자전거,0,0,0,43,0,0
2019-12-04,1,2,1,5,2,0,0,충남,당진시,1,1,5,0,0,0,2,126.7251,36.9318,충남당진시,1,승용차승용차,0,0,0,46,0,0
2019-12-04,0,2,1,5,0,2,0,경북,영천시,1,1,0,0,0,1,3,129.0459,36.0016,경북영천시,0,화물차화물차,0,0,0,5,0,0
2019-12-04,0,2,1,1,0,0,0,경기,성남시,1,1,0,0,0,2,1,127.1699,37.4632,경기성남시,0,승합차없음,0,0,0,95,0,0
2019-12-05,0,3,1,9,4,0,0,전남,화순군,1,9,5,0,0,0,2,126.991,34.9157,전남화순군,1,승용차승용차,0,0,0,88,0,0
2019-12-05,1,3,1,1,0,0,0,전남,화순군,1,1,0,0,0,4,1,127.1493,35.0985,전남화순군,0,이륜차없음,0,0,0,88,0,0
2019-12-05,1,3,1,3,0,1,0,경기,남양주시,1,9,0,1,1,1,3,127.2016,37.6937,경기남양주시,0,화물차화물차,0,0,0,70,0,0
2019-12-05,1,3,1,3,1,0,0,경기,수원시,1,8,0,0,0,0,4,126.9437,37.2873,경기수원시,0,승용차이륜차,0,0,0,99,0,0
2019-12-05,0,3,1,1,0,0,0,인천,연수구,1,6,0,0,0,4,1,126.643,37.3816,인천연수구,0,이륜차없음,0,0,0,35,0,0
2019-12-06,0,4,1,1,0,0,0,경기,평택시,1,9,0,0,0,0,3,126.9118,37.0282,경기평택시,0,승용차화물차,0,0,0,14,0,0
2019-12-06,0,4,1,1,0,0,0,강원,원주시,1,6,0,0,0,0,1,127.9104,37.3057,강원원주시,0,승용차없음,0,0,0,36,0,0
2019-12-06,1,4,1,1,0,0,0,경남,거창군,1,5,0,0,0,4,3,127.8997,35.6857,경남거창군,0,이륜차화물차,0,0,0,154,0,0
2019-12-06,0,4,1,1,0,0,0,경남,밀양시,1,1,6,1,1,1,3,128.7457,35.472,경남밀양시,0,화물차화물차,0,0,0,177,0,0
2019-12-07,1,5,1,1,0,0,0,경북,의성군,1,5,0,1,1,3,5,128.6984,36.3497,경북의성군,0,건설기계자전거,0,1,0,105,0,0
2019-12-07,1,5,1,1,0,0,0,경남,거창군,1,8,0,0,0,1,4,127.9223,35.6841,경남거창군,0,화물차이륜차,0,1,0,154,0,0
2019-12-07,0,5,1,1,0,0,0,서울,노원구,1,5,6,1,1,0,4,127.0706,37.6453,서울노원구,0,승용차이륜차,0,1,0,18,0,0
2019-12-07,0,5,1,1,0,0,0,전북,고창군,1,6,0,0,0,1,1,126.5551,35.3308,전북고창군,0,화물차없음,0,1,0,219,0,0
2019-12-08,0,6,1,1,0,0,0,충남,홍성군,1,6,0,0,0,1,1,126.638,36.587,충남홍성군,0,화물차없음,0,1,0,38,0,0
2019-12-08,0,6,1,1,0,0,0,서울,서대문구,1,12,0,0,0,4,1,126.9406,37.5951,서울서대문구,0,이륜차없음,0,1,0,195,0,0
2019-12-08,0,6,1,3,0,1,0,경기,용인시,1,5,0,0,0,0,3,127.2133,37.2647,경기용인시,0,승용차화물차,0,1,0,51,0,0
2019-12-08,1,6,1,1,0,0,0,충남,예산군,1,6,0,0,0,0,1,126.8607,36.6825,충남예산군,0,승용차없음,0,1,0,187,0,0
2019-12-08,1,6,1,1,0,0,0,충남,홍성군,1,1,0,1,2,9,1,126.6728,36.5293,충남홍성군,0,농기계없음,0,1,0,38,0,0
2019-12-08,1,6,1,15,3,4,0,부산,북구,1,5,0,1,1,0,3,128.9907,35.1968,부산북구,2,승용차화물차,0,1,0,118,0,0
2019-12-08,1,6,1,1,0,0,0,충남,당진시,1,6,0,0,0,1,1,126.5961,36.9222,충남당진시,0,화물차없음,0,1,0,46,0,0
2019-12-08,1,6,1,2,0,0,1,경북,영천시,1,1,0,0,0,9,1,128.8349,36.0423,경북영천시,0,농기계없음,0,1,0,5,0,0
2019-12-08,0,6,1,1,0,0,0,경북,경주시,1,8,6,1,1,4,2,129.1978,35.8499,경북경주시,0,이륜차승용차,0,1,0,100,0,0
2019-12-09,0,0,1,1,0,0,0,서울,마포구,1,8,6,0,0,1,4,126.94,37.5487,서울마포구,0,화물차이륜차,0,0,0,159,0,0
2019-12-09,1,0,1,3,0,1,0,충남,아산시,1,9,5,0,0,4,6,126.9539,36.7932,충남아산시,0,이륜차승합차,0,0,0,53,0,0
2019-12-09,1,0,1,1,0,0,0,경북,구미시,1,1,0,0,0,1,8,128.3099,36.2573,경북구미시,0,화물차농기계,0,0,0,144,0,0
2019-12-09,0,0,1,4,0,0,3,대구,수성구,1,5,0,1,1,0,2,128.6453,35.8769,대구수성구,0,승용차승용차,0,0,0,37,0,0
2019-12-10,0,1,1,1,0,0,0,경북,안동시,1,6,0,0,0,0,1,128.6219,36.5901,경북안동시,0,승용차없음,0,0,0,66,0,0
2019-12-10,0,1,1,1,0,0,0,충남,서산시,1,8,7,1,1,1,2,126.3763,36.9882,충남서산시,0,화물차승용차,0,0,0,69,0,0
2019-12-10,0,1,1,3,1,0,0,대구,북구,1,5,0,0,0,1,3,128.5784,35.9037,대구북구,0,화물차화물차,0,0,0,112,0,0
2019-12-10,1,1,1,3,1,0,0,경북,안동시,1,9,5,0,0,5,3,128.713,36.5576,경북안동시,0,특수차화물차,0,0,0,66,0,0
2019-12-10,1,1,1,3,1,0,0,충남,예산군,1,8,0,1,1,0,4,126.8625,36.6786,충남예산군,0,승용차이륜차,0,0,0,187,0,0
2019-12-10,1,1,1,3,0,1,0,대전,동구,1,8,0,0,0,0,2,127.4789,36.3454,대전동구,0,승용차승용차,0,0,0,80,0,0
2019-12-10,1,1,1,1,0,0,0,경기,수원시,1,8,0,1,2,8,2,127.0456,37.2749,경기수원시,0,기타승용차,0,0,0,99,0,0
2019-12-10,1,1,1,1,0,0,0,강원,원주시,1,9,5,0,0,0,3,127.9875,37.3962,강원원주시,0,승용차화물차,0,0,0,36,0,0
2019-12-10,1,1,1,3,0,1,0,경기,부천시,1,5,0,1,1,0,2,126.7633,37.5052,경기부천시,0,승용차승용차,0,0,0,65,0,0
2019-12-10,0,1,1,3,1,0,0,경기,화성시,1,1,5,0,0,1,3,126.7235,37.2164,경기화성시,0,화물차화물차,0,0,0,50,0,0
2019-12-10,0,1,1,1,0,0,0,경북,안동시,1,5,0,0,0,1,3,128.891,36.6504,경북안동시,0,화물차화물차,0,0,0,66,0,0
2019-12-11,0,2,1,3,1,0,0,전남,나주시,1,5,0,0,0,1,2,126.7592,34.994,전남나주시,0,화물차승용차,0,0,0,33,0,0
2019-12-11,1,2,1,1,0,0,0,충남,홍성군,1,1,0,0,0,8,1,126.7371,36.6262,충남홍성군,0,기타없음,0,0,0,38,0,0
2019-12-11,1,2,1,1,0,0,0,전북,정읍시,1,5,0,0,0,0,4,126.8063,35.5408,전북정읍시,0,승용차이륜차,0,0,0,12,0,0
2019-12-11,0,2,1,5,0,2,0,충남,당진시,1,1,0,1,1,1,1,126.5854,36.9871,충남당진시,0,화물차없음,0,0,0,46,0,0
2019-12-12,0,3,1,5,1,1,0,대구,서구,1,8,2,1,2,0,2,128.5567,35.8574,대구서구,0,승용차승용차,0,0,0,107,0,0
2019-12-12,0,3,1,1,0,0,0,서울,용산구,1,6,0,0,0,1,1,127.0012,37.5224,서울용산구,0,화물차없음,0,0,0,134,0,0
2019-12-12,1,3,1,1,0,0,0,경기,화성시,1,8,6,1,1,4,2,126.8251,37.2014,경기화성시,0,이륜차승용차,0,0,0,50,0,0
2019-12-12,1,3,1,3,0,1,0,경북,상주시,1,8,0,1,1,1,3,128.1739,36.4729,경북상주시,0,화물차화물차,0,0,0,58,0,0
2019-12-12,1,3,1,1,0,0,0,전남,무안군,1,12,0,0,0,8,1,126.5043,34.9363,전남무안군,0,기타없음,0,0,0,101,0,0
2019-12-12,1,3,1,3,0,1,0,전남,순천시,1,5,0,0,0,1,11,127.5885,34.9034,전남순천시,0,화물차특수차,0,0,0,27,0,0
2019-12-12,1,3,2,16,1,6,0,경기,남양주시,1,5,0,0,0,0,6,127.2042,37.7265,경기남양주시,2,승용차승합차,0,0,0,70,0,0
2019-12-12,0,3,1,6,1,1,1,대구,달성군,1,5,0,0,0,1,3,128.4263,35.7681,대구달성군,1,화물차화물차,0,0,0,30,0,0
2019-12-13,0,4,1,1,0,0,0,경기,시흥시,1,1,0,0,0,4,1,126.7893,37.3933,경기시흥시,0,이륜차없음,0,0,0,73,0,0
2019-12-13,0,4,1,1,0,0,0,충북,청주시,1,5,3,0,0,1,3,127.3343,36.7197,충북청주시,0,화물차화물차,0,0,0,83,0,0
2019-12-13,1,4,1,1,0,0,0,전남,진도군,1,5,0,2,4,0,8,126.2676,34.4721,전남진도군,0,승용차농기계,0,0,0,71,0,0
2019-12-13,1,4,1,1,0,0,0,경남,사천시,1,6,0,0,0,8,1,128.0742,35.0198,경남사천시,0,기타없음,0,0,0,57,0,0
2019-12-13,1,4,2,2,0,0,0,경북,성주군,1,8,0,1,1,1,4,128.1901,35.9161,경북성주군,0,화물차이륜차,0,0,0,168,0,0
2019-12-13,1,4,1,3,0,1,0,경북,포항시,1,9,6,1,1,4,2,129.3385,36.0253,경북포항시,0,이륜차승용차,0,0,0,160,0,0
2019-12-14,0,5,1,3,1,0,0,경북,경주시,1,9,5,0,0,0,3,129.2438,35.9375,경북경주시,0,승용차화물차,0,1,0,100,0,0
2019-12-14,0,5,6,56,13,12,0,경북,군위군,1,1,0,0,0,0,2,128.4456,36.2588,경북군위군,2,승용차승용차,0,1,0,170,0,0
2019-12-14,0,5,1,33,11,5,0,경북,군위군,1,5,0,0,0,1,11,128.5176,36.2279,경북군위군,2,화물차특수차,0,1,0,170,0,0
2019-12-14,1,5,1,5,0,2,0,경남,함안군,1,9,5,0,0,0,3,128.393,35.3134,경남함안군,0,승용차화물차,0,1,0,117,0,0
2019-12-14,1,5,1,1,0,0,0,경북,안동시,1,6,0,0,0,1,1,128.6453,36.48,경북안동시,0,화물차없음,0,1,0,66,0,0
2019-12-14,1,5,1,1,0,0,0,서울,성동구,1,12,0,0,0,4,1,127.0433,37.5559,서울성동구,0,이륜차없음,0,1,0,84,0,0
2019-12-14,1,5,1,1,0,0,0,서울,성북구,1,1,0,0,0,8,1,127.0414,37.6137,서울성북구,0,기타없음,0,1,0,167,0,0
2019-12-14,0,5,1,1,0,0,0,인천,강화군,1,6,0,1,1,1,1,126.4036,37.7822,인천강화군,0,화물차없음,0,1,0,92,0,0
2019-12-15,0,6,1,1,0,0,0,울산,남구,1,6,0,0,0,4,1,129.2924,35.5342,울산남구,0,이륜차없음,0,1,0,213,0,0
2019-12-15,0,6,1,1,0,0,0,경남,창원시(통합),1,1,0,1,1,0,2,128.7215,35.192,경남창원시(통합),0,승용차승용차,0,1,0,86,0,0
2019-12-15,0,6,1,1,0,0,0,경기,포천시,1,6,0,0,0,0,1,127.1355,37.814,경기포천시,0,승용차없음,0,1,0,171,0,0
2019-12-15,1,6,1,1,0,0,0,인천,강화군,1,5,0,0,0,4,2,126.5284,37.625,인천강화군,0,이륜차승용차,0,1,0,92,0,0
2019-12-15,0,6,1,7,0,3,0,경기,고양시,1,5,0,0,0,0,2,126.7936,37.6201,경기고양시,1,승용차승용차,0,1,0,40,0,0
2019-12-16,1,0,1,3,0,1,0,충북,청주시,1,5,0,0,0,0,9,127.4729,36.6703,충북청주시,0,승용차건설기계,0,0,0,83,0,0
2019-12-16,1,0,1,3,1,0,0,경기,오산시,1,1,0,0,0,1,3,127.0291,37.1745,경기오산시,0,화물차화물차,0,0,0,143,0,0
2019-12-16,1,0,1,1,0,0,0,전북,전주시,1,8,6,1,1,4,3,127.1527,35.8207,전북전주시,0,이륜차화물차,0,0,0,11,0,0
2019-12-16,1,0,1,1,0,0,0,울산,울주군,1,1,0,2,4,9,1,129.2016,35.5757,울산울주군,0,농기계없음,0,0,0,17,0,0
2019-12-16,1,0,1,1,0,0,0,서울,강서구,1,1,6,1,2,4,6,126.8706,37.5478,서울강서구,0,이륜차승합차,0,0,0,43,0,0
2019-12-16,0,0,1,1,0,0,0,서울,관악구,1,8,6,1,1,4,4,126.9562,37.4856,서울관악구,0,이륜차이륜차,0,0,0,188,0,0
2019-12-16,0,0,1,1,0,0,0,경남,양산시,1,8,0,1,1,0,4,129.0247,35.318,경남양산시,0,승용차이륜차,0,0,0,49,0,0
2019-12-16,0,0,1,1,0,0,0,경기,수원시,1,5,0,0,0,1,3,127.09,37.2904,경기수원시,0,화물차화물차,0,0,0,99,0,0
2019-12-17,0,1,1,1,0,0,0,서울,관악구,1,8,5,0,0,7,2,126.9388,37.4838,서울관악구,0,자전거승용차,0,0,0,188,0,0
2019-12-17,0,1,1,1,0,0,0,경기,남양주시,1,6,0,0,0,0,1,127.1053,37.7131,경기남양주시,0,승용차없음,0,0,0,70,0,0
2019-12-17,0,1,1,1,0,0,0,경기,안산시,1,8,6,1,1,7,2,126.7435,37.3267,경기안산시,0,자전거승용차,0,0,0,2,0,0
2019-12-17,0,1,1,1,0,0,0,충남,천안시,1,5,0,0,0,0,4,127.1393,36.8911,충남천안시,0,승용차이륜차,0,0,0,63,0,0
2019-12-18,0,2,1,1,0,0,0,부산,동래구,1,1,0,0,0,4,3,129.0802,35.214,부산동래구,0,이륜차화물차,0,0,0,216,0,0
2019-12-18,0,2,1,1,0,0,0,강원,강릉시,1,8,0,1,1,6,3,128.8971,37.7524,강원강릉시,0,원동기장치자전거화물차,0,0,0,194,0,0
2019-12-18,1,2,1,1,0,0,0,경기,수원시,1,5,0,1,1,4,2,127.0172,37.2776,경기수원시,0,이륜차승용차,0,0,0,99,0,0
2019-12-18,1,2,1,3,0,0,2,경기,이천시,1,5,0,0,0,1,3,127.4416,37.188,경기이천시,0,화물차화물차,0,0,0,41,0,0
2019-12-18,1,2,1,3,0,1,0,경기,평택시,1,9,5,0,0,1,3,126.9922,37.063,경기평택시,0,화물차화물차,0,0,0,14,0,0
2019-12-18,1,2,1,3,1,0,0,경남,하동군,1,8,5,1,2,0,2,127.7399,35.078,경남하동군,0,승용차승용차,0,0,0,172,0,0