발생년월일,주야,요일,사망자수,사상자수,중상자수,경상자수,부상신고자수,발생지시도,발생지시군구,사고유형_대분류,사고유형_중분류,법규위반,도로형태_대분류,도로형태,당사자종별_1당_대분류,당사자종별_2당_대분류,경도,위도,발생지,사고피해정도,사고차량타입,도시여부,주말/공휴일,인구수,발생지번호,보행자의위치,무단횡단여부
2019-12-18,1,2,1,1,0,0,0,인천,미추홀구,1,1,0,1,1,5,5,126.6322,37.4463,인천미추홀구,0,특수차자전거,0,0,0,123,0,0
2019-12-18,1,2,1,9,0,4,0,전남,목포시,1,8,6,1,1,2,2,126.4022,34.7933,전남목포시,1,승합차승용차,0,0,0,153,0,0
2019-12-18,0,2,1,13,1,5,0,부산,연제구,1,1,2,0,0,0,2,129.0909,35.1857,부산연제구,1,승용차승용차,0,0,0,221,0,0
2019-12-18,0,2,1,1,0,0,0,충남,서산시,1,5,0,0,0,1,9,126.364,36.7821,충남서산시,0,화물차건설기계,0,0,0,69,0,0
2019-12-19,0,3,1,1,0,0,0,전남,고흥군,1,11,0,0,0,6,1,127.2267,34.5585,전남고흥군,0,원동기장치자전거없음,0,0,0,191,0,0
2019-12-19,0,3,1,1,0,0,0,강원,원주시,1,8,0,1,1,0,3,127.9328,37.3637,강원원주시,0,승용차화물차,0,0,0,36,0,0
2019-12-19,0,3,1,3,0,1,0,대전,서구,1,8,6,1,1,4,6,127.385,36.3111,대전서구,0,이륜차승합차,0,0,0,4,0,0
2019-12-19,1,3,1,1,0,0,0,울산,울주군,1,11,0,0,0,0,1,129.3325,35.3889,울산울주군,0,승용차없음,0,0,0,17,0,0
2019-12-19,1,3,1,1,0,0,0,전남,장흥군,1,8,7,1,1,4,3,126.9318,34.4866,전남장흥군,0,이륜차화물차,0,0,0,56,0,0
2019-12-19,1,3,1,1,0,0,0,광주,북구,1,8,0,0,0,4,2,126.8964,35.1717,광주북구,0,이륜차승용차,0,0,0,137,0,0
2019-12-19,0,3,1,1,0,0,0,경북,경주시,1,1,6,1,1,0,2,129.1988,35.8371,경북경주시,0,승용차승용차,0,0,0,100,0,0
2019-12-20,0,4,1,1,0,0,0,충북,청주시,1,5,0,0,0,0,3,127.4261,36.7051,충북청주시,0,승용차화물차,0,0,0,83,0,0
2019-12-20,1,4,1,17,6,2,0,경남,양산시,1,5,2,0,0,0,3,129.0352,35.3311,경남양산시,2,승용차화물차,0,0,0,49,0,0
2019-12-20,0,4,1,1,0,0,0,경북,포항시,1,9,0,1,2,0,4,129.3395,36.0746,경북포항시,0,승용차이륜차,0,0,0,160,0,0
2019-12-20,0,4,1,1,0,0,0,충북,청주시,1,6,0,0,0,0,1,127.5557,36.7456,충북청주시,0,승용차없음,0,0,0,83,0,0
2019-12-20,0,4,1,1,0,0,0,충남,당진시,1,8,0,0,0,0,2,126.5987,36.8845,충남당진시,0,승용차승용차,0,0,0,46,0,0
2019-12-21,0,5,1,9,2,2,0,경남,거제시,1,1,5,0,0,0,2,128.6227,34.8755,경남거제시,1,승용차승용차,0,1,0,15,0,0
2019-12-21,0,5,1,1,0,0,0,경기,성남시,1,5,0,0,0,8,3,127.0413,37.3951,경기성남시,0,기타화물차,0,1,0,95,0,0
2019-12-21,1,5,1,1,0,0,0,경기,하남시,1,1,0,0,0,4,1,127.1649,37.5436,경기하남시,0,이륜차없음,0,1,0,67,0,0
2019-12-21,0,5,2,8,0,3,0,경기,시흥시,1,8,3,0,0,1,2,126.7767,37.4426,경기시흥시,1,화물차승용차,0,1,0,73,0,0
2019-12-21,0,5,1,8,1,2,1,인천,남동구,1,9,5,0,0,2,2,126.7372,37.436,인천남동구,1,승합차승용차,0,1,0,29,0,0
2019-12-21,0,5,1,1,0,0,0,경기,안양시,1,9,6,1,1,0,4,126.9527,37.3828,경기안양시,0,승용차이륜차,0,1,0,151,0,0
2019-12-22,1,6,1,1,0,0,0,경기,남양주시,1,1,0,0,0,0,1,127.2581,37.5398,경기남양주시,0,승용차없음,0,1,0,70,0,0
2019-12-22,1,6,1,1,0,0,0,경북,청도군,1,5,0,0,0,1,8,128.7706,35.5693,경북청도군,0,화물차농기계,0,1,0,3,0,0
2019-12-22,0,6,1,1,0,0,0,충북,충주시,1,6,0,0,0,1,1,127.9522,36.8868,충북충주시,0,화물차없음,0,1,0,6,0,0
2019-12-22,0,6,1,1,0,0,0,전북,군산시,1,6,0,0,0,1,1,126.8256,35.9335,전북군산시,0,화물차없음,0,1,0,166,0,0
2019-12-23,0,0,1,3,1,0,0,충남,보령시,1,5,0,0,0,1,11,126.5844,36.4932,충남보령시,0,화물차특수차,0,0,0,136,0,0
2019-12-23,1,0,1,35,7,10,0,전남,순천시,1,1,2,0,0,2,2,127.2658,34.9523,전남순천시,2,승합차승용차,0,0,0,27,0,0
2019-12-23,1,0,1,1,0,0,0,울산,북구,1,1,0,1,1,0,5,129.3565,35.5806,울산북구,0,승용차자전거,0,0,0,158,0,0
2019-12-23,1,0,1,1,0,0,0,강원,횡성군,1,1,0,1,1,1,7,127.9823,37.4955,강원횡성군,0,화물차원동기장치자전거,0,0,0,31,0,0
2019-12-23,0,0,1,3,0,1,0,대구,북구,1,5,0,0,0,0,3,128.5493,35.8971,대구북구,0,승용차화물차,0,0,0,112,0,0
2019-12-23,0,0,1,3,0,1,0,경기,화성시,1,9,5,0,0,0,2,127.0286,37.2004,경기화성시,0,승용차승용차,0,0,0,50,0,0
2019-12-24,1,1,1,1,0,0,0,충남,서천군,1,6,0,1,2,4,1,126.8223,36.0685,충남서천군,0,이륜차없음,0,0,0,10,0,0
2019-12-24,1,1,1,3,1,0,0,경북,경주시,1,8,0,1,2,0,6,129.2665,35.7995,경북경주시,0,승용차승합차,0,0,0,100,0,0
2019-12-24,1,1,1,1,0,0,0,충남,당진시,1,6,0,0,0,5,1,126.7504,36.8848,충남당진시,0,특수차없음,0,0,0,46,0,0
2019-12-24,0,1,1,1,0,0,0,경북,예천군,1,9,5,0,0,4,2,128.4241,36.6412,경북예천군,0,이륜차승용차,0,0,0,55,0,0
2019-12-24,0,1,1,1,0,0,0,경북,청도군,1,11,0,1,2,1,1,128.7638,35.5964,경북청도군,0,화물차없음,0,0,0,3,0,0
2019-12-25,1,2,1,1,0,0,0,인천,강화군,1,1,0,0,0,1,1,126.2365,37.7299,인천강화군,0,화물차없음,0,1,0,92,0,0
2019-12-25,1,2,1,3,1,0,0,경기,이천시,1,9,5,0,0,0,11,127.505,37.2798,경기이천시,0,승용차특수차,0,1,0,41,0,0
2019-12-25,0,2,1,5,1,1,0,경북,성주군,1,5,0,0,0,1,8,128.3266,35.837,경북성주군,0,화물차농기계,0,1,0,168,0,0
2019-12-25,0,2,1,1,0,0,0,충남,논산시,1,11,0,0,0,7,1,127.089,36.0976,충남논산시,0,자전거없음,0,1,0,61,0,0
2019-12-26,1,3,1,1,0,0,0,경남,진주시,1,12,0,0,0,4,1,128.0182,35.1343,경남진주시,0,이륜차없음,0,0,0,42,0,0
2019-12-26,1,3,1,1,0,0,0,경북,의성군,1,6,0,0,0,1,1,128.7795,36.3324,경북의성군,0,화물차없음,0,0,0,105,0,0
2019-12-26,1,3,2,2,0,0,0,전남,여수시,1,5,3,0,0,8,11,127.6381,34.8028,전남여수시,0,기타특수차,0,0,0,102,0,0
2019-12-26,1,3,1,1,0,0,0,서울,은평구,1,8,6,1,1,0,4,126.9195,37.6288,서울은평구,0,승용차이륜차,0,0,0,139,0,0
2019-12-27,1,4,1,1,0,0,0,경남,양산시,1,1,0,0,0,4,1,129.0551,35.3683,경남양산시,0,이륜차없음,0,0,0,49,0,0
2019-12-27,1,4,1,1,0,0,0,경북,칠곡군,1,8,5,0,0,4,9,128.3528,35.9833,경북칠곡군,0,이륜차건설기계,0,0,0,21,0,0
2019-12-27,1,4,1,3,0,1,0,경남,김해시,1,8,6,1,1,4,2,128.7514,35.2487,경남김해시,0,이륜차승용차,0,0,0,13,0,0
2019-12-27,1,4,1,1,0,0,0,경북,의성군,1,8,6,1,1,4,3,128.4648,36.3693,경북의성군,0,이륜차화물차,0,0,0,105,0,0
2019-12-27,0,4,1,3,1,0,0,강원,춘천시,1,8,6,1,1,1,4,127.7413,37.8901,강원춘천시,0,화물차이륜차,0,0,0,111,0,0
2019-12-27,0,4,1,1,0,0,0,경기,파주시,1,5,0,0,0,0,4,126.7411,37.824,경기파주시,0,승용차이륜차,0,0,0,175,0,0
2019-12-28,1,5,1,3,0,1,0,경북,구미시,1,5,0,1,2,1,3,128.3198,36.1347,경북구미시,0,화물차화물차,0,1,0,144,0,0
2019-12-28,1,5,1,1,0,0,0,경북,상주시,1,6,0,0,0,0,1,128.1824,36.4404,경북상주시,0,승용차없음,0,1,0,58,0,0
2019-12-28,1,5,2,2,0,0,0,울산,울주군,1,5,3,0,0,1,4,129.1518,35.6215,울산울주군,0,화물차이륜차,0,1,0,17,0,0
2019-12-28,1,5,1,1,0,0,0,경기,성남시,1,1,3,0,0,1,3,127.1205,37.4218,경기성남시,0,화물차화물차,0,1,0,95,0,0
2019-12-29,0,6,1,1,0,0,0,대구,중구,1,1,0,1,2,4,1,128.5923,35.8604,대구중구,0,이륜차없음,0,1,0,178,0,0
2019-12-29,1,6,1,1,0,0,0,충남,보령시,1,1,0,0,0,0,1,126.5376,36.3162,충남보령시,0,승용차없음,0,1,0,136,0,0
2019-12-29,1,6,1,1,0,0,0,충남,예산군,1,6,0,0,0,0,1,126.6954,36.691,충남예산군,0,승용차없음,0,1,0,187,0,0
2019-12-29,0,6,1,9,2,2,0,경북,경주시,1,8,2,0,0,0,2,129.2432,35.8396,경북경주시,1,승용차승용차,0,1,0,100,0,0
2019-12-30,1,0,1,1,0,0,0,충남,서산시,1,5,0,0,0,0,5,126.4503,36.7705,충남서산시,0,승용차자전거,0,0,0,69,0,0
2019-12-30,1,0,1,3,0,1,0,경기,수원시,1,1,5,1,1,0,2,127.0225,37.2604,경기수원시,0,승용차승용차,0,0,0,99,0,0
2019-12-30,1,0,1,1,0,0,0,충남,예산군,1,6,0,1,1,0,1,126.7056,36.7463,충남예산군,0,승용차없음,0,0,0,187,0,0
2019-12-30,0,0,1,1,0,0,0,전남,영광군,1,8,0,1,1,0,4,126.4951,35.2671,전남영광군,0,승용차이륜차,0,0,0,127,0,0
2019-12-30,0,0,1,1,0,0,0,강원,춘천시,1,11,0,0,0,1,1,127.6754,37.8998,강원춘천시,0,화물차없음,0,0,0,111,0,0
2019-12-31,0,1,1,1,0,0,0,서울,서초구,1,8,0,0,0,0,4,126.9836,37.5008,서울서초구,0,승용차이륜차,0,0,0,214,0,0
2019-12-31,1,1,1,3,0,1,0,강원,양양군,1,5,0,1,1,0,9,128.6161,38.0784,강원양양군,0,승용차건설기계,0,0,0,164,0,0
2019-12-31,1,1,1,2,0,0,1,경북,칠곡군,1,6,0,1,1,0,1,128.416,35.9884,경북칠곡군,0,승용차없음,0,0,0,21,0,0
2019-12-31,1,1,1,1,0,0,0,경남,창원시(통합),1,1,0,0,0,0,7,128.5819,35.2331,경남창원시(통합),0,승용차원동기장치자전거,0,0,0,86,0,0
2018-12-15,0,5,1,1,0,0,0,서울,성북구,1,6,0,0,0,4,1,127.0126,37.5917,서울성북구,0,이륜차없음,0,1,0,167,0,0
2018-08-23,1,3,1,1,0,0,0,서울,강북구,1,1,4,0,0,2,1,127.0242,37.6312,서울강북구,0,승합차없음,0,0,0,200,0,0
2018-06-17,1,6,1,1,0,0,0,서울,성동구,1,1,0,1,2,7,5,127.0326,37.5408,서울성동구,0,자전거자전거,0,1,0,84,0,0
2018-03-17,1,5,1,4,3,0,0,서울,강남구,1,5,0,0,0,0,11,127.0486,37.5294,서울강남구,1,승용차특수차,0,1,0,89,0,0
2018-07-19,0,3,1,1,0,0,0,서울,강남구,1,5,0,0,0,0,9,127.0358,37.5287,서울강남구,0,승용차건설기계,0,0,0,89,0,0
2018-08-22,0,2,1,1,0,0,0,서울,송파구,1,6,0,0,0,4,1,127.1195,37.5066,서울송파구,0,이륜차없음,0,0,0,156,0,0
2018-05-03,0,3,1,4,0,3,0,서울,서초구,1,5,0,0,0,1,3,127.0075,37.5161,서울서초구,1,화물차화물차,0,0,0,214,0,0
2018-05-17,0,3,1,1,0,0,0,서울,양천구,1,8,0,1,1,0,4,126.88,37.5422,서울양천구,0,승용차이륜차,0,0,0,140,0,0
2018-10-10,1,2,1,2,1,0,0,부산,영도구,1,6,0,1,2,4,1,129.0637,35.0956,부산영도구,0,이륜차없음,0,0,0,173,0,0
2018-04-17,0,1,1,2,0,1,0,부산,해운대구,1,6,2,0,0,0,1,129.1711,35.1815,부산해운대구,0,승용차없음,0,0,0,1,0,0
2018-02-15,0,3,1,2,0,1,0,부산,금정구,1,9,5,0,0,0,3,129.0914,35.2512,부산금정구,0,승용차화물차,0,1,0,96,0,0
2018-09-22,1,5,1,1,0,0,0,부산,강서구,1,8,0,1,1,2,4,128.895,35.1946,부산강서구,0,승합차이륜차,0,1,0,206,0,0
2018-08-31,0,4,1,1,0,0,0,부산,강서구,1,1,0,0,0,1,1,128.9661,35.1972,부산강서구,0,화물차없음,0,0,0,206,0,0
2018-07-08,0,6,1,1,0,0,0,부산,사상구,1,6,0,0,0,4,1,128.991,35.1634,부산사상구,0,이륜차없음,0,1,0,120,0,0
2018-07-21,0,5,1,2,0,0,1,부산,사상구,1,8,6,1,1,0,4,128.9649,35.1322,부산사상구,0,승용차이륜차,0,1,0,120,0,0
2018-09-14,0,4,1,1,0,0,0,부산,기장군,1,1,0,0,0,0,1,129.1782,35.334,부산기장군,0,승용차없음,0,0,0,85,0,0
2018-03-19,0,0,1,2,0,1,0,경남,김해시,1,8,0,0,0,0,2,128.853,35.3683,경남김해시,0,승용차승용차,0,0,0,13,0,0
2018-01-01,0,0,2,5,2,1,0,경남,양산시,1,5,0,0,0,0,2,129.047,35.3628,경남양산시,1,승용차승용차,0,1,0,49,0,0
2018-12-30,1,6,1,2,0,1,0,경기,평택시,1,8,6,1,1,4,6,127.1186,36.9962,경기평택시,0,이륜차승합차,0,1,0,14,0,0
2018-06-26,1,1,4,5,1,0,0,경기,안성시,1,1,2,1,1,0,2,127.1903,37.0068,경기안성시,1,승용차승용차,0,0,0,23,0,0
2018-01-28,0,6,1,1,0,0,0,경기,안성시,1,1,0,0,0,0,1,127.2378,37.0175,경기안성시,0,승용차없음,0,1,0,23,0,0
2018-08-25,1,5,1,1,0,0,0,경기,광주시,1,8,5,2,4,4,2,127.2249,37.4561,경기광주시,0,이륜차승용차,0,1,0,9,0,0
2018-04-14,1,5,1,1,0,0,0,경기,용인시,1,1,6,1,1,4,2,127.2496,37.3376,경기용인시,0,이륜차승용차,0,1,0,51,0,0
2018-06-23,0,5,2,2,0,0,0,경기,용인시,1,1,2,1,1,0,2,127.2568,37.2255,경기용인시,0,승용차승용차,0,1,0,51,0,0
2018-05-18,0,4,1,5,0,4,0,경기,용인시,1,9,5,1,2,1,2,127.3705,37.1692,경기용인시,1,화물차승용차,0,0,0,51,0,0
2018-05-22,1,1,1,1,0,0,0,경기,부천시,1,6,0,0,0,0,1,126.7481,37.5045,경기부천시,0,승용차없음,0,1,0,65,0,0
2018-02-05,1,0,1,1,0,0,0,경기,광명시,1,1,6,1,1,1,5,126.8731,37.4626,경기광명시,0,화물차자전거,0,0,0,81,0,0
2018-03-31,1,5,1,1,0,0,0,경기,광명시,1,8,3,0,0,7,2,126.85,37.4142,경기광명시,0,자전거승용차,0,1,0,81,0,0
2018-09-17,0,0,1,1,0,0,0,경기,군포시,1,1,6,1,2,4,2,126.9574,37.3497,경기군포시,0,이륜차승용차,0,0,0,126,0,0
2018-06-20,1,2,1,1,0,0,0,경기,성남시,1,1,0,2,4,4,2,127.1079,37.3774,경기성남시,0,이륜차승용차,0,0,0,95,0,0
2018-06-20,1,2,1,1,0,0,0,경기,시흥시,1,1,0,0,0,1,5,126.755,37.3473,경기시흥시,0,화물차자전거,0,0,0,73,0,0
2018-04-10,1,1,1,1,0,0,0,경기,수원시,1,8,3,0,0,7,3,126.9975,37.2583,경기수원시,0,자전거화물차,0,0,0,99,0,0
2018-04-22,1,6,1,10,3,2,4,경기,용인시,1,8,0,0,0,0,2,127.1036,37.286,경기용인시,2,승용차승용차,0,1,0,51,0,0
2018-07-20,1,4,1,4,1,2,0,서울,송파구,1,5,0,0,0,1,2,127.1416,37.4989,서울송파구,1,화물차승용차,0,0,0,156,0,0
2018-05-12,0,5,1,2,1,0,0,경기,안성시,1,8,3,0,0,0,6,127.161,36.9815,경기안성시,0,승용차승합차,0,1,0,23,0,0
2018-07-23,1,0,1,4,1,2,0,경기,평택시,1,1,0,0,0,5,2,126.871,36.9741,경기평택시,1,특수차승용차,0,0,0,14,0,0
2018-05-25,1,4,1,1,0,0,0,경기,화성시,1,5,0,0,0,1,3,126.8926,37.1523,경기화성시,0,화물차화물차,0,0,0,50,0,0
2018-10-02,0,1,1,2,0,1,0,경기,화성시,1,5,0,0,0,0,9,126.8055,37.2856,경기화성시,0,승용차건설기계,0,0,0,50,0,0
2018-09-22,1,5,1,1,0,0,0,경기,부천시,1,1,0,1,3,2,5,126.8216,37.535,경기부천시,0,승합차자전거,0,1,0,65,0,0
2018-08-11,1,5,1,2,0,1,0,강원,춘천시,1,12,0,0,0,4,1,127.5552,37.7681,강원춘천시,0,이륜차없음,0,1,0,111,0,0
2018-01-02,1,1,1,1,0,0,0,강원,속초시,1,8,10,2,4,0,4,128.589,38.2052,강원속초시,0,승용차이륜차,0,0,0,104,0,0
2018-09-19,1,2,1,2,0,1,0,강원,양양군,1,6,0,2,4,9,1,128.644,38.038,강원양양군,0,농기계없음,0,0,0,164,0,0
2018-11-05,1,0,1,2,0,1,0,강원,홍천군,1,1,5,0,0,0,2,127.9734,37.6733,강원홍천군,0,승용차승용차,0,0,0,82,0,0
2018-03-31,1,5,2,2,0,0,0,강원,홍천군,1,6,0,0,0,0,1,128.1559,37.7256,강원홍천군,0,승용차없음,0,1,0,82,0,0
2018-07-15,0,6,1,1,0,0,0,강원,평창군,1,11,0,0,0,8,1,128.4542,37.5257,강원평창군,0,기타없음,0,1,0,24,0,0
2018-10-14,1,6,1,1,0,0,0,강원,횡성군,1,11,0,0,0,8,1,128.0989,37.5016,강원횡성군,0,기타없음,0,1,0,31,0,0
2018-10-06,0,5,2,4,2,0,0,강원,횡성군,1,1,0,1,1,0,3,127.9717,37.4994,강원횡성군,1,승용차화물차,0,1,0,31,0,0
2018-04-06,1,4,1,1,0,0,0,강원,횡성군,1,6,0,0,0,4,1,128.0257,37.5348,강원횡성군,0,이륜차없음,0,0,0,31,0,0
2018-07-08,1,6,1,1,0,0,0,강원,인제군,1,8,6,1,1,0,4,128.0625,37.937,강원인제군,0,승용차이륜차,0,1,0,124,0,0
2018-08-04,0,5,1,1,0,0,0,강원,인제군,1,8,2,0,0,0,5,128.3429,38.1977,강원인제군,0,승용차자전거,0,1,0,124,0,0
2018-09-18,1,1,1,1,0,0,0,강원,고성군,1,1,6,1,1,3,4,128.5515,38.2597,강원고성군,0,건설기계이륜차,0,0,0,217,0,0
2018-07-20,0,4,1,1,0,0,0,강원,고성군,1,1,0,2,4,4,1,128.4348,38.3792,강원고성군,0,이륜차없음,0,0,0,217,0,0
2018-05-04,0,4,1,1,0,0,0,강원,철원군,1,6,2,0,0,0,1,127.4102,38.2461,강원철원군,0,승용차없음,0,0,0,184,0,0
2018-11-06,1,1,1,1,0,0,0,강원,동해시,1,6,0,0,0,4,1,129.1032,37.4834,강원동해시,0,이륜차없음,0,0,0,210,0,0
2018-02-21,1,2,1,1,0,0,0,강원,동해시,1,8,0,0,0,0,4,129.1031,37.545,강원동해시,0,승용차이륜차,0,0,0,210,0,0
2018-06-29,0,4,1,2,0,1,0,강원,춘천시,1,5,0,2,4,1,3,127.6377,37.7396,강원춘천시,0,화물차화물차,0,0,0,111,0,0
2018-01-30,0,1,1,3,1,1,0,충북,청주시,1,5,0,1,2,0,2,127.5156,36.6914,충북청주시,0,승용차승용차,0,0,0,83,0,0
2018-07-07,0,5,1,1,0,0,0,충북,청주시,1,1,0,1,2,4,3,127.491,36.6496,충북청주시,0,이륜차화물차,0,1,0,83,0,0
2018-05-23,1,2,1,1,0,0,0,충북,충주시,1,6,0,0,0,1,1,127.9252,36.9591,충북충주시,0,화물차없음,0,0,0,6,0,0
2018-09-13,1,3,1,1,0,0,0,충북,제천시,1,12,0,0,0,7,1,128.2056,37.1848,충북제천시,0,자전거없음,0,0,0,103,0,0
2018-02-18,0,6,2,2,0,0,0,충북,제천시,1,6,0,0,0,0,1,128.2861,37.1851,충북제천시,0,승용차없음,0,1,0,103,0,0
2018-07-26,1,3,1,2,0,1,0,충북,제천시,1,8,6,1,1,0,3,128.1866,37.0725,충북제천시,0,승용차화물차,0,0,0,103,0,0
2018-03-29,1,3,1,2,1,0,0,충북,음성군,1,8,0,1,2,0,3,127.6495,37.1179,충북음성군,0,승용차화물차,0,0,0,110,0,0
2018-06-11,1,0,1,6,0,5,0,충북,음성군,1,8,0,0,0,1,6,127.6401,37.1045,충북음성군,1,화물차승합차,0,0,0,110,0,0
2018-01-17,1,2,1,1,0,0,0,충북,음성군,1,8,7,1,1,1,7,127.6887,36.9412,충북음성군,0,화물차원동기장치자전거,0,0,0,110,0,0
2018-08-15,1,2,1,1,0,0,0,충북,진천군,1,12,0,0,0,8,1,127.4601,36.9135,충북진천군,0,기타없음,0,1,0,60,0,0
2018-05-03,1,3,1,1,0,0,0,충북,진천군,1,1,8,1,1,0,4,127.4372,36.949,충북진천군,0,승용차이륜차,0,0,0,60,0,0
2018-05-19,1,5,1,1,0,0,0,충북,청주시,1,1,0,0,0,9,1,127.4127,36.5139,충북청주시,0,농기계없음,0,1,0,83,0,0
2018-02-14,0,2,1,1,0,0,0,충북,청주시,1,1,0,2,4,0,1,127.4283,36.4565,충북청주시,0,승용차없음,0,0,0,83,0,0
2018-09-09,0,6,1,1,0,0,0,충북,청주시,1,12,0,0,0,9,1,127.4083,36.5965,충북청주시,0,농기계없음,0,1,0,83,0,0
2018-03-06,0,1,1,2,0,1,0,충북,청주시,1,5,3,0,0,5,3,127.4799,36.7554,충북청주시,0,특수차화물차,0,0,0,83,0,0
2018-07-19,1,3,1,1,0,0,0,충남,서산시,1,6,0,0,0,1,1,126.4287,36.8192,충남서산시,0,화물차없음,0,0,0,69,0,0
2018-05-28,1,0,1,1,0,0,0,충남,천안시,1,8,0,0,0,0,5,127.1346,36.8938,충남천안시,0,승용차자전거,0,0,0,63,0,0
2018-08-25,0,5,1,1,0,0,0,충남,논산시,1,1,5,0,0,7,2,127.1054,36.2101,충남논산시,0,자전거승용차,0,1,0,61,0,0
2018-12-17,1,0,1,5,1,3,0,충남,홍성군,1,5,0,0,0,3,2,126.567,36.601,충남홍성군,1,건설기계승용차,0,0,0,38,0,0
2018-03-06,0,1,1,2,0,1,0,충남,홍성군,1,5,0,1,2,1,6,126.6245,36.5258,충남홍성군,0,화물차승합차,0,0,0,38,0,0
2018-08-16,1,3,1,1,0,0,0,충남,홍성군,1,5,0,0,0,1,12,126.623,36.5174,충남홍성군,0,화물차기타,0,0,0,38,0,0
2018-10-07,0,6,1,2,1,0,0,충남,아산시,1,6,0,2,4,0,1,127.0434,36.804,충남아산시,0,승용차없음,0,1,0,53,0,0
2018-10-18,1,3,1,2,1,0,0,충남,서천군,1,11,0,0,0,6,1,126.5714,36.1479,충남서천군,0,원동기장치자전거없음,0,0,0,10,0,0
2018-11-14,0,2,1,1,0,0,0,충남,공주시,1,8,0,0,0,7,2,127.1382,36.4644,충남공주시,0,자전거승용차,0,0,0,19,0,0
2018-11-19,1,0,1,1,0,0,0,충남,공주시,1,6,0,0,0,0,1,126.9401,36.5608,충남공주시,0,승용차없음,0,0,0,19,0,0
2018-09-02,0,6,1,3,0,2,0,충남,공주시,1,9,5,0,0,4,2,127.1144,36.6143,충남공주시,0,이륜차승용차,0,1,0,19,0,0
2018-05-03,0,3,1,1,0,0,0,세종,세종,1,8,6,1,1,7,2,127.2565,36.4911,세종세종,0,자전거승용차,1,0,0,229,0,0
2018-06-22,1,4,1,1,0,0,0,세종,세종,1,8,0,0,0,1,5,127.3049,36.6032,세종세종,0,화물차자전거,1,0,0,229,0,0
2018-10-20,0,5,1,1,0,0,0,충남,예산군,1,1,0,0,0,4,1,126.8778,36.6261,충남예산군,0,이륜차없음,0,1,0,187,0,0
2018-05-05,0,5,1,1,0,0,0,충남,예산군,1,11,0,0,0,0,1,126.6447,36.7044,충남예산군,0,승용차없음,0,1,0,187,0,0
2018-12-03,0,0,1,1,0,0,0,충남,부여군,1,6,0,0,0,1,1,126.8158,36.2528,충남부여군,0,화물차없음,0,0,0,129,0,0
2018-10-02,0,1,1,1,0,0,0,충남,부여군,1,11,0,0,0,8,1,126.7709,36.2568,충남부여군,0,기타없음,0,0,0,129,0,0
2018-03-17,0,5,1,1,0,0,0,충남,당진시,1,5,0,0,0,0,11,126.7509,36.8234,충남당진시,0,승용차특수차,0,1,0,46,0,0
2018-05-07,0,0,1,1,0,0,0,충남,당진시,1,8,9,0,0,6,3,126.6075,36.8897,충남당진시,0,원동기장치자전거화물차,0,1,0,46,0,0
2018-02-22,0,3,1,1,0,0,0,충남,당진시,1,9,5,0,0,0,11,126.7442,36.8,충남당진시,0,승용차특수차,0,0,0,46,0,0
2018-08-06,1,0,1,1,0,0,0,충남,당진시,1,11,0,2,4,8,1,126.7134,36.8885,충남당진시,0,기타없음,0,0,0,46,0,0
2018-08-18,1,5,1,2,0,1,0,충남,당진시,1,9,0,0,0,0,2,126.763,36.9027,충남당진시,0,승용차승용차,0,1,0,46,0,0
2018-12-01,1,5,1,1,0,0,0,충남,당진시,1,8,0,0,0,1,3,126.6835,36.8587,충남당진시,0,화물차화물차,0,1,0,46,0,0
2018-11-23,0,4,1,1,0,0,0,충남,청양군,1,8,0,1,1,0,5,126.8029,36.4509,충남청양군,0,승용차자전거,0,0,0,174,0,0
2018-04-02,1,0,1,1,0,0,0,충남,태안군,1,1,0,0,0,1,1,126.3165,36.7452,충남태안군,0,화물차없음,0,0,0,169,0,0
2018-07-23,0,0,1,4,3,0,0,대전,서구,1,6,2,2,4,0,1,127.3279,36.2918,대전서구,1,승용차없음,0,0,0,4,0,0
2018-10-23,0,1,1,15,6,8,0,충남,논산시,1,1,0,0,0,2,3,127.0522,36.1756,충남논산시,2,승합차화물차,0,0,0,61,0,0
2018-02-22,0,3,3,8,2,3,0,충북,청주시,1,5,0,0,0,0,11,127.4267,36.5874,충북청주시,2,승용차특수차,0,0,0,83,0,0
2018-11-24,1,5,1,1,0,0,0,전북,전주시,1,1,6,1,1,0,4,127.099,35.8018,전북전주시,0,승용차이륜차,0,1,0,11,0,0
2018-07-31,1,1,1,8,1,6,0,전북,전주시,1,9,5,0,0,0,2,127.1139,35.8237,전북전주시,1,승용차승용차,0,0,0,11,0,0
2018-05-22,1,1,1,1,0,0,0,전북,군산시,1,1,0,0,0,0,4,126.7427,35.9824,전북군산시,0,승용차이륜차,0,1,0,166,0,0
2018-10-10,0,2,1,1,0,0,0,전북,군산시,1,6,0,0,0,1,1,126.5265,35.7305,전북군산시,0,화물차없음,0,0,0,166,0,0
2018-06-15,0,4,1,1,0,0,0,전북,군산시,1,6,0,1,2,6,1,126.5363,35.943,전북군산시,0,원동기장치자전거없음,0,0,0,166,0,0
2018-02-01,0,3,1,1,0,0,0,전북,군산시,1,6,5,0,0,0,1,126.8169,35.9416,전북군산시,0,승용차없음,0,0,0,166,0,0
2018-07-10,0,1,1,1,0,0,0,전북,익산시,1,6,0,0,0,0,1,127.0008,35.9606,전북익산시,0,승용차없음,0,0,0,125,0,0