발생년월일,주야,요일,사망자수,사상자수,중상자수,경상자수,부상신고자수,발생지시도,발생지시군구,사고유형_대분류,사고유형_중분류,법규위반,도로형태_대분류,도로형태,당사자종별_1당_대분류,당사자종별_2당_대분류,경도,위도,발생지,사고피해정도,사고차량타입,도시여부,주말/공휴일,인구수,발생지번호,보행자의위치,무단횡단여부
2018-02-03,0,5,2,2,0,0,0,전북,정읍시,1,6,0,0,0,0,1,126.8497,35.5787,전북정읍시,0,승용차없음,0,1,0,12,0,0
2018-09-14,1,4,1,2,0,1,0,전북,정읍시,1,6,0,0,0,1,1,126.9207,35.7077,전북정읍시,0,화물차없음,0,0,0,12,0,0
2018-09-29,0,5,1,1,0,0,0,전북,김제시,1,8,8,1,1,7,2,126.8818,35.805,전북김제시,0,자전거승용차,0,1,0,34,0,0
2018-11-25,1,6,1,1,0,0,0,전북,남원시,1,6,0,0,0,0,1,127.5143,35.4464,전북남원시,0,승용차없음,0,1,0,193,0,0
2018-04-30,1,0,1,1,0,0,0,전북,남원시,1,1,0,0,0,1,1,127.2398,35.3284,전북남원시,0,화물차없음,0,0,0,193,0,0
2018-01-28,0,6,1,1,0,0,0,전북,남원시,1,5,0,0,0,0,11,127.372,35.4043,전북남원시,0,승용차특수차,0,1,0,193,0,0
2018-04-11,1,2,1,1,0,0,0,전북,고창군,1,8,0,1,3,0,5,126.6082,35.4782,전북고창군,0,승용차자전거,0,0,0,219,0,0
2018-04-22,1,6,1,1,0,0,0,전북,고창군,1,6,0,0,0,1,1,126.7073,35.5177,전북고창군,0,화물차없음,0,1,0,219,0,0
2018-09-14,1,4,1,2,0,1,0,전북,진안군,1,5,0,0,0,0,2,127.347,35.7933,전북진안군,0,승용차승용차,0,0,0,192,0,0
2018-01-01,0,0,1,1,0,0,0,전북,완주군,1,11,0,0,0,7,1,127.1486,35.9402,전북완주군,0,자전거없음,0,1,0,28,0,0
2018-05-05,1,5,1,1,0,0,0,전북,완주군,1,8,5,0,0,1,4,127.1197,35.7096,전북완주군,0,화물차이륜차,0,1,0,28,0,0
2018-06-12,1,1,1,1,0,0,0,전북,무주군,1,5,0,0,0,1,3,127.6464,35.8456,전북무주군,0,화물차화물차,0,0,0,182,0,0
2018-07-18,0,2,1,5,3,1,0,충남,서천군,1,1,0,0,0,0,1,126.6739,36.101,충남서천군,1,승용차없음,0,0,0,10,0,0
2018-03-15,0,3,1,2,0,1,0,충남,당진시,1,5,2,0,0,0,3,126.7758,36.932,충남당진시,0,승용차화물차,0,0,0,46,0,0
2018-03-07,0,2,1,3,1,1,0,전남,신안군,1,1,7,1,1,0,2,125.9362,34.7128,전남신안군,0,승용차승용차,0,0,0,132,0,0
2018-04-16,1,0,1,1,0,0,0,전남,순천시,1,5,0,0,0,2,8,127.4304,35.1789,전남순천시,0,승합차농기계,0,0,0,27,0,0
2018-10-31,1,2,1,2,0,1,0,전남,순천시,1,1,2,0,0,0,3,127.5367,34.9692,전남순천시,0,승용차화물차,0,0,0,27,0,0
2018-09-07,0,4,1,3,2,0,0,전남,장흥군,1,9,5,0,0,0,3,126.8272,34.7521,전남장흥군,1,승용차화물차,0,0,0,56,0,0
2018-08-22,1,2,1,1,0,0,0,전남,고흥군,1,1,0,0,0,8,2,127.1808,34.6024,전남고흥군,0,기타승용차,0,0,0,191,0,0
2018-09-30,0,6,1,1,0,0,0,전남,고흥군,1,6,0,0,0,0,1,127.3306,34.7782,전남고흥군,0,승용차없음,0,1,0,191,0,0
2018-07-28,1,5,1,1,0,0,0,전남,보성군,1,5,0,1,1,4,3,127.1645,34.765,전남보성군,0,이륜차화물차,0,1,0,122,0,0
2018-12-06,0,3,1,1,0,0,0,전남,영광군,1,5,0,0,0,0,3,126.5214,35.2453,전남영광군,0,승용차화물차,0,0,0,127,0,0
2018-09-21,1,4,1,2,0,1,0,전남,영광군,1,8,0,0,0,0,2,126.531,35.2397,전남영광군,0,승용차승용차,0,0,0,127,0,0
2018-04-01,1,6,1,1,0,0,0,전남,영광군,1,11,0,0,0,0,1,126.5358,35.2777,전남영광군,0,승용차없음,0,1,0,127,0,0
2018-07-01,1,6,1,1,0,0,0,전남,영광군,1,1,0,0,0,9,1,126.587,35.2983,전남영광군,0,농기계없음,0,1,0,127,0,0
2018-06-28,1,3,1,1,0,0,0,전남,화순군,1,12,0,0,0,4,1,126.915,34.9946,전남화순군,0,이륜차없음,0,0,0,88,0,0
2018-11-03,0,5,1,1,0,0,0,전남,영암군,1,11,0,1,1,9,1,126.7754,34.8475,전남영암군,0,농기계없음,0,1,0,16,0,0
2018-01-10,1,2,1,2,1,0,0,전남,영암군,1,6,0,0,0,0,1,126.3903,34.7562,전남영암군,0,승용차없음,0,0,0,16,0,0
2018-03-19,0,0,1,1,0,0,0,전남,장성군,1,6,0,1,1,0,1,126.9124,35.393,전남장성군,0,승용차없음,0,0,0,146,0,0
2018-01-29,1,0,1,1,0,0,0,전남,장성군,1,9,0,0,0,1,5,126.7644,35.3183,전남장성군,0,화물차자전거,0,0,0,146,0,0
2018-06-01,0,4,1,1,0,0,0,전남,담양군,1,1,0,0,0,0,1,127.0476,35.3508,전남담양군,0,승용차없음,0,0,0,181,0,0
2018-09-20,1,3,1,1,0,0,0,전남,담양군,1,5,0,1,2,0,4,126.8875,35.2601,전남담양군,0,승용차이륜차,0,0,0,181,0,0
2018-03-25,1,6,1,2,0,1,0,전남,무안군,1,1,0,2,4,1,4,126.3771,35.008,전남무안군,0,화물차이륜차,0,1,0,101,0,0
2018-05-25,1,4,1,1,0,0,0,전남,무안군,1,8,0,1,2,1,12,126.43,34.9095,전남무안군,0,화물차기타,0,0,0,101,0,0
2018-10-02,0,1,1,1,0,0,0,전남,무안군,1,6,0,0,0,1,1,126.4913,35.0019,전남무안군,0,화물차없음,0,0,0,101,0,0
2018-02-12,1,0,1,1,0,0,0,전북,익산시,1,8,0,0,0,1,2,127.1031,36.0261,전북익산시,0,화물차승용차,0,0,0,125,0,0
2018-12-18,0,1,1,1,0,0,0,경북,경주시,1,12,0,0,0,1,1,129.3155,35.7236,경북경주시,0,화물차없음,0,0,0,100,0,0
2018-05-25,0,4,1,1,0,0,0,경북,경주시,1,8,5,0,0,8,2,129.2469,35.9647,경북경주시,0,기타승용차,0,0,0,100,0,0
2018-08-09,0,3,1,1,0,0,0,경북,포항시,1,6,0,0,0,4,1,129.3597,36.0381,경북포항시,0,이륜차없음,0,0,0,160,0,0
2018-01-22,0,0,1,1,0,0,0,경북,안동시,1,9,0,1,1,1,4,128.7027,36.5459,경북안동시,0,화물차이륜차,0,0,0,66,0,0
2018-05-05,1,5,1,1,0,0,0,경북,안동시,1,6,0,0,0,4,1,128.5853,36.5719,경북안동시,0,이륜차없음,0,1,0,66,0,0
2018-12-27,1,3,1,1,0,0,0,경북,안동시,1,11,4,0,0,0,1,128.8028,36.7066,경북안동시,0,승용차없음,0,0,0,66,0,0
2018-12-11,0,1,1,1,0,0,0,경북,안동시,1,11,0,0,0,0,1,128.9967,36.5967,경북안동시,0,승용차없음,0,0,0,66,0,0
2018-02-09,1,4,1,1,0,0,0,경북,의성군,1,11,0,1,2,8,1,128.6923,36.3592,경북의성군,0,기타없음,0,0,0,105,0,0
2018-07-14,1,5,1,1,0,0,0,경북,의성군,1,8,0,0,0,1,5,128.8338,36.387,경북의성군,0,화물차자전거,0,1,0,105,0,0
2018-07-21,1,5,1,3,2,0,0,경북,영주시,1,9,5,0,0,1,2,128.5233,36.8946,경북영주시,1,화물차승용차,0,1,0,113,0,0
2018-07-23,1,0,1,1,0,0,0,경북,칠곡군,1,6,0,0,0,0,1,128.5589,36.108,경북칠곡군,0,승용차없음,0,0,0,21,0,0
2018-08-10,1,4,1,1,0,0,0,경북,칠곡군,1,6,0,1,2,0,1,128.3956,35.9675,경북칠곡군,0,승용차없음,0,0,0,21,0,0
2018-11-23,1,4,1,1,0,0,0,경북,영천시,1,6,0,0,0,5,1,128.9126,35.9745,경북영천시,0,특수차없음,0,0,0,5,0,0
2018-11-14,0,2,1,1,0,0,0,경북,영천시,1,6,5,0,0,0,1,128.871,35.8762,경북영천시,0,승용차없음,0,0,0,5,0,0
2018-08-18,1,5,1,1,0,0,0,경북,영천시,1,1,0,0,0,4,1,128.745,36.0904,경북영천시,0,이륜차없음,0,1,0,5,0,0
2018-05-15,0,1,1,1,0,0,0,경북,경산시,1,5,0,0,0,0,5,128.7214,35.7865,경북경산시,0,승용차자전거,0,0,0,52,0,0
2018-01-08,1,0,1,2,1,0,0,경북,경산시,1,5,0,0,0,0,3,128.7338,35.7603,경북경산시,0,승용차화물차,0,0,0,52,0,0
2018-03-29,0,3,1,1,0,0,0,경북,경산시,1,12,0,0,0,4,1,128.743,35.8074,경북경산시,0,이륜차없음,0,0,0,52,0,0
2018-02-04,0,6,1,1,0,0,0,경북,경산시,1,1,0,1,1,0,1,128.8045,35.7993,경북경산시,0,승용차없음,0,1,0,52,0,0
2018-05-10,0,3,1,1,0,0,0,경북,예천군,1,8,0,1,1,1,4,128.4525,36.6515,경북예천군,0,화물차이륜차,0,0,0,55,0,0
2018-03-13,1,1,1,1,0,0,0,경북,청도군,1,12,0,2,4,8,1,128.9113,35.7136,경북청도군,0,기타없음,0,0,0,3,0,0
2018-07-27,0,4,1,1,0,0,0,경북,성주군,1,6,0,0,0,0,1,128.3084,35.9364,경북성주군,0,승용차없음,0,0,0,168,0,0
2018-09-01,1,5,1,1,0,0,0,경북,성주군,1,6,0,0,0,1,1,128.3149,35.8699,경북성주군,0,화물차없음,0,1,0,168,0,0
2018-03-01,1,3,1,1,0,0,0,경북,울진군,1,12,0,0,0,4,1,129.3728,37.0151,경북울진군,0,이륜차없음,0,1,0,208,0,0
2018-06-01,1,4,1,1,0,0,0,경북,군위군,1,6,0,0,0,4,1,128.749,36.1617,경북군위군,0,이륜차없음,0,0,0,170,0,0
2018-10-27,0,5,1,3,0,2,0,경북,구미시,1,8,6,1,1,4,2,128.4257,36.0996,경북구미시,0,이륜차승용차,0,1,0,144,0,0
2018-08-17,1,4,1,1,0,0,0,경북,구미시,1,1,0,0,0,0,5,128.3115,36.1374,경북구미시,0,승용차자전거,0,0,0,144,0,0
2018-08-07,1,1,1,3,2,0,0,경북,구미시,1,5,0,0,0,1,9,128.4283,36.1649,경북구미시,1,화물차건설기계,0,0,0,144,0,0
2018-05-08,1,1,1,1,0,0,0,경북,포항시,1,8,0,1,1,1,5,129.3658,35.9992,경북포항시,0,화물차자전거,0,0,0,160,0,0
2018-11-17,0,5,1,1,0,0,0,경북,포항시,1,1,0,0,0,4,2,129.305,36.0077,경북포항시,0,이륜차승용차,0,1,0,160,0,0
2018-03-02,1,4,1,1,0,0,0,경북,포항시,1,1,6,1,1,4,2,129.3448,36.0041,경북포항시,0,이륜차승용차,0,0,0,160,0,0
2018-09-11,1,1,1,2,1,0,0,경북,문경시,1,5,3,0,0,1,11,128.1281,36.669,경북문경시,0,화물차특수차,0,0,0,74,0,0
2018-10-10,0,2,2,3,1,0,0,경북,김천시,1,1,0,0,0,1,3,128.2611,36.186,경북김천시,1,화물차화물차,0,0,0,76,0,0
2018-06-11,1,0,1,3,1,1,0,경북,칠곡군,1,8,0,0,0,5,2,128.4305,36.0169,경북칠곡군,0,특수차승용차,0,0,0,21,0,0
2018-07-23,1,0,1,1,0,0,0,경북,성주군,1,6,0,0,0,1,1,128.2533,35.9167,경북성주군,0,화물차없음,0,0,0,168,0,0
2018-06-11,0,0,1,4,2,1,0,대구,동구,1,6,0,0,0,2,1,128.6863,35.8647,대구동구,1,승합차없음,0,0,0,26,0,0
2018-06-27,0,2,1,2,1,0,0,경북,고령군,1,5,0,0,0,1,3,128.3686,35.7701,경북고령군,0,화물차화물차,0,0,0,220,0,0
2018-10-29,1,0,1,1,0,0,0,경북,고령군,1,6,0,0,0,1,1,128.415,35.7056,경북고령군,0,화물차없음,0,0,0,220,0,0
2018-05-10,1,3,1,1,0,0,0,경남,창원시(통합),1,6,0,0,0,0,1,128.5377,35.1467,경남창원시(통합),0,승용차없음,0,0,0,86,0,0
2018-07-31,1,1,1,1,0,0,0,경남,진주시,1,6,0,0,0,1,1,128.0106,35.2314,경남진주시,0,화물차없음,0,0,0,42,0,0
2018-08-12,0,6,1,1,0,0,0,경남,진주시,1,6,0,0,0,0,1,128.1586,35.1637,경남진주시,0,승용차없음,0,1,0,42,0,0
2018-11-26,0,0,1,1,0,0,0,경남,사천시,1,1,0,0,0,0,1,128.0616,34.9697,경남사천시,0,승용차없음,0,0,0,57,0,0
2018-02-01,0,3,1,1,0,0,0,경남,사천시,1,6,0,1,1,2,1,128.0848,35.0723,경남사천시,0,승합차없음,0,0,0,57,0,0
2018-09-04,0,1,1,3,2,0,0,경남,밀양시,1,5,0,0,0,0,2,128.7598,35.4387,경남밀양시,1,승용차승용차,0,0,0,177,0,0
2018-07-30,1,0,1,1,0,0,0,경남,밀양시,1,8,5,0,0,4,9,128.6715,35.4035,경남밀양시,0,이륜차건설기계,0,0,0,177,0,0
2018-06-29,1,4,1,1,0,0,0,경남,밀양시,1,1,0,1,1,1,2,128.8371,35.3963,경남밀양시,0,화물차승용차,0,0,0,177,0,0
2018-08-07,1,1,1,1,0,0,0,경남,밀양시,1,6,0,0,0,0,1,128.6934,35.3972,경남밀양시,0,승용차없음,0,0,0,177,0,0
2018-02-16,1,4,1,3,1,1,0,경남,김해시,1,6,0,0,0,0,1,128.8941,35.302,경남김해시,0,승용차없음,0,1,0,13,0,0
2018-05-12,1,5,1,2,0,1,0,경남,거창군,1,9,0,0,0,1,3,127.9061,35.7703,경남거창군,0,화물차화물차,0,1,0,154,0,0
2018-02-12,0,0,1,1,0,0,0,경남,함양군,1,11,0,0,0,1,1,127.7694,35.5558,경남함양군,0,화물차없음,0,0,0,108,0,0
2018-10-14,0,6,1,8,2,5,0,경남,함양군,1,5,0,0,0,1,2,127.7811,35.5442,경남함양군,2,화물차승용차,0,1,0,108,0,0
2018-12-24,1,0,1,1,0,0,0,경남,양산시,1,8,0,1,1,0,5,129.1874,35.428,경남양산시,0,승용차자전거,0,0,0,49,0,0
2018-09-30,1,6,1,1,0,0,0,경남,고성군,1,8,3,0,0,7,3,128.3354,34.9737,경남고성군,0,자전거화물차,0,1,0,87,0,0
2018-08-15,0,2,1,1,0,0,0,경남,하동군,1,11,0,1,1,1,1,127.792,34.9418,경남하동군,0,화물차없음,0,1,0,172,0,0
2018-07-09,0,0,1,1,0,0,0,경남,거제시,1,6,0,0,0,0,1,128.5301,34.9166,경남거제시,0,승용차없음,0,0,0,15,0,0
2018-01-22,0,0,1,1,0,0,0,경남,함안군,1,5,0,0,0,0,8,128.3356,35.27,경남함안군,0,승용차농기계,0,0,0,117,0,0
2018-01-31,0,2,1,1,0,0,0,경남,함안군,1,1,0,0,0,0,1,128.4514,35.2017,경남함안군,0,승용차없음,0,0,0,117,0,0
2018-02-16,1,4,1,1,0,0,0,경남,함안군,1,12,0,0,0,4,1,128.4458,35.2057,경남함안군,0,이륜차없음,0,1,0,117,0,0
2018-12-25,0,1,1,1,0,0,0,경남,창원시(통합),1,11,0,2,4,8,1,128.6744,35.3313,경남창원시(통합),0,기타없음,0,1,0,86,0,0
2018-11-24,0,5,1,1,0,0,0,경남,함양군,1,5,0,0,0,0,3,127.7851,35.5434,경남함양군,0,승용차화물차,0,1,0,108,0,0
2018-11-11,0,6,1,1,0,0,0,제주,제주시,1,6,0,0,0,0,1,126.8341,33.5336,제주제주시,0,승용차없음,0,1,0,90,0,0
2018-06-17,1,6,1,1,0,0,0,제주,서귀포시,1,8,5,0,0,0,2,126.6104,33.3362,제주서귀포시,0,승용차승용차,0,1,0,62,0,0
2018-11-23,1,4,1,3,2,0,0,제주,서귀포시,1,1,0,0,0,1,2,126.3501,33.3195,제주서귀포시,1,화물차승용차,0,0,0,62,0,0
2018-12-05,1,2,1,1,0,0,0,제주,제주시,1,1,0,1,1,0,3,126.2261,33.3785,제주제주시,0,승용차화물차,0,0,0,90,0,0
2018-01-02,1,1,1,1,0,0,0,제주,제주시,1,6,0,0,0,0,1,126.2842,33.3569,제주제주시,0,승용차없음,0,0,0,90,0,0
2018-09-05,0,2,1,1,0,0,0,대구,동구,1,5,0,0,0,0,4,128.6479,35.8778,대구동구,0,승용차이륜차,0,0,0,26,0,0
2018-04-01,0,6,1,1,0,0,0,대구,수성구,1,6,0,0,0,4,1,128.6789,35.8569,대구수성구,0,이륜차없음,0,1,0,37,0,0
2018-03-04,1,6,1,1,0,0,0,대구,달서구,1,8,0,0,0,0,4,128.5126,35.8072,대구달서구,0,승용차이륜차,0,1,0,20,0,0
2018-05-23,1,2,1,1,0,0,0,대구,북구,1,1,0,0,0,1,1,128.5256,35.8959,대구북구,0,화물차없음,0,0,0,112,0,0
2018-10-20,1,5,1,1,0,0,0,인천,동구,1,8,0,0,0,4,2,126.6508,37.4789,인천동구,0,이륜차승용차,0,1,0,207,0,0
2018-07-06,1,4,1,1,0,0,0,인천,중구,1,1,0,0,0,7,1,126.4866,37.4846,인천중구,0,자전거없음,0,0,0,72,0,0
2018-08-27,0,0,1,4,1,2,0,인천,남구,1,1,2,1,2,2,2,126.6866,37.4582,인천남동구,1,승합차승용차,0,0,0,29,0,0
2018-11-15,1,3,1,2,1,0,0,인천,서구,1,9,0,1,1,2,3,126.6543,37.603,인천서구,0,승합차화물차,0,0,0,97,0,0
2018-04-30,1,0,1,2,1,0,0,인천,계양구,1,9,5,0,0,0,3,126.7531,37.5712,인천계양구,0,승용차화물차,0,0,0,7,0,0
2018-01-28,0,6,1,1,0,0,0,인천,강화군,1,1,0,0,0,1,1,126.4537,37.7654,인천강화군,0,화물차없음,0,1,0,92,0,0
2018-02-16,0,4,1,1,0,0,0,인천,연수구,1,6,0,0,0,0,1,126.6664,37.3693,인천연수구,0,승용차없음,0,1,0,35,0,0
2018-10-03,0,2,1,9,1,7,0,인천,부평구,1,5,0,0,0,0,2,126.7038,37.5236,인천부평구,2,승용차승용차,0,1,0,44,0,0
2018-01-06,0,5,1,1,0,0,0,경기,화성시,1,5,0,0,0,1,3,126.7708,37.1835,경기화성시,0,화물차화물차,0,1,0,50,0,0
2018-12-21,0,4,1,1,0,0,0,광주,동구,1,8,3,0,0,4,6,126.9146,35.1543,광주동구,0,이륜차승합차,0,0,0,162,0,0
2018-10-13,1,5,1,1,0,0,0,광주,광산구,1,8,0,1,1,4,3,126.8154,35.2023,광주광산구,0,이륜차화물차,0,1,0,135,0,0
2018-06-16,1,5,1,1,0,0,0,광주,광산구,1,1,0,1,1,0,1,126.8119,35.1441,광주광산구,0,승용차없음,0,1,0,135,0,0
2018-05-03,1,3,1,1,0,0,0,대전,중구,1,6,0,0,0,4,1,127.409,36.3478,대전중구,0,이륜차없음,0,0,0,39,0,0
2018-12-18,0,1,1,2,1,0,0,대전,유성구,1,1,5,0,0,0,3,127.2828,36.3606,대전유성구,0,승용차화물차,0,0,0,148,0,0
2018-10-07,1,6,1,1,0,0,0,대전,유성구,1,1,0,0,0,0,1,127.2911,36.2724,대전유성구,0,승용차없음,0,1,0,148,0,0
2018-10-22,0,0,1,3,0,2,0,대전,유성구,1,8,6,1,1,0,6,127.3883,36.4035,대전유성구,0,승용차승합차,0,0,0,148,0,0
2018-03-09,0,4,1,1,0,0,0,울산,북구,1,6,0,1,1,1,1,129.3587,35.5867,울산북구,0,화물차없음,0,0,0,158,0,0
2018-05-15,0,1,1,3,1,1,0,울산,북구,1,8,6,1,1,0,2,129.3577,35.5492,울산북구,0,승용차승용차,0,0,0,158,0,0
2018-07-28,0,5,1,1,0,0,0,경기,고양시,1,5,0,0,0,1,4,126.8396,37.6538,경기고양시,0,화물차이륜차,0,1,0,40,0,0
2018-10-03,0,2,1,1,0,0,0,경기,고양시,1,8,0,1,1,4,2,126.7728,37.6603,경기고양시,0,이륜차승용차,0,1,0,40,0,0
2018-03-15,1,3,1,4,2,1,0,경기,남양주시,1,5,0,0,0,0,3,127.2059,37.5873,경기남양주시,1,승용차화물차,0,0,0,70,0,0
2018-12-21,1,4,1,2,0,0,1,경기,남양주시,1,8,6,1,1,4,3,127.1317,37.6635,경기남양주시,0,이륜차화물차,0,0,0,70,0,0
2018-05-26,1,5,1,3,2,0,0,경기,남양주시,1,11,0,1,2,1,1,127.1628,37.6923,경기남양주시,1,화물차없음,0,1,0,70,0,0
2018-09-09,1,6,1,1,0,0,0,경기,남양주시,1,8,7,1,1,0,4,127.3647,37.6627,경기남양주시,0,승용차이륜차,0,1,0,70,0,0
2018-12-05,1,2,1,1,0,0,0,경기,남양주시,1,6,0,0,0,3,1,127.2759,37.6186,경기남양주시,0,건설기계없음,0,0,0,70,0,0
2018-10-14,0,6,1,1,0,0,0,경기,파주시,1,6,0,0,0,4,1,126.7439,37.8901,경기파주시,0,이륜차없음,0,1,0,175,0,0
2018-03-12,1,0,1,1,0,0,0,경기,양주시,1,6,0,0,0,1,1,127.0029,37.8375,경기양주시,0,화물차없음,0,0,0,59,0,0
2018-01-29,0,0,1,3,1,1,0,경기,양주시,1,8,7,1,1,2,2,127.0921,37.8338,경기양주시,0,승합차승용차,0,0,0,59,0,0
2018-10-07,0,6,1,2,1,0,0,경기,양주시,1,6,0,0,0,0,1,127.0448,37.7733,경기양주시,0,승용차없음,0,1,0,59,0,0
2018-02-14,1,2,1,4,0,3,0,경기,양주시,1,8,7,1,1,0,2,127.089,37.8063,경기양주시,1,승용차승용차,0,0,0,59,0,0
2018-03-19,0,0,1,1,0,0,0,경기,구리시,1,8,6,1,1,4,3,127.1306,37.6008,경기구리시,0,이륜차화물차,0,0,0,165,0,0
2018-04-26,1,3,1,1,0,0,0,경기,포천시,1,12,0,0,0,3,1,127.1434,37.8629,경기포천시,0,건설기계없음,0,0,0,171,0,0
2018-06-10,1,6,1,2,0,1,0,경기,포천시,1,8,0,0,0,4,4,127.3264,37.9767,경기포천시,0,이륜차이륜차,0,1,0,171,0,0
2018-11-09,1,4,1,1,0,0,0,경기,포천시,1,8,6,1,1,0,12,127.1602,37.8356,경기포천시,0,승용차기타,0,0,0,171,0,0
2018-07-05,1,3,1,1,0,0,0,경기,가평군,1,1,5,0,0,4,3,127.5063,37.8482,경기가평군,0,이륜차화물차,0,0,0,176,0,0
2018-08-26,1,6,1,7,5,1,0,경기,가평군,1,9,5,0,0,0,2,127.4974,37.9077,경기가평군,2,승용차승용차,0,1,0,176,0,0
2018-12-18,1,1,1,2,1,0,0,경기,고양시,1,5,0,0,0,2,3,126.732,37.6828,경기고양시,0,승합차화물차,0,0,0,40,0,0
2018-10-26,0,4,1,1,0,0,0,경기,고양시,1,6,0,0,0,0,1,126.7159,37.687,경기고양시,0,승용차없음,0,0,0,40,0,0
2018-02-19,1,0,1,1,0,0,0,경기,고양시,1,6,0,2,4,0,1,126.7076,37.6985,경기고양시,0,승용차없음,0,0,0,40,0,0
2018-05-03,0,3,1,1,0,0,0,서울,중구,1,8,0,1,2,4,4,127.0117,37.5648,서울중구,0,이륜차이륜차,0,0,0,8,0,0
2018-02-04,0,6,1,1,0,0,0,서울,중구,1,5,0,0,0,0,12,127.0141,37.565,서울중구,0,승용차기타,0,1,0,8,0,0
2018-11-13,0,1,1,1,0,0,0,서울,중구,1,5,6,1,1,7,3,126.9732,37.5542,서울중구,0,자전거화물차,0,0,0,8,0,0
2018-09-10,1,0,1,3,0,2,0,서울,종로구,1,8,0,0,0,4,2,126.9498,37.6096,서울종로구,0,이륜차승용차,0,0,0,116,0,0
2018-06-09,1,5,2,3,1,0,0,서울,용산구,1,1,0,1,1,0,4,126.9772,37.5215,서울용산구,1,승용차이륜차,0,1,0,134,0,0
2018-12-08,1,5,1,2,1,0,0,서울,광진구,1,9,5,0,0,0,2,127.0601,37.5353,서울광진구,0,승용차승용차,0,1,0,183,0,0
2018-12-01,1,5,1,1,0,0,0,서울,광진구,1,8,0,0,0,7,9,127.0861,37.5459,서울광진구,0,자전거건설기계,0,1,0,183,0,0
2018-10-07,0,6,1,3,2,0,0,서울,영등포구,1,8,5,0,0,0,6,126.9191,37.5268,서울영등포구,1,승용차승합차,0,1,0,150,0,0
2018-02-04,0,6,1,1,0,0,0,서울,영등포구,1,8,0,1,1,7,2,126.9215,37.5242,서울영등포구,0,자전거승용차,0,1,0,150,0,0
2018-03-18,1,6,1,1,0,0,0,서울,성동구,1,1,0,0,0,4,1,127.0322,37.5631,서울성동구,0,이륜차없음,0,1,0,84,0,0
2018-05-09,1,2,1,1,0,0,0,서울,강동구,1,1,0,1,1,3,5,127.1445,37.5566,서울강동구,0,건설기계자전거,0,0,0,91,0,0
2018-05-18,0,4,1,1,0,0,0,서울,송파구,1,5,0,0,0,0,3,127.1363,37.4971,서울송파구,0,승용차화물차,0,0,0,156,0,0
2018-07-16,0,0,1,1,0,0,0,서울,구로구,1,6,0,0,0,4,1,126.8613,37.4934,서울구로구,0,이륜차없음,0,0,0,79,0,0
2018-06-14,0,3,1,1,0,0,0,서울,양천구,1,1,0,0,0,4,2,126.8419,37.5117,서울양천구,0,이륜차승용차,0,0,0,140,0,0
2018-05-09,1,2,1,1,0,0,0,서울,도봉구,1,1,0,1,2,7,2,127.0347,37.6777,서울도봉구,0,자전거승용차,0,0,0,98,0,0
2018-07-13,1,4,1,1,0,0,0,서울,은평구,1,1,9,1,3,7,2,126.9218,37.6076,서울은평구,0,자전거승용차,0,0,0,139,0,0
2018-09-27,1,3,1,1,0,0,0,부산,서구,1,9,5,1,2,4,6,129.0247,35.0967,부산서구,0,이륜차승합차,0,0,0,226,0,0
2018-03-14,1,2,1,1,0,0,0,부산,강서구,1,8,0,1,1,0,5,128.9226,35.0971,부산강서구,0,승용차자전거,0,0,0,206,0,0
2018-05-30,0,2,1,1,0,0,0,경남,양산시,1,5,0,0,0,1,3,129.0808,35.4564,경남양산시,0,화물차화물차,0,0,0,49,0,0
2018-09-05,1,2,1,1,0,0,0,울산,울주군,1,5,0,0,0,1,3,129.2083,35.5715,울산울주군,0,화물차화물차,0,0,0,17,0,0
2018-10-17,1,2,1,6,0,5,0,부산,기장군,1,5,0,0,0,1,3,129.2271,35.2832,부산기장군,1,화물차화물차,0,0,0,85,0,0
2018-11-13,0,1,1,1,0,0,0,경기,성남시,1,8,6,1,1,4,2,127.1424,37.4651,경기성남시,0,이륜차승용차,0,0,0,95,0,0
2018-02-16,1,4,1,2,1,0,0,경기,평택시,1,1,2,0,0,0,2,127.0133,37.1289,경기평택시,0,승용차승용차,0,1,0,14,0,0
2018-06-27,1,2,1,1,0,0,0,경기,평택시,1,9,5,0,0,1,2,126.9074,36.9134,경기평택시,0,화물차승용차,0,0,0,14,0,0
2018-12-19,0,2,1,1,0,0,0,경기,평택시,1,8,6,1,1,0,4,127.1256,36.9919,경기평택시,0,승용차이륜차,0,0,0,14,0,0
2018-12-05,1,2,1,1,0,0,0,경기,평택시,1,1,9,0,0,1,3,126.8631,37.0077,경기평택시,0,화물차화물차,0,0,0,14,0,0
2018-12-26,1,2,1,1,0,0,0,경기,안양시,1,8,9,1,2,7,6,126.9604,37.3961,경기안양시,0,자전거승합차,0,0,0,151,0,0
2018-02-06,0,1,1,1,0,0,0,경기,이천시,1,6,0,0,0,2,1,127.4626,37.308,경기이천시,0,승합차없음,0,0,0,41,0,0
2018-01-24,1,2,1,2,0,1,0,경기,이천시,1,5,0,1,2,1,3,127.6159,37.1152,경기이천시,0,화물차화물차,0,0,0,41,0,0
2018-03-22,0,3,1,1,0,0,0,경기,광주시,1,5,0,0,0,3,5,127.2603,37.4137,경기광주시,0,건설기계자전거,0,0,0,9,0,0