발생년월일,주야,요일,사망자수,사상자수,중상자수,경상자수,부상신고자수,발생지시도,발생지시군구,사고유형_대분류,사고유형_중분류,법규위반,도로형태_대분류,도로형태,당사자종별_1당_대분류,당사자종별_2당_대분류,경도,위도,발생지,사고피해정도,사고차량타입,도시여부,주말/공휴일,인구수,발생지번호,보행자의위치,무단횡단여부
2018-04-10,0,1,1,3,2,0,0,경기,여주시,1,8,0,0,0,0,2,127.5794,37.2995,경기여주시,1,승용차승용차,0,0,0,22,0,0
2018-10-30,1,1,1,1,0,0,0,경기,용인시,1,5,0,1,1,3,2,127.2088,37.2356,경기용인시,0,건설기계승용차,0,0,0,51,0,0
2018-02-07,0,2,1,2,0,1,0,경기,김포시,1,5,0,0,0,0,3,126.6501,37.6669,경기김포시,0,승용차화물차,0,0,0,47,0,0
2018-08-07,1,1,1,1,0,0,0,경기,김포시,1,1,0,0,0,1,4,126.5816,37.6135,경기김포시,0,화물차이륜차,0,0,0,47,0,0
2018-09-05,0,2,1,1,0,0,0,경기,김포시,1,1,0,1,1,4,3,126.5572,37.6987,경기김포시,0,이륜차화물차,0,0,0,47,0,0
2018-12-29,0,5,1,2,0,1,0,경기,양평군,1,1,3,0,0,1,9,127.5031,37.5013,경기양평군,0,화물차건설기계,0,1,0,48,0,0
2018-12-19,0,2,1,1,0,0,0,경기,양평군,1,1,0,0,0,0,3,127.3753,37.5205,경기양평군,0,승용차화물차,0,0,0,48,0,0
2018-09-27,0,3,1,1,0,0,0,경기,화성시,1,6,0,0,0,4,1,127.0247,37.2048,경기화성시,0,이륜차없음,0,0,0,50,0,0
2018-08-22,0,2,1,1,0,0,0,경기,부천시,1,5,0,0,0,1,3,126.7802,37.5108,경기부천시,0,화물차화물차,0,0,0,65,0,0
2018-12-29,0,5,1,1,0,0,0,경기,부천시,1,1,0,1,1,0,2,126.7896,37.4976,경기부천시,0,승용차승용차,0,1,0,65,0,0
2018-03-15,1,3,1,1,0,0,0,경기,광명시,1,8,6,1,1,4,2,126.893,37.4519,경기광명시,0,이륜차승용차,0,0,0,81,0,0
2018-05-11,1,4,1,2,1,0,0,경기,안산시,1,8,6,1,1,4,6,126.8219,37.3157,경기안산시,0,이륜차승합차,0,0,0,2,0,0
2018-02-03,0,5,1,1,0,0,0,경기,안산시,1,5,0,1,2,0,3,126.8298,37.3295,경기안산시,0,승용차화물차,0,1,0,2,0,0
2018-01-31,1,2,1,2,0,0,1,경기,안산시,1,5,0,0,0,1,3,126.7365,37.3146,경기안산시,0,화물차화물차,0,0,0,2,0,0
2018-01-06,1,5,1,2,1,0,0,경기,안산시,1,6,0,0,0,0,1,126.7973,37.3155,경기안산시,0,승용차없음,0,1,0,2,0,0
2018-09-18,1,1,1,1,0,0,0,경기,수원시,1,8,0,1,3,7,2,127.0176,37.2509,경기수원시,0,자전거승용차,0,0,0,99,0,0
2018-06-06,1,2,1,1,0,0,0,경기,시흥시,1,5,0,0,0,0,6,126.7493,37.3414,경기시흥시,0,승용차승합차,0,1,0,73,0,0
2018-11-17,1,5,1,1,0,0,0,경기,시흥시,1,8,0,0,0,7,9,126.7333,37.3675,경기시흥시,0,자전거건설기계,0,1,0,73,0,0
2018-01-20,0,5,1,1,0,0,0,경기,안산시,1,6,0,0,0,2,1,126.8568,37.2791,경기안산시,0,승합차없음,0,1,0,2,0,0
2018-02-12,1,0,1,9,2,5,1,서울,서초구,1,5,0,0,0,2,6,127.0591,37.4421,서울서초구,2,승합차승합차,0,0,0,214,0,0
2018-01-26,1,4,1,1,0,0,0,경기,의왕시,1,1,0,0,0,1,1,127.0084,37.3897,경기의왕시,0,화물차없음,0,0,0,199,0,0
2018-04-20,1,4,2,3,1,0,0,경기,평택시,1,5,0,0,0,0,2,126.8693,37.0048,경기평택시,1,승용차승용차,0,0,0,14,0,0
2018-04-28,1,5,1,5,4,0,0,경기,용인시,1,1,0,0,0,0,6,127.2839,37.2405,경기용인시,1,승용차승합차,0,1,0,51,0,0
2018-02-07,0,2,1,3,0,0,2,서울,강동구,1,5,0,0,0,1,12,127.1679,37.5712,서울강동구,0,화물차기타,0,0,0,91,0,0
2018-11-30,0,4,1,5,0,0,4,경기,평택시,1,5,3,0,0,1,3,126.9837,37.0322,경기평택시,0,화물차화물차,0,0,0,14,0,0
2018-10-20,1,5,1,1,0,0,0,경기,화성시,1,8,6,1,1,6,3,126.9308,37.1621,경기화성시,0,원동기장치자전거화물차,0,1,0,50,0,0
2018-09-28,1,4,1,1,0,0,0,경기,화성시,1,6,0,0,0,4,1,126.9059,37.1365,경기화성시,0,이륜차없음,0,0,0,50,0,0
2018-01-10,1,2,1,3,0,2,0,경기,화성시,1,9,5,0,0,0,6,126.9708,37.1268,경기화성시,0,승용차승합차,0,0,0,50,0,0
2018-03-25,1,6,1,1,0,0,0,경기,화성시,1,1,0,0,0,9,1,126.7178,37.2488,경기화성시,0,농기계없음,0,1,0,50,0,0
2018-03-26,1,0,1,3,2,0,0,경기,화성시,1,1,0,2,4,1,2,126.8242,37.1185,경기화성시,1,화물차승용차,0,0,0,50,0,0
2018-05-02,1,2,1,2,1,0,0,경기,화성시,1,9,5,1,1,1,3,126.8143,37.2522,경기화성시,0,화물차화물차,0,0,0,50,0,0
2018-02-26,1,0,1,1,0,0,0,강원,춘천시,1,8,6,1,1,7,2,127.7337,37.8604,강원춘천시,0,자전거승용차,0,0,0,111,0,0
2018-07-29,1,6,1,1,0,0,0,강원,춘천시,1,12,0,0,0,4,1,127.7786,37.7577,강원춘천시,0,이륜차없음,0,1,0,111,0,0
2018-10-27,0,5,1,2,0,0,1,강원,원주시,1,5,0,0,0,0,3,127.8838,37.1896,강원원주시,0,승용차화물차,0,1,0,36,0,0
2018-04-14,0,5,1,1,0,0,0,강원,원주시,1,1,0,1,2,4,1,127.9589,37.3468,강원원주시,0,이륜차없음,0,1,0,36,0,0
2018-04-28,0,5,1,1,0,0,0,강원,원주시,1,6,0,1,1,0,1,127.9621,37.4165,강원원주시,0,승용차없음,0,1,0,36,0,0
2018-01-18,1,3,1,1,0,0,0,강원,삼척시,1,6,0,0,0,8,1,129.308,37.1937,강원삼척시,0,기타없음,0,0,0,78,0,0
2018-11-01,1,3,1,1,0,0,0,강원,삼척시,1,8,0,1,2,0,5,129.168,37.4561,강원삼척시,0,승용차자전거,0,0,0,78,0,0
2018-06-11,1,0,1,1,0,0,0,강원,영월군,1,1,0,0,0,5,4,128.2969,37.256,강원영월군,0,특수차이륜차,0,0,0,114,0,0
2018-06-21,1,3,1,1,0,0,0,강원,홍천군,1,9,5,0,0,0,3,127.9579,37.7473,강원홍천군,0,승용차화물차,0,0,0,82,0,0
2018-12-20,1,3,4,5,1,0,0,강원,화천군,1,11,2,0,0,0,1,127.7436,38.1592,강원화천군,1,승용차없음,0,0,0,218,0,0
2018-04-28,0,5,1,1,0,0,0,강원,횡성군,1,11,0,0,0,9,1,128.2454,37.5106,강원횡성군,0,농기계없음,0,1,0,31,0,0
2018-04-18,1,2,1,1,0,0,0,강원,횡성군,1,6,0,0,0,9,1,128.1859,37.4906,강원횡성군,0,농기계없음,0,0,0,31,0,0
2018-03-14,1,2,2,3,1,0,0,강원,인제군,1,8,6,1,1,1,2,128.3269,38.1945,강원인제군,1,화물차승용차,0,0,0,124,0,0
2018-05-18,1,4,1,1,0,0,0,강원,철원군,1,8,8,1,1,0,5,127.3078,38.1474,강원철원군,0,승용차자전거,0,0,0,184,0,0
2018-10-26,1,4,1,1,0,0,0,충북,단양군,1,5,0,2,4,0,3,128.2869,37.0169,충북단양군,0,승용차화물차,0,0,0,204,0,0
2018-01-07,0,6,1,1,0,0,0,강원,횡성군,1,12,0,0,0,0,1,128.1218,37.47,강원횡성군,0,승용차없음,0,1,0,31,0,0
2018-10-16,1,1,1,2,0,1,0,강원,평창군,1,1,0,0,0,0,3,128.7192,37.6756,강원평창군,0,승용차화물차,0,0,0,24,0,0
2018-04-10,0,1,1,1,0,0,0,충북,청주시,1,1,0,0,0,4,1,127.4721,36.6354,충북청주시,0,이륜차없음,0,0,0,83,0,0
2018-06-15,0,4,1,3,2,0,0,충북,청주시,1,1,6,1,2,1,1,127.4884,36.656,충북청주시,1,화물차없음,0,0,0,83,0,0
2018-05-02,0,2,1,2,0,1,0,충북,충주시,1,1,6,1,1,4,2,127.826,36.9731,충북충주시,0,이륜차승용차,0,0,0,6,0,0
2018-05-21,1,0,1,2,0,0,1,충북,충주시,1,1,0,0,0,0,1,127.9883,36.8439,충북충주시,0,승용차없음,0,0,0,6,0,0
2018-11-10,0,5,1,2,1,0,0,충북,제천시,1,8,6,1,1,0,2,128.2062,37.1375,충북제천시,0,승용차승용차,0,1,0,103,0,0
2018-12-17,0,0,1,1,0,0,0,충북,괴산군,1,9,5,0,0,4,6,127.7687,36.8273,충북괴산군,0,이륜차승합차,0,0,0,179,0,0
2018-12-15,0,5,1,2,0,1,0,충북,음성군,1,1,5,0,0,0,2,127.5422,37.0229,충북음성군,0,승용차승용차,0,1,0,110,0,0
2018-08-17,1,4,1,2,0,1,0,충북,음성군,1,9,5,0,0,1,3,127.4881,36.973,충북음성군,0,화물차화물차,0,0,0,110,0,0
2018-05-27,1,6,1,1,0,0,0,충북,음성군,1,6,0,0,0,4,1,127.6522,37.1195,충북음성군,0,이륜차없음,0,1,0,110,0,0
2018-04-06,0,4,1,1,0,0,0,충북,옥천군,1,6,0,0,0,0,1,127.7516,36.3408,충북옥천군,0,승용차없음,0,0,0,142,0,0
2018-04-03,1,1,1,1,0,0,0,충북,진천군,1,1,8,1,1,9,7,127.5408,36.7819,충북진천군,0,농기계원동기장치자전거,0,0,0,60,0,0
2018-12-10,1,0,1,1,0,0,0,충북,진천군,1,6,0,0,0,1,1,127.4355,36.8774,충북진천군,0,화물차없음,0,0,0,60,0,0
2018-04-03,0,1,1,1,0,0,0,충북,청주시,1,6,0,1,1,4,1,127.3144,36.5852,충북청주시,0,이륜차없음,0,0,0,83,0,0
2018-08-15,1,2,1,1,0,0,0,충북,청주시,1,1,0,0,0,0,8,127.3637,36.7022,충북청주시,0,승용차농기계,0,1,0,83,0,0
2018-08-08,0,2,1,1,0,0,0,충북,청주시,1,6,0,0,0,4,1,127.4545,36.6147,충북청주시,0,이륜차없음,0,0,0,83,0,0
2018-10-15,1,0,1,2,0,0,1,충북,청주시,1,8,0,0,0,4,3,127.5356,36.5631,충북청주시,0,이륜차화물차,0,0,0,83,0,0
2018-09-14,0,4,1,2,0,1,0,충북,보은군,1,5,0,0,0,0,3,127.6958,36.4635,충북보은군,0,승용차화물차,0,0,0,32,0,0
2018-08-23,1,3,1,1,0,0,0,충북,괴산군,1,5,3,0,0,1,3,127.9265,36.8662,충북괴산군,0,화물차화물차,0,0,0,179,0,0
2018-09-04,1,1,1,1,0,0,0,충남,서산시,1,8,6,1,1,1,4,126.3659,36.9877,충남서산시,0,화물차이륜차,0,0,0,69,0,0
2018-10-04,0,3,1,1,0,0,0,충남,서산시,1,8,0,1,1,1,2,126.4419,36.9064,충남서산시,0,화물차승용차,0,0,0,69,0,0
2018-08-19,0,6,1,1,0,0,0,충남,서산시,1,5,0,0,0,0,11,126.4639,36.762,충남서산시,0,승용차특수차,0,1,0,69,0,0
2018-03-30,0,4,1,2,0,1,0,충남,천안시,1,8,6,1,1,1,3,127.1855,36.9107,충남천안시,0,화물차화물차,0,0,0,63,0,0
2018-11-30,1,4,1,1,0,0,0,충남,천안시,1,1,8,1,1,1,4,127.2168,36.9124,충남천안시,0,화물차이륜차,0,0,0,63,0,0
2018-08-20,1,0,1,1,0,0,0,충남,홍성군,1,6,0,0,0,1,1,126.5849,36.6164,충남홍성군,0,화물차없음,0,0,0,38,0,0
2018-05-09,1,2,1,4,1,2,0,충남,홍성군,1,6,0,0,0,0,1,126.739,36.5381,충남홍성군,1,승용차없음,0,0,0,38,0,0
2018-06-25,1,0,1,1,0,0,0,충남,홍성군,1,5,0,0,0,0,4,126.6556,36.6054,충남홍성군,0,승용차이륜차,0,0,0,38,0,0
2018-11-10,1,5,1,2,0,1,0,충남,아산시,1,5,0,0,0,4,2,126.9664,36.8398,충남아산시,0,이륜차승용차,0,1,0,53,0,0
2018-05-16,1,2,1,1,0,0,0,충남,아산시,1,1,6,1,2,0,5,126.9856,36.7856,충남아산시,0,승용차자전거,0,0,0,53,0,0
2018-09-21,1,4,1,3,1,1,0,충남,아산시,1,5,0,0,0,0,3,126.9673,36.8939,충남아산시,0,승용차화물차,0,0,0,53,0,0
2018-07-11,1,2,1,1,0,0,0,충남,아산시,1,8,0,0,0,1,4,126.9429,36.823,충남아산시,0,화물차이륜차,0,0,0,53,0,0
2018-03-30,1,4,3,4,1,0,0,충남,아산시,1,5,0,0,0,1,11,126.9961,36.9213,충남아산시,1,화물차특수차,0,0,0,53,0,0
2018-03-31,1,5,1,1,0,0,0,충남,보령시,1,5,0,0,0,1,3,126.6121,36.367,충남보령시,0,화물차화물차,0,1,0,136,0,0
2018-12-06,0,3,2,2,0,0,0,충남,공주시,1,6,0,0,0,0,1,127.1188,36.4983,충남공주시,0,승용차없음,0,0,0,19,0,0
2018-09-26,0,2,1,2,1,0,0,충남,공주시,1,9,5,0,0,1,2,127.0216,36.5446,충남공주시,0,화물차승용차,0,1,0,19,0,0
2018-06-13,1,2,1,1,0,0,0,충남,공주시,1,5,0,2,4,0,4,127.1185,36.5819,충남공주시,0,승용차이륜차,0,1,0,19,0,0
2018-12-11,1,1,1,1,0,0,0,충남,공주시,1,8,0,0,0,1,9,127.0406,36.3299,충남공주시,0,화물차건설기계,0,0,0,19,0,0
2018-05-05,0,5,1,1,0,0,0,세종,세종,1,6,0,0,0,4,1,127.2575,36.497,세종세종,0,이륜차없음,1,1,0,229,0,0
2018-04-23,1,0,1,1,0,0,0,세종,세종,1,6,0,0,0,0,1,127.2386,36.4616,세종세종,0,승용차없음,1,0,0,229,0,0
2018-06-27,1,2,2,2,0,0,0,세종,세종,1,1,6,1,2,4,3,127.1924,36.5361,세종세종,0,이륜차화물차,1,0,0,229,0,0
2018-09-12,1,2,1,1,0,0,0,세종,세종,1,8,9,1,1,7,2,127.3002,36.5995,세종세종,0,자전거승용차,1,0,0,229,0,0
2018-09-08,1,5,1,2,1,0,0,세종,세종,1,9,5,0,0,0,2,127.2614,36.5992,세종세종,0,승용차승용차,1,1,0,229,0,0
2018-03-22,0,3,1,4,3,0,0,충남,예산군,1,6,0,0,0,2,1,126.7965,36.6961,충남예산군,1,승합차없음,0,0,0,187,0,0
2018-07-22,1,6,1,6,5,0,0,충남,당진시,1,9,5,0,0,0,2,126.6476,36.8938,충남당진시,1,승용차승용차,0,1,0,46,0,0
2018-10-12,1,4,1,4,3,0,0,충남,당진시,1,8,6,1,1,0,2,126.5755,37.0129,충남당진시,1,승용차승용차,0,0,0,46,0,0
2018-11-13,1,1,1,1,0,0,0,충남,금산군,1,1,3,0,0,4,1,127.5193,36.2051,충남금산군,0,이륜차없음,0,0,0,68,0,0
2018-12-26,1,2,1,1,0,0,0,충남,청양군,1,8,7,1,2,0,12,126.7853,36.4075,충남청양군,0,승용차기타,0,0,0,174,0,0
2018-04-28,0,5,2,4,1,1,0,충남,천안시,1,8,6,1,1,2,2,127.1649,36.7888,충남천안시,1,승합차승용차,0,1,0,63,0,0
2018-08-19,1,6,1,1,0,0,0,충남,천안시,1,1,0,0,0,0,1,127.1637,36.8278,충남천안시,0,승용차없음,0,1,0,63,0,0
2018-08-08,0,2,1,1,0,0,0,충남,천안시,1,5,0,0,0,1,11,127.1711,36.753,충남천안시,0,화물차특수차,0,0,0,63,0,0
2018-06-01,1,4,1,1,0,0,0,충남,태안군,1,9,5,1,2,4,2,126.3326,36.8124,충남태안군,0,이륜차승용차,0,0,0,169,0,0
2018-08-28,1,1,1,9,2,6,0,충남,천안시,1,5,0,0,0,1,2,127.1895,36.939,충남천안시,2,화물차승용차,0,0,0,63,0,0
2018-05-04,1,4,1,1,0,0,0,충남,청양군,1,6,0,0,0,0,1,126.898,36.3409,충남청양군,0,승용차없음,0,0,0,174,0,0
2018-08-21,0,1,1,4,2,1,0,충북,청주시,1,5,0,0,0,0,3,127.4294,36.5053,충북청주시,1,승용차화물차,0,0,0,83,0,0
2018-06-12,0,1,1,1,0,0,0,전북,전주시,1,8,9,0,0,5,2,127.18,35.7989,전북전주시,0,특수차승용차,0,0,0,11,0,0
2018-08-14,1,1,1,4,3,0,0,전북,전주시,1,5,0,0,0,1,3,127.0659,35.8852,전북전주시,1,화물차화물차,0,0,0,11,0,0
2018-07-08,0,6,1,1,0,0,0,전북,전주시,1,1,2,1,3,0,5,127.1743,35.8323,전북전주시,0,승용차자전거,0,1,0,11,0,0
2018-07-05,0,3,1,1,0,0,0,전북,군산시,1,6,0,0,0,4,1,126.7019,35.9863,전북군산시,0,이륜차없음,0,0,0,166,0,0
2018-05-22,0,1,1,1,0,0,0,전북,군산시,1,1,0,0,0,1,3,126.6746,35.9614,전북군산시,0,화물차화물차,0,1,0,166,0,0
2018-05-06,1,6,1,9,2,6,0,전북,군산시,1,1,0,1,1,1,6,126.8774,36.0175,전북군산시,2,화물차승합차,0,1,0,166,0,0
2018-06-22,0,4,1,1,0,0,0,전북,익산시,1,9,0,1,1,0,5,126.9032,35.9616,전북익산시,0,승용차자전거,0,0,0,125,0,0
2018-09-16,0,6,1,1,0,0,0,전북,정읍시,1,5,0,0,0,0,5,126.8586,35.5638,전북정읍시,0,승용차자전거,0,1,0,12,0,0
2018-10-18,1,3,1,1,0,0,0,전북,정읍시,1,11,0,0,0,0,1,126.761,35.6183,전북정읍시,0,승용차없음,0,0,0,12,0,0
2018-04-25,0,2,1,1,0,0,0,전북,고창군,1,8,6,1,1,0,3,126.6722,35.4351,전북고창군,0,승용차화물차,0,0,0,219,0,0
2018-05-25,1,4,1,3,2,0,0,전북,진안군,1,1,0,1,1,0,1,127.3723,35.7747,전북진안군,1,승용차없음,0,0,0,192,0,0
2018-03-25,1,6,1,1,0,0,0,전북,장수군,1,6,0,0,0,1,1,127.5638,35.7501,전북장수군,0,화물차없음,0,1,0,155,0,0
2018-08-12,1,6,1,1,0,0,0,전북,무주군,1,12,0,0,0,0,1,127.6256,36.0041,전북무주군,0,승용차없음,0,1,0,182,0,0
2018-11-23,1,4,1,1,0,0,0,전북,무주군,1,8,0,0,0,9,3,127.7772,36.0119,전북무주군,0,농기계화물차,0,0,0,182,0,0
2018-05-29,1,1,1,2,0,1,0,전북,완주군,1,6,0,0,0,8,1,127.2107,36.0141,전북완주군,0,기타없음,0,0,0,28,0,0
2018-06-29,0,4,1,1,0,0,0,전북,남원시,1,5,0,0,0,1,3,127.3459,35.417,전북남원시,0,화물차화물차,0,0,0,193,0,0
2018-04-07,0,5,2,2,0,0,0,충남,보령시,1,5,0,0,0,1,3,126.5579,36.3682,충남보령시,0,화물차화물차,0,1,0,136,0,0
2018-11-01,0,3,1,1,0,0,0,전남,목포시,1,1,2,0,0,0,2,126.4196,34.7983,전남목포시,0,승용차승용차,0,0,0,153,0,0
2018-04-13,0,4,1,13,5,7,0,전남,목포시,1,8,6,1,1,2,2,126.4179,34.8114,전남목포시,2,승합차승용차,0,0,0,153,0,0
2018-06-06,1,2,1,1,0,0,0,전남,순천시,1,8,6,1,1,1,2,127.5437,34.9247,전남순천시,0,화물차승용차,0,1,0,27,0,0
2018-08-09,1,3,1,1,0,0,0,전남,순천시,1,8,6,1,1,4,2,127.5459,34.942,전남순천시,0,이륜차승용차,0,0,0,27,0,0
2018-07-14,1,5,1,1,0,0,0,전남,나주시,1,11,0,1,1,4,1,126.7189,34.9678,전남나주시,0,이륜차없음,0,1,0,33,0,0
2018-03-29,1,3,1,2,1,0,0,전남,장흥군,1,8,0,1,1,0,7,126.9066,34.674,전남장흥군,0,승용차원동기장치자전거,0,0,0,56,0,0
2018-01-20,0,5,1,6,1,4,0,전남,장흥군,1,8,2,0,0,0,2,126.964,34.7331,전남장흥군,1,승용차승용차,0,1,0,56,0,0
2018-08-02,0,3,1,1,0,0,0,전남,고흥군,1,6,0,0,0,2,1,127.1364,34.4301,전남고흥군,0,승합차없음,0,0,0,191,0,0
2018-06-09,1,5,1,1,0,0,0,전남,고흥군,1,6,0,0,0,9,1,127.3982,34.5462,전남고흥군,0,농기계없음,0,1,0,191,0,0
2018-08-28,1,1,1,1,0,0,0,전남,고흥군,1,8,0,1,1,8,3,127.3374,34.5753,전남고흥군,0,기타화물차,0,0,0,191,0,0
2018-12-05,1,2,1,1,0,0,0,전남,고흥군,1,1,0,0,0,9,1,127.251,34.6266,전남고흥군,0,농기계없음,0,0,0,191,0,0
2018-03-21,1,2,1,1,0,0,0,전남,해남군,1,1,0,0,0,0,1,126.6783,34.5744,전남해남군,0,승용차없음,0,0,0,119,0,0
2018-10-06,1,5,1,1,0,0,0,전남,해남군,1,1,0,0,0,8,1,126.4303,34.5755,전남해남군,0,기타없음,0,1,0,119,0,0
2018-02-09,0,4,1,1,0,0,0,전남,보성군,1,1,0,0,0,6,1,127.147,34.7578,전남보성군,0,원동기장치자전거없음,0,0,0,122,0,0
2018-03-19,1,0,1,2,1,0,0,전남,영광군,1,9,5,0,0,1,2,126.4671,35.2832,전남영광군,0,화물차승용차,0,0,0,127,0,0
2018-01-09,0,1,2,2,0,0,0,전남,강진군,1,6,0,0,0,0,1,126.7211,34.7399,전남강진군,0,승용차없음,0,0,0,121,0,0
2018-05-29,0,1,1,1,0,0,0,전남,담양군,1,12,0,0,0,6,1,127.0177,35.3672,전남담양군,0,원동기장치자전거없음,0,0,0,181,0,0
2018-08-26,1,6,1,3,0,2,0,전남,담양군,1,8,7,1,1,1,2,127.0176,35.3342,전남담양군,0,화물차승용차,0,1,0,181,0,0
2018-11-03,1,5,1,1,0,0,0,전남,무안군,1,6,0,0,0,4,1,126.3287,35.127,전남무안군,0,이륜차없음,0,1,0,101,0,0
2018-08-26,0,6,1,1,0,0,0,전남,무안군,1,6,0,1,1,0,1,126.4664,34.8144,전남무안군,0,승용차없음,0,1,0,101,0,0
2018-08-23,0,3,1,1,0,0,0,전남,진도군,1,6,0,0,0,0,1,126.1701,34.3812,전남진도군,0,승용차없음,0,0,0,71,0,0
2018-08-02,1,3,1,2,1,0,0,전남,광양시,1,8,7,1,1,5,3,127.7658,34.9452,전남광양시,0,특수차화물차,0,0,0,130,0,0
2018-03-08,1,3,1,1,0,0,0,전남,광양시,1,6,0,1,1,0,1,127.5967,34.9378,전남광양시,0,승용차없음,0,0,0,130,0,0
2018-11-08,1,3,1,1,0,0,0,전남,구례군,1,9,5,0,0,0,6,127.566,35.1967,전남구례군,0,승용차승합차,0,0,0,161,0,0
2018-06-05,1,1,1,1,0,0,0,전남,광양시,1,6,0,0,0,5,1,127.6611,34.9692,전남광양시,0,특수차없음,0,0,0,130,0,0
2018-01-02,0,1,1,1,0,0,0,경북,경주시,1,9,0,0,0,0,2,129.3318,35.6827,경북경주시,0,승용차승용차,0,0,0,100,0,0
2018-05-26,1,5,1,2,0,1,0,경북,경주시,1,5,0,0,0,0,2,129.2172,35.8463,경북경주시,0,승용차승용차,0,1,0,100,0,0
2018-11-06,1,1,1,1,0,0,0,경북,경주시,1,11,0,0,0,1,1,129.1697,35.7319,경북경주시,0,화물차없음,0,0,0,100,0,0
2018-09-07,0,4,1,2,1,0,0,경북,포항시,1,6,0,0,0,0,1,129.3924,36.0767,경북포항시,0,승용차없음,0,0,0,160,0,0
2018-05-03,0,3,2,2,0,0,0,경북,안동시,1,11,0,0,0,1,1,128.7542,36.5795,경북안동시,0,화물차없음,0,0,0,66,0,0
2018-02-13,1,1,1,3,2,0,0,경북,안동시,1,9,0,1,1,0,3,128.7027,36.5459,경북안동시,1,승용차화물차,0,0,0,66,0,0
2018-04-20,0,4,1,1,0,0,0,경북,안동시,1,8,8,1,1,0,4,128.6238,36.4348,경북안동시,0,승용차이륜차,0,0,0,66,0,0
2018-07-21,0,5,1,1,0,0,0,경북,안동시,1,5,0,1,2,6,7,128.7171,36.5636,경북안동시,0,원동기장치자전거원동기장치자전거,0,1,0,66,0,0
2018-04-10,1,1,1,1,0,0,0,경북,상주시,1,8,0,1,1,0,4,128.2055,36.4268,경북상주시,0,승용차이륜차,0,0,0,58,0,0
2018-07-14,0,5,1,1,0,0,0,경북,상주시,1,6,0,2,4,7,1,128.1615,36.4281,경북상주시,0,자전거없음,0,1,0,58,0,0
2018-06-01,1,4,1,1,0,0,0,경북,영주시,1,9,5,1,1,3,2,128.6347,36.8101,경북영주시,0,건설기계승용차,0,0,0,113,0,0
2018-11-18,1,6,1,1,0,0,0,경북,영천시,1,6,0,0,0,1,1,128.7539,36.0796,경북영천시,0,화물차없음,0,1,0,5,0,0
2018-12-19,1,2,1,1,0,0,0,경북,문경시,1,9,5,0,0,0,6,128.1641,36.6213,경북문경시,0,승용차승합차,0,0,0,74,0,0
2018-06-29,1,4,1,1,0,0,0,경북,경산시,1,1,0,0,0,8,1,128.8398,35.8113,경북경산시,0,기타없음,0,0,0,52,0,0
2018-10-30,1,1,2,2,0,0,0,경북,영덕군,1,5,0,0,0,0,8,129.3825,36.542,경북영덕군,0,승용차농기계,0,0,0,54,0,0
2018-09-13,1,3,1,1,0,0,0,경북,영덕군,1,8,8,1,1,1,4,129.371,36.4105,경북영덕군,0,화물차이륜차,0,0,0,54,0,0
2018-10-03,1,2,1,1,0,0,0,경북,예천군,1,6,0,0,0,4,1,128.2832,36.5204,경북예천군,0,이륜차없음,0,1,0,55,0,0
2018-07-29,0,6,1,1,0,0,0,경북,청도군,1,5,0,2,4,0,8,128.8882,35.6981,경북청도군,0,승용차농기계,0,1,0,3,0,0
2018-08-21,1,1,1,1,0,0,0,경북,고령군,1,8,0,0,0,4,3,128.2463,35.6901,경북고령군,0,이륜차화물차,0,0,0,220,0,0
2018-01-01,1,0,1,1,0,0,0,경북,고령군,1,6,0,0,0,0,1,128.2302,35.6833,경북고령군,0,승용차없음,0,1,0,220,0,0
2018-10-25,1,3,1,1,0,0,0,경북,군위군,1,8,0,0,0,0,5,128.6475,36.1892,경북군위군,0,승용차자전거,0,0,0,170,0,0
2018-09-07,1,4,1,3,2,0,0,경북,청송군,1,8,7,1,1,1,3,128.9553,36.2852,경북청송군,1,화물차화물차,0,0,0,203,0,0
2018-10-15,1,0,1,1,0,0,0,경북,청송군,1,9,5,0,0,1,9,128.9721,36.2862,경북청송군,0,화물차건설기계,0,0,0,203,0,0
2018-04-28,1,5,1,1,0,0,0,경북,울릉군,1,12,0,0,0,8,1,130.8206,37.48,인천서구,0,기타없음,0,1,0,97,0,0
2018-10-30,1,1,1,1,0,0,0,경북,구미시,1,1,9,0,0,4,3,128.3391,36.158,경북구미시,0,이륜차화물차,0,0,0,144,0,0
2018-02-27,1,1,1,1,0,0,0,경북,포항시,1,8,6,1,1,0,5,129.3556,35.9709,경북포항시,0,승용차자전거,0,0,0,160,0,0
2018-10-12,0,4,1,1,0,0,0,경북,포항시,1,8,0,1,2,0,2,129.3396,36.0244,경북포항시,0,승용차승용차,0,0,0,160,0,0
2018-10-29,0,0,1,2,0,1,0,경북,포항시,1,1,6,1,1,0,4,129.3744,36.0198,경북포항시,0,승용차이륜차,0,0,0,160,0,0
2018-10-12,0,4,1,3,0,0,2,경북,문경시,1,5,0,0,0,0,3,128.1527,36.6183,경북문경시,0,승용차화물차,0,0,0,74,0,0
2018-02-23,1,4,1,3,0,2,0,경북,경산시,1,5,0,0,0,1,3,128.778,35.8791,경북경산시,0,화물차화물차,0,0,0,52,0,0
2018-04-27,1,4,1,10,2,7,0,경북,상주시,1,5,0,0,0,2,2,127.9216,36.4452,경북상주시,2,승합차승용차,0,0,0,58,0,0