발생년월일,주야,요일,사망자수,사상자수,중상자수,경상자수,부상신고자수,발생지시도,발생지시군구,사고유형_대분류,사고유형_중분류,법규위반,도로형태_대분류,도로형태,당사자종별_1당_대분류,당사자종별_2당_대분류,경도,위도,발생지,사고피해정도,사고차량타입,도시여부,주말/공휴일,인구수,발생지번호,보행자의위치,무단횡단여부
2018-12-04,0,1,1,1,0,0,0,경북,칠곡군,1,1,0,0,0,5,3,128.4558,35.9523,경북칠곡군,0,특수차화물차,0,0,0,21,0,0
2018-10-19,0,4,2,5,2,1,0,경북,상주시,1,5,0,0,0,1,3,128.2132,36.4264,경북상주시,1,화물차화물차,0,0,0,58,0,0
2018-07-24,1,1,1,4,1,2,0,경북,구미시,1,5,0,0,0,1,3,128.262,36.2129,경북구미시,1,화물차화물차,0,0,0,144,0,0
2018-10-02,1,1,1,1,0,0,0,경남,창원시(통합),1,8,3,1,2,4,2,128.6918,35.1515,경남창원시(통합),0,이륜차승용차,0,0,0,86,0,0
2018-01-31,1,2,1,1,0,0,0,경남,창원시(통합),1,1,0,2,4,1,1,128.7825,35.1249,경남창원시(통합),0,화물차없음,0,0,0,86,0,0
2018-01-02,1,1,1,1,0,0,0,경남,통영시,1,6,0,0,0,0,1,128.4105,34.9164,경남통영시,0,승용차없음,0,0,0,212,0,0
2018-11-22,1,3,1,1,0,0,0,경남,사천시,1,1,0,0,0,2,7,127.9599,35.0531,경남사천시,0,승합차원동기장치자전거,0,0,0,57,0,0
2018-07-02,1,0,1,1,0,0,0,경남,사천시,1,6,0,1,2,1,1,128.0662,35.044,경남사천시,0,화물차없음,0,0,0,57,0,0
2018-04-24,1,1,1,2,0,1,0,경남,김해시,1,8,5,0,0,1,3,128.9473,35.3354,경남김해시,0,화물차화물차,0,0,0,13,0,0
2018-06-05,0,1,1,4,0,3,0,경남,김해시,1,1,5,0,0,0,2,128.8905,35.275,경남김해시,1,승용차승용차,0,0,0,13,0,0
2018-08-01,1,2,1,1,0,0,0,경남,합천군,1,1,0,0,0,8,4,128.3098,35.5745,경남합천군,0,기타이륜차,0,0,0,133,0,0
2018-06-17,1,6,1,1,0,0,0,경남,함양군,1,8,0,1,1,8,2,127.8043,35.469,경남함양군,0,기타승용차,0,1,0,108,0,0
2018-09-27,1,3,1,4,0,3,0,경남,남해군,1,9,5,0,0,1,2,128.0093,34.8288,경남남해군,1,화물차승용차,0,0,0,197,0,0
2018-10-13,0,5,1,1,0,0,0,경남,남해군,1,11,0,0,0,4,1,127.8992,34.839,경남남해군,0,이륜차없음,0,1,0,197,0,0
2018-03-13,0,1,1,2,0,1,0,경남,산청군,1,5,0,0,0,1,3,127.855,35.4171,경남산청군,0,화물차화물차,0,0,0,224,0,0
2018-06-01,0,4,1,1,0,0,0,경남,산청군,1,5,0,1,1,1,8,127.9625,35.3014,경남산청군,0,화물차농기계,0,0,0,224,0,0
2018-07-24,0,1,2,2,0,0,0,경남,함안군,1,5,0,0,0,0,8,128.3331,35.2717,경남함안군,0,승용차농기계,0,0,0,117,0,0
2018-10-24,1,2,1,1,0,0,0,경남,의령군,1,12,0,0,0,9,1,128.2752,35.3391,경남의령군,0,농기계없음,0,0,0,189,0,0
2018-08-14,0,1,1,1,0,0,0,경남,의령군,1,5,0,0,0,0,8,128.195,35.3383,경남의령군,0,승용차농기계,0,0,0,189,0,0
2018-01-01,0,0,1,4,2,1,0,경남,창원시(통합),1,1,0,1,3,0,2,128.6755,35.2148,경남창원시(통합),1,승용차승용차,0,1,0,86,0,0
2018-12-17,1,0,1,2,0,1,0,경남,창원시(통합),1,9,0,0,0,1,3,128.7011,35.198,경남창원시(통합),0,화물차화물차,0,0,0,86,0,0
2018-08-23,1,3,1,2,1,0,0,경남,통영시,1,6,0,0,0,1,1,128.4131,34.8784,경남통영시,0,화물차없음,0,0,0,212,0,0
2018-01-07,1,6,1,1,0,0,0,제주,제주시,1,1,6,1,1,1,4,126.8926,33.4972,제주제주시,0,화물차이륜차,0,1,0,90,0,0
2018-03-15,0,3,1,4,3,0,0,제주,서귀포시,1,9,5,0,0,0,2,126.3615,33.2801,제주서귀포시,1,승용차승용차,0,0,0,62,0,0
2018-04-21,1,5,1,2,0,0,1,제주,서귀포시,1,1,5,1,2,4,2,126.7984,33.3791,제주서귀포시,0,이륜차승용차,0,1,0,62,0,0
2018-11-23,0,4,1,1,0,0,0,제주,제주시,1,1,6,1,1,0,4,126.395,33.4713,제주제주시,0,승용차이륜차,0,0,0,90,0,0
2018-07-11,1,2,1,1,0,0,0,제주,제주시,1,1,0,0,0,1,1,126.3216,33.464,제주제주시,0,화물차없음,0,0,0,90,0,0
2018-07-25,0,2,1,1,0,0,0,제주,제주시,1,6,0,0,0,0,1,126.1968,33.3634,제주제주시,0,승용차없음,0,0,0,90,0,0
2018-04-02,1,0,1,1,0,0,0,대구,동구,1,1,0,0,0,0,1,128.6639,35.9579,대구동구,0,승용차없음,0,0,0,26,0,0
2018-09-10,1,0,1,1,0,0,0,대구,동구,1,1,4,0,0,2,2,128.6413,35.9368,대구동구,0,승합차승용차,0,0,0,26,0,0
2018-02-25,0,6,1,1,0,0,0,대구,달성군,1,5,0,0,0,6,3,128.4971,35.8794,대구달성군,0,원동기장치자전거화물차,0,1,0,30,0,0
2018-08-08,1,2,1,1,0,0,0,대구,달성군,1,12,0,0,0,4,1,128.4477,35.6731,대구달성군,0,이륜차없음,0,0,0,30,0,0
2018-08-20,0,0,1,2,1,0,0,대구,달성군,1,8,6,1,1,1,2,128.435,35.8582,대구달성군,0,화물차승용차,0,0,0,30,0,0
2018-05-22,1,1,1,1,0,0,0,대구,서구,1,8,0,0,0,3,9,128.5332,35.8674,대구서구,0,건설기계건설기계,0,1,0,107,0,0
2018-03-25,0,6,1,2,0,1,0,대구,달서구,1,1,6,1,1,4,2,128.492,35.8445,대구달서구,0,이륜차승용차,0,1,0,20,0,0
2018-07-18,0,2,1,1,0,0,0,대구,달서구,1,1,0,0,0,4,1,128.5443,35.8434,대구달서구,0,이륜차없음,0,0,0,20,0,0
2018-12-23,0,6,1,1,0,0,0,대구,북구,1,1,0,0,0,1,5,128.5512,35.9452,대구북구,0,화물차자전거,0,1,0,112,0,0
2018-04-19,0,3,1,3,1,1,0,인천,중구,1,9,7,1,1,0,6,126.6144,37.4778,인천중구,0,승용차승합차,0,0,0,72,0,0
2018-06-04,1,0,1,1,0,0,0,인천,옹진군,1,11,0,0,0,9,1,125.9491,37.0743,인천옹진군,0,농기계없음,0,0,0,186,0,0
2018-01-20,1,5,1,1,0,0,0,인천,중구,1,5,0,1,2,1,3,126.6223,37.4464,인천중구,0,화물차화물차,0,1,0,72,0,0
2018-06-09,0,5,1,2,1,0,0,인천,남동구,1,6,0,0,0,6,1,126.707,37.4659,인천남동구,0,원동기장치자전거없음,0,1,0,29,0,0
2018-04-09,0,0,1,3,2,0,0,인천,남동구,1,8,5,0,0,0,2,126.7004,37.4444,인천남동구,1,승용차승용차,0,0,0,29,0,0
2018-02-06,1,1,1,2,0,1,0,인천,서구,1,1,0,0,0,0,2,126.6791,37.4981,인천서구,0,승용차승용차,0,0,0,97,0,0
2018-02-24,0,5,1,1,0,0,0,인천,서구,1,8,6,1,1,5,4,126.6731,37.5523,인천서구,0,특수차이륜차,0,1,0,97,0,0
2018-12-04,1,1,1,1,0,0,0,인천,서구,1,1,6,1,1,1,3,126.6461,37.5146,인천서구,0,화물차화물차,0,0,0,97,0,0
2018-08-08,0,2,1,1,0,0,0,인천,서구,1,8,2,0,0,0,2,126.6764,37.5341,인천서구,0,승용차승용차,0,0,0,97,0,0
2018-01-19,0,4,1,1,0,0,0,인천,계양구,1,6,0,0,0,4,1,126.7345,37.5397,인천계양구,0,이륜차없음,0,0,0,7,0,0
2018-08-29,0,2,1,1,0,0,0,인천,계양구,1,5,0,1,2,0,4,126.7523,37.5311,인천계양구,0,승용차이륜차,0,0,0,7,0,0
2018-11-05,0,0,1,1,0,0,0,인천,연수구,1,8,0,1,2,7,6,126.668,37.4216,인천연수구,0,자전거승합차,0,0,0,35,0,0
2018-07-03,0,1,1,2,0,1,0,인천,연수구,1,5,0,1,2,0,6,126.6973,37.4233,인천연수구,0,승용차승합차,0,0,0,35,0,0
2018-01-06,0,5,1,1,0,0,0,인천,연수구,1,8,0,0,0,0,4,126.6679,37.3934,인천연수구,0,승용차이륜차,0,1,0,35,0,0
2018-03-20,0,1,1,1,0,0,0,인천,부평구,1,1,0,0,0,0,3,126.7299,37.4929,인천부평구,0,승용차화물차,0,0,0,44,0,0
2018-01-14,0,6,1,5,1,3,0,경기,고양시,1,5,0,0,0,0,2,126.8047,37.6331,경기고양시,1,승용차승용차,0,1,0,40,0,0
2018-09-01,0,5,1,4,0,3,0,경기,안양시,1,5,0,0,0,0,2,126.9031,37.4238,경기안양시,1,승용차승용차,0,1,0,151,0,0
2018-08-07,1,1,1,2,0,1,0,경기,안산시,1,6,0,0,0,1,1,126.7924,37.3457,경기안산시,0,화물차없음,0,0,0,2,0,0
2018-10-06,0,5,1,1,0,0,0,인천,부평구,1,1,0,0,0,1,2,126.7514,37.5235,인천부평구,0,화물차승용차,0,1,0,44,0,0
2018-01-22,0,0,1,1,0,0,0,광주,남구,1,8,4,1,2,0,5,126.9184,35.1222,광주남구,0,승용차자전거,0,0,0,190,0,0
2018-03-31,1,5,1,1,0,0,0,광주,북구,1,8,4,0,0,0,4,126.9121,35.1735,광주북구,0,승용차이륜차,0,1,0,137,0,0
2018-05-12,0,5,1,1,0,0,0,대전,중구,1,8,0,1,1,0,4,127.4367,36.3138,대전중구,0,승용차이륜차,0,1,0,39,0,0
2018-03-31,1,5,1,1,0,0,0,대전,중구,1,8,6,0,0,1,5,127.3924,36.3265,대전중구,0,화물차자전거,0,1,0,39,0,0
2018-01-02,0,1,1,1,0,0,0,대전,중구,1,5,0,0,0,0,5,127.4137,36.3214,대전중구,0,승용차자전거,0,0,0,39,0,0
2018-09-05,1,2,1,1,0,0,0,대전,동구,1,6,0,0,0,0,1,127.4953,36.3477,대전동구,0,승용차없음,0,0,0,80,0,0
2018-04-11,0,2,1,1,0,0,0,대전,서구,1,1,5,0,0,0,4,127.3795,36.3537,대전서구,0,승용차이륜차,0,0,0,4,0,0
2018-09-07,0,4,1,2,0,1,0,대전,유성구,1,5,0,0,0,0,3,127.3269,36.3645,대전유성구,0,승용차화물차,0,0,0,148,0,0
2018-05-27,1,6,1,2,1,0,0,울산,북구,1,5,2,0,0,0,7,129.3395,35.6629,울산북구,0,승용차원동기장치자전거,0,1,0,158,0,0
2018-04-29,0,6,1,1,0,0,0,울산,남구,1,6,0,1,1,4,1,129.3247,35.5453,울산남구,0,이륜차없음,0,1,0,213,0,0
2018-08-05,1,6,1,1,0,0,0,울산,남구,1,5,0,0,0,0,5,129.2761,35.5518,울산남구,0,승용차자전거,0,1,0,213,0,0
2018-03-22,1,3,1,1,0,0,0,울산,남구,1,1,0,0,0,0,5,129.2642,35.5486,울산남구,0,승용차자전거,0,0,0,213,0,0
2018-03-22,0,3,1,1,0,0,0,울산,동구,1,1,0,0,0,4,1,129.4316,35.5139,울산동구,0,이륜차없음,0,0,0,225,0,0
2018-07-02,1,0,1,2,1,0,0,울산,울주군,1,1,5,0,0,0,3,129.1065,35.5741,울산울주군,0,승용차화물차,0,0,0,17,0,0
2018-03-23,0,4,1,1,0,0,0,경기,의정부시,1,5,0,1,2,0,3,127.1026,37.7194,경기의정부시,0,승용차화물차,0,0,0,64,0,0
2018-09-19,1,2,1,1,0,0,0,경기,고양시,1,8,5,1,2,7,3,126.9014,37.7133,경기고양시,0,자전거화물차,0,0,0,40,0,0
2018-11-30,0,4,1,1,0,0,0,경기,고양시,1,5,2,0,0,0,4,126.8188,37.6641,경기고양시,0,승용차이륜차,0,0,0,40,0,0
2018-06-30,1,5,1,1,0,0,0,경기,남양주시,1,1,0,0,0,7,1,127.1783,37.5908,경기남양주시,0,자전거없음,0,1,0,70,0,0
2018-12-15,0,5,1,1,0,0,0,경기,파주시,1,6,0,0,0,0,1,126.884,37.7354,경기파주시,0,승용차없음,0,1,0,175,0,0
2018-01-10,0,2,1,2,0,1,0,경기,동두천시,1,1,5,1,2,0,3,127.0499,37.9292,경기동두천시,0,승용차화물차,0,0,0,94,0,0
2018-08-02,0,3,1,1,0,0,0,경기,동두천시,1,6,0,1,1,0,1,127.0679,37.9692,경기동두천시,0,승용차없음,0,0,0,94,0,0
2018-12-07,1,4,1,1,0,0,0,경기,구리시,1,1,0,2,4,6,1,127.1318,37.6084,경기구리시,0,원동기장치자전거없음,0,0,0,165,0,0
2018-01-09,1,1,1,3,2,0,0,경기,포천시,1,9,6,1,1,1,3,127.24,38.1517,경기포천시,1,화물차화물차,0,0,0,171,0,0
2018-04-09,1,0,1,7,6,0,0,경기,포천시,1,6,0,1,2,1,1,127.2627,37.8221,경기포천시,2,화물차없음,0,0,0,171,0,0
2018-06-22,0,4,1,1,0,0,0,경기,포천시,1,1,0,0,0,1,1,127.3917,38.0951,경기포천시,0,화물차없음,0,0,0,171,0,0
2018-05-19,1,5,1,1,0,0,0,경기,고양시,1,1,0,0,0,7,1,126.7287,37.6624,경기고양시,0,자전거없음,0,1,0,40,0,0
2018-03-23,0,4,1,1,0,0,0,서울,중구,1,8,0,1,1,0,4,127.0024,37.5647,서울중구,0,승용차이륜차,0,0,0,8,0,0
2018-06-03,1,6,1,1,0,0,0,서울,종로구,1,8,6,1,1,1,2,126.9595,37.601,서울종로구,0,화물차승용차,0,1,0,116,0,0
2018-02-25,0,6,1,4,2,1,0,서울,강북구,1,8,6,1,1,0,2,127.0334,37.6108,서울강북구,1,승용차승용차,0,1,0,200,0,0
2018-06-19,0,1,1,1,0,0,0,서울,강북구,1,1,0,0,0,7,1,127.0054,37.6735,서울강북구,0,자전거없음,0,0,0,200,0,0
2018-05-15,0,1,1,1,0,0,0,서울,마포구,1,8,0,0,0,7,2,126.9565,37.5533,서울마포구,0,자전거승용차,0,0,0,159,0,0
2018-10-03,1,2,1,2,0,1,0,서울,영등포구,1,1,0,1,2,7,2,126.9047,37.5199,서울영등포구,0,자전거승용차,0,1,0,150,0,0
2018-08-09,0,3,1,1,0,0,0,서울,영등포구,1,8,0,1,2,7,2,126.9084,37.4959,서울영등포구,0,자전거승용차,0,0,0,150,0,0
2018-05-17,0,3,1,1,0,0,0,서울,영등포구,1,6,0,1,1,0,1,126.8873,37.514,서울영등포구,0,승용차없음,0,0,0,150,0,0
2018-07-13,1,4,1,1,0,0,0,서울,영등포구,1,1,0,0,0,1,3,126.9007,37.5158,서울영등포구,0,화물차화물차,0,0,0,150,0,0
2018-11-29,1,3,1,4,1,2,0,서울,중랑구,1,9,5,2,4,0,2,127.0843,37.6022,서울중랑구,1,승용차승용차,0,0,0,196,0,0
2018-01-05,0,4,1,3,2,0,0,서울,강서구,1,9,0,1,2,0,2,126.8291,37.5728,서울강서구,1,승용차승용차,0,0,0,43,0,0
2018-03-04,0,6,1,3,0,2,0,서울,송파구,1,9,5,0,0,6,6,127.1164,37.496,서울송파구,0,원동기장치자전거승합차,0,1,0,156,0,0
2018-02-21,0,2,1,5,0,4,0,서울,송파구,1,5,0,1,2,1,2,127.1128,37.52,서울송파구,1,화물차승용차,0,0,0,156,0,0
2018-02-17,1,5,1,1,0,0,0,서울,송파구,1,8,0,1,3,1,5,127.104,37.5082,서울송파구,0,화물차자전거,0,1,0,156,0,0
2018-11-11,1,6,2,10,4,4,0,서울,송파구,1,1,0,0,0,0,6,127.0855,37.5168,서울송파구,2,승용차승합차,0,1,0,156,0,0
2018-12-13,1,3,1,2,1,0,0,서울,성북구,1,6,0,0,0,0,1,127.0262,37.6036,서울성북구,0,승용차없음,0,0,0,167,0,0
2018-12-24,0,0,1,1,0,0,0,서울,서초구,1,1,0,0,0,0,2,127.0385,37.465,서울서초구,0,승용차승용차,0,0,0,214,0,0
2018-11-29,0,3,1,5,1,3,0,서울,서초구,1,8,6,1,1,0,6,127.0131,37.5086,서울서초구,1,승용차승합차,0,0,0,214,0,0
2018-10-09,0,1,1,1,0,0,0,서울,양천구,1,12,0,0,0,4,1,126.8349,37.5254,서울양천구,0,이륜차없음,0,1,0,140,0,0
2018-09-09,0,6,1,1,0,0,0,서울,은평구,1,6,0,0,0,6,1,126.9151,37.6174,서울은평구,0,원동기장치자전거없음,0,1,0,139,0,0
2018-08-12,0,6,1,1,0,0,0,서울,강남구,1,1,0,0,0,0,1,127.0742,37.4852,서울강남구,0,승용차없음,0,1,0,89,0,0
2018-07-12,1,3,1,1,0,0,0,부산,동래구,1,1,7,1,1,0,5,129.0839,35.2036,부산동래구,0,승용차자전거,0,0,0,216,0,0
2018-02-12,1,0,1,1,0,0,0,부산,영도구,1,8,6,1,1,7,9,129.058,35.0996,부산영도구,0,자전거건설기계,0,0,0,173,0,0
2018-04-28,1,5,1,1,0,0,0,부산,영도구,1,8,5,0,0,4,3,129.0469,35.0881,부산영도구,0,이륜차화물차,0,1,0,173,0,0
2018-07-28,0,5,1,1,0,0,0,부산,부산진구,1,1,0,0,0,4,1,129.069,35.1626,부산부산진구,0,이륜차없음,0,1,0,163,0,0
2018-04-09,1,0,1,1,0,0,0,부산,사하구,1,8,3,0,0,4,6,128.9636,35.1062,부산사하구,0,이륜차승합차,0,0,0,25,0,0
2018-07-28,0,5,1,1,0,0,0,경남,김해시,1,1,0,0,0,1,1,128.9256,35.347,경남김해시,0,화물차없음,0,1,0,13,0,0
2018-02-22,1,3,1,2,0,1,0,경남,양산시,1,9,5,0,0,1,9,129.0528,35.3787,경남양산시,0,화물차건설기계,0,0,0,49,0,0
2018-08-02,0,3,1,1,0,0,0,경기,성남시,1,12,0,0,0,8,1,127.1022,37.4227,경기성남시,0,기타없음,0,0,0,95,0,0
2018-08-18,1,5,3,3,0,0,0,경기,평택시,1,8,2,1,1,4,2,127.0777,37.0918,경기평택시,1,이륜차승용차,0,1,0,14,0,0
2018-03-10,1,5,1,1,0,0,0,경기,평택시,1,8,8,1,1,0,2,127.0412,36.9675,경기평택시,0,승용차승용차,0,1,0,14,0,0
2018-06-01,0,4,1,1,0,0,0,경기,평택시,1,1,0,0,0,0,1,127.0987,37.1003,경기평택시,0,승용차없음,0,0,0,14,0,0
2018-08-30,1,3,1,1,0,0,0,경기,평택시,1,8,0,1,2,4,2,127.1001,37.0445,경기평택시,0,이륜차승용차,0,0,0,14,0,0
2018-09-12,1,2,1,1,0,0,0,경기,평택시,1,12,0,1,1,8,1,127.0765,37.0799,경기평택시,0,기타없음,0,0,0,14,0,0
2018-02-11,1,6,1,3,1,1,0,경기,안성시,1,8,6,1,1,1,3,127.2269,37.0342,경기안성시,0,화물차화물차,0,1,0,23,0,0
2018-12-20,1,3,1,1,0,0,0,경기,이천시,1,9,0,0,0,0,4,127.4654,37.2703,경기이천시,0,승용차이륜차,0,0,0,41,0,0
2018-11-29,0,3,1,1,0,0,0,경기,이천시,1,11,0,1,2,0,1,127.5475,37.1723,경기이천시,0,승용차없음,0,0,0,41,0,0
2018-03-17,0,5,1,1,0,0,0,경기,이천시,1,1,0,0,0,0,2,127.3503,37.2552,경기이천시,0,승용차승용차,0,1,0,41,0,0
2018-08-14,1,1,1,1,0,0,0,경기,이천시,1,8,7,1,1,0,4,127.4281,37.3224,경기이천시,0,승용차이륜차,0,0,0,41,0,0
2018-02-01,0,3,1,1,0,0,0,경기,여주시,1,8,5,1,1,1,4,127.5301,37.2184,경기여주시,0,화물차이륜차,0,0,0,22,0,0
2018-07-28,1,5,1,7,2,4,0,경기,용인시,1,9,5,1,2,0,2,127.1472,37.2516,경기용인시,1,승용차승용차,0,1,0,51,0,0
2018-06-05,1,1,1,1,0,0,0,경기,용인시,1,6,0,0,0,3,1,127.23,37.3504,경기용인시,0,건설기계없음,0,0,0,51,0,0
2018-05-05,0,5,1,1,0,0,0,경기,용인시,1,6,0,1,2,4,1,127.132,37.2233,경기용인시,0,이륜차없음,0,1,0,51,0,0
2018-04-28,1,5,1,1,0,0,0,경기,김포시,1,8,6,1,1,3,2,126.5675,37.6472,경기김포시,0,건설기계승용차,0,1,0,47,0,0
2018-12-14,1,4,1,3,1,0,1,경기,김포시,1,1,6,1,1,4,9,126.621,37.6187,경기김포시,0,이륜차건설기계,0,0,0,47,0,0
2018-07-08,1,6,2,3,1,0,0,경기,양평군,1,11,0,0,0,0,1,127.5021,37.5538,경기양평군,1,승용차없음,0,1,0,48,0,0
2018-03-14,1,2,1,1,0,0,0,경기,양평군,1,6,0,0,0,4,1,127.3416,37.5371,경기양평군,0,이륜차없음,0,0,0,48,0,0
2018-12-29,0,5,1,2,0,1,0,경기,오산시,1,8,6,1,1,2,6,127.079,37.1589,경기오산시,0,승합차승합차,0,1,0,143,0,0
2018-04-10,0,1,1,1,0,0,0,경기,화성시,1,1,0,2,4,7,1,127.0424,37.2314,경기화성시,0,자전거없음,0,0,0,50,0,0
2018-10-30,0,1,1,1,0,0,0,경기,광명시,1,5,0,0,0,0,9,126.8804,37.4691,경기광명시,0,승용차건설기계,0,0,0,81,0,0
2018-12-08,1,5,1,1,0,0,0,경기,안산시,1,5,0,0,0,0,9,126.8172,37.3306,경기안산시,0,승용차건설기계,0,1,0,2,0,0
2018-09-18,0,1,1,1,0,0,0,경기,수원시,1,8,0,1,3,2,5,127.0658,37.2576,경기수원시,0,승합차자전거,0,0,0,99,0,0
2018-07-06,0,4,1,1,0,0,0,경기,성남시,1,1,0,0,0,4,1,127.1511,37.4206,경기성남시,0,이륜차없음,0,0,0,95,0,0
2018-01-10,0,2,1,1,0,0,0,경기,성남시,1,1,6,1,1,4,6,127.1518,37.4299,경기성남시,0,이륜차승합차,0,0,0,95,0,0
2018-01-07,1,6,1,5,2,2,0,경기,시흥시,1,5,0,0,0,1,2,126.8275,37.405,경기시흥시,1,화물차승용차,0,1,0,73,0,0
2018-05-27,1,6,1,12,2,5,4,경기,시흥시,1,5,0,0,0,1,2,126.7424,37.3832,경기시흥시,2,화물차승용차,0,1,0,73,0,0
2018-07-15,1,6,1,1,0,0,0,경기,수원시,1,1,0,0,0,4,1,126.9716,37.2671,경기수원시,0,이륜차없음,0,1,0,99,0,0
2018-01-08,1,0,1,2,1,0,0,경기,이천시,1,1,0,0,0,0,2,127.4344,37.2346,경기이천시,0,승용차승용차,0,0,0,41,0,0
2018-05-13,1,6,2,4,2,0,0,경기,가평군,1,6,0,0,0,0,1,127.4413,37.6492,경기가평군,1,승용차없음,0,1,0,176,0,0
2018-05-30,0,2,1,3,1,1,0,경기,용인시,1,9,5,0,0,0,2,127.2788,37.2425,경기용인시,0,승용차승용차,0,0,0,51,0,0
2018-03-24,0,5,1,4,0,3,0,경기,화성시,1,5,0,0,0,0,3,126.9806,37.1795,경기화성시,1,승용차화물차,0,1,0,50,0,0
2018-07-02,0,0,2,4,0,2,0,경기,이천시,1,1,0,0,0,0,2,127.3536,37.2502,경기이천시,1,승용차승용차,0,0,0,41,0,0
2018-11-15,1,3,1,1,0,0,0,경기,화성시,1,6,0,0,0,4,1,126.8963,37.1006,경기화성시,0,이륜차없음,0,0,0,50,0,0
2018-05-29,1,1,1,2,0,1,0,경기,화성시,1,9,5,0,0,1,9,126.9794,37.1249,경기화성시,0,화물차건설기계,0,0,0,50,0,0
2018-05-25,0,4,1,1,0,0,0,경기,화성시,1,6,0,0,0,4,1,126.8935,37.1488,경기화성시,0,이륜차없음,0,0,0,50,0,0
2018-04-02,1,0,1,22,2,19,0,경기,화성시,1,5,0,1,2,3,2,126.7766,37.2068,경기화성시,2,건설기계승용차,0,0,0,50,0,0
2018-01-21,1,6,1,1,0,0,0,경기,화성시,1,1,0,0,0,3,1,126.8541,37.0393,경기화성시,0,건설기계없음,0,1,0,50,0,0
2018-09-07,0,4,1,1,0,0,0,경기,의왕시,1,1,6,1,1,0,7,126.9869,37.393,경기의왕시,0,승용차원동기장치자전거,0,0,0,199,0,0
2018-03-12,1,0,1,1,0,0,0,경기,안양시,1,8,10,0,0,4,2,126.9247,37.3953,경기안양시,0,이륜차승용차,0,0,0,151,0,0
2018-11-02,0,4,1,1,0,0,0,경기,용인시,1,1,6,1,1,0,4,127.071,37.3262,경기용인시,0,승용차이륜차,0,0,0,51,0,0
2018-07-18,1,2,1,1,0,0,0,강원,춘천시,1,8,0,0,0,0,5,127.7238,37.8852,강원춘천시,0,승용차자전거,0,0,0,111,0,0
2018-04-23,0,0,1,1,0,0,0,강원,강릉시,1,6,0,1,2,0,1,128.8822,37.7719,강원강릉시,0,승용차없음,0,0,0,194,0,0
2018-12-30,0,6,1,1,0,0,0,강원,강릉시,1,6,0,0,0,1,1,128.9098,37.758,강원강릉시,0,화물차없음,0,1,0,194,0,0
2018-11-08,0,3,1,4,0,2,1,강원,원주시,1,5,0,1,2,1,6,127.9489,37.3351,강원원주시,0,화물차승합차,0,0,0,36,0,0
2018-01-29,1,0,1,1,0,0,0,강원,속초시,1,8,0,1,1,0,5,128.5943,38.1903,강원속초시,0,승용차자전거,0,0,0,104,0,0
2018-07-25,0,2,1,1,0,0,0,강원,영월군,1,11,0,0,0,4,1,128.3617,37.2458,강원영월군,0,이륜차없음,0,0,0,114,0,0
2018-04-11,1,2,1,1,0,0,0,강원,영월군,1,12,0,0,0,8,1,128.3897,37.1716,강원영월군,0,기타없음,0,0,0,114,0,0
2018-03-04,1,6,1,1,0,0,0,강원,평창군,1,9,5,0,0,4,2,128.4528,37.5167,강원평창군,0,이륜차승용차,0,1,0,24,0,0
2018-01-15,1,0,1,3,1,1,0,강원,화천군,1,6,0,0,0,0,1,127.7549,38.1314,강원화천군,0,승용차없음,0,0,0,218,0,0
2018-09-14,1,4,1,1,0,0,0,강원,태백시,1,6,0,1,2,1,1,129.0035,37.1258,강원태백시,0,화물차없음,0,0,0,215,0,0
2018-11-09,1,4,1,1,0,0,0,강원,태백시,1,12,0,0,0,0,1,129.0287,37.0911,강원태백시,0,승용차없음,0,0,0,215,0,0
2018-01-01,1,0,1,1,0,0,0,강원,정선군,1,11,0,0,0,1,1,128.6422,37.4432,강원정선군,0,화물차없음,0,1,0,198,0,0
2018-04-11,1,2,1,1,0,0,0,강원,횡성군,1,8,7,1,1,9,7,128.111,37.5608,강원횡성군,0,농기계원동기장치자전거,0,0,0,31,0,0
2018-04-22,1,6,1,1,0,0,0,강원,인제군,1,6,0,0,0,6,1,128.213,38.1342,강원인제군,0,원동기장치자전거없음,0,1,0,124,0,0
2018-08-26,1,6,1,1,0,0,0,강원,인제군,1,9,6,1,2,0,4,128.1796,38.0919,강원인제군,0,승용차이륜차,0,1,0,124,0,0
2018-10-30,1,1,1,1,0,0,0,충북,청주시,1,8,6,1,1,7,2,127.49,36.6411,충북청주시,0,자전거승용차,0,0,0,83,0,0
2018-06-29,1,4,1,1,0,0,0,충북,충주시,1,11,0,0,0,3,1,128.0796,37.0259,충북충주시,0,건설기계없음,0,0,0,6,0,0
2018-02-06,1,1,1,1,0,0,0,충북,충주시,1,1,0,1,3,1,5,127.9347,36.9804,충북충주시,0,화물차자전거,0,0,0,6,0,0
2018-06-21,0,3,1,1,0,0,0,충북,제천시,1,9,5,0,0,7,3,128.2124,37.1506,충북제천시,0,자전거화물차,0,0,0,103,0,0
2018-10-25,0,3,2,4,2,0,0,충북,제천시,1,9,5,2,4,0,2,128.2056,37.0816,충북제천시,1,승용차승용차,0,0,0,103,0,0
2018-04-30,0,0,1,1,0,0,0,충북,영동군,1,12,0,2,4,4,1,127.7107,36.1925,충북영동군,0,이륜차없음,0,0,0,75,0,0
2018-09-09,1,6,1,1,0,0,0,충북,영동군,1,1,0,0,0,9,1,127.8004,36.083,충북영동군,0,농기계없음,0,1,0,75,0,0