발생년월일,주야,요일,사망자수,사상자수,중상자수,경상자수,부상신고자수,발생지시도,발생지시군구,사고유형_대분류,사고유형_중분류,법규위반,도로형태_대분류,도로형태,당사자종별_1당_대분류,당사자종별_2당_대분류,경도,위도,발생지,사고피해정도,사고차량타입,도시여부,주말/공휴일,인구수,발생지번호,보행자의위치,무단횡단여부
2018-11-03,1,5,1,1,0,0,0,충북,보은군,1,11,0,0,0,1,1,127.6957,36.4241,충북보은군,0,화물차없음,0,1,0,32,0,0
2018-09-11,0,1,1,1,0,0,0,충북,음성군,1,11,0,1,2,4,1,127.4731,36.9798,충북음성군,0,이륜차없음,0,0,0,110,0,0
2018-08-19,1,6,1,2,0,1,0,충북,음성군,1,5,0,0,0,0,8,127.6661,36.8912,충북음성군,0,승용차농기계,0,1,0,110,0,0
2018-07-24,1,1,1,1,0,0,0,충북,옥천군,1,1,6,1,1,1,3,127.5786,36.299,충북옥천군,0,화물차화물차,0,0,0,142,0,0
2018-06-14,1,3,1,1,0,0,0,충북,옥천군,1,11,0,0,0,0,1,127.5147,36.337,충북옥천군,0,승용차없음,0,0,0,142,0,0
2018-05-18,0,4,1,1,0,0,0,충북,단양군,1,1,0,0,0,4,1,128.4922,37.0745,충북단양군,0,이륜차없음,0,0,0,204,0,0
2018-10-27,1,5,1,1,0,0,0,충북,진천군,1,1,7,1,1,1,4,127.4889,36.8943,충북진천군,0,화물차이륜차,0,1,0,60,0,0
2018-04-29,1,6,1,1,0,0,0,충북,진천군,1,9,5,1,2,9,4,127.3274,36.8929,충북진천군,0,농기계이륜차,0,1,0,60,0,0
2018-02-04,0,6,1,6,2,3,0,충북,진천군,1,1,3,0,0,2,2,127.4489,36.9198,충북진천군,1,승합차승용차,0,1,0,60,0,0
2018-02-16,0,4,1,6,2,3,0,충북,청주시,1,1,6,1,1,0,2,127.4363,36.6326,충북청주시,1,승용차승용차,0,1,0,83,0,0
2018-05-24,1,3,1,1,0,0,0,충북,청주시,1,6,0,0,0,0,1,127.4538,36.4607,충북청주시,0,승용차없음,0,0,0,83,0,0
2018-08-13,1,0,1,3,0,2,0,충북,청주시,1,8,6,1,1,4,3,127.459,36.6149,충북청주시,0,이륜차화물차,0,0,0,83,0,0
2018-09-16,1,6,1,1,0,0,0,충북,청주시,1,1,0,0,0,5,4,127.4512,36.6669,충북청주시,0,특수차이륜차,0,1,0,83,0,0
2018-02-03,0,5,1,6,1,4,0,충북,음성군,1,5,3,0,0,5,3,127.4828,37.0225,충북음성군,1,특수차화물차,0,1,0,110,0,0
2018-06-04,0,0,1,1,0,0,0,충북,진천군,1,11,0,0,0,5,1,127.4803,36.8601,충북진천군,0,특수차없음,0,0,0,60,0,0
2018-07-04,1,2,1,9,0,8,0,충북,충주시,1,5,0,0,0,0,2,127.8899,36.9077,충북충주시,2,승용차승용차,0,0,0,6,0,0
2018-12-06,0,3,1,20,13,6,0,충북,충주시,1,5,0,0,0,2,9,127.7609,37.039,충북충주시,2,승합차건설기계,0,0,0,6,0,0
2018-08-30,0,3,1,1,0,0,0,경기,광주시,1,6,0,0,0,0,1,127.2503,37.4627,경기광주시,0,승용차없음,0,0,0,9,0,0
2018-04-04,0,2,1,3,0,2,0,충북,괴산군,1,5,0,0,0,1,3,128.0054,36.7493,충북괴산군,0,화물차화물차,0,0,0,179,0,0
2018-11-20,0,1,1,5,0,4,0,충북,충주시,1,5,3,0,0,0,2,127.7197,37.0881,충북충주시,1,승용차승용차,0,0,0,6,0,0
2018-02-11,0,6,1,3,1,1,0,충남,서산시,1,9,5,0,0,1,2,126.5317,36.7235,충남서산시,0,화물차승용차,0,1,0,69,0,0
2018-10-17,0,2,1,1,0,0,0,충남,천안시,1,1,0,0,0,4,1,127.15,36.8254,충남천안시,0,이륜차없음,0,0,0,63,0,0
2018-04-10,0,1,1,1,0,0,0,충남,천안시,1,8,7,1,1,0,4,127.1213,36.8017,충남천안시,0,승용차이륜차,0,0,0,63,0,0
2018-01-29,1,0,1,1,0,0,0,충남,논산시,1,5,0,0,0,0,9,127.096,36.1812,충남논산시,0,승용차건설기계,0,0,0,61,0,0
2018-06-07,1,3,1,1,0,0,0,충남,계룡시,1,1,0,0,0,4,1,127.2295,36.3085,충남계룡시,0,이륜차없음,0,0,0,223,0,0
2018-11-20,0,1,3,5,2,0,0,충남,홍성군,1,6,0,1,2,0,1,126.6532,36.6053,충남홍성군,1,승용차없음,0,0,0,38,0,0
2018-09-03,1,0,1,1,0,0,0,충남,홍성군,1,5,2,0,0,0,4,126.5836,36.5968,충남홍성군,0,승용차이륜차,0,0,0,38,0,0
2018-07-10,1,1,1,4,0,3,0,충남,홍성군,1,8,5,1,2,9,2,126.646,36.5555,충남홍성군,1,농기계승용차,0,0,0,38,0,0
2018-09-15,0,5,1,1,0,0,0,충남,아산시,1,5,2,0,0,0,4,126.8953,36.7532,충남아산시,0,승용차이륜차,0,1,0,53,0,0
2018-08-04,1,5,1,1,0,0,0,충남,서천군,1,6,0,1,1,1,1,126.6527,36.1433,충남서천군,0,화물차없음,0,1,0,10,0,0
2018-06-20,1,2,1,2,0,1,0,충남,보령시,1,12,0,0,0,1,1,126.6521,36.1929,충남보령시,0,화물차없음,0,0,0,136,0,0
2018-12-03,1,0,1,2,0,1,0,충남,공주시,1,9,0,0,0,1,3,127.053,36.3161,충남공주시,0,화물차화물차,0,0,0,19,0,0
2018-09-17,0,0,1,1,0,0,0,충남,공주시,1,5,2,1,2,0,12,127.1168,36.5923,충남공주시,0,승용차기타,0,0,0,19,0,0
2018-02-21,1,2,1,1,0,0,0,충남,당진시,1,6,0,0,0,1,1,126.6475,36.895,충남당진시,0,화물차없음,0,0,0,46,0,0
2018-09-09,1,6,1,1,0,0,0,충남,당진시,1,1,0,0,0,4,3,126.6913,36.8089,충남당진시,0,이륜차화물차,0,1,0,46,0,0
2018-05-29,1,1,1,1,0,0,0,충남,당진시,1,9,0,0,0,4,3,126.5322,36.9692,충남당진시,0,이륜차화물차,0,0,0,46,0,0
2018-07-24,1,1,1,1,0,0,0,충남,금산군,1,11,0,2,4,9,1,127.4499,36.026,충남금산군,0,농기계없음,0,0,0,68,0,0
2018-07-18,1,2,1,1,0,0,0,충남,청양군,1,8,2,2,4,1,5,126.8091,36.4532,충남청양군,0,화물차자전거,0,0,0,174,0,0
2018-11-18,1,6,1,1,0,0,0,충남,천안시,1,8,6,1,1,4,2,127.1537,36.7985,충남천안시,0,이륜차승용차,0,1,0,63,0,0
2018-09-04,1,1,1,3,1,1,0,충남,태안군,1,8,6,1,1,2,3,126.2936,36.7525,충남태안군,0,승합차화물차,0,0,0,169,0,0
2018-11-05,0,0,1,2,0,0,1,충남,태안군,1,9,5,0,0,8,2,126.3084,36.7431,충남태안군,0,기타승용차,0,0,0,169,0,0
2018-02-13,1,1,1,2,1,0,0,충남,태안군,1,5,0,0,0,0,4,126.3085,36.6644,충남태안군,0,승용차이륜차,0,0,0,169,0,0
2018-09-23,1,6,1,2,0,0,1,충남,태안군,1,8,8,1,1,8,2,126.1957,36.6997,충남태안군,0,기타승용차,0,1,0,169,0,0
2018-05-04,1,4,2,2,0,0,0,대전,유성구,1,6,0,0,0,0,1,127.3312,36.3626,대전유성구,0,승용차없음,0,0,0,148,0,0
2018-01-30,0,1,1,1,0,0,0,전북,전주시,1,5,2,0,0,0,2,127.0809,35.8508,전북전주시,0,승용차승용차,0,0,0,11,0,0
2018-02-14,1,2,1,1,0,0,0,전북,전주시,1,6,0,0,0,0,1,127.0274,35.8863,전북전주시,0,승용차없음,0,0,0,11,0,0
2018-10-01,1,0,1,1,0,0,0,전북,군산시,1,1,0,1,1,1,5,126.8004,35.912,전북군산시,0,화물차자전거,0,0,0,166,0,0
2018-07-31,0,1,1,1,0,0,0,전북,군산시,1,1,2,0,0,0,7,126.8229,35.9359,전북군산시,0,승용차원동기장치자전거,0,0,0,166,0,0
2018-08-31,0,4,1,1,0,0,0,전북,익산시,1,6,0,0,0,0,1,127.0227,36.0859,전북익산시,0,승용차없음,0,0,0,125,0,0
2018-09-30,0,6,1,1,0,0,0,전북,김제시,1,1,5,0,0,0,1,127.0199,35.7611,전북김제시,0,승용차없음,0,1,0,34,0,0
2018-10-01,1,0,1,1,0,0,0,전북,김제시,1,1,5,1,2,4,2,127.0378,35.7884,전북김제시,0,이륜차승용차,0,0,0,34,0,0
2018-09-19,1,2,1,1,0,0,0,전북,김제시,1,8,0,1,1,4,2,126.895,35.7993,전북김제시,0,이륜차승용차,0,0,0,34,0,0
2018-11-21,1,2,1,1,0,0,0,전북,남원시,1,12,0,0,0,4,1,127.4076,35.4088,전북남원시,0,이륜차없음,0,0,0,193,0,0
2018-08-30,0,3,1,1,0,0,0,전북,남원시,1,11,0,0,0,9,1,127.2783,35.384,전북남원시,0,농기계없음,0,0,0,193,0,0
2018-11-28,1,2,2,4,2,0,0,전북,남원시,1,8,6,1,1,0,9,127.3287,35.3821,전북남원시,1,승용차건설기계,0,0,0,193,0,0
2018-04-24,1,1,1,1,0,0,0,전북,고창군,1,8,6,1,1,6,9,126.5448,35.333,전북고창군,0,원동기장치자전거건설기계,0,0,0,219,0,0
2018-09-15,1,5,1,7,6,0,0,전북,고창군,1,8,6,1,1,0,2,126.555,35.4263,전북고창군,2,승용차승용차,0,1,0,219,0,0
2018-10-25,1,3,1,1,0,0,0,전북,고창군,1,8,6,1,1,4,3,126.5115,35.4639,전북고창군,0,이륜차화물차,0,0,0,219,0,0
2018-07-29,0,6,1,5,3,1,0,전북,부안군,1,9,5,0,0,0,3,126.4799,35.6208,전북부안군,1,승용차화물차,0,1,0,185,0,0
2018-03-22,1,3,1,1,0,0,0,전북,순창군,1,9,5,2,4,4,9,127.2378,35.4396,전북순창군,0,이륜차건설기계,0,0,0,131,0,0
2018-10-02,1,1,1,1,0,0,0,전북,장수군,1,11,0,2,4,1,1,127.5962,35.7522,전북장수군,0,화물차없음,0,0,0,155,0,0
2018-05-25,1,4,1,1,0,0,0,전북,무주군,1,6,0,0,0,1,1,127.8245,35.9194,전북무주군,0,화물차없음,0,0,0,182,0,0
2018-06-25,1,0,1,1,0,0,0,전북,무주군,1,12,0,0,0,1,1,127.8247,35.9194,전북무주군,0,화물차없음,0,0,0,182,0,0
2018-08-17,1,4,1,1,0,0,0,전북,완주군,1,1,0,0,0,0,1,127.1256,35.9506,전북완주군,0,승용차없음,0,0,0,28,0,0
2018-07-03,1,1,1,6,4,1,0,전북,완주군,1,6,0,0,0,2,1,127.111,35.9229,전북완주군,1,승합차없음,0,0,0,28,0,0
2018-06-08,0,4,2,7,3,2,0,경남,함양군,1,5,0,0,0,1,3,127.7628,35.5814,경남함양군,2,화물차화물차,0,0,0,108,0,0
2018-09-29,1,5,1,1,0,0,0,전북,군산시,1,5,0,0,0,1,3,126.7967,36.0173,전북군산시,0,화물차화물차,0,1,0,166,0,0
2018-09-26,1,2,1,5,4,0,0,충남,당진시,1,1,0,0,0,1,2,126.649,36.8618,충남당진시,1,화물차승용차,0,1,0,46,0,0
2018-09-21,0,4,1,2,0,1,0,전북,부안군,1,5,0,0,0,1,11,126.697,35.5773,전북부안군,0,화물차특수차,0,0,0,185,0,0
2018-12-09,1,6,2,6,0,4,0,전북,군산시,1,1,0,0,0,2,1,126.8171,35.9918,전북군산시,1,승합차없음,0,1,0,166,0,0
2018-03-05,0,0,1,1,0,0,0,충남,서산시,1,5,4,0,0,1,2,126.5624,36.7129,충남서산시,0,화물차승용차,0,0,0,69,0,0
2018-03-22,0,3,1,3,0,2,0,충남,보령시,1,8,0,0,0,0,3,126.5805,36.4369,충남보령시,0,승용차화물차,0,0,0,136,0,0
2018-10-15,1,0,1,2,0,1,0,전남,여수시,1,9,5,0,0,0,3,127.7734,34.6632,전남여수시,0,승용차화물차,0,0,0,102,0,0
2018-11-27,0,1,1,1,0,0,0,전남,여수시,1,6,0,0,0,0,1,127.6711,34.7653,전남여수시,0,승용차없음,0,0,0,102,0,0
2018-06-28,0,3,1,2,1,0,0,전남,여수시,1,6,0,0,0,0,1,127.7307,34.6563,전남여수시,0,승용차없음,0,0,0,102,0,0
2018-04-04,0,2,1,1,0,0,0,전남,여수시,1,1,0,0,0,1,1,127.6372,34.8094,전남여수시,0,화물차없음,0,0,0,102,0,0
2018-06-26,0,1,1,3,2,0,0,전남,순천시,1,8,2,1,1,0,2,127.5847,34.8992,전남순천시,1,승용차승용차,0,0,0,27,0,0
2018-08-24,1,4,1,1,0,0,0,전남,순천시,1,8,8,1,1,1,4,127.2924,34.9142,전남순천시,0,화물차이륜차,0,0,0,27,0,0
2018-09-12,1,2,1,1,0,0,0,전남,순천시,1,12,0,0,0,9,1,127.2643,34.973,전남순천시,0,농기계없음,0,0,0,27,0,0
2018-05-17,1,3,1,1,0,0,0,전남,순천시,1,6,0,0,0,1,1,127.4201,35.0886,전남순천시,0,화물차없음,0,0,0,27,0,0
2018-04-11,0,2,1,1,0,0,0,전남,나주시,1,1,0,0,0,6,1,126.5873,35.0159,전남나주시,0,원동기장치자전거없음,0,0,0,33,0,0
2018-02-27,1,1,1,1,0,0,0,전남,해남군,1,11,0,0,0,1,1,126.6064,34.3794,전남해남군,0,화물차없음,0,0,0,119,0,0
2018-02-22,1,3,1,1,0,0,0,전남,해남군,1,8,8,1,1,1,4,126.3992,34.5737,전남해남군,0,화물차이륜차,0,0,0,119,0,0
2018-09-21,1,4,1,1,0,0,0,전남,해남군,1,6,0,0,0,1,1,126.6783,34.6625,전남해남군,0,화물차없음,0,0,0,119,0,0
2018-11-08,0,3,2,2,0,0,0,전남,해남군,1,1,0,0,0,2,1,126.3429,34.5949,전남해남군,0,승합차없음,0,0,0,119,0,0
2018-12-15,1,5,1,3,1,1,0,전남,보성군,1,5,0,0,0,0,8,127.1488,34.8696,전남보성군,0,승용차농기계,0,1,0,122,0,0
2018-02-27,1,1,1,1,0,0,0,전남,보성군,1,1,4,1,2,1,3,127.2285,34.7965,전남보성군,0,화물차화물차,0,0,0,122,0,0
2018-09-28,1,4,1,1,0,0,0,전남,영광군,1,6,0,0,0,4,1,126.4514,35.2375,전남영광군,0,이륜차없음,0,0,0,127,0,0
2018-02-13,0,1,1,1,0,0,0,전남,영광군,1,6,0,0,0,0,1,126.5164,35.2489,전남영광군,0,승용차없음,0,0,0,127,0,0
2018-12-05,1,2,1,2,0,1,0,전남,화순군,1,8,8,1,1,4,3,126.9259,35.009,전남화순군,0,이륜차화물차,0,0,0,88,0,0
2018-12-10,1,0,1,1,0,0,0,전남,함평군,1,5,10,0,0,4,2,126.534,35.0421,전남함평군,0,이륜차승용차,0,0,0,157,0,0
2018-07-17,1,1,1,1,0,0,0,전남,영암군,1,11,0,0,0,0,1,126.599,34.8456,전남영암군,0,승용차없음,0,0,0,16,0,0
2018-07-12,1,3,1,3,1,1,0,전남,강진군,1,9,5,0,0,0,3,126.8261,34.4533,전남강진군,0,승용차화물차,0,0,0,121,0,0
2018-01-17,1,2,2,5,3,0,0,전남,완도군,1,11,0,0,0,9,1,126.8839,34.3665,전남완도군,1,농기계없음,0,0,0,141,0,0
2018-03-13,1,1,1,2,0,1,0,전남,완도군,1,9,5,0,0,1,3,126.8036,34.4038,전남완도군,0,화물차화물차,0,0,0,141,0,0
2018-01-28,1,6,1,3,2,0,0,전남,무안군,1,9,5,0,0,1,3,126.3382,35.0817,전남무안군,1,화물차화물차,0,1,0,101,0,0
2018-08-04,1,5,1,2,1,0,0,전남,광양시,1,5,0,0,0,1,3,127.6628,34.9707,전남광양시,0,화물차화물차,0,1,0,130,0,0
2018-07-01,1,6,1,1,0,0,0,전남,광양시,1,6,0,0,0,0,1,127.5507,34.9645,전남광양시,0,승용차없음,0,1,0,130,0,0
2018-06-27,1,2,1,1,0,0,0,전남,구례군,1,8,8,1,1,1,4,127.4701,35.2072,전남구례군,0,화물차이륜차,0,0,0,161,0,0
2018-07-14,1,5,1,13,3,9,0,광주,북구,1,1,0,0,0,0,2,126.9293,35.1938,광주북구,2,승용차승용차,0,1,0,137,0,0
2018-06-26,0,1,1,2,0,1,0,전북,정읍시,1,5,0,0,0,1,3,126.8192,35.5465,전북정읍시,0,화물차화물차,0,0,0,12,0,0
2018-01-16,1,1,1,1,0,0,0,경북,경주시,1,8,0,0,0,4,2,129.2302,35.8817,경북경주시,0,이륜차승용차,0,0,0,100,0,0
2018-05-02,0,2,1,1,0,0,0,경북,경주시,1,9,5,0,0,0,2,129.2893,35.8342,경북경주시,0,승용차승용차,0,0,0,100,0,0
2018-02-12,0,0,1,3,1,1,0,경북,경주시,1,6,0,0,0,0,1,129.2307,35.8258,경북경주시,0,승용차없음,0,0,0,100,0,0
2018-08-30,1,3,1,1,0,0,0,경북,경주시,1,12,0,0,0,3,1,129.1618,35.9871,경북경주시,0,건설기계없음,0,0,0,100,0,0
2018-08-03,1,4,1,1,0,0,0,경북,경주시,1,8,0,1,1,0,5,129.2271,35.903,경북경주시,0,승용차자전거,0,0,0,100,0,0
2018-03-07,1,2,1,1,0,0,0,경북,안동시,1,12,0,0,0,3,1,128.8364,36.537,경북안동시,0,건설기계없음,0,0,0,66,0,0
2018-10-25,1,3,1,1,0,0,0,경북,김천시,1,8,7,1,1,1,4,128.0786,36.1364,경북김천시,0,화물차이륜차,0,0,0,76,0,0
2018-05-01,0,1,2,2,0,0,0,경북,김천시,1,9,5,0,0,1,2,128.2133,36.1571,경북김천시,0,화물차승용차,0,0,0,76,0,0
2018-04-30,0,0,1,1,0,0,0,경북,상주시,1,11,0,0,0,9,1,128.1085,36.3238,경북상주시,0,농기계없음,0,0,0,58,0,0
2018-03-07,1,2,1,1,0,0,0,경북,상주시,1,11,0,0,0,9,1,127.9144,36.4238,경북상주시,0,농기계없음,0,0,0,58,0,0
2018-10-10,1,2,1,1,0,0,0,경북,상주시,1,8,0,1,1,1,4,128.2929,36.3659,경북상주시,0,화물차이륜차,0,0,0,58,0,0
2018-09-14,0,4,1,1,0,0,0,경북,상주시,1,11,0,0,0,0,1,128.0559,36.4069,경북상주시,0,승용차없음,0,0,0,58,0,0
2018-09-23,1,6,1,1,0,0,0,경북,상주시,1,6,0,0,0,4,1,128.1044,36.3051,경북상주시,0,이륜차없음,0,1,0,58,0,0
2018-08-18,0,5,1,1,0,0,0,경북,상주시,1,5,3,0,0,2,5,128.1595,36.4469,경북상주시,0,승합차자전거,0,1,0,58,0,0
2018-01-09,1,1,1,1,0,0,0,경북,영주시,1,1,0,0,0,0,1,128.6682,36.9814,경북영주시,0,승용차없음,0,0,0,113,0,0
2018-09-20,0,3,1,1,0,0,0,경북,칠곡군,1,8,0,0,0,0,5,128.3967,35.9799,경북칠곡군,0,승용차자전거,0,0,0,21,0,0
2018-10-14,1,6,1,1,0,0,0,경북,칠곡군,1,6,0,0,0,0,1,128.5578,36.0237,경북칠곡군,0,승용차없음,0,1,0,21,0,0
2018-05-06,0,6,1,1,0,0,0,경북,경산시,1,1,0,0,0,4,1,128.8248,35.873,경북경산시,0,이륜차없음,0,1,0,52,0,0
2018-03-22,0,3,1,1,0,0,0,경북,경산시,1,1,0,0,0,4,2,128.8382,35.8848,경북경산시,0,이륜차승용차,0,0,0,52,0,0
2018-12-12,0,2,1,1,0,0,0,경북,경산시,1,5,0,0,0,1,6,128.8481,35.926,경북경산시,0,화물차승합차,0,0,0,52,0,0
2018-09-15,0,5,1,2,0,1,0,경북,경산시,1,8,0,0,0,0,6,128.7627,35.8426,경북경산시,0,승용차승합차,0,1,0,52,0,0
2018-11-29,1,3,1,2,1,0,0,경북,청도군,1,11,0,2,4,6,1,128.6939,35.6421,경북청도군,0,원동기장치자전거없음,0,0,0,3,0,0
2018-07-26,0,3,1,1,0,0,0,경북,청도군,1,1,0,1,2,9,1,128.7621,35.6857,경북청도군,0,농기계없음,0,0,0,3,0,0
2018-07-02,1,0,1,1,0,0,0,경북,청도군,1,11,0,1,1,8,1,128.8889,35.7021,경북청도군,0,기타없음,0,0,0,3,0,0
2018-11-13,0,1,1,1,0,0,0,경북,고령군,1,6,0,0,0,4,1,128.4588,35.822,경북고령군,0,이륜차없음,0,0,0,220,0,0
2018-12-31,1,0,1,1,0,0,0,경북,군위군,1,12,0,0,0,4,1,128.486,36.2422,경북군위군,0,이륜차없음,0,0,0,170,0,0
2018-08-08,1,2,1,1,0,0,0,경북,구미시,1,1,0,1,1,0,7,128.3536,36.1625,경북구미시,0,승용차원동기장치자전거,0,0,0,144,0,0
2018-12-17,0,0,1,2,1,0,0,경북,포항시,1,11,0,1,2,0,1,129.3436,35.9926,경북포항시,0,승용차없음,0,0,0,160,0,0
2018-05-10,0,3,1,1,0,0,0,경북,포항시,1,8,0,0,0,0,5,129.3509,36.0139,경북포항시,0,승용차자전거,0,0,0,160,0,0
2018-08-29,0,2,1,1,0,0,0,경북,구미시,1,6,0,0,0,5,1,128.5293,36.1818,경북구미시,0,특수차없음,0,0,0,144,0,0
2018-02-19,0,0,1,6,2,3,0,대구,북구,1,1,5,0,0,0,2,128.5504,35.9577,대구북구,1,승용차승용차,0,0,0,112,0,0
2018-10-05,0,4,1,2,0,1,0,경북,영천시,1,8,0,0,0,0,2,129.11,36.056,경북영천시,0,승용차승용차,0,0,0,5,0,0
2018-11-24,0,5,1,2,0,0,1,경남,창원시(통합),1,5,3,0,0,0,9,128.5634,35.2091,경남창원시(통합),0,승용차건설기계,0,1,0,86,0,0
2018-12-13,0,3,1,3,1,1,0,경남,진주시,1,8,6,1,1,1,2,128.1489,35.1804,경남진주시,0,화물차승용차,0,0,0,42,0,0
2018-12-20,1,3,1,2,0,1,0,경남,진주시,1,5,0,0,0,0,2,128.0977,35.1319,경남진주시,0,승용차승용차,0,0,0,42,0,0
2018-04-27,1,4,1,1,0,0,0,경남,진주시,1,8,0,1,1,0,4,128.0679,35.1942,경남진주시,0,승용차이륜차,0,0,0,42,0,0
2018-02-08,1,3,1,1,0,0,0,경남,통영시,1,8,0,0,0,4,2,128.4287,34.8395,경남통영시,0,이륜차승용차,0,0,0,212,0,0
2018-03-28,1,2,1,2,0,1,0,경남,창녕군,1,1,0,1,1,9,4,128.6204,35.3826,경남창녕군,0,농기계이륜차,0,0,0,211,0,0
2018-12-01,1,5,1,1,0,0,0,경남,함양군,1,11,0,0,0,4,1,127.8069,35.6682,경남함양군,0,이륜차없음,0,1,0,108,0,0
2018-11-11,1,6,1,1,0,0,0,경남,양산시,1,6,0,0,0,4,1,129.0524,35.3479,경남양산시,0,이륜차없음,0,1,0,49,0,0
2018-01-25,0,3,1,1,0,0,0,경남,양산시,1,8,0,0,0,0,2,129.0294,35.3466,경남양산시,0,승용차승용차,0,0,0,49,0,0
2018-04-22,1,6,1,4,3,0,0,경남,고성군,1,8,6,1,1,0,3,128.3348,34.9752,경남고성군,1,승용차화물차,0,1,0,87,0,0
2018-10-03,1,2,1,1,0,0,0,경남,고성군,1,5,0,0,0,0,8,128.3632,35.062,경남고성군,0,승용차농기계,0,1,0,87,0,0
2018-03-27,1,1,1,1,0,0,0,경남,하동군,1,9,5,0,0,4,3,127.7956,35.0791,경남하동군,0,이륜차화물차,0,0,0,172,0,0
2018-11-16,1,4,1,3,2,0,0,경남,남해군,1,9,5,0,0,1,9,127.9614,34.7423,경남남해군,1,화물차건설기계,0,0,0,197,0,0
2018-03-13,0,1,1,1,0,0,0,경남,의령군,1,8,0,2,4,0,3,128.3402,35.4812,경남의령군,0,승용차화물차,0,0,0,189,0,0
2018-07-31,1,1,1,1,0,0,0,경남,의령군,1,6,0,1,2,1,1,128.3314,35.4586,경남의령군,0,화물차없음,0,0,0,189,0,0
2018-11-19,1,0,1,1,0,0,0,경남,의령군,1,5,0,2,4,0,8,128.3431,35.4868,경남의령군,0,승용차농기계,0,0,0,189,0,0
2018-09-18,1,1,1,1,0,0,0,경남,창원시(통합),1,5,0,0,0,1,6,128.687,35.2323,경남창원시(통합),0,화물차승합차,0,0,0,86,0,0
2018-05-21,0,0,1,1,0,0,0,경남,김해시,1,11,0,0,0,1,1,128.8236,35.2554,경남김해시,0,화물차없음,0,0,0,13,0,0
2018-08-27,0,0,1,1,0,0,0,경남,진주시,1,6,0,0,0,0,1,128.2707,35.2208,경남진주시,0,승용차없음,0,0,0,42,0,0
2018-01-07,0,6,1,4,2,1,0,제주,서귀포시,1,6,0,1,2,0,1,126.2998,33.2818,제주서귀포시,1,승용차없음,0,1,0,62,0,0
2018-11-05,0,0,1,3,2,0,0,제주,서귀포시,1,1,2,0,0,0,2,126.5406,33.2442,제주서귀포시,1,승용차승용차,0,0,0,62,0,0
2018-10-22,1,0,1,1,0,0,0,제주,서귀포시,1,11,0,0,0,8,1,126.4853,33.2611,제주서귀포시,0,기타없음,0,0,0,62,0,0
2018-11-15,1,3,1,1,0,0,0,제주,서귀포시,1,1,6,1,1,0,7,126.5187,33.261,제주서귀포시,0,승용차원동기장치자전거,0,0,0,62,0,0
2018-11-10,1,5,1,1,0,0,0,제주,제주시,1,1,6,1,1,0,4,126.4262,33.4925,제주제주시,0,승용차이륜차,0,1,0,90,0,0
2018-03-11,1,6,1,1,0,0,0,대구,동구,1,8,3,0,0,1,4,128.7074,35.8725,대구동구,0,화물차이륜차,0,1,0,26,0,0
2018-08-22,1,2,1,1,0,0,0,대구,동구,1,1,6,0,0,1,5,128.6362,35.886,대구동구,0,화물차자전거,0,0,0,26,0,0
2018-10-30,1,1,1,1,0,0,0,대구,수성구,1,6,0,0,0,0,1,128.6868,35.862,대구수성구,0,승용차없음,0,0,0,37,0,0
2018-08-09,1,3,1,5,0,4,0,대구,수성구,1,8,6,1,1,0,4,128.6331,35.8246,대구수성구,1,승용차이륜차,0,0,0,37,0,0
2018-03-21,0,2,1,1,0,0,0,대구,수성구,1,6,0,0,0,0,1,128.6807,35.8547,대구수성구,0,승용차없음,0,0,0,37,0,0
2018-02-25,0,6,1,2,0,1,0,대구,달성군,1,8,6,1,1,6,2,128.4557,35.6788,대구달성군,0,원동기장치자전거승용차,0,1,0,30,0,0
2018-03-09,0,4,1,3,0,2,0,대구,서구,1,5,0,0,0,0,2,128.5488,35.8931,대구서구,0,승용차승용차,0,0,0,107,0,0
2018-08-04,0,5,1,1,0,0,0,대구,서구,1,6,0,0,0,4,1,128.5552,35.8572,대구서구,0,이륜차없음,0,1,0,107,0,0
2018-07-23,1,0,1,1,0,0,0,대구,서구,1,8,6,0,0,0,4,128.5504,35.8553,대구서구,0,승용차이륜차,0,0,0,107,0,0
2018-04-05,1,3,1,2,0,1,0,인천,강화군,1,6,0,0,0,0,1,126.3585,37.6668,인천강화군,0,승용차없음,0,0,0,92,0,0
2018-04-28,0,5,1,1,0,0,0,인천,강화군,1,1,0,0,0,4,1,126.4921,37.6667,인천강화군,0,이륜차없음,0,1,0,92,0,0
2018-05-27,1,6,1,1,0,0,0,인천,강화군,1,1,0,0,0,9,1,126.5106,37.7302,인천강화군,0,농기계없음,0,1,0,92,0,0
2018-09-21,1,4,1,2,0,1,0,인천,연수구,1,5,0,0,0,0,11,126.6584,37.3597,인천연수구,0,승용차특수차,0,0,0,35,0,0
2018-06-23,0,5,1,2,0,1,0,인천,연수구,1,1,5,0,0,1,11,126.6474,37.408,인천연수구,0,화물차특수차,0,1,0,35,0,0
2018-05-09,0,2,1,7,1,5,0,경기,안산시,1,5,0,0,0,1,2,126.8233,37.3497,경기안산시,1,화물차승용차,0,0,0,2,0,0
2018-10-12,0,4,1,4,2,1,0,광주,서구,1,8,6,1,1,0,2,126.9069,35.1512,광주서구,1,승용차승용차,0,0,0,222,0,0
2018-07-17,1,1,1,1,0,0,0,광주,북구,1,8,4,0,0,0,5,126.8853,35.176,광주북구,0,승용차자전거,0,0,0,137,0,0