발생년월일,주야,요일,사망자수,사상자수,중상자수,경상자수,부상신고자수,발생지시도,발생지시군구,사고유형_대분류,사고유형_중분류,법규위반,도로형태_대분류,도로형태,당사자종별_1당_대분류,당사자종별_2당_대분류,경도,위도,발생지,사고피해정도,사고차량타입,도시여부,주말/공휴일,인구수,발생지번호,보행자의위치,무단횡단여부
2018-12-27,0,3,1,1,0,0,0,대전,동구,1,5,0,0,0,0,2,127.4785,36.2573,대전동구,0,승용차승용차,0,0,0,80,0,0
2018-02-23,1,4,1,2,0,1,0,대전,동구,1,8,6,1,1,1,3,127.4642,36.2838,대전동구,0,화물차화물차,0,0,0,80,0,0
2018-02-13,1,1,1,3,2,0,0,대전,동구,1,11,2,0,0,0,1,127.4802,36.2601,대전동구,1,승용차없음,0,0,0,80,0,0
2018-01-21,0,6,1,1,0,0,0,대전,서구,1,6,0,0,0,0,1,127.3681,36.309,대전서구,0,승용차없음,0,1,0,4,0,0
2018-12-08,0,5,1,4,0,3,0,대전,서구,1,5,0,1,2,0,2,127.383,36.3489,대전서구,1,승용차승용차,0,1,0,4,0,0
2018-03-30,0,4,1,2,0,1,0,대전,유성구,1,6,0,0,0,0,1,127.3618,36.3911,대전유성구,0,승용차없음,0,0,0,148,0,0
2018-01-15,1,0,1,1,0,0,0,울산,중구,1,8,0,1,1,0,5,129.3414,35.5525,울산중구,0,승용차자전거,0,0,0,205,0,0
2018-01-31,0,2,1,1,0,0,0,울산,중구,1,1,0,0,0,0,6,129.2776,35.5554,울산중구,0,승용차승합차,0,0,0,205,0,0
2018-05-16,0,2,1,1,0,0,0,울산,남구,1,6,0,0,0,0,1,129.3515,35.5377,울산남구,0,승용차없음,0,0,0,213,0,0
2018-05-23,1,2,1,1,0,0,0,울산,울주군,1,1,5,0,0,2,5,129.2986,35.4856,울산울주군,0,승합차자전거,0,0,0,17,0,0
2018-01-21,0,6,2,3,1,0,0,울산,울주군,1,6,2,0,0,0,1,129.1157,35.5646,울산울주군,1,승용차없음,0,1,0,17,0,0
2018-11-17,1,5,1,1,0,0,0,경기,의정부시,1,8,0,0,0,6,6,127.0516,37.7416,경기의정부시,0,원동기장치자전거승합차,0,1,0,64,0,0
2018-09-28,1,4,1,1,0,0,0,경기,의정부시,1,12,0,2,4,8,1,127.1037,37.7167,경기의정부시,0,기타없음,0,0,0,64,0,0
2018-03-30,1,4,1,1,0,0,0,경기,의정부시,1,8,9,1,2,1,4,127.0552,37.7375,경기의정부시,0,화물차이륜차,0,0,0,64,0,0
2018-10-18,0,3,1,1,0,0,0,경기,고양시,1,1,0,1,1,4,2,126.9007,37.6882,경기고양시,0,이륜차승용차,0,0,0,40,0,0
2018-06-29,0,4,1,1,0,0,0,경기,남양주시,1,6,0,0,0,4,1,127.258,37.54,경기남양주시,0,이륜차없음,0,0,0,70,0,0
2018-11-13,1,1,1,1,0,0,0,경기,남양주시,1,8,6,1,1,0,4,127.18,37.6617,경기남양주시,0,승용차이륜차,0,0,0,70,0,0
2018-06-19,1,1,1,1,0,0,0,경기,남양주시,1,8,0,1,1,8,3,127.179,37.6549,경기남양주시,0,기타화물차,0,0,0,70,0,0
2018-08-03,0,4,1,2,1,0,0,경기,파주시,1,5,0,0,0,0,8,126.7494,37.8886,경기파주시,0,승용차농기계,0,0,0,175,0,0
2018-07-15,1,6,1,1,0,0,0,경기,양주시,1,12,0,0,0,7,1,126.9418,37.7171,경기양주시,0,자전거없음,0,1,0,59,0,0
2018-05-10,1,3,1,3,2,0,0,경기,동두천시,1,8,2,1,1,0,3,127.0558,37.9389,경기동두천시,1,승용차화물차,0,0,0,94,0,0
2018-05-30,1,2,1,3,2,0,0,경기,구리시,1,8,6,1,2,0,4,127.1343,37.5877,경기구리시,1,승용차이륜차,0,0,0,165,0,0
2018-09-22,1,5,1,1,0,0,0,경기,포천시,1,8,6,1,2,0,9,127.2243,37.9357,경기포천시,0,승용차건설기계,0,1,0,171,0,0
2018-05-20,1,6,1,1,0,0,0,경기,고양시,1,6,0,0,0,4,1,126.778,37.6947,경기고양시,0,이륜차없음,0,1,0,40,0,0
2018-09-28,0,4,1,1,0,0,0,서울,은평구,1,9,6,1,1,2,4,126.8954,37.5822,서울은평구,0,승합차이륜차,0,0,0,139,0,0
2018-03-09,1,4,1,1,0,0,0,서울,마포구,1,1,2,1,2,2,7,126.9446,37.5385,서울마포구,0,승합차원동기장치자전거,0,0,0,159,0,0
2018-11-05,1,0,1,4,2,1,0,서울,강남구,1,9,6,1,1,0,2,127.0281,37.5201,서울강남구,1,승용차승용차,0,0,0,89,0,0
2018-12-15,0,5,1,1,0,0,0,서울,강서구,1,8,0,0,0,1,5,126.8241,37.573,서울강서구,0,화물차자전거,0,1,0,43,0,0
2018-11-24,0,5,1,2,1,0,0,서울,강동구,1,1,4,0,0,0,3,127.1721,37.5629,서울강동구,0,승용차화물차,0,1,0,91,0,0
2018-04-12,0,3,1,1,0,0,0,서울,송파구,1,9,0,0,0,0,2,127.1134,37.4905,서울송파구,0,승용차승용차,0,0,0,156,0,0
2018-04-27,1,4,1,1,0,0,0,서울,송파구,1,8,0,0,0,0,2,127.1063,37.5132,서울송파구,0,승용차승용차,0,0,0,156,0,0
2018-10-11,1,3,1,1,0,0,0,서울,성북구,1,8,6,1,1,0,4,127.0323,37.6035,서울성북구,0,승용차이륜차,0,0,0,167,0,0
2018-04-28,0,5,1,1,0,0,0,서울,성북구,1,1,6,1,2,4,4,127.0339,37.6007,서울성북구,0,이륜차이륜차,0,1,0,167,0,0
2018-08-21,1,1,1,1,0,0,0,서울,구로구,1,8,6,1,1,0,5,126.8912,37.4805,서울구로구,0,승용차자전거,0,0,0,79,0,0
2018-02-23,1,4,1,1,0,0,0,서울,양천구,1,1,0,0,0,0,9,126.8273,37.5148,서울양천구,0,승용차건설기계,0,0,0,140,0,0
2018-11-14,1,2,1,1,0,0,0,서울,노원구,1,8,8,1,1,4,2,127.0902,37.6229,서울노원구,0,이륜차승용차,0,0,0,18,0,0
2018-06-01,0,4,1,2,0,1,0,서울,노원구,1,6,2,0,0,4,1,127.0761,37.6639,서울노원구,0,이륜차없음,0,0,0,18,0,0
2018-03-13,0,1,1,2,1,0,0,서울,은평구,1,8,6,1,1,6,2,126.9118,37.6137,서울은평구,0,원동기장치자전거승용차,0,0,0,139,0,0
2018-10-02,1,1,1,2,0,0,1,부산,남구,1,5,0,0,0,1,11,129.0779,35.1216,부산남구,0,화물차특수차,0,0,0,180,0,0
2018-06-19,1,1,1,1,0,0,0,부산,남구,1,8,0,0,0,0,5,129.0827,35.1347,부산남구,0,승용차자전거,0,0,0,180,0,0
2018-04-04,1,2,1,2,0,1,0,부산,남구,1,8,0,0,0,5,2,129.0668,35.1433,부산남구,0,특수차승용차,0,0,0,180,0,0
2018-08-22,1,2,1,1,0,0,0,부산,북구,1,1,0,0,0,0,3,129.0141,35.2396,부산북구,0,승용차화물차,0,0,0,118,0,0
2018-05-10,1,3,1,3,1,1,0,부산,부산진구,1,9,5,0,0,4,2,129.0178,35.1524,부산부산진구,0,이륜차승용차,0,0,0,163,0,0
2018-09-01,1,5,1,1,0,0,0,부산,부산진구,1,8,3,0,0,0,4,129.0688,35.1701,부산부산진구,0,승용차이륜차,0,1,0,163,0,0
2018-07-16,1,0,2,3,0,1,0,부산,강서구,1,8,5,1,2,5,11,128.8348,35.0741,부산강서구,1,특수차특수차,0,0,0,206,0,0
2018-08-25,0,5,1,1,0,0,0,경남,밀양시,1,5,0,0,0,1,11,128.775,35.4479,경남밀양시,0,화물차특수차,0,1,0,177,0,0
2018-11-18,0,6,1,1,0,0,0,경기,수원시,1,1,3,1,2,4,3,126.9999,37.295,경기수원시,0,이륜차화물차,0,1,0,99,0,0
2018-06-08,1,4,1,5,1,2,1,경기,수원시,1,1,0,0,0,1,6,127.0023,37.3059,경기수원시,1,화물차승합차,0,0,0,99,0,0
2018-10-18,1,3,1,5,4,0,0,경기,성남시,1,12,0,0,0,2,1,127.1037,37.4394,경기성남시,1,승합차없음,0,0,0,95,0,0
2018-05-21,1,0,1,1,0,0,0,경기,평택시,1,12,0,0,0,4,1,127.0981,37.1248,경기평택시,0,이륜차없음,0,0,0,14,0,0
2018-09-09,0,6,1,5,0,4,0,경기,평택시,1,1,2,1,1,0,6,127.0298,37.0161,경기평택시,1,승용차승합차,0,1,0,14,0,0
2018-11-09,1,4,1,1,0,0,0,경기,평택시,1,1,0,0,0,0,2,127.0948,37.0175,경기평택시,0,승용차승용차,0,0,0,14,0,0
2018-11-26,0,0,1,1,0,0,0,경기,평택시,1,6,0,0,0,0,1,126.939,36.9498,경기평택시,0,승용차없음,0,0,0,14,0,0
2018-05-18,1,4,1,3,0,2,0,경기,안성시,1,5,0,0,0,1,3,127.2414,36.9686,경기안성시,0,화물차화물차,0,0,0,23,0,0
2018-07-03,1,1,1,1,0,0,0,경기,광주시,1,6,0,0,0,5,1,127.2439,37.401,경기광주시,0,특수차없음,0,0,0,9,0,0
2018-09-06,0,3,1,2,0,0,1,경기,여주시,1,11,2,0,0,0,1,127.6331,37.2891,경기여주시,0,승용차없음,0,0,0,22,0,0
2018-10-12,0,4,1,1,0,0,0,경기,용인시,1,8,0,0,0,0,3,127.2071,37.161,경기용인시,0,승용차화물차,0,0,0,51,0,0
2018-11-14,0,2,1,1,0,0,0,경기,용인시,1,8,0,0,0,0,3,127.2555,37.2257,경기용인시,0,승용차화물차,0,0,0,51,0,0
2018-07-14,1,5,1,1,0,0,0,경기,용인시,1,11,0,0,0,7,1,127.2045,37.1687,경기용인시,0,자전거없음,0,1,0,51,0,0
2018-04-05,1,3,1,1,0,0,0,경기,김포시,1,5,0,1,2,4,3,126.7157,37.637,경기김포시,0,이륜차화물차,0,0,0,47,0,0
2018-05-29,0,1,1,1,0,0,0,경기,양평군,1,1,0,0,0,6,9,127.7506,37.5832,경기양평군,0,원동기장치자전거건설기계,0,0,0,48,0,0
2018-10-16,1,1,1,1,0,0,0,경기,화성시,1,6,0,1,2,8,1,126.9773,37.1856,경기화성시,0,기타없음,0,0,0,50,0,0
2018-01-23,1,1,1,1,0,0,0,경기,부천시,1,1,0,0,0,0,2,126.7581,37.4884,경기부천시,0,승용차승용차,0,0,0,65,0,0
2018-09-07,0,4,1,1,0,0,0,경기,안산시,1,5,0,0,0,0,5,126.5696,37.28,경기안산시,0,승용차자전거,0,0,0,2,0,0
2018-04-09,1,0,1,2,1,0,0,경기,안산시,1,1,0,0,0,3,2,126.5612,37.2251,경기안산시,0,건설기계승용차,0,0,0,2,0,0
2018-02-15,0,3,1,3,0,2,0,경기,성남시,1,1,0,0,0,0,2,127.179,37.4337,경기성남시,0,승용차승용차,0,1,0,95,0,0
2018-01-06,0,5,1,3,1,1,0,경기,시흥시,1,8,6,1,1,0,2,126.8026,37.4594,경기시흥시,0,승용차승용차,0,1,0,73,0,0
2018-01-11,0,3,1,3,2,0,0,경기,안성시,1,1,0,0,0,0,3,127.2682,36.9698,경기안성시,1,승용차화물차,0,0,0,23,0,0
2018-03-24,0,5,1,1,0,0,0,경기,성남시,1,6,0,0,0,0,1,127.0623,37.3673,경기성남시,0,승용차없음,0,1,0,95,0,0
2018-04-04,0,2,1,1,0,0,0,경기,용인시,1,1,0,0,0,1,3,127.2636,37.2465,경기용인시,0,화물차화물차,0,0,0,51,0,0
2018-08-07,0,1,1,1,0,0,0,경기,군포시,1,6,0,0,0,0,1,126.9318,37.3758,경기군포시,0,승용차없음,0,0,0,126,0,0
2018-11-25,1,6,1,4,0,0,3,경기,남양주시,1,1,0,0,0,2,2,127.1246,37.6989,경기남양주시,0,승합차승용차,0,1,0,70,0,0
2018-08-18,0,5,1,2,1,0,0,경기,의왕시,1,6,0,2,4,0,1,127.0053,37.3882,경기의왕시,0,승용차없음,0,1,0,199,0,0
2018-03-26,0,0,1,1,0,0,0,경기,용인시,1,5,0,0,0,1,3,127.136,37.2886,경기용인시,0,화물차화물차,0,0,0,51,0,0
2018-11-28,0,2,1,2,1,0,0,경기,화성시,1,5,0,0,0,0,3,126.8445,37.1273,경기화성시,0,승용차화물차,0,0,0,50,0,0
2018-11-23,0,4,1,1,0,0,0,경기,화성시,1,8,0,0,0,5,3,126.8853,37.1771,경기화성시,0,특수차화물차,0,0,0,50,0,0
2018-09-14,1,4,1,1,0,0,0,경기,화성시,1,8,0,1,1,4,9,126.8613,37.2362,경기화성시,0,이륜차건설기계,0,0,0,50,0,0
2018-11-04,1,6,1,1,0,0,0,강원,춘천시,1,6,0,0,0,0,1,127.78,37.9673,강원춘천시,0,승용차없음,0,1,0,111,0,0
2018-12-26,1,2,1,1,0,0,0,강원,춘천시,1,9,6,1,1,0,4,127.7229,37.8929,강원춘천시,0,승용차이륜차,0,0,0,111,0,0
2018-03-13,0,1,1,4,3,0,0,강원,강릉시,1,1,0,1,1,0,3,128.8744,37.8323,강원강릉시,1,승용차화물차,0,0,0,194,0,0
2018-02-13,1,1,1,1,0,0,0,강원,원주시,1,12,0,0,0,0,1,127.7656,37.1853,강원원주시,0,승용차없음,0,0,0,36,0,0
2018-07-21,0,5,1,1,0,0,0,강원,원주시,1,6,0,0,0,4,1,127.9346,37.3299,강원원주시,0,이륜차없음,0,1,0,36,0,0
2018-12-20,0,3,1,2,1,0,0,강원,원주시,1,6,0,0,0,0,1,127.8982,37.2483,강원원주시,0,승용차없음,0,0,0,36,0,0
2018-11-15,0,3,1,1,0,0,0,강원,원주시,1,5,0,0,0,0,3,127.9341,37.3408,강원원주시,0,승용차화물차,0,0,0,36,0,0
2018-05-17,0,3,1,1,0,0,0,강원,홍천군,1,6,0,1,2,0,1,128.0086,37.8279,강원홍천군,0,승용차없음,0,0,0,82,0,0
2018-09-17,0,0,1,1,0,0,0,강원,평창군,1,12,0,0,0,1,1,128.7062,37.6729,강원평창군,0,화물차없음,0,0,0,24,0,0
2018-02-23,0,4,1,2,1,0,0,강원,평창군,1,6,0,1,1,0,1,128.5909,37.6681,강원평창군,0,승용차없음,0,0,0,24,0,0
2018-08-13,0,0,1,3,0,2,0,강원,태백시,1,8,6,1,1,0,2,128.9868,37.1552,강원태백시,0,승용차승용차,0,0,0,215,0,0
2018-02-28,1,2,1,2,0,1,0,강원,태백시,1,8,0,0,0,0,9,128.9835,37.2438,강원태백시,0,승용차건설기계,0,0,0,215,0,0
2018-12-03,1,0,1,1,0,0,0,강원,정선군,1,8,2,0,0,0,8,128.8676,37.3997,강원정선군,0,승용차농기계,0,0,0,198,0,0
2018-02-20,0,1,1,1,0,0,0,강원,고성군,1,6,0,2,4,0,1,128.5056,38.2066,강원고성군,0,승용차없음,0,0,0,217,0,0
2018-09-08,1,5,1,5,4,0,0,강원,고성군,1,6,0,0,0,1,1,128.4104,38.4456,강원고성군,1,화물차없음,0,1,0,217,0,0
2018-02-06,0,1,1,2,1,0,0,강원,철원군,1,6,0,1,1,0,1,127.4363,38.2414,강원철원군,0,승용차없음,0,0,0,184,0,0
2018-11-20,1,1,1,1,0,0,0,강원,양구군,1,1,0,2,4,8,1,128.0344,38.1839,강원양구군,0,기타없음,0,0,0,115,0,0
2018-09-05,0,2,1,2,0,1,0,강원,양구군,1,9,5,0,0,0,2,128.1219,38.265,강원양구군,0,승용차승용차,0,0,0,115,0,0
2018-09-14,0,4,1,2,0,1,0,충북,청주시,1,1,0,1,1,4,2,127.4263,36.7118,충북청주시,0,이륜차승용차,0,0,0,83,0,0
2018-03-14,1,2,1,2,0,1,0,충북,충주시,1,1,6,1,1,0,4,127.9059,36.9587,충북충주시,0,승용차이륜차,0,0,0,6,0,0
2018-11-22,0,3,1,1,0,0,0,충북,제천시,1,5,0,0,0,0,9,128.1544,37.1315,충북제천시,0,승용차건설기계,0,0,0,103,0,0
2018-10-08,1,0,1,3,1,1,0,충북,영동군,1,8,0,1,1,1,3,127.6741,36.1059,충북영동군,0,화물차화물차,0,0,0,75,0,0
2018-02-07,0,2,1,1,0,0,0,충북,영동군,1,12,0,0,0,1,1,127.6796,36.2186,충북영동군,0,화물차없음,0,0,0,75,0,0
2018-05-20,1,6,1,1,0,0,0,충북,괴산군,1,11,0,0,0,0,1,127.9207,36.8544,충북괴산군,0,승용차없음,0,1,0,179,0,0
2018-09-28,1,4,1,1,0,0,0,충북,음성군,1,1,7,1,1,1,4,127.4659,37.0155,충북음성군,0,화물차이륜차,0,0,0,110,0,0
2018-07-08,1,6,1,3,1,1,0,충북,단양군,1,9,5,0,0,0,2,128.434,37.0652,충북단양군,0,승용차승용차,0,1,0,204,0,0
2018-08-28,0,1,1,1,0,0,0,충북,진천군,1,5,0,0,0,0,2,127.4343,36.7986,충북진천군,0,승용차승용차,0,0,0,60,0,0
2018-02-09,1,4,1,2,1,0,0,충북,청주시,1,9,5,0,0,0,2,127.3609,36.6509,충북청주시,0,승용차승용차,0,0,0,83,0,0
2018-12-20,0,3,1,1,0,0,0,충북,청주시,1,8,0,1,3,0,5,127.4296,36.6263,충북청주시,0,승용차자전거,0,0,0,83,0,0
2018-12-19,1,2,1,1,0,0,0,충북,충주시,1,1,0,0,0,1,3,127.7276,37.0555,충북충주시,0,화물차화물차,0,0,0,6,0,0
2018-04-04,0,2,1,1,0,0,0,경기,이천시,1,5,0,0,0,2,3,127.5022,37.2447,경기이천시,0,승합차화물차,0,0,0,41,0,0
2018-04-28,1,5,1,5,0,4,0,경기,이천시,1,5,0,0,0,1,3,127.4201,37.25,경기이천시,1,화물차화물차,0,1,0,41,0,0
2018-01-25,0,3,1,3,2,0,0,경기,이천시,1,1,0,0,0,2,2,127.4251,37.2417,경기이천시,1,승합차승용차,0,0,0,41,0,0
2018-04-26,0,3,1,10,1,8,0,충북,괴산군,1,5,0,0,0,1,3,128.0115,36.7463,충북괴산군,2,화물차화물차,0,0,0,179,0,0
2018-10-12,1,4,1,13,3,9,0,충북,음성군,1,5,0,0,0,1,2,127.4717,36.9842,충북음성군,2,화물차승용차,0,0,0,110,0,0
2018-04-12,1,3,1,1,0,0,0,충북,진천군,1,1,0,0,0,5,1,127.4754,36.87,충북진천군,0,특수차없음,0,0,0,60,0,0
2018-07-30,1,0,1,1,0,0,0,충남,서산시,1,8,0,1,2,1,5,126.4625,36.7742,충남서산시,0,화물차자전거,0,0,0,69,0,0
2018-03-06,0,1,1,1,0,0,0,충남,서산시,1,1,0,0,0,4,2,126.5101,36.8216,충남서산시,0,이륜차승용차,0,0,0,69,0,0
2018-06-22,1,4,1,1,0,0,0,충남,천안시,1,8,3,1,2,4,2,127.1123,36.8018,충남천안시,0,이륜차승용차,0,0,0,63,0,0
2018-09-09,1,6,1,1,0,0,0,충남,천안시,1,1,0,0,0,4,1,127.279,36.8936,충남천안시,0,이륜차없음,0,1,0,63,0,0
2018-08-12,0,6,1,1,0,0,0,충남,천안시,1,1,0,0,0,0,5,127.1352,36.9128,충남천안시,0,승용차자전거,0,1,0,63,0,0
2018-11-02,1,4,1,2,1,0,0,충남,천안시,1,8,6,1,1,1,2,127.0997,36.8004,충남천안시,0,화물차승용차,0,0,0,63,0,0
2018-06-02,1,5,1,1,0,0,0,충남,논산시,1,8,9,1,2,7,2,127.1018,36.2095,충남논산시,0,자전거승용차,0,1,0,61,0,0
2018-10-21,1,6,1,2,1,0,0,충남,논산시,1,1,0,1,2,0,4,127.0517,36.1721,충남논산시,0,승용차이륜차,0,1,0,61,0,0
2018-07-31,1,1,1,1,0,0,0,충남,홍성군,1,12,0,0,0,4,1,126.6654,36.634,충남홍성군,0,이륜차없음,0,0,0,38,0,0
2018-07-29,1,6,1,1,0,0,0,충남,홍성군,1,1,0,0,0,9,1,126.6438,36.5488,충남홍성군,0,농기계없음,0,1,0,38,0,0
2018-08-02,1,3,1,8,7,0,0,충남,아산시,1,9,5,0,0,1,6,126.9887,36.6973,충남아산시,2,화물차승합차,0,0,0,53,0,0
2018-01-14,0,6,1,1,0,0,0,충남,아산시,1,9,6,1,1,2,4,127.0603,36.9235,충남아산시,0,승합차이륜차,0,1,0,53,0,0
2018-02-24,0,5,1,2,0,1,0,충남,아산시,1,9,5,1,2,0,3,127.0344,36.9134,충남아산시,0,승용차화물차,0,1,0,53,0,0
2018-11-08,1,3,1,6,4,1,0,충남,서천군,1,11,0,0,0,2,1,126.646,36.1286,충남서천군,1,승합차없음,0,0,0,10,0,0
2018-12-21,0,4,1,1,0,0,0,충남,서천군,1,9,5,0,0,0,5,126.7101,36.0942,충남서천군,0,승용차자전거,0,0,0,10,0,0
2018-08-21,1,1,1,1,0,0,0,세종,세종,1,9,0,0,0,9,2,127.3003,36.5751,세종세종,0,농기계승용차,1,0,0,229,0,0
2018-10-25,1,3,1,2,0,1,0,충남,예산군,1,5,0,2,4,1,2,126.8664,36.6757,충남예산군,0,화물차승용차,0,0,0,187,0,0
2018-08-02,0,3,1,1,0,0,0,충남,예산군,1,5,0,0,0,0,7,126.6864,36.69,충남예산군,0,승용차원동기장치자전거,0,0,0,187,0,0
2018-10-21,0,6,1,1,0,0,0,충남,당진시,1,5,2,0,0,0,4,126.8369,36.8861,충남당진시,0,승용차이륜차,0,1,0,46,0,0
2018-05-11,1,4,1,1,0,0,0,충남,금산군,1,8,7,1,1,1,4,127.4863,36.1029,충남금산군,0,화물차이륜차,0,0,0,68,0,0
2018-10-04,1,3,1,1,0,0,0,충남,천안시,1,8,5,0,0,4,6,127.254,36.7699,충남천안시,0,이륜차승합차,0,0,0,63,0,0
2018-12-03,0,0,1,4,0,3,0,충남,천안시,1,5,0,0,0,0,2,127.1753,36.9639,충남천안시,1,승용차승용차,0,0,0,63,0,0
2018-07-30,1,0,1,2,0,1,0,전북,군산시,1,8,6,1,1,0,2,126.5686,35.9463,전북군산시,0,승용차승용차,0,0,0,166,0,0
2018-03-25,0,6,1,1,0,0,0,충남,서천군,1,1,0,0,0,1,3,126.7415,36.019,충남서천군,0,화물차화물차,0,1,0,10,0,0
2018-01-31,1,2,1,3,2,0,0,전북,군산시,1,9,5,1,2,0,2,126.7592,36.0117,전북군산시,1,승용차승용차,0,0,0,166,0,0
2018-12-10,0,0,1,1,0,0,0,전북,군산시,1,1,0,0,0,0,11,126.6446,35.9788,전북군산시,0,승용차특수차,0,0,0,166,0,0
2018-03-21,1,2,1,1,0,0,0,전북,정읍시,1,8,5,0,0,4,2,126.8652,35.6804,전북정읍시,0,이륜차승용차,0,0,0,12,0,0
2018-03-11,1,6,1,1,0,0,0,전북,김제시,1,8,3,0,0,4,6,127.0429,35.7931,전북김제시,0,이륜차승합차,0,1,0,34,0,0
2018-07-27,1,4,1,1,0,0,0,전북,김제시,1,8,9,0,0,4,2,126.8906,35.8106,전북김제시,0,이륜차승용차,0,0,0,34,0,0
2018-11-25,0,6,1,1,0,0,0,전북,남원시,1,12,0,2,4,9,1,127.2263,35.3544,전북남원시,0,농기계없음,0,1,0,193,0,0
2018-06-02,1,5,1,2,1,0,0,전북,남원시,1,8,7,1,1,4,2,127.3577,35.3309,전북남원시,0,이륜차승용차,0,1,0,193,0,0
2018-07-08,1,6,1,1,0,0,0,전북,남원시,1,8,0,0,0,8,3,127.588,35.4589,전북남원시,0,기타화물차,0,1,0,193,0,0
2018-04-12,1,3,1,1,0,0,0,전북,남원시,1,11,0,0,0,9,1,127.5053,35.4628,전북남원시,0,농기계없음,0,0,0,193,0,0
2018-05-17,0,3,1,2,0,1,0,전북,고창군,1,5,0,1,2,1,3,126.5548,35.4264,전북고창군,0,화물차화물차,0,0,0,219,0,0
2018-08-15,1,2,1,1,0,0,0,전북,고창군,1,6,0,0,0,6,1,126.5017,35.4839,전북고창군,0,원동기장치자전거없음,0,1,0,219,0,0
2018-07-01,1,6,1,1,0,0,0,전북,고창군,1,11,0,0,0,4,1,126.5425,35.3386,전북고창군,0,이륜차없음,0,1,0,219,0,0
2018-03-11,1,6,1,1,0,0,0,전북,무주군,1,11,0,0,0,0,1,127.7142,35.9635,전북무주군,0,승용차없음,0,1,0,182,0,0
2018-11-13,1,1,1,5,1,3,0,전북,완주군,1,8,6,1,1,0,2,127.2734,35.8423,전북완주군,1,승용차승용차,0,0,0,28,0,0
2018-06-26,0,1,1,8,4,3,0,전북,완주군,1,5,0,0,0,1,3,127.2501,35.8104,전북완주군,2,화물차화물차,0,0,0,28,0,0
2018-10-23,0,1,2,6,4,0,0,충남,홍성군,1,1,4,0,0,1,2,126.553,36.6232,충남홍성군,2,화물차승용차,0,0,0,38,0,0
2018-09-14,0,4,1,1,0,0,0,전북,고창군,1,6,0,0,0,1,1,126.6786,35.4794,전북고창군,0,화물차없음,0,0,0,219,0,0
2018-04-08,1,6,1,1,0,0,0,전남,순천시,1,11,0,0,0,9,1,127.2148,35.0845,전남순천시,0,농기계없음,0,1,0,27,0,0
2018-09-02,0,6,3,3,0,0,0,전남,순천시,1,5,2,0,0,0,7,127.4857,34.9112,전남순천시,1,승용차원동기장치자전거,0,1,0,27,0,0
2018-11-19,1,0,1,1,0,0,0,전남,나주시,1,8,0,0,0,4,2,126.843,35.0438,전남나주시,0,이륜차승용차,0,0,0,33,0,0
2018-06-11,0,0,1,1,0,0,0,전남,장흥군,1,12,0,0,0,4,1,126.9587,34.5211,전남장흥군,0,이륜차없음,0,0,0,56,0,0
2018-08-02,0,3,1,1,0,0,0,전남,고흥군,1,5,0,0,0,4,3,127.2901,34.6133,전남고흥군,0,이륜차화물차,0,0,0,191,0,0
2018-04-16,0,0,1,1,0,0,0,전남,해남군,1,12,0,0,0,9,1,126.5276,34.4142,전남해남군,0,농기계없음,0,0,0,119,0,0
2018-06-22,1,4,1,1,0,0,0,전남,해남군,1,1,5,0,0,4,9,126.3789,34.7113,전남해남군,0,이륜차건설기계,0,0,0,119,0,0
2018-12-24,1,0,1,1,0,0,0,전남,영광군,1,6,0,0,0,6,1,126.5434,35.2682,전남영광군,0,원동기장치자전거없음,0,0,0,127,0,0
2018-12-07,1,4,1,1,0,0,0,전남,화순군,1,11,0,0,0,4,1,126.9506,34.9989,전남화순군,0,이륜차없음,0,0,0,88,0,0
2018-09-13,1,3,1,1,0,0,0,전남,화순군,1,8,7,1,1,4,9,126.9887,34.9311,전남화순군,0,이륜차건설기계,0,0,0,88,0,0
2018-11-21,0,2,1,4,2,1,0,전남,영암군,1,5,0,0,0,0,3,126.5689,34.7255,전남영암군,1,승용차화물차,0,0,0,16,0,0
2018-04-04,1,2,1,1,0,0,0,전남,영암군,1,6,0,0,0,1,1,126.4374,34.7462,전남영암군,0,화물차없음,0,0,0,16,0,0
2018-02-28,1,2,1,2,1,0,0,전남,영암군,1,8,0,1,2,6,3,126.5005,34.7398,전남영암군,0,원동기장치자전거화물차,0,0,0,16,0,0
2018-11-08,1,3,1,1,0,0,0,전남,영암군,1,1,0,0,0,1,1,126.6819,34.9233,전남영암군,0,화물차없음,0,0,0,16,0,0
2018-12-07,1,4,1,2,0,1,0,전남,장성군,1,9,5,0,0,0,3,126.8175,35.2431,전남장성군,0,승용차화물차,0,0,0,146,0,0
2018-08-02,1,3,1,1,0,0,0,전남,담양군,1,12,0,0,0,4,1,127.0159,35.2319,전남담양군,0,이륜차없음,0,0,0,181,0,0
2018-07-16,1,0,1,1,0,0,0,전남,완도군,1,12,0,1,1,1,1,126.9472,34.41,전남완도군,0,화물차없음,0,0,0,141,0,0
2018-05-20,1,6,2,3,0,1,0,전남,무안군,1,9,5,0,0,0,9,126.3472,35.0687,전남무안군,1,승용차건설기계,0,1,0,101,0,0
2018-10-02,0,1,1,1,0,0,0,전남,진도군,1,11,0,0,0,8,1,126.2389,34.4944,전남진도군,0,기타없음,0,0,0,71,0,0