발생년월일,주야,요일,사망자수,사상자수,중상자수,경상자수,부상신고자수,발생지시도,발생지시군구,사고유형_대분류,사고유형_중분류,법규위반,도로형태_대분류,도로형태,당사자종별_1당_대분류,당사자종별_2당_대분류,경도,위도,발생지,사고피해정도,사고차량타입,도시여부,주말/공휴일,인구수,발생지번호,보행자의위치,무단횡단여부
2018-06-03,1,6,1,1,0,0,0,경남,의령군,1,11,0,0,0,0,1,128.3863,35.3832,경남의령군,0,승용차없음,0,1,0,189,0,0
2018-04-28,0,5,1,1,0,0,0,경남,창원시(통합),1,6,0,1,1,6,1,128.6588,35.2386,경남창원시(통합),0,원동기장치자전거없음,0,1,0,86,0,0
2018-12-10,1,0,1,1,0,0,0,경남,창원시(통합),1,1,6,0,0,4,2,128.7091,35.3324,경남창원시(통합),0,이륜차승용차,0,0,0,86,0,0
2018-04-20,1,4,1,1,0,0,0,경남,김해시,1,1,0,0,0,6,1,128.759,35.3335,경남김해시,0,원동기장치자전거없음,0,0,0,13,0,0
2018-07-05,1,3,1,2,1,0,0,제주,제주시,1,1,2,1,1,0,8,126.7578,33.5513,제주제주시,0,승용차농기계,0,0,0,90,0,0
2018-07-13,0,4,2,3,1,0,0,제주,서귀포시,1,1,0,1,2,0,1,126.6657,33.2778,제주서귀포시,1,승용차없음,0,0,0,62,0,0
2018-10-27,1,5,1,1,0,0,0,제주,서귀포시,1,8,0,1,1,0,4,126.252,33.2215,제주서귀포시,0,승용차이륜차,0,1,0,62,0,0
2018-12-05,1,2,1,1,0,0,0,제주,서귀포시,1,8,0,1,1,4,2,126.5827,33.2628,제주서귀포시,0,이륜차승용차,0,0,0,62,0,0
2018-03-07,1,2,1,1,0,0,0,제주,제주시,1,1,8,1,1,1,4,126.2572,33.4115,제주제주시,0,화물차이륜차,0,0,0,90,0,0
2018-04-09,0,0,1,1,0,0,0,제주,제주시,1,12,0,1,1,6,1,126.4928,33.4909,제주제주시,0,원동기장치자전거없음,0,0,0,90,0,0
2018-12-14,1,4,1,3,0,2,0,대구,남구,1,5,0,0,0,1,3,128.6076,35.8272,대구남구,0,화물차화물차,0,0,0,145,0,0
2018-12-04,0,1,1,1,0,0,0,대구,동구,1,11,0,0,0,0,1,128.7392,35.8579,대구동구,0,승용차없음,0,0,0,26,0,0
2018-09-27,0,3,1,1,0,0,0,대구,북구,1,1,0,1,1,7,2,128.6064,35.8839,대구북구,0,자전거승용차,0,0,0,112,0,0
2018-10-19,1,4,1,2,1,0,0,대구,중구,1,1,0,0,0,0,2,128.5869,35.8694,대구중구,0,승용차승용차,0,0,0,178,0,0
2018-03-24,0,5,1,1,0,0,0,대구,달서구,1,8,10,1,2,0,4,128.5005,35.8519,대구달서구,0,승용차이륜차,0,1,0,20,0,0
2018-06-23,0,5,1,1,0,0,0,대구,북구,1,1,0,0,0,0,1,128.5993,35.9096,대구북구,0,승용차없음,0,1,0,112,0,0
2018-07-16,1,0,1,1,0,0,0,인천,강화군,1,1,0,0,0,8,1,126.244,37.8075,인천강화군,0,기타없음,0,0,0,92,0,0
2018-11-16,0,4,1,1,0,0,0,인천,연수구,1,1,0,1,1,4,3,126.639,37.3857,인천연수구,0,이륜차화물차,0,0,0,35,0,0
2018-06-14,1,3,1,1,0,0,0,경기,시흥시,1,5,0,0,0,0,3,126.869,37.3738,경기시흥시,0,승용차화물차,0,0,0,73,0,0
2018-07-31,0,1,1,1,0,0,0,광주,동구,1,1,3,0,0,0,2,126.939,35.1344,광주동구,0,승용차승용차,0,0,0,162,0,0
2018-03-13,1,1,1,2,0,1,0,광주,남구,1,5,3,0,0,1,3,126.8742,35.1154,광주남구,0,화물차화물차,0,0,0,190,0,0
2018-09-19,1,2,1,1,0,0,0,광주,남구,1,8,7,1,1,0,5,126.9106,35.1329,광주남구,0,승용차자전거,0,0,0,190,0,0
2018-04-14,0,5,1,1,0,0,0,광주,광산구,1,8,5,0,0,0,4,126.8194,35.1834,광주광산구,0,승용차이륜차,0,1,0,135,0,0
2018-03-27,1,1,1,1,0,0,0,광주,광산구,1,1,6,1,1,0,4,126.8046,35.1771,광주광산구,0,승용차이륜차,0,0,0,135,0,0
2018-01-19,1,4,1,1,0,0,0,대전,동구,1,1,9,0,0,7,3,127.4226,36.3369,대전동구,0,자전거화물차,0,0,0,80,0,0
2018-06-25,1,0,1,1,0,0,0,대전,서구,1,8,6,1,1,1,4,127.3746,36.3281,대전서구,0,화물차이륜차,0,0,0,4,0,0
2018-10-03,1,2,1,1,0,0,0,대전,서구,1,1,0,0,0,4,1,127.3484,36.3053,대전서구,0,이륜차없음,0,1,0,4,0,0
2018-06-07,1,3,1,4,0,3,0,대전,대덕구,1,5,0,0,0,1,9,127.4122,36.3816,대전대덕구,1,화물차건설기계,0,0,0,77,0,0
2018-08-30,0,3,1,1,0,0,0,대전,대덕구,1,1,0,0,0,0,1,127.3966,36.4376,대전대덕구,0,승용차없음,0,0,0,77,0,0
2018-04-21,0,5,1,1,0,0,0,울산,중구,1,5,0,1,2,0,4,129.3277,35.5586,울산중구,0,승용차이륜차,0,1,0,205,0,0
2018-08-21,1,1,1,1,0,0,0,울산,남구,1,12,0,0,0,5,1,129.3573,35.4903,울산남구,0,특수차없음,0,0,0,213,0,0
2018-08-10,1,4,1,2,0,1,0,울산,울주군,1,5,0,0,0,7,5,129.1897,35.5541,울산울주군,0,자전거자전거,0,0,0,17,0,0
2018-10-12,1,4,1,1,0,0,0,경기,의정부시,1,8,6,1,1,7,2,127.0437,37.7292,경기의정부시,0,자전거승용차,0,0,0,64,0,0
2018-06-23,0,5,1,4,3,0,0,경기,의정부시,1,9,5,0,0,0,2,127.0097,37.7367,경기의정부시,1,승용차승용차,0,1,0,64,0,0
2018-04-30,1,0,1,1,0,0,0,경기,고양시,1,6,0,0,0,6,1,126.7824,37.6571,경기고양시,0,원동기장치자전거없음,0,0,0,40,0,0
2018-05-05,1,5,1,2,0,1,0,경기,남양주시,1,9,5,1,2,0,6,127.1896,37.7471,경기남양주시,0,승용차승합차,0,1,0,70,0,0
2018-06-09,1,5,1,2,0,1,0,경기,남양주시,1,5,0,0,0,0,3,127.1555,37.6422,경기남양주시,0,승용차화물차,0,1,0,70,0,0
2018-07-08,0,6,1,6,0,5,0,경기,양주시,1,8,5,0,0,0,2,127.0512,37.8247,경기양주시,1,승용차승용차,0,1,0,59,0,0
2018-12-01,0,5,1,3,2,0,0,경기,양주시,1,9,5,0,0,0,2,126.9491,37.7276,경기양주시,1,승용차승용차,0,1,0,59,0,0
2018-06-04,1,0,1,1,0,0,0,경기,동두천시,1,1,0,0,0,8,1,127.0323,37.9052,경기동두천시,0,기타없음,0,0,0,94,0,0
2018-12-28,0,4,2,5,1,2,0,경기,구리시,1,9,5,0,0,0,2,127.1371,37.5974,경기구리시,1,승용차승용차,0,0,0,165,0,0
2018-03-24,0,5,1,1,0,0,0,경기,가평군,1,8,5,0,0,8,2,127.4793,37.6391,경기가평군,0,기타승용차,0,1,0,176,0,0
2018-03-26,1,0,1,1,0,0,0,서울,동대문구,1,8,7,1,1,1,5,127.0688,37.5894,서울동대문구,0,화물차자전거,0,0,0,201,0,0
2018-11-19,1,0,1,1,0,0,0,서울,동대문구,1,1,0,1,1,1,5,127.0603,37.5963,서울동대문구,0,화물차자전거,0,0,0,201,0,0
2018-10-09,1,1,1,1,0,0,0,서울,동대문구,1,1,3,1,3,7,3,127.031,37.574,서울동대문구,0,자전거화물차,0,1,0,201,0,0
2018-03-03,1,5,1,1,0,0,0,서울,광진구,1,6,0,0,0,0,1,127.1089,37.5461,서울광진구,0,승용차없음,0,1,0,183,0,0
2018-10-26,0,4,1,1,0,0,0,서울,마포구,1,6,0,0,0,0,1,126.8959,37.5598,서울마포구,0,승용차없음,0,0,0,159,0,0
2018-08-27,0,0,1,1,0,0,0,서울,마포구,1,6,0,0,0,0,1,126.8964,37.5601,서울마포구,0,승용차없음,0,0,0,159,0,0
2018-05-19,0,5,1,1,0,0,0,서울,영등포구,1,1,5,0,0,0,7,126.882,37.5236,서울영등포구,0,승용차원동기장치자전거,0,1,0,150,0,0
2018-08-27,0,0,1,1,0,0,0,서울,관악구,1,1,0,0,0,7,1,126.9097,37.4838,서울관악구,0,자전거없음,0,0,0,188,0,0
2018-11-23,1,4,1,2,0,1,0,서울,중랑구,1,8,6,1,1,4,2,127.0971,37.5998,서울중랑구,0,이륜차승용차,0,0,0,196,0,0
2018-09-30,1,6,1,1,0,0,0,서울,강남구,1,8,0,0,0,2,5,127.0339,37.5308,서울강남구,0,승합차자전거,0,1,0,89,0,0
2018-07-21,1,5,1,3,0,2,0,서울,송파구,1,8,6,1,2,0,6,127.1031,37.5097,서울송파구,0,승용차승합차,0,1,0,156,0,0
2018-11-15,0,3,1,4,0,3,0,서울,구로구,1,6,0,1,2,0,1,126.8418,37.4997,서울구로구,1,승용차없음,0,0,0,79,0,0
2018-07-26,0,3,1,1,0,0,0,서울,양천구,1,1,0,0,0,0,3,126.8351,37.5294,서울양천구,0,승용차화물차,0,0,0,140,0,0
2018-06-09,0,5,1,1,0,0,0,서울,노원구,1,6,0,0,0,1,1,127.0601,37.6338,서울노원구,0,화물차없음,0,1,0,18,0,0
2018-02-27,1,1,1,1,0,0,0,서울,노원구,1,8,3,0,0,7,9,127.0679,37.6578,서울노원구,0,자전거건설기계,0,0,0,18,0,0
2018-03-20,1,1,1,1,0,0,0,부산,서구,1,1,0,0,0,2,1,129.0153,35.0816,부산서구,0,승합차없음,0,0,0,226,0,0
2018-05-06,1,6,1,1,0,0,0,부산,서구,1,6,0,0,0,0,1,129.0103,35.1096,부산서구,0,승용차없음,0,1,0,226,0,0
2018-04-21,0,5,2,2,0,0,0,부산,남구,1,9,5,0,0,4,2,129.0769,35.1341,부산남구,0,이륜차승용차,0,1,0,180,0,0
2018-06-24,0,6,1,2,1,0,0,부산,동래구,1,1,6,1,1,4,2,129.0839,35.2016,부산동래구,0,이륜차승용차,0,1,0,216,0,0
2018-04-05,1,3,1,2,1,0,0,부산,해운대구,1,11,0,0,0,4,1,129.1225,35.1746,부산해운대구,0,이륜차없음,0,0,0,1,0,0
2018-06-13,0,2,1,4,1,2,0,부산,부산진구,1,1,6,1,1,4,2,129.0655,35.1495,부산부산진구,1,이륜차승용차,0,1,0,163,0,0
2018-03-03,0,5,1,5,2,2,0,부산,금정구,1,9,5,0,0,0,2,129.1079,35.2459,부산금정구,1,승용차승용차,0,1,0,96,0,0
2018-07-30,1,0,1,1,0,0,0,부산,기장군,1,6,0,1,2,4,1,129.2423,35.3171,부산기장군,0,이륜차없음,0,0,0,85,0,0
2018-11-02,1,4,1,2,1,0,0,울산,울주군,1,1,0,0,0,1,3,129.2526,35.5095,울산울주군,0,화물차화물차,0,0,0,17,0,0
2018-05-28,0,0,1,1,0,0,0,경기,수원시,1,1,0,0,0,0,2,127.0065,37.2818,경기수원시,0,승용차승용차,0,0,0,99,0,0
2018-05-19,0,5,1,1,0,0,0,경기,수원시,1,1,4,2,4,0,2,127.0089,37.2843,경기수원시,0,승용차승용차,0,1,0,99,0,0
2018-11-17,0,5,1,1,0,0,0,경기,수원시,1,5,0,0,0,0,11,126.9893,37.2858,경기수원시,0,승용차특수차,0,1,0,99,0,0
2018-04-27,1,4,1,2,1,0,0,경기,성남시,1,1,3,0,0,0,2,127.1267,37.4475,경기성남시,0,승용차승용차,0,0,0,95,0,0
2018-01-01,1,0,1,1,0,0,0,경기,평택시,1,12,0,0,0,4,1,126.9561,36.9541,경기평택시,0,이륜차없음,0,1,0,14,0,0
2018-04-18,1,2,1,3,0,2,0,경기,평택시,1,5,0,0,0,4,2,126.9136,36.9246,경기평택시,0,이륜차승용차,0,0,0,14,0,0
2018-01-06,1,5,1,1,0,0,0,경기,평택시,1,6,0,0,0,0,1,126.9079,36.9914,경기평택시,0,승용차없음,0,1,0,14,0,0
2018-09-02,1,6,1,1,0,0,0,경기,평택시,1,6,0,1,1,4,1,126.8566,36.9841,경기평택시,0,이륜차없음,0,1,0,14,0,0
2018-07-01,1,6,1,1,0,0,0,경기,안성시,1,9,0,1,1,9,4,127.2809,36.9859,경기안성시,0,농기계이륜차,0,1,0,23,0,0
2018-10-24,1,2,1,2,0,1,0,경기,안성시,1,5,0,0,0,1,9,127.2471,37.0501,경기안성시,0,화물차건설기계,0,0,0,23,0,0
2018-03-02,0,4,1,1,0,0,0,경기,광주시,1,1,6,1,2,4,6,127.2563,37.4192,경기광주시,0,이륜차승합차,0,0,0,9,0,0
2018-11-17,1,5,1,1,0,0,0,경기,광주시,1,6,0,1,1,1,1,127.205,37.3777,경기광주시,0,화물차없음,0,1,0,9,0,0
2018-03-28,1,2,1,1,0,0,0,경기,광주시,1,6,0,0,0,0,1,127.3032,37.4283,경기광주시,0,승용차없음,0,0,0,9,0,0
2018-06-17,0,6,1,1,0,0,0,경기,광주시,1,6,0,2,4,0,1,127.3391,37.3268,경기광주시,0,승용차없음,0,1,0,9,0,0
2018-05-02,0,2,1,3,0,2,0,경기,광주시,1,5,0,0,0,1,3,127.2779,37.4694,경기광주시,0,화물차화물차,0,0,0,9,0,0
2018-09-02,1,6,1,1,0,0,0,경기,광주시,1,8,7,1,1,4,2,127.3111,37.4704,경기광주시,0,이륜차승용차,0,1,0,9,0,0
2018-08-19,1,6,1,1,0,0,0,경기,여주시,1,1,5,0,0,7,2,127.5807,37.2993,경기여주시,0,자전거승용차,0,1,0,22,0,0
2018-03-01,1,3,1,1,0,0,0,경기,여주시,1,11,0,0,0,1,1,127.7439,37.2424,경기여주시,0,화물차없음,0,1,0,22,0,0
2018-06-28,1,3,1,2,1,0,0,경기,용인시,1,6,0,2,4,0,1,127.138,37.2609,경기용인시,0,승용차없음,0,0,0,51,0,0
2018-11-29,0,3,1,1,0,0,0,경기,용인시,1,1,0,0,0,2,1,127.1533,37.2318,경기용인시,0,승합차없음,0,0,0,51,0,0
2018-10-18,1,3,1,1,0,0,0,경기,김포시,1,1,6,1,1,4,4,126.5479,37.6375,경기김포시,0,이륜차이륜차,0,0,0,47,0,0
2018-01-11,0,3,1,12,1,9,1,경기,김포시,1,1,0,0,0,2,3,126.7809,37.5943,경기김포시,2,승합차화물차,0,0,0,47,0,0
2018-05-12,1,5,1,1,0,0,0,경기,양평군,1,11,0,0,0,0,1,127.3805,37.6462,경기양평군,0,승용차없음,0,1,0,48,0,0
2018-09-03,1,0,1,4,2,1,0,경기,양평군,1,9,5,0,0,0,2,127.3284,37.5623,경기양평군,1,승용차승용차,0,0,0,48,0,0
2018-06-29,1,4,1,1,0,0,0,경기,양평군,1,6,0,0,0,0,1,127.4572,37.5052,경기양평군,0,승용차없음,0,0,0,48,0,0
2018-05-24,0,3,1,1,0,0,0,경기,부천시,1,6,0,0,0,4,1,126.7647,37.5127,경기부천시,0,이륜차없음,0,0,0,65,0,0
2018-06-01,0,4,1,1,0,0,0,경기,광명시,1,1,0,0,0,4,1,126.895,37.4398,경기광명시,0,이륜차없음,0,0,0,81,0,0
2018-11-23,1,4,1,1,0,0,0,경기,광명시,1,8,6,1,1,0,4,126.8599,37.4156,경기광명시,0,승용차이륜차,0,0,0,81,0,0
2018-11-06,0,1,1,1,0,0,0,경기,안산시,1,6,0,0,0,1,1,126.806,37.3011,경기안산시,0,화물차없음,0,0,0,2,0,0
2018-06-20,1,2,1,1,0,0,0,경기,안산시,1,5,0,1,1,3,5,126.7783,37.2947,경기안산시,0,건설기계자전거,0,0,0,2,0,0
2018-10-15,0,0,1,1,0,0,0,경기,성남시,1,6,0,0,0,0,1,127.1291,37.4215,경기성남시,0,승용차없음,0,0,0,95,0,0
2018-04-21,0,5,1,3,0,2,0,경기,시흥시,1,8,6,1,1,4,2,126.7318,37.3549,경기시흥시,0,이륜차승용차,0,1,0,73,0,0
2018-05-17,1,3,1,1,0,0,0,경기,시흥시,1,5,0,0,0,0,3,126.7103,37.3362,경기시흥시,0,승용차화물차,0,0,0,73,0,0
2018-08-18,1,5,1,1,0,0,0,경기,시흥시,1,6,0,0,0,4,1,126.719,37.3589,경기시흥시,0,이륜차없음,0,1,0,73,0,0
2018-03-25,1,6,1,3,0,2,0,경기,안산시,1,6,2,0,0,0,1,126.8554,37.3026,경기안산시,0,승용차없음,0,1,0,2,0,0
2018-09-26,1,2,1,3,0,2,0,경기,화성시,1,1,3,0,0,1,3,126.8925,37.2678,경기화성시,0,화물차화물차,0,1,0,50,0,0
2018-01-12,0,4,1,2,0,0,1,경기,성남시,1,5,0,0,0,0,2,127.0989,37.4017,경기성남시,0,승용차승용차,0,0,0,95,0,0
2018-04-15,1,6,1,1,0,0,0,경기,구리시,1,1,0,0,0,0,1,127.1274,37.5788,경기구리시,0,승용차없음,0,1,0,165,0,0
2018-09-03,1,0,1,3,0,2,0,경기,화성시,1,6,0,0,0,1,1,126.8998,37.1201,경기화성시,0,화물차없음,0,0,0,50,0,0
2018-02-17,0,5,1,1,0,0,0,경기,화성시,1,6,0,0,0,1,1,126.8897,37.2425,경기화성시,0,화물차없음,0,1,0,50,0,0
2018-10-23,0,1,1,1,0,0,0,경기,화성시,1,1,0,0,0,0,1,126.8744,37.1564,경기화성시,0,승용차없음,0,0,0,50,0,0
2018-05-06,1,6,1,1,0,0,0,경기,화성시,1,6,0,0,0,1,1,126.8991,37.2305,경기화성시,0,화물차없음,0,1,0,50,0,0
2018-11-15,1,3,1,1,0,0,0,경기,하남시,1,8,3,0,0,1,5,127.2013,37.5586,경기하남시,0,화물차자전거,0,0,0,67,0,0
2018-10-22,1,0,1,1,0,0,0,경기,안양시,1,8,0,1,1,3,5,126.9133,37.4085,경기안양시,0,건설기계자전거,0,0,0,151,0,0
2018-05-05,1,5,1,1,0,0,0,경기,안양시,1,9,7,1,1,0,4,126.9095,37.4125,경기안양시,0,승용차이륜차,0,1,0,151,0,0
2018-10-17,0,2,1,2,1,0,0,강원,춘천시,1,11,0,0,0,4,1,127.6459,37.8218,강원춘천시,0,이륜차없음,0,0,0,111,0,0
2018-08-08,1,2,1,1,0,0,0,강원,강릉시,1,11,0,1,1,8,1,128.9995,37.6167,강원강릉시,0,기타없음,0,0,0,194,0,0
2018-05-27,1,6,1,3,0,2,0,강원,강릉시,1,8,5,0,0,1,6,128.9341,37.7793,강원강릉시,0,화물차승합차,0,1,0,194,0,0
2018-06-07,1,3,1,1,0,0,0,강원,원주시,1,9,5,0,0,0,2,127.9505,37.394,강원원주시,0,승용차승용차,0,0,0,36,0,0
2018-06-08,1,4,1,2,0,0,1,강원,영월군,1,8,0,1,1,1,12,128.366,37.175,강원영월군,0,화물차기타,0,0,0,114,0,0
2018-09-17,1,0,1,2,0,0,1,강원,영월군,1,11,0,0,0,8,1,128.4286,37.2429,강원영월군,0,기타없음,0,0,0,114,0,0
2018-05-23,1,2,1,1,0,0,0,강원,횡성군,1,11,0,0,0,8,1,128.1677,37.5724,강원횡성군,0,기타없음,0,0,0,31,0,0
2018-03-29,0,3,1,1,0,0,0,강원,양구군,1,5,0,0,0,4,3,128.0503,38.1291,강원양구군,0,이륜차화물차,0,0,0,115,0,0
2018-05-05,1,5,1,1,0,0,0,강원,동해시,1,1,0,0,0,4,2,129.1036,37.5106,강원동해시,0,이륜차승용차,0,1,0,210,0,0
2018-03-04,0,6,3,8,4,1,0,강원,홍천군,1,5,0,0,0,0,2,127.8407,37.7058,강원홍천군,2,승용차승용차,0,1,0,82,0,0
2018-12-09,0,6,1,2,0,1,0,강원,원주시,1,5,0,0,0,1,3,127.9389,37.4599,강원원주시,0,화물차화물차,0,1,0,36,0,0
2018-06-06,1,2,1,1,0,0,0,충북,청주시,1,9,6,1,1,1,2,127.4151,36.7166,충북청주시,0,화물차승용차,0,1,0,83,0,0
2018-11-14,0,2,1,1,0,0,0,충북,청주시,1,6,0,1,1,0,1,127.4732,36.7068,충북청주시,0,승용차없음,0,0,0,83,0,0
2018-11-23,0,4,1,2,1,0,0,충북,청주시,1,8,6,1,1,0,3,127.4151,36.7167,충북청주시,0,승용차화물차,0,0,0,83,0,0
2018-08-01,1,2,1,3,0,2,0,충북,청주시,1,9,5,1,1,0,2,127.4833,36.6741,충북청주시,0,승용차승용차,0,0,0,83,0,0
2018-05-01,0,1,1,1,0,0,0,충북,충주시,1,12,0,1,2,4,1,127.7321,36.9975,충북충주시,0,이륜차없음,0,0,0,6,0,0
2018-07-31,1,1,1,2,0,1,0,충북,제천시,1,11,0,0,0,1,1,128.0255,37.1202,충북제천시,0,화물차없음,0,0,0,103,0,0
2018-12-26,1,2,1,3,2,0,0,충북,제천시,1,8,5,0,0,0,2,128.0861,36.9165,충북제천시,1,승용차승용차,0,0,0,103,0,0
2018-07-16,1,0,1,2,0,1,0,충북,제천시,1,8,0,1,1,4,2,128.2167,37.1265,충북제천시,0,이륜차승용차,0,0,0,103,0,0
2018-08-28,1,1,1,1,0,0,0,충북,보은군,1,1,7,1,1,4,1,127.728,36.4096,충북보은군,0,이륜차없음,0,0,0,32,0,0
2018-08-01,1,2,1,1,0,0,0,충북,옥천군,1,5,3,0,0,1,3,127.6278,36.2529,충북옥천군,0,화물차화물차,0,0,0,142,0,0
2018-08-16,1,3,1,1,0,0,0,충북,진천군,1,8,6,1,1,5,4,127.4512,36.8625,충북진천군,0,특수차이륜차,0,0,0,60,0,0
2018-04-12,1,3,1,4,1,2,0,충북,진천군,1,1,3,1,2,0,2,127.5109,36.7693,충북진천군,1,승용차승용차,0,0,0,60,0,0
2018-04-21,1,5,1,1,0,0,0,충북,청주시,1,11,0,0,0,1,1,127.4114,36.604,충북청주시,0,화물차없음,0,1,0,83,0,0
2018-09-16,0,6,1,5,3,1,0,충북,청주시,1,8,6,1,1,0,2,127.4232,36.6891,충북청주시,1,승용차승용차,0,1,0,83,0,0
2018-12-04,1,1,1,1,0,0,0,충북,청주시,1,12,0,0,0,4,1,127.3101,36.6049,충북청주시,0,이륜차없음,0,0,0,83,0,0
2018-07-08,1,6,1,3,1,1,0,충북,청주시,1,6,0,0,0,0,1,127.5679,36.5756,충북청주시,0,승용차없음,0,1,0,83,0,0
2018-04-02,1,0,1,1,0,0,0,충북,청주시,1,6,0,0,0,1,1,127.5026,36.5206,충북청주시,0,화물차없음,0,0,0,83,0,0
2018-07-18,1,2,1,1,0,0,0,경기,광주시,1,5,0,0,0,1,11,127.2665,37.4515,경기광주시,0,화물차특수차,0,0,0,9,0,0
2018-04-04,1,2,1,12,0,1,10,충남,서산시,1,8,7,1,1,2,3,126.5342,36.6597,충남서산시,1,승합차화물차,0,0,0,69,0,0
2018-06-22,0,4,1,1,0,0,0,충남,서산시,1,5,0,0,0,1,4,126.3981,36.7764,충남서산시,0,화물차이륜차,0,0,0,69,0,0
2018-09-25,1,1,1,1,0,0,0,충남,서산시,1,8,6,1,1,5,3,126.4999,36.8314,충남서산시,0,특수차화물차,0,1,0,69,0,0
2018-07-28,0,5,2,3,1,0,0,충남,천안시,1,9,5,0,0,0,2,127.1064,36.9263,충남천안시,1,승용차승용차,0,1,0,63,0,0
2018-12-31,1,0,1,3,0,2,0,충남,천안시,1,5,0,0,0,1,3,127.1464,36.8902,충남천안시,0,화물차화물차,0,0,0,63,0,0
2018-02-15,0,3,1,2,0,1,0,충남,천안시,1,5,0,1,2,4,2,127.1088,36.8127,충남천안시,0,이륜차승용차,0,1,0,63,0,0
2018-03-02,1,4,1,1,0,0,0,충남,논산시,1,1,0,0,0,1,1,127.1317,36.0974,충남논산시,0,화물차없음,0,0,0,61,0,0
2018-10-17,1,2,1,1,0,0,0,충남,홍성군,1,8,5,0,0,4,3,126.6663,36.6006,충남홍성군,0,이륜차화물차,0,0,0,38,0,0
2018-03-20,1,1,1,1,0,0,0,충남,서천군,1,5,6,1,2,1,5,126.6741,36.0936,충남서천군,0,화물차자전거,0,0,0,10,0,0
2018-02-09,0,4,1,1,0,0,0,충남,공주시,1,1,0,0,0,1,3,126.9526,36.556,충남공주시,0,화물차화물차,0,0,0,19,0,0
2018-10-24,1,2,1,1,0,0,0,충남,공주시,1,8,2,1,1,1,8,126.9716,36.5807,충남공주시,0,화물차농기계,0,0,0,19,0,0
2018-03-09,1,4,1,1,0,0,0,세종,세종,1,6,0,0,0,1,1,127.2164,36.4377,세종세종,0,화물차없음,1,0,0,229,0,0
2018-12-09,0,6,1,1,0,0,0,충남,예산군,1,9,8,1,1,1,4,126.6612,36.694,충남예산군,0,화물차이륜차,0,1,0,187,0,0
2018-08-02,1,3,1,3,0,2,0,충남,예산군,1,5,3,1,1,1,2,126.8388,36.7189,충남예산군,0,화물차승용차,0,0,0,187,0,0
2018-01-22,1,0,1,1,0,0,0,충남,예산군,1,8,0,0,0,2,5,126.831,36.7327,충남예산군,0,승합차자전거,0,0,0,187,0,0
2018-03-31,0,5,2,3,1,0,0,충남,부여군,1,11,2,0,0,0,1,126.865,36.1075,충남부여군,1,승용차없음,0,1,0,129,0,0
2018-03-17,0,5,1,1,0,0,0,충남,부여군,1,1,2,0,0,0,2,126.9778,36.2544,충남부여군,0,승용차승용차,0,1,0,129,0,0
2018-03-17,1,5,1,3,1,1,0,충남,당진시,1,8,0,0,0,0,3,126.5884,36.9917,충남당진시,0,승용차화물차,0,1,0,46,0,0
2018-06-06,0,2,1,2,0,1,0,충남,당진시,1,5,0,1,2,0,2,126.5789,36.9893,충남당진시,0,승용차승용차,0,1,0,46,0,0
2018-04-28,1,5,1,1,0,0,0,충남,금산군,1,8,7,1,1,1,4,127.5115,36.1116,충남금산군,0,화물차이륜차,0,1,0,68,0,0
2018-01-13,0,5,1,1,0,0,0,충남,금산군,1,9,5,0,0,0,3,127.5468,36.1113,충남금산군,0,승용차화물차,0,1,0,68,0,0
2018-10-01,1,0,1,1,0,0,0,충남,천안시,1,8,6,1,1,0,2,127.1583,36.8124,충남천안시,0,승용차승용차,0,0,0,63,0,0
2018-06-26,1,1,1,1,0,0,0,충남,태안군,1,11,0,0,0,0,1,126.2254,36.7656,충남태안군,0,승용차없음,0,0,0,169,0,0
2018-11-07,1,2,1,1,0,0,0,충남,공주시,1,5,0,0,0,1,3,127.0635,36.2871,충남공주시,0,화물차화물차,0,0,0,19,0,0
2018-11-05,1,0,1,1,0,0,0,대전,대덕구,1,5,0,0,0,0,3,127.4185,36.4217,대전대덕구,0,승용차화물차,0,0,0,77,0,0
2018-03-11,0,6,1,1,0,0,0,충북,청주시,1,5,0,0,0,0,2,127.4313,36.5415,충북청주시,0,승용차승용차,0,1,0,83,0,0
2018-03-21,1,2,1,4,1,2,0,대전,동구,1,1,0,0,0,0,1,127.4605,36.2911,대전동구,1,승용차없음,0,0,0,80,0,0
2018-10-13,0,5,1,1,0,0,0,전북,전주시,1,1,0,0,0,4,1,127.1093,35.8422,전북전주시,0,이륜차없음,0,1,0,11,0,0
2018-07-04,1,2,1,1,0,0,0,전북,전주시,1,8,6,1,1,4,2,127.1294,35.8395,전북전주시,0,이륜차승용차,0,0,0,11,0,0
2018-06-01,0,4,1,1,0,0,0,전북,군산시,1,1,0,0,0,4,1,126.686,35.9427,전북군산시,0,이륜차없음,0,0,0,166,0,0
2018-12-24,1,0,1,1,0,0,0,전북,익산시,1,8,8,1,1,7,2,126.9586,35.9521,전북익산시,0,자전거승용차,0,0,0,125,0,0
2018-05-10,0,3,1,1,0,0,0,전북,익산시,1,12,0,1,1,1,1,126.9737,36.0645,전북익산시,0,화물차없음,0,0,0,125,0,0
2018-06-01,0,4,1,4,2,1,0,전북,정읍시,1,9,5,0,0,0,2,126.8754,35.5407,전북정읍시,1,승용차승용차,0,0,0,12,0,0
2018-11-12,1,0,1,1,0,0,0,전북,정읍시,1,12,0,0,0,7,1,126.8559,35.7071,전북정읍시,0,자전거없음,0,0,0,12,0,0