발생년월일,주야,요일,사망자수,사상자수,중상자수,경상자수,부상신고자수,발생지시도,발생지시군구,사고유형_대분류,사고유형_중분류,법규위반,도로형태_대분류,도로형태,당사자종별_1당_대분류,당사자종별_2당_대분류,경도,위도,발생지,사고피해정도,사고차량타입,도시여부,주말/공휴일,인구수,발생지번호,보행자의위치,무단횡단여부
2018-12-15,1,5,1,4,1,2,0,경기,용인시,1,1,0,0,0,1,2,127.1151,37.2336,경기용인시,1,화물차승용차,0,1,0,51,0,0
2018-10-31,0,2,1,1,0,0,0,경기,김포시,1,1,0,0,0,4,1,126.7172,37.6369,경기김포시,0,이륜차없음,0,0,0,47,0,0
2018-07-26,1,3,1,2,0,1,0,경기,김포시,1,1,0,2,4,0,3,126.7393,37.6098,경기김포시,0,승용차화물차,0,0,0,47,0,0
2018-09-14,0,4,1,1,0,0,0,경기,김포시,1,8,7,1,1,0,4,126.601,37.6106,경기김포시,0,승용차이륜차,0,0,0,47,0,0
2018-07-29,1,6,1,1,0,0,0,경기,오산시,1,1,0,0,0,7,3,127.0681,37.1312,경기오산시,0,자전거화물차,0,1,0,143,0,0
2018-08-11,0,5,1,2,0,1,0,경기,화성시,1,5,0,0,0,4,2,127.1032,37.1808,경기화성시,0,이륜차승용차,0,1,0,50,0,0
2018-05-01,1,1,1,2,0,0,1,경기,오산시,1,1,0,1,1,7,3,127.0686,37.1536,경기오산시,0,자전거화물차,0,0,0,143,0,0
2018-02-24,1,5,1,3,2,0,0,경기,오산시,1,5,0,0,0,0,6,127.0648,37.1552,경기오산시,1,승용차승합차,0,1,0,143,0,0
2018-03-28,0,2,1,1,0,0,0,경기,부천시,1,1,0,0,0,0,2,126.7839,37.4892,경기부천시,0,승용차승용차,0,0,0,65,0,0
2018-01-29,0,0,1,2,0,1,0,경기,안산시,1,6,0,0,0,1,1,126.6049,37.2394,경기안산시,0,화물차없음,0,0,0,2,0,0
2018-11-08,0,3,1,1,0,0,0,경기,성남시,1,6,0,0,0,0,1,127.1189,37.3796,경기성남시,0,승용차없음,0,0,0,95,0,0
2018-10-10,1,2,1,2,0,1,0,경기,성남시,1,1,3,0,0,0,2,127.1012,37.3501,경기성남시,0,승용차승용차,0,0,0,95,0,0
2018-06-17,1,6,1,1,0,0,0,경기,성남시,1,1,7,1,1,0,4,127.1425,37.3746,경기성남시,0,승용차이륜차,0,1,0,95,0,0
2018-08-09,1,3,1,2,0,1,0,경기,시흥시,1,5,0,0,0,1,3,126.7261,37.3636,경기시흥시,0,화물차화물차,0,0,0,73,0,0
2018-10-15,1,0,1,2,0,1,0,경기,시흥시,1,8,5,1,2,0,2,126.785,37.4059,경기시흥시,0,승용차승용차,0,0,0,73,0,0
2018-01-29,0,0,1,1,0,0,0,경기,안산시,1,8,0,0,0,2,12,126.8614,37.2937,경기안산시,0,승합차기타,0,0,0,2,0,0
2018-12-27,1,3,1,1,0,0,0,경기,여주시,1,1,0,0,0,0,1,127.5199,37.373,경기여주시,0,승용차없음,0,0,0,22,0,0
2018-04-14,0,5,1,1,0,0,0,경기,성남시,1,8,3,0,0,0,2,127.1034,37.3575,경기성남시,0,승용차승용차,0,1,0,95,0,0
2018-08-09,0,3,1,2,0,1,0,경기,화성시,1,5,0,0,0,1,11,126.895,37.2719,경기화성시,0,화물차특수차,0,0,0,50,0,0
2018-10-15,0,0,1,1,0,0,0,경기,화성시,1,1,0,0,0,4,1,126.9077,37.2739,경기화성시,0,이륜차없음,0,0,0,50,0,0
2018-01-12,1,4,1,1,0,0,0,경기,화성시,1,6,0,1,1,1,1,126.8159,37.2132,경기화성시,0,화물차없음,0,0,0,50,0,0
2018-10-06,1,5,1,1,0,0,0,경기,화성시,1,6,0,0,0,1,1,126.968,37.199,경기화성시,0,화물차없음,0,1,0,50,0,0
2018-07-09,0,0,1,1,0,0,0,경기,화성시,1,1,2,2,4,0,11,126.9003,37.1188,경기화성시,0,승용차특수차,0,0,0,50,0,0
2018-02-09,0,4,1,1,0,0,0,경기,화성시,1,6,0,0,0,4,1,126.9569,37.2174,경기화성시,0,이륜차없음,0,0,0,50,0,0
2018-04-02,0,0,2,2,0,0,0,경기,화성시,1,1,0,1,2,0,11,126.9258,37.0757,경기화성시,0,승용차특수차,0,0,0,50,0,0
2018-05-26,1,5,1,1,0,0,0,경기,하남시,1,8,6,1,1,7,3,127.2037,37.5518,경기하남시,0,자전거화물차,0,1,0,67,0,0
2018-05-04,1,4,1,4,1,2,0,경기,하남시,1,1,0,0,0,0,2,127.2103,37.5387,경기하남시,1,승용차승용차,0,0,0,67,0,0
2018-05-18,1,4,1,1,0,0,0,경기,안양시,1,12,4,0,0,4,1,126.9116,37.4183,경기안양시,0,이륜차없음,0,0,0,151,0,0
2018-07-16,1,0,1,1,0,0,0,강원,춘천시,1,8,6,1,1,4,2,127.7221,37.8671,강원춘천시,0,이륜차승용차,0,0,0,111,0,0
2018-08-16,1,3,1,1,0,0,0,강원,춘천시,1,8,0,1,1,2,5,127.7361,37.8505,강원춘천시,0,승합차자전거,0,0,0,111,0,0
2018-08-04,1,5,1,1,0,0,0,강원,춘천시,1,6,0,1,2,0,1,127.7672,37.7664,강원춘천시,0,승용차없음,0,1,0,111,0,0
2018-04-24,0,1,1,4,3,0,0,강원,춘천시,1,8,10,0,0,1,2,127.7651,37.8733,강원춘천시,1,화물차승용차,0,0,0,111,0,0
2018-05-31,0,3,1,3,2,0,0,강원,강릉시,1,9,5,0,0,0,2,128.9266,37.7739,강원강릉시,1,승용차승용차,0,0,0,194,0,0
2018-12-01,0,5,1,2,0,1,0,강원,원주시,1,5,3,0,0,0,9,127.8142,37.283,강원원주시,0,승용차건설기계,0,1,0,36,0,0
2018-10-13,1,5,1,2,1,0,0,강원,양양군,1,6,0,0,0,0,1,128.6308,38.114,강원양양군,0,승용차없음,0,1,0,164,0,0
2018-09-28,1,4,1,1,0,0,0,강원,삼척시,1,11,0,0,0,9,1,129.1488,37.4329,강원삼척시,0,농기계없음,0,0,0,78,0,0
2018-07-30,1,0,1,2,1,0,0,강원,영월군,1,9,7,1,1,1,2,128.4066,37.179,강원영월군,0,화물차승용차,0,0,0,114,0,0
2018-03-09,1,4,1,4,3,0,0,강원,홍천군,1,6,0,0,0,0,1,127.7504,37.5998,강원홍천군,1,승용차없음,0,0,0,82,0,0
2018-12-23,1,6,1,1,0,0,0,강원,평창군,1,6,0,0,0,1,1,128.3812,37.6241,강원평창군,0,화물차없음,0,1,0,24,0,0
2018-10-21,1,6,1,1,0,0,0,강원,평창군,1,8,0,0,0,4,2,128.3567,37.4324,강원평창군,0,이륜차승용차,0,1,0,24,0,0
2018-10-12,0,4,1,1,0,0,0,강원,화천군,1,6,5,0,0,0,1,127.6828,38.0711,강원화천군,0,승용차없음,0,0,0,218,0,0
2018-05-27,1,6,1,1,0,0,0,강원,화천군,1,8,0,0,0,4,4,127.4589,38.0424,강원화천군,0,이륜차이륜차,0,1,0,218,0,0
2018-08-30,1,3,1,1,0,0,0,강원,화천군,1,6,0,0,0,1,1,127.5683,38.1785,강원화천군,0,화물차없음,0,0,0,218,0,0
2018-06-10,1,6,1,1,0,0,0,강원,태백시,1,1,2,1,2,0,1,128.991,37.1663,강원태백시,0,승용차없음,0,1,0,215,0,0
2018-08-31,1,4,1,1,0,0,0,강원,정선군,1,1,0,0,0,1,1,128.8613,37.5558,강원정선군,0,화물차없음,0,0,0,198,0,0
2018-06-12,1,1,1,1,0,0,0,강원,횡성군,1,1,0,0,0,1,3,128.0674,37.444,강원횡성군,0,화물차화물차,0,0,0,31,0,0
2018-12-05,1,2,1,1,0,0,0,강원,고성군,1,9,5,2,4,4,2,128.4788,38.3777,강원고성군,0,이륜차승용차,0,0,0,217,0,0
2018-05-20,1,6,1,1,0,0,0,강원,철원군,1,12,0,1,2,8,1,127.4321,38.2305,강원철원군,0,기타없음,0,1,0,184,0,0
2018-09-05,1,2,1,1,0,0,0,강원,원주시,1,6,0,0,0,1,1,127.9292,37.4256,강원원주시,0,화물차없음,0,0,0,36,0,0
2018-04-19,1,3,1,2,0,1,0,충북,청주시,1,8,6,1,1,1,3,127.5447,36.7425,충북청주시,0,화물차화물차,0,0,0,83,0,0
2018-06-08,1,4,1,1,0,0,0,충북,청주시,1,1,5,0,0,4,2,127.4823,36.7234,충북청주시,0,이륜차승용차,0,0,0,83,0,0
2018-07-15,1,6,1,1,0,0,0,충북,청주시,1,11,5,0,0,4,1,127.5657,36.7037,충북청주시,0,이륜차없음,0,1,0,83,0,0
2018-06-16,1,5,1,2,0,0,1,충북,충주시,1,1,2,0,0,1,4,127.9582,36.9706,충북충주시,0,화물차이륜차,0,1,0,6,0,0
2018-02-18,0,6,1,1,0,0,0,충북,충주시,1,6,0,0,0,1,1,127.9205,37.0174,충북충주시,0,화물차없음,0,1,0,6,0,0
2018-12-06,0,3,1,1,0,0,0,충북,제천시,1,9,5,2,4,1,4,128.151,36.9254,충북제천시,0,화물차이륜차,0,0,0,103,0,0
2018-01-13,1,5,1,1,0,0,0,충북,제천시,1,9,0,0,0,0,3,128.2116,37.1107,충북제천시,0,승용차화물차,0,1,0,103,0,0
2018-07-13,0,4,1,2,1,0,0,충북,영동군,1,12,0,0,0,4,1,127.7843,36.1742,충북영동군,0,이륜차없음,0,0,0,75,0,0
2018-11-25,1,6,1,1,0,0,0,충북,옥천군,1,6,0,0,0,1,1,127.5234,36.2675,충북옥천군,0,화물차없음,0,1,0,142,0,0
2018-09-28,0,4,1,1,0,0,0,충북,옥천군,1,5,0,0,0,0,12,127.572,36.2865,충북옥천군,0,승용차기타,0,0,0,142,0,0
2018-02-10,0,5,1,5,0,4,0,충북,청주시,1,9,5,0,0,0,6,127.3232,36.5879,충북청주시,1,승용차승합차,0,1,0,83,0,0
2018-11-23,1,4,1,1,0,0,0,충북,청주시,1,1,0,1,1,4,11,127.312,36.6006,충북청주시,0,이륜차특수차,0,0,0,83,0,0
2018-12-27,0,3,1,5,4,0,0,충북,청주시,1,8,6,1,1,0,2,127.4986,36.5123,충북청주시,1,승용차승용차,0,0,0,83,0,0
2018-04-29,0,6,1,4,0,3,0,충북,청주시,1,5,0,1,2,1,3,127.672,36.6157,충북청주시,1,화물차화물차,0,1,0,83,0,0
2018-03-12,0,0,1,2,0,1,0,경기,하남시,1,8,3,0,0,1,3,127.2208,37.5191,경기하남시,0,화물차화물차,0,0,0,67,0,0
2018-01-14,1,6,1,4,3,0,0,충남,서산시,1,5,0,0,0,0,2,126.4286,36.9696,충남서산시,1,승용차승용차,0,1,0,69,0,0
2018-03-22,1,3,1,3,2,0,0,충남,서산시,1,8,5,0,0,1,2,126.4415,36.9089,충남서산시,1,화물차승용차,0,0,0,69,0,0
2018-12-01,1,5,1,1,0,0,0,충남,서산시,1,11,0,0,0,7,1,126.5862,36.8197,충남서산시,0,자전거없음,0,1,0,69,0,0
2018-05-29,1,1,1,1,0,0,0,충남,천안시,1,6,0,0,0,4,1,127.2616,36.8975,충남천안시,0,이륜차없음,0,0,0,63,0,0
2018-11-26,0,0,1,1,0,0,0,충남,천안시,1,6,0,0,0,0,1,127.133,36.8265,충남천안시,0,승용차없음,0,0,0,63,0,0
2018-10-14,1,6,1,1,0,0,0,충남,천안시,1,6,0,0,0,4,1,127.2789,36.8936,충남천안시,0,이륜차없음,0,1,0,63,0,0
2018-11-02,1,4,1,1,0,0,0,충남,천안시,1,8,5,1,2,0,7,127.1346,36.9228,충남천안시,0,승용차원동기장치자전거,0,0,0,63,0,0
2018-02-24,1,5,1,1,0,0,0,충남,논산시,1,8,5,0,0,7,3,127.0791,36.1958,충남논산시,0,자전거화물차,0,1,0,61,0,0
2018-08-13,0,0,1,1,0,0,0,충남,홍성군,1,8,0,1,1,4,3,126.6359,36.5496,충남홍성군,0,이륜차화물차,0,0,0,38,0,0
2018-09-01,0,5,1,1,0,0,0,충남,홍성군,1,6,0,0,0,1,1,126.4684,36.564,충남홍성군,0,화물차없음,0,1,0,38,0,0
2018-12-18,1,1,1,1,0,0,0,충남,아산시,1,5,3,0,0,1,3,126.987,36.6613,충남아산시,0,화물차화물차,0,0,0,53,0,0
2018-09-17,1,0,1,1,0,0,0,충남,아산시,1,1,0,1,1,3,4,127.0632,36.7956,충남아산시,0,건설기계이륜차,0,0,0,53,0,0
2018-07-28,0,5,1,1,0,0,0,충남,아산시,1,5,0,0,0,4,2,126.9058,36.8793,충남아산시,0,이륜차승용차,0,1,0,53,0,0
2018-11-12,0,0,1,1,0,0,0,충남,아산시,1,6,0,2,4,0,1,127.0487,36.8176,충남아산시,0,승용차없음,0,0,0,53,0,0
2018-07-18,0,2,1,1,0,0,0,충남,아산시,1,5,0,0,0,1,9,126.9372,36.876,충남아산시,0,화물차건설기계,0,0,0,53,0,0
2018-04-15,1,6,1,1,0,0,0,충남,아산시,1,1,0,0,0,7,1,126.9977,36.7787,충남아산시,0,자전거없음,0,1,0,53,0,0
2018-11-14,0,2,1,1,0,0,0,충남,서천군,1,11,0,0,0,6,1,126.5367,36.1643,충남서천군,0,원동기장치자전거없음,0,0,0,10,0,0
2018-10-26,0,4,1,1,0,0,0,충남,보령시,1,11,0,1,1,0,1,126.6099,36.3614,충남보령시,0,승용차없음,0,0,0,136,0,0
2018-08-27,1,0,1,1,0,0,0,충남,보령시,1,6,0,0,0,1,1,126.6576,36.2964,충남보령시,0,화물차없음,0,0,0,136,0,0
2018-08-12,0,6,1,1,0,0,0,충남,공주시,1,6,0,0,0,0,1,127.0893,36.4509,충남공주시,0,승용차없음,0,1,0,19,0,0
2018-12-21,0,4,1,1,0,0,0,충남,공주시,1,12,0,2,4,1,1,127.1362,36.445,충남공주시,0,화물차없음,0,0,0,19,0,0
2018-01-16,0,1,2,2,0,0,0,세종,세종,1,5,0,0,0,0,3,127.158,36.7252,세종세종,0,승용차화물차,1,0,0,229,0,0
2018-04-02,1,0,1,1,0,0,0,세종,세종,1,8,0,0,0,4,3,127.2924,36.578,세종세종,0,이륜차화물차,1,0,0,229,0,0
2018-11-22,1,3,1,7,2,4,0,충남,예산군,1,8,0,0,0,1,3,126.8806,36.6401,충남예산군,1,화물차화물차,0,0,0,187,0,0
2018-11-18,0,6,1,1,0,0,0,충남,예산군,1,8,8,1,1,0,4,126.6937,36.6675,충남예산군,0,승용차이륜차,0,1,0,187,0,0
2018-10-21,1,6,1,2,0,1,0,충남,예산군,1,5,0,0,0,1,3,126.8809,36.637,충남예산군,0,화물차화물차,0,1,0,187,0,0
2018-10-05,1,4,1,1,0,0,0,충남,예산군,1,9,6,1,1,0,3,126.8327,36.7247,충남예산군,0,승용차화물차,0,0,0,187,0,0
2018-09-15,1,5,1,6,1,4,0,충남,예산군,1,5,0,1,2,0,2,126.6322,36.6852,충남예산군,1,승용차승용차,0,1,0,187,0,0
2018-04-29,1,6,1,1,0,0,0,충남,예산군,1,5,0,0,0,4,2,126.6923,36.7288,충남예산군,0,이륜차승용차,0,1,0,187,0,0
2018-04-14,0,5,1,1,0,0,0,충남,예산군,1,6,0,2,4,1,1,126.7492,36.6793,충남예산군,0,화물차없음,0,1,0,187,0,0
2018-04-03,1,1,1,1,0,0,0,충남,예산군,1,1,8,1,1,4,8,126.7195,36.7269,충남예산군,0,이륜차농기계,0,0,0,187,0,0
2018-09-16,0,6,1,1,0,0,0,충남,부여군,1,6,0,1,1,1,1,126.8747,36.1485,충남부여군,0,화물차없음,0,1,0,129,0,0
2018-12-18,0,1,1,1,0,0,0,충남,부여군,1,9,5,0,0,4,2,126.7163,36.2882,충남부여군,0,이륜차승용차,0,0,0,129,0,0
2018-08-24,1,4,1,2,0,1,0,충남,당진시,1,8,6,1,1,1,3,126.7717,36.8045,충남당진시,0,화물차화물차,0,0,0,46,0,0
2018-08-24,0,4,1,1,0,0,0,충남,당진시,1,1,0,0,0,0,1,126.728,36.8594,충남당진시,0,승용차없음,0,0,0,46,0,0
2018-08-18,1,5,1,5,2,2,0,충남,당진시,1,8,7,1,1,0,6,126.7954,36.8298,충남당진시,1,승용차승합차,0,1,0,46,0,0
2018-09-11,1,1,1,1,0,0,0,충남,천안시,1,1,0,0,0,4,1,127.1608,36.8254,충남천안시,0,이륜차없음,0,0,0,63,0,0
2018-07-30,1,0,1,1,0,0,0,충남,천안시,1,8,0,1,1,3,5,127.205,36.7704,충남천안시,0,건설기계자전거,0,0,0,63,0,0
2018-09-10,1,0,1,1,0,0,0,충남,태안군,1,1,0,2,4,4,8,126.3137,36.7269,충남태안군,0,이륜차농기계,0,0,0,169,0,0
2018-02-23,1,4,1,4,3,0,0,충남,태안군,1,8,6,1,1,1,6,126.3029,36.7484,충남태안군,1,화물차승합차,0,0,0,169,0,0
2018-12-15,1,5,1,11,2,8,0,충남,논산시,1,5,3,2,4,0,2,127.0672,36.1356,충남논산시,2,승용차승용차,0,1,0,61,0,0
2018-05-31,0,3,1,1,0,0,0,대전,대덕구,1,5,0,0,0,1,3,127.42,36.4068,대전대덕구,0,화물차화물차,0,0,0,77,0,0
2018-05-14,1,0,1,1,0,0,0,전북,전주시,1,8,0,0,0,4,3,127.1114,35.8339,전북전주시,0,이륜차화물차,0,0,0,11,0,0
2018-01-14,1,6,2,4,0,2,0,전북,전주시,1,8,6,1,1,2,2,127.1071,35.8351,전북전주시,1,승합차승용차,0,1,0,11,0,0
2018-10-01,1,0,1,1,0,0,0,전북,전주시,1,8,0,1,2,1,5,127.1293,35.8397,전북전주시,0,화물차자전거,0,0,0,11,0,0
2018-07-24,1,1,1,1,0,0,0,전북,군산시,1,8,6,1,3,0,5,126.7242,35.978,전북군산시,0,승용차자전거,0,0,0,166,0,0
2018-09-16,1,6,1,1,0,0,0,전북,군산시,1,1,0,0,0,4,3,126.7656,35.9921,전북군산시,0,이륜차화물차,0,1,0,166,0,0
2018-08-06,1,0,1,1,0,0,0,전북,군산시,1,6,0,0,0,6,1,126.8204,35.9382,전북군산시,0,원동기장치자전거없음,0,0,0,166,0,0
2018-10-06,0,5,1,1,0,0,0,전북,익산시,1,6,0,0,0,0,1,126.9583,35.9516,전북익산시,0,승용차없음,0,1,0,125,0,0
2018-02-03,1,5,1,3,0,2,0,전북,익산시,1,8,10,0,0,0,2,126.8938,36.0446,전북익산시,0,승용차승용차,0,1,0,125,0,0
2018-01-26,1,4,1,1,0,0,0,전북,익산시,1,8,0,0,0,1,4,126.9446,36.0007,전북익산시,0,화물차이륜차,0,0,0,125,0,0
2018-08-27,0,0,1,5,2,2,0,전북,정읍시,1,8,8,1,1,0,2,126.8351,35.5741,전북정읍시,1,승용차승용차,0,0,0,12,0,0
2018-07-06,1,4,1,3,2,0,0,전북,김제시,1,5,2,0,0,0,2,126.9753,35.8846,전북김제시,1,승용차승용차,0,0,0,34,0,0
2018-07-02,1,0,1,1,0,0,0,전북,남원시,1,6,0,0,0,4,1,127.4,35.5147,전북남원시,0,이륜차없음,0,0,0,193,0,0
2018-07-17,0,1,1,2,1,0,0,전북,고창군,1,12,0,1,1,4,1,126.5917,35.4426,전북고창군,0,이륜차없음,0,0,0,219,0,0
2018-09-06,1,3,1,1,0,0,0,전북,고창군,1,5,0,0,0,1,3,126.7009,35.4963,전북고창군,0,화물차화물차,0,0,0,219,0,0
2018-08-30,1,3,1,1,0,0,0,전북,부안군,1,8,0,1,1,1,3,126.6866,35.7793,전북부안군,0,화물차화물차,0,0,0,185,0,0
2018-05-23,1,2,1,1,0,0,0,전북,진안군,1,12,0,0,0,9,1,127.5487,35.9003,전북진안군,0,농기계없음,0,0,0,192,0,0
2018-03-11,0,6,2,2,0,0,0,전북,순창군,1,11,0,0,0,1,1,127.2288,35.4596,전북순창군,0,화물차없음,0,1,0,131,0,0
2018-03-18,1,6,1,4,3,0,0,전북,완주군,1,9,5,0,0,1,2,127.2242,35.7375,전북완주군,1,화물차승용차,0,1,0,28,0,0
2018-11-22,1,3,1,4,3,0,0,전북,완주군,1,9,5,0,0,0,3,127.2928,36.0863,전북완주군,1,승용차화물차,0,0,0,28,0,0
2018-04-16,0,0,1,1,0,0,0,전북,완주군,1,6,0,0,0,1,1,127.0987,35.9194,전북완주군,0,화물차없음,0,0,0,28,0,0
2018-04-01,1,6,1,1,0,0,0,충남,당진시,1,12,0,0,0,0,1,126.7041,36.891,충남당진시,0,승용차없음,0,1,0,46,0,0
2018-10-06,1,5,1,1,0,0,0,전남,신안군,1,8,0,0,0,1,2,126.0713,34.9043,전남신안군,0,화물차승용차,0,1,0,132,0,0
2018-08-06,1,0,1,2,1,0,0,전남,여수시,1,8,0,0,0,1,4,127.5469,34.8207,전남여수시,0,화물차이륜차,0,0,0,102,0,0
2018-01-19,1,4,1,1,0,0,0,전남,순천시,1,1,7,1,1,0,4,127.5645,34.8909,전남순천시,0,승용차이륜차,0,0,0,27,0,0
2018-05-31,1,3,1,2,1,0,0,전남,순천시,1,9,5,0,0,0,2,127.489,34.9674,전남순천시,0,승용차승용차,0,0,0,27,0,0
2018-09-29,1,5,1,1,0,0,0,전남,순천시,1,1,0,0,0,7,1,127.4495,34.9658,전남순천시,0,자전거없음,0,1,0,27,0,0
2018-08-11,1,5,1,1,0,0,0,전남,나주시,1,1,10,0,0,3,4,126.6744,35.0171,전남나주시,0,건설기계이륜차,0,1,0,33,0,0
2018-09-06,0,3,1,1,0,0,0,전남,나주시,1,11,0,0,0,8,1,126.6259,34.9639,전남나주시,0,기타없음,0,0,0,33,0,0
2018-12-19,1,2,1,1,0,0,0,전남,고흥군,1,12,0,0,0,8,1,127.3236,34.4888,전남고흥군,0,기타없음,0,0,0,191,0,0
2018-10-19,1,4,1,1,0,0,0,전남,보성군,1,8,7,1,1,1,7,127.3495,34.8445,전남보성군,0,화물차원동기장치자전거,0,0,0,122,0,0
2018-09-12,1,2,1,3,2,0,0,전남,화순군,1,8,6,1,1,0,2,126.9724,35.0512,전남화순군,1,승용차승용차,0,0,0,88,0,0
2018-06-16,1,5,1,2,0,1,0,전남,화순군,1,8,2,0,0,0,3,126.9891,34.9301,전남화순군,0,승용차화물차,0,1,0,88,0,0
2018-08-09,0,3,1,1,0,0,0,전남,영암군,1,6,0,0,0,0,1,126.6208,34.7153,전남영암군,0,승용차없음,0,0,0,16,0,0
2018-04-08,0,6,1,1,0,0,0,전남,영암군,1,5,0,0,0,1,9,126.6303,34.7656,전남영암군,0,화물차건설기계,0,1,0,16,0,0
2018-03-12,1,0,1,2,0,1,0,전남,강진군,1,9,0,0,0,7,3,126.816,34.4571,전남강진군,0,자전거화물차,0,0,0,121,0,0
2018-02-08,1,3,1,1,0,0,0,전남,담양군,1,6,0,0,0,1,1,127.001,35.4288,전남담양군,0,화물차없음,0,0,0,181,0,0
2018-04-28,1,5,1,1,0,0,0,전남,담양군,1,1,2,1,1,0,7,126.896,35.2752,전남담양군,0,승용차원동기장치자전거,0,1,0,181,0,0
2018-04-13,1,4,1,2,1,0,0,전남,담양군,1,1,0,1,2,1,12,126.9601,35.2397,전남담양군,0,화물차기타,0,0,0,181,0,0
2018-12-15,1,5,1,1,0,0,0,전남,담양군,1,9,0,1,1,0,4,126.9717,35.3462,전남담양군,0,승용차이륜차,0,1,0,181,0,0
2018-10-09,0,1,1,3,1,1,0,전남,완도군,1,5,0,0,0,0,8,126.8043,34.4072,전남완도군,0,승용차농기계,0,1,0,141,0,0
2018-01-16,1,1,1,1,0,0,0,전남,완도군,1,12,0,0,0,8,1,126.7944,34.3838,전남완도군,0,기타없음,0,0,0,141,0,0
2018-09-20,1,3,1,2,0,1,0,전남,무안군,1,8,5,0,0,0,9,126.4263,34.9215,전남무안군,0,승용차건설기계,0,0,0,101,0,0
2018-08-01,1,2,1,2,0,1,0,전남,진도군,1,8,2,1,1,0,3,126.2673,34.54,전남진도군,0,승용차화물차,0,0,0,71,0,0
2018-11-08,0,3,1,2,0,1,0,전남,보성군,1,5,0,0,0,1,3,127.1343,34.8117,전남보성군,0,화물차화물차,0,0,0,122,0,0
2018-01-23,0,1,1,2,0,1,0,전남,구례군,1,5,0,0,0,1,3,127.4489,35.1798,전남구례군,0,화물차화물차,0,0,0,161,0,0
2018-04-17,0,1,1,1,0,0,0,전남,순천시,1,5,0,0,0,1,9,127.3627,35.0171,전남순천시,0,화물차건설기계,0,0,0,27,0,0
2018-02-25,1,6,2,4,2,0,0,경북,경주시,1,9,5,0,0,0,2,129.5024,35.812,경북경주시,1,승용차승용차,0,1,0,100,0,0
2018-10-23,1,1,1,1,0,0,0,경북,경주시,1,8,0,0,0,2,4,129.2184,35.8383,경북경주시,0,승합차이륜차,0,0,0,100,0,0
2018-06-30,1,5,2,2,0,0,0,경북,포항시,1,6,0,0,0,0,1,129.37,36.2475,경북포항시,0,승용차없음,0,1,0,160,0,0
2018-08-09,0,3,1,1,0,0,0,경북,안동시,1,12,0,0,0,8,1,128.7189,36.5688,경북안동시,0,기타없음,0,0,0,66,0,0
2018-10-31,1,2,1,1,0,0,0,경북,상주시,1,8,7,1,1,1,7,128.0631,36.5365,경북상주시,0,화물차원동기장치자전거,0,0,0,58,0,0
2018-02-15,0,3,1,1,0,0,0,경북,상주시,1,6,0,0,0,1,1,128.1665,36.5592,경북상주시,0,화물차없음,0,1,0,58,0,0
2018-05-31,0,3,1,1,0,0,0,경북,상주시,1,8,5,0,0,0,5,128.192,36.5607,경북상주시,0,승용차자전거,0,0,0,58,0,0
2018-08-17,0,4,1,1,0,0,0,경북,상주시,1,11,0,0,0,4,1,128.1032,36.2987,경북상주시,0,이륜차없음,0,0,0,58,0,0
2018-04-25,1,2,1,2,1,0,0,경북,의성군,1,6,0,0,0,9,1,128.8747,36.2781,경북의성군,0,농기계없음,0,0,0,105,0,0
2018-04-04,0,2,1,1,0,0,0,경북,의성군,1,11,0,0,0,4,1,128.3745,36.3688,경북의성군,0,이륜차없음,0,0,0,105,0,0
2018-09-14,1,4,1,2,1,0,0,경북,영주시,1,5,0,0,0,1,3,128.5259,36.8575,경북영주시,0,화물차화물차,0,0,0,113,0,0
2018-04-26,1,3,1,1,0,0,0,경북,칠곡군,1,5,0,0,0,1,3,128.4884,35.9451,경북칠곡군,0,화물차화물차,0,0,0,21,0,0
2018-08-14,0,1,1,1,0,0,0,경북,영천시,1,6,0,0,0,4,1,129.1108,35.9597,경북영천시,0,이륜차없음,0,0,0,5,0,0
2018-11-18,0,6,1,1,0,0,0,경북,영천시,1,5,0,0,0,0,3,129.0993,35.9853,경북영천시,0,승용차화물차,0,1,0,5,0,0
2018-08-08,1,2,1,2,0,1,0,경북,경산시,1,8,6,1,1,4,2,128.8179,35.8841,경북경산시,0,이륜차승용차,0,0,0,52,0,0
2018-03-31,0,5,1,2,1,0,0,경북,경산시,1,5,0,0,0,0,4,128.8204,35.8567,경북경산시,0,승용차이륜차,0,1,0,52,0,0
2018-01-28,0,6,1,1,0,0,0,경북,경산시,1,6,0,1,2,1,1,128.7328,35.8167,경북경산시,0,화물차없음,0,1,0,52,0,0
2018-04-27,1,4,1,2,1,0,0,경북,영덕군,1,8,0,0,0,0,3,129.3787,36.3298,경북영덕군,0,승용차화물차,0,0,0,54,0,0
2018-10-24,0,2,1,2,0,1,0,경북,청도군,1,5,0,0,0,0,8,128.6746,35.6583,경북청도군,0,승용차농기계,0,0,0,3,0,0
2018-03-26,1,0,1,1,0,0,0,경북,성주군,1,12,0,1,2,9,1,128.1828,35.8628,경북성주군,0,농기계없음,0,0,0,168,0,0
2018-09-15,0,5,1,1,0,0,0,경북,군위군,1,5,2,0,0,0,2,128.578,36.2757,경북군위군,0,승용차승용차,0,1,0,170,0,0
2018-09-19,0,2,1,1,0,0,0,경북,청송군,1,11,0,0,0,1,1,129.1098,36.5184,경북청송군,0,화물차없음,0,0,0,203,0,0