발생년월일,주야,요일,사망자수,사상자수,중상자수,경상자수,부상신고자수,발생지시도,발생지시군구,사고유형_대분류,사고유형_중분류,법규위반,도로형태_대분류,도로형태,당사자종별_1당_대분류,당사자종별_2당_대분류,경도,위도,발생지,사고피해정도,사고차량타입,도시여부,주말/공휴일,인구수,발생지번호,보행자의위치,무단횡단여부
2018-10-31,1,2,1,1,0,0,0,경북,청송군,1,8,0,0,0,1,8,129.0848,36.5407,경북청송군,0,화물차농기계,0,0,0,203,0,0
2018-06-11,1,0,1,1,0,0,0,경북,청송군,1,6,0,0,0,0,1,128.9376,36.2917,경북청송군,0,승용차없음,0,0,0,203,0,0
2018-01-19,0,4,1,2,1,0,0,경북,구미시,1,5,0,0,0,0,2,128.3917,36.111,경북구미시,0,승용차승용차,0,0,0,144,0,0
2018-07-24,1,1,1,1,0,0,0,경북,구미시,1,8,0,1,2,1,4,128.4008,36.1163,경북구미시,0,화물차이륜차,0,0,0,144,0,0
2018-08-30,1,3,1,3,2,0,0,경북,구미시,1,9,7,1,1,1,3,128.171,36.2653,경북구미시,1,화물차화물차,0,0,0,144,0,0
2018-05-15,0,1,1,2,0,1,0,경북,구미시,1,1,0,0,0,0,3,128.3483,36.2787,경북구미시,0,승용차화물차,0,0,0,144,0,0
2018-04-17,1,1,1,2,1,0,0,경북,포항시,1,1,2,0,0,4,3,129.4754,35.9868,경북포항시,0,이륜차화물차,0,0,0,160,0,0
2018-01-10,1,2,1,2,1,0,0,대구,동구,1,5,0,0,0,1,3,128.687,35.8906,대구동구,0,화물차화물차,0,0,0,26,0,0
2018-10-29,1,0,1,1,0,0,0,경북,영천시,1,6,0,0,0,1,1,128.9147,36.0322,경북영천시,0,화물차없음,0,0,0,5,0,0
2018-02-08,0,3,1,3,1,1,0,경북,상주시,1,5,0,0,0,1,3,128.1509,36.5399,경북상주시,0,화물차화물차,0,0,0,58,0,0
2018-06-26,1,1,1,1,0,0,0,경북,구미시,1,5,0,0,0,1,3,128.3085,36.14,경북구미시,0,화물차화물차,0,0,0,144,0,0
2018-01-31,1,2,1,1,0,0,0,경북,칠곡군,1,1,0,0,0,1,2,128.4878,35.9154,경북칠곡군,0,화물차승용차,0,0,0,21,0,0
2018-02-06,1,1,1,1,0,0,0,경북,김천시,1,6,0,0,0,1,1,128.2658,36.1649,경북김천시,0,화물차없음,0,0,0,76,0,0
2018-10-06,0,5,1,1,0,0,0,경남,통영시,1,6,0,0,0,0,1,128.4078,34.8986,경남통영시,0,승용차없음,0,1,0,212,0,0
2018-10-28,0,6,1,2,0,1,0,경남,통영시,1,6,5,0,0,0,1,128.4229,34.8815,경남통영시,0,승용차없음,0,1,0,212,0,0
2018-10-30,1,1,1,1,0,0,0,경남,밀양시,1,1,0,0,0,1,1,128.6055,35.4743,경남밀양시,0,화물차없음,0,0,0,177,0,0
2018-07-10,1,1,1,1,0,0,0,경남,밀양시,1,8,0,1,1,1,4,128.8018,35.4477,경남밀양시,0,화물차이륜차,0,0,0,177,0,0
2018-10-18,0,3,1,2,0,0,1,경남,김해시,1,5,2,1,1,0,3,128.8483,35.3433,경남김해시,0,승용차화물차,0,0,0,13,0,0
2018-03-12,1,0,1,1,0,0,0,경남,합천군,1,9,5,0,0,0,4,128.1455,35.5809,경남합천군,0,승용차이륜차,0,0,0,133,0,0
2018-10-03,1,2,1,1,0,0,0,경남,창녕군,1,8,0,1,1,9,7,128.4558,35.5945,경남창녕군,0,농기계원동기장치자전거,0,1,0,211,0,0
2018-06-25,1,0,1,2,0,1,0,경남,창녕군,1,8,0,1,1,1,2,128.5147,35.4171,경남창녕군,0,화물차승용차,0,0,0,211,0,0
2018-09-17,0,0,1,1,0,0,0,경남,창녕군,1,6,0,1,1,6,1,128.4586,35.3882,경남창녕군,0,원동기장치자전거없음,0,0,0,211,0,0
2018-05-21,1,0,1,1,0,0,0,경남,함양군,1,11,0,0,0,1,1,127.6875,35.7084,경남함양군,0,화물차없음,0,0,0,108,0,0
2018-12-31,0,0,1,2,1,0,0,경남,양산시,1,6,0,1,1,0,1,129.024,35.3405,경남양산시,0,승용차없음,0,0,0,49,0,0
2018-08-31,0,4,1,1,0,0,0,경남,양산시,1,8,0,0,0,0,6,129.1709,35.4067,경남양산시,0,승용차승합차,0,0,0,49,0,0
2018-11-12,0,0,1,2,1,0,0,경남,양산시,1,6,0,1,1,0,1,129.0014,35.3264,경남양산시,0,승용차없음,0,0,0,49,0,0
2018-08-13,0,0,1,1,0,0,0,경남,양산시,1,5,0,0,0,1,11,129.0177,35.3703,경남양산시,0,화물차특수차,0,0,0,49,0,0
2018-12-12,0,2,1,1,0,0,0,경남,고성군,1,1,0,0,0,1,1,128.3469,34.9839,경남고성군,0,화물차없음,0,0,0,87,0,0
2018-11-07,1,2,1,3,0,2,0,경남,고성군,1,5,0,0,0,2,8,128.1872,34.9976,경남고성군,0,승합차농기계,0,0,0,87,0,0
2018-08-21,1,1,1,1,0,0,0,경남,하동군,1,8,0,0,0,9,2,127.8932,35.0291,경남하동군,0,농기계승용차,0,0,0,172,0,0
2018-12-28,0,4,1,1,0,0,0,경남,거제시,1,6,0,0,0,0,1,128.597,34.8411,경남거제시,0,승용차없음,0,0,0,15,0,0
2018-01-23,0,1,1,1,0,0,0,경남,산청군,1,6,0,0,0,1,1,127.7544,35.2732,경남산청군,0,화물차없음,0,0,0,224,0,0
2018-12-17,0,0,1,1,0,0,0,경남,산청군,1,11,0,0,0,0,1,127.8031,35.2439,경남산청군,0,승용차없음,0,0,0,224,0,0
2018-05-02,1,2,1,1,0,0,0,경남,함안군,1,8,2,1,1,0,3,128.5257,35.3019,경남함안군,0,승용차화물차,0,0,0,117,0,0
2018-02-18,0,6,1,1,0,0,0,경남,창원시(통합),1,5,0,0,0,0,5,128.6537,35.2695,경남창원시(통합),0,승용차자전거,0,1,0,86,0,0
2018-07-10,1,1,2,3,0,1,0,경남,김해시,1,5,0,1,2,4,3,128.8254,35.2782,경남김해시,1,이륜차화물차,0,0,0,13,0,0
2018-11-06,0,1,1,1,0,0,0,경남,창원시(통합),1,5,0,0,0,1,3,128.572,35.2424,경남창원시(통합),0,화물차화물차,0,0,0,86,0,0
2018-02-01,0,3,1,2,0,1,0,경남,통영시,1,5,0,0,0,0,2,128.4098,34.9017,경남통영시,0,승용차승용차,0,0,0,212,0,0
2018-10-24,1,2,1,1,0,0,0,제주,서귀포시,1,11,0,0,0,7,1,126.911,33.4506,제주서귀포시,0,자전거없음,0,0,0,62,0,0
2018-11-21,1,2,1,1,0,0,0,제주,서귀포시,1,8,0,0,0,1,4,126.2653,33.2338,제주서귀포시,0,화물차이륜차,0,0,0,62,0,0
2018-08-15,0,2,1,1,0,0,0,제주,제주시,1,12,0,0,0,4,1,126.4179,33.4882,제주제주시,0,이륜차없음,0,1,0,90,0,0
2018-01-11,1,3,1,2,0,1,0,제주,제주시,1,9,6,1,1,1,3,126.185,33.2998,제주제주시,0,화물차화물차,0,0,0,90,0,0
2018-05-11,1,4,1,4,2,0,1,대구,수성구,1,8,2,1,1,0,2,128.6801,35.8292,대구수성구,1,승용차승용차,0,0,0,37,0,0
2018-04-19,0,3,1,1,0,0,0,대구,수성구,1,8,6,1,1,0,4,128.6171,35.8542,대구수성구,0,승용차이륜차,0,0,0,37,0,0
2018-03-01,0,3,3,3,0,0,0,대구,수성구,1,1,2,0,0,0,7,128.6305,35.8588,대구수성구,1,승용차원동기장치자전거,0,1,0,37,0,0
2018-06-21,0,3,1,1,0,0,0,대구,북구,1,1,4,0,0,4,1,128.5517,35.8939,대구북구,0,이륜차없음,0,0,0,112,0,0
2018-05-01,0,1,1,1,0,0,0,대구,서구,1,1,0,0,0,6,9,128.5599,35.8834,대구서구,0,원동기장치자전거건설기계,0,0,0,107,0,0
2018-12-31,1,0,1,5,2,2,0,대구,달서구,1,9,5,1,2,0,2,128.4919,35.851,대구달서구,1,승용차승용차,0,0,0,20,0,0
2018-09-19,1,2,1,2,0,1,0,인천,서구,1,1,0,1,2,0,2,126.6635,37.5381,인천서구,0,승용차승용차,0,0,0,97,0,0
2018-12-25,0,1,1,1,0,0,0,인천,계양구,1,8,0,0,0,0,3,126.7405,37.5242,인천계양구,0,승용차화물차,0,1,0,7,0,0
2018-10-19,1,4,2,3,0,1,0,인천,연수구,1,5,0,1,2,0,3,126.6374,37.3475,인천연수구,1,승용차화물차,0,0,0,35,0,0
2018-01-13,0,5,1,1,0,0,0,인천,남동구,1,9,5,0,0,0,7,126.7208,37.4201,인천남동구,0,승용차원동기장치자전거,0,1,0,29,0,0
2018-01-04,1,3,1,1,0,0,0,경기,고양시,1,5,3,0,0,0,3,126.8043,37.6317,경기고양시,0,승용차화물차,0,0,0,40,0,0
2018-07-17,1,1,1,1,0,0,0,광주,북구,1,1,0,0,0,4,1,126.8638,35.243,광주북구,0,이륜차없음,0,0,0,137,0,0
2018-11-27,1,1,1,1,0,0,0,대전,동구,1,1,0,1,2,2,1,127.4327,36.3589,대전동구,0,승합차없음,0,0,0,80,0,0
2018-04-29,1,6,1,1,0,0,0,대전,서구,1,8,0,0,0,0,5,127.3622,36.3608,대전서구,0,승용차자전거,0,1,0,4,0,0
2018-01-02,0,1,1,1,0,0,0,대전,유성구,1,5,0,2,4,0,2,127.3174,36.3116,대전유성구,0,승용차승용차,0,0,0,148,0,0
2018-03-16,1,4,1,1,0,0,0,울산,북구,1,8,0,0,0,0,5,129.3562,35.642,울산북구,0,승용차자전거,0,0,0,158,0,0
2018-06-28,1,3,1,3,1,1,0,울산,북구,1,9,5,1,1,1,2,129.3529,35.6065,울산북구,0,화물차승용차,0,0,0,158,0,0
2018-09-11,1,1,1,2,0,1,0,울산,남구,1,5,0,1,2,1,3,129.3585,35.5154,울산남구,0,화물차화물차,0,0,0,213,0,0
2018-10-03,0,2,1,1,0,0,0,울산,북구,1,6,0,1,2,1,1,129.3994,35.5243,울산북구,0,화물차없음,0,1,0,158,0,0
2018-08-11,1,5,1,1,0,0,0,울산,북구,1,1,0,0,0,8,1,129.4034,35.6551,울산북구,0,기타없음,0,1,0,158,0,0
2018-04-06,1,4,1,1,0,0,0,울산,북구,1,12,0,0,0,0,1,129.448,35.6507,울산북구,0,승용차없음,0,0,0,158,0,0
2018-11-16,1,4,1,2,0,1,0,울산,울주군,1,5,0,0,0,3,2,129.2253,35.4391,울산울주군,0,건설기계승용차,0,0,0,17,0,0
2018-02-27,1,1,1,1,0,0,0,경기,의정부시,1,8,0,1,1,0,5,127.0363,37.7534,경기의정부시,0,승용차자전거,0,0,0,64,0,0
2018-08-20,1,0,1,1,0,0,0,경기,고양시,1,8,7,1,1,4,6,126.8755,37.6177,경기고양시,0,이륜차승합차,0,0,0,40,0,0
2018-07-26,1,3,2,3,0,1,0,경기,남양주시,1,1,5,0,0,4,3,127.128,37.7186,경기남양주시,1,이륜차화물차,0,0,0,70,0,0
2018-08-10,0,4,1,1,0,0,0,경기,파주시,1,6,0,0,0,0,1,126.7057,37.7749,경기파주시,0,승용차없음,0,0,0,175,0,0
2018-02-16,1,4,1,4,1,1,1,경기,파주시,1,5,0,0,0,0,9,126.7551,37.8196,경기파주시,1,승용차건설기계,0,1,0,175,0,0
2018-03-29,1,3,1,2,1,0,0,경기,파주시,1,6,0,0,0,4,1,126.7689,37.7308,경기파주시,0,이륜차없음,0,0,0,175,0,0
2018-11-16,0,4,1,1,0,0,0,경기,양주시,1,5,2,0,0,0,8,127.0142,37.868,경기양주시,0,승용차농기계,0,0,0,59,0,0
2018-12-18,0,1,1,1,0,0,0,경기,양주시,1,1,0,0,0,0,1,126.9484,37.8169,경기양주시,0,승용차없음,0,0,0,59,0,0
2018-08-27,0,0,2,4,2,0,0,경기,구리시,1,5,2,0,0,0,6,127.1562,37.5793,경기구리시,1,승용차승합차,0,0,0,165,0,0
2018-01-21,1,6,1,1,0,0,0,경기,포천시,1,1,0,0,0,0,1,127.1256,37.7896,경기포천시,0,승용차없음,0,1,0,171,0,0
2018-03-29,1,3,1,1,0,0,0,경기,가평군,1,12,0,0,0,8,1,127.3581,37.8446,경기가평군,0,기타없음,0,0,0,176,0,0
2018-02-09,0,4,1,1,0,0,0,서울,용산구,1,12,0,0,0,0,1,126.9466,37.5343,서울용산구,0,승용차없음,0,0,0,134,0,0
2018-04-06,1,4,1,1,0,0,0,서울,동대문구,1,8,0,1,1,0,4,127.0512,37.5831,서울동대문구,0,승용차이륜차,0,0,0,201,0,0
2018-06-22,0,4,1,1,0,0,0,서울,동대문구,1,8,5,0,0,1,4,127.0414,37.579,서울동대문구,0,화물차이륜차,0,0,0,201,0,0
2018-11-14,1,2,1,1,0,0,0,서울,광진구,1,8,0,0,0,7,2,127.0941,37.521,서울광진구,0,자전거승용차,0,0,0,183,0,0
2018-08-14,0,1,1,1,0,0,0,서울,마포구,1,6,0,2,4,4,1,126.9444,37.5567,서울마포구,0,이륜차없음,0,0,0,159,0,0
2018-11-28,0,2,1,1,0,0,0,서울,금천구,1,1,0,1,1,0,1,126.8844,37.4648,서울금천구,0,승용차없음,0,0,0,109,0,0
2018-07-02,0,0,1,1,0,0,0,서울,강남구,1,1,0,2,4,1,2,127.0528,37.5281,서울강남구,0,화물차승용차,0,0,0,89,0,0
2018-03-18,1,6,1,3,1,1,0,서울,강남구,1,9,6,1,1,4,6,127.0544,37.5253,서울강남구,0,이륜차승합차,0,1,0,89,0,0
2018-08-21,1,1,1,3,1,1,0,서울,강서구,1,8,6,1,1,4,6,126.8269,37.5599,서울강서구,0,이륜차승합차,0,0,0,43,0,0
2018-06-28,0,3,1,3,2,0,0,서울,강서구,1,1,6,1,1,4,2,126.8444,37.5579,서울강서구,1,이륜차승용차,0,0,0,43,0,0
2018-01-06,0,5,1,2,1,0,0,서울,강서구,1,5,0,2,4,0,2,126.8369,37.5778,서울강서구,0,승용차승용차,0,1,0,43,0,0
2018-07-07,1,5,1,1,0,0,0,서울,강동구,1,9,0,1,2,0,5,127.1528,37.539,서울강동구,0,승용차자전거,0,1,0,91,0,0
2018-01-22,1,0,1,9,4,4,0,서울,송파구,1,8,6,1,1,0,6,127.0703,37.5104,서울송파구,2,승용차승합차,0,0,0,156,0,0
2018-06-01,0,4,1,1,0,0,0,서울,송파구,1,5,3,0,0,6,2,127.1113,37.4965,서울송파구,0,원동기장치자전거승용차,0,0,0,156,0,0
2018-08-09,1,3,1,2,0,1,0,서울,서초구,1,5,0,0,0,1,3,127.0161,37.5168,서울서초구,0,화물차화물차,0,0,0,214,0,0
2018-05-08,0,1,1,1,0,0,0,서울,서초구,1,8,6,1,1,4,6,127.0133,37.5087,서울서초구,0,이륜차승합차,0,0,0,214,0,0
2018-09-12,0,2,1,1,0,0,0,서울,양천구,1,1,0,0,0,4,1,126.8364,37.5263,서울양천구,0,이륜차없음,0,0,0,140,0,0
2018-01-22,1,0,1,2,0,1,0,서울,노원구,1,8,7,1,1,3,2,127.0569,37.629,서울노원구,0,건설기계승용차,0,0,0,18,0,0
2018-12-30,1,6,1,1,0,0,0,서울,서초구,1,6,0,0,0,4,1,126.9811,37.5041,서울서초구,0,이륜차없음,0,1,0,214,0,0
2018-04-06,0,4,1,1,0,0,0,부산,중구,1,6,0,1,2,0,1,129.0378,35.1117,부산중구,0,승용차없음,0,0,0,228,0,0
2018-05-27,1,6,1,4,1,2,0,부산,해운대구,1,8,0,1,1,0,2,129.1175,35.2039,부산해운대구,1,승용차승용차,0,1,0,1,0,0
2018-01-11,0,3,1,1,0,0,0,부산,사상구,1,1,0,0,0,4,1,129.0083,35.1829,부산사상구,0,이륜차없음,0,0,0,120,0,0
2018-05-22,0,1,1,2,1,0,0,부산,강서구,1,6,0,0,0,0,1,128.8974,35.1344,부산강서구,0,승용차없음,0,1,0,206,0,0
2018-09-05,1,2,1,1,0,0,0,부산,강서구,1,8,0,1,1,1,7,128.9466,35.2122,부산강서구,0,화물차원동기장치자전거,0,0,0,206,0,0
2018-02-22,0,3,1,6,1,4,0,부산,사상구,1,5,0,1,2,4,3,128.9942,35.15,부산사상구,1,이륜차화물차,0,0,0,120,0,0
2018-07-09,1,0,1,2,1,0,0,경남,김해시,1,1,0,0,0,0,3,129.0335,35.2937,경남김해시,0,승용차화물차,0,0,0,13,0,0
2018-10-14,0,6,1,1,0,0,0,경기,평택시,1,6,0,1,1,4,1,127.0657,37.1229,경기평택시,0,이륜차없음,0,1,0,14,0,0
2018-08-11,0,5,1,2,0,1,0,경기,안성시,1,1,5,0,0,1,2,127.2626,36.9632,경기안성시,0,화물차승용차,0,1,0,23,0,0
2018-02-08,1,3,1,1,0,0,0,경기,안양시,1,8,9,1,3,7,6,126.9544,37.3943,경기안양시,0,자전거승합차,0,0,0,151,0,0
2018-01-27,1,5,1,2,0,1,0,경기,이천시,1,9,6,1,1,0,2,127.4086,37.2996,경기이천시,0,승용차승용차,0,1,0,41,0,0
2018-07-10,1,1,1,1,0,0,0,경기,용인시,1,11,0,0,0,4,1,127.3772,37.1513,경기용인시,0,이륜차없음,0,0,0,51,0,0
2018-02-03,1,5,1,1,0,0,0,경기,용인시,1,8,5,0,0,3,7,127.0745,37.2676,경기용인시,0,건설기계원동기장치자전거,0,1,0,51,0,0
2018-09-08,0,5,1,1,0,0,0,경기,김포시,1,8,5,0,0,0,5,126.5745,37.6409,경기김포시,0,승용차자전거,0,1,0,47,0,0
2018-10-04,0,3,1,2,0,1,0,경기,김포시,1,8,6,1,1,0,6,126.6709,37.6463,경기김포시,0,승용차승합차,0,0,0,47,0,0
2018-09-01,1,5,1,1,0,0,0,경기,김포시,1,1,6,1,1,0,5,126.6079,37.6843,경기김포시,0,승용차자전거,0,1,0,47,0,0
2018-12-20,1,3,1,1,0,0,0,경기,김포시,1,1,0,0,0,0,4,126.6217,37.6617,경기김포시,0,승용차이륜차,0,0,0,47,0,0
2018-09-18,1,1,1,1,0,0,0,경기,양평군,1,8,7,1,1,8,7,127.4949,37.5033,경기양평군,0,기타원동기장치자전거,0,0,0,48,0,0
2018-01-26,1,4,1,1,0,0,0,경기,양평군,1,9,0,0,0,0,4,127.3625,37.6027,경기양평군,0,승용차이륜차,0,0,0,48,0,0
2018-06-27,1,2,1,1,0,0,0,경기,양평군,1,12,0,1,2,9,1,127.579,37.4372,경기양평군,0,농기계없음,0,0,0,48,0,0
2018-01-29,0,0,1,1,0,0,0,경기,오산시,1,6,0,1,2,1,1,127.0431,37.1938,경기오산시,0,화물차없음,0,0,0,143,0,0
2018-04-29,0,6,1,5,2,2,0,경기,화성시,1,8,0,1,1,0,6,127.0382,37.2083,경기화성시,1,승용차승합차,0,1,0,50,0,0
2018-11-11,0,6,1,2,1,0,0,경기,광명시,1,9,5,0,0,0,2,126.8718,37.4828,경기광명시,0,승용차승용차,0,1,0,81,0,0
2018-12-27,0,3,1,1,0,0,0,경기,안산시,1,1,0,1,1,6,1,126.8137,37.2987,경기안산시,0,원동기장치자전거없음,0,0,0,2,0,0
2018-01-10,1,2,1,3,1,1,0,경기,안산시,1,8,0,1,1,1,2,126.8184,37.3266,경기안산시,0,화물차승용차,0,0,0,2,0,0
2018-10-08,0,0,1,3,1,1,0,경기,수원시,1,1,6,1,1,4,3,127.0237,37.2637,경기수원시,0,이륜차화물차,0,0,0,99,0,0
2018-10-17,0,2,1,1,0,0,0,경기,성남시,1,1,0,0,0,4,1,127.1721,37.4461,경기성남시,0,이륜차없음,0,0,0,95,0,0
2018-09-04,0,1,1,2,0,1,0,경기,시흥시,1,5,0,0,0,4,2,126.794,37.3836,경기시흥시,0,이륜차승용차,0,0,0,73,0,0
2018-11-11,0,6,1,1,0,0,0,경기,수원시,1,5,0,0,0,0,3,126.9796,37.2429,경기수원시,0,승용차화물차,0,1,0,99,0,0
2018-07-26,0,3,1,1,0,0,0,경기,수원시,1,8,6,1,1,4,2,126.9734,37.2597,경기수원시,0,이륜차승용차,0,0,0,99,0,0
2018-02-10,0,5,1,1,0,0,0,경기,용인시,1,5,0,2,4,0,3,127.1034,37.3191,경기용인시,0,승용차화물차,0,1,0,51,0,0
2018-02-20,0,1,1,3,0,1,1,경기,용인시,1,5,0,0,0,0,3,127.1484,37.2894,경기용인시,0,승용차화물차,0,0,0,51,0,0
2018-03-26,1,0,1,2,0,0,1,경기,평택시,1,5,3,0,0,1,3,126.8855,37.0481,경기평택시,0,화물차화물차,0,0,0,14,0,0
2018-04-14,1,5,1,1,0,0,0,경기,수원시,1,6,0,0,0,1,1,127.0299,37.3124,경기수원시,0,화물차없음,0,1,0,99,0,0
2018-03-06,0,1,1,4,1,1,1,경기,성남시,1,1,3,0,0,0,2,127.0404,37.4633,경기성남시,1,승용차승용차,0,0,0,95,0,0
2018-10-03,1,2,1,1,0,0,0,경기,성남시,1,1,0,0,0,0,2,127.0943,37.4141,경기성남시,0,승용차승용차,0,1,0,95,0,0
2018-01-01,0,0,1,3,2,0,0,경기,화성시,1,6,0,0,0,0,1,126.9506,37.2473,경기화성시,1,승용차없음,0,1,0,50,0,0
2018-05-31,1,3,1,1,0,0,0,경기,화성시,1,5,0,0,0,0,4,126.864,37.1445,경기화성시,0,승용차이륜차,0,0,0,50,0,0
2018-07-19,1,3,1,1,0,0,0,경기,화성시,1,8,0,2,4,1,4,126.8677,37.0782,경기화성시,0,화물차이륜차,0,0,0,50,0,0
2018-08-22,0,2,1,3,2,0,0,경기,부천시,1,5,0,1,2,3,2,126.7628,37.5399,경기부천시,1,건설기계승용차,0,0,0,65,0,0
2018-07-20,1,4,1,1,0,0,0,강원,춘천시,1,1,0,0,0,0,1,127.674,37.8324,강원춘천시,0,승용차없음,0,0,0,111,0,0
2018-03-27,1,1,1,1,0,0,0,강원,춘천시,1,11,0,0,0,4,1,127.7803,37.9203,강원춘천시,0,이륜차없음,0,0,0,111,0,0
2018-06-19,0,1,1,1,0,0,0,강원,강릉시,1,1,0,0,0,8,1,128.8459,37.545,강원강릉시,0,기타없음,0,0,0,194,0,0
2018-09-29,1,5,1,1,0,0,0,강원,강릉시,1,9,0,0,0,1,4,128.8473,37.8205,강원강릉시,0,화물차이륜차,0,1,0,194,0,0
2018-06-15,0,4,1,1,0,0,0,강원,강릉시,1,5,0,1,1,0,2,128.8948,37.7698,강원강릉시,0,승용차승용차,0,0,0,194,0,0
2018-08-11,0,5,1,1,0,0,0,강원,강릉시,1,5,0,0,0,0,5,128.9096,37.7705,강원강릉시,0,승용차자전거,0,1,0,194,0,0
2018-12-23,1,6,1,1,0,0,0,강원,강릉시,1,1,0,0,0,0,2,128.9092,37.7468,강원강릉시,0,승용차승용차,0,1,0,194,0,0
2018-10-12,1,4,1,1,0,0,0,강원,강릉시,1,1,0,1,2,9,1,129.0276,37.684,강원강릉시,0,농기계없음,0,0,0,194,0,0
2018-02-19,1,0,1,2,0,1,0,강원,원주시,1,9,5,0,0,0,9,128.1607,37.246,강원원주시,0,승용차건설기계,0,0,0,36,0,0
2018-10-22,1,0,1,2,1,0,0,강원,양양군,1,12,0,0,0,4,1,128.6203,38.049,강원양양군,0,이륜차없음,0,0,0,164,0,0
2018-06-23,0,5,1,1,0,0,0,강원,속초시,1,8,0,0,0,1,2,128.5879,38.2062,강원속초시,0,화물차승용차,0,1,0,104,0,0
2018-05-27,1,6,1,1,0,0,0,강원,삼척시,1,1,0,0,0,1,1,129.0188,37.2637,강원삼척시,0,화물차없음,0,1,0,78,0,0
2018-07-25,1,2,2,3,1,0,0,강원,영월군,1,9,5,0,0,0,2,128.5469,37.119,강원영월군,1,승용차승용차,0,0,0,114,0,0
2018-04-12,0,3,1,1,0,0,0,강원,영월군,1,11,0,0,0,0,1,128.6916,37.1447,강원영월군,0,승용차없음,0,0,0,114,0,0
2018-12-02,1,6,1,1,0,0,0,강원,홍천군,1,11,0,0,0,0,1,128.1728,37.6621,강원홍천군,0,승용차없음,0,1,0,82,0,0
2018-02-23,0,4,1,11,4,2,4,강원,정선군,1,8,5,0,0,0,2,128.8255,37.2121,강원정선군,2,승용차승용차,0,0,0,198,0,0
2018-08-11,1,5,1,1,0,0,0,강원,횡성군,1,8,0,1,2,7,5,127.9883,37.4919,강원횡성군,0,자전거자전거,0,1,0,31,0,0
2018-06-28,1,3,1,1,0,0,0,강원,횡성군,1,8,0,1,1,6,2,128.1504,37.5829,강원횡성군,0,원동기장치자전거승용차,0,0,0,31,0,0
2018-08-14,1,1,1,3,0,2,0,강원,고성군,1,8,6,1,1,1,2,128.5353,38.2542,강원고성군,0,화물차승용차,0,0,0,217,0,0
2018-05-04,1,4,1,2,0,1,0,강원,양구군,1,8,0,0,0,1,9,127.9477,38.0517,강원양구군,0,화물차건설기계,0,0,0,115,0,0
2018-06-12,1,1,1,1,0,0,0,충북,청주시,1,1,0,2,4,4,12,127.5152,36.7279,충북청주시,0,이륜차기타,0,0,0,83,0,0
2018-10-27,1,5,1,1,0,0,0,충북,청주시,1,9,6,1,1,3,2,127.4841,36.759,충북청주시,0,건설기계승용차,0,1,0,83,0,0
2018-10-18,0,3,1,4,0,3,0,충북,청주시,1,5,0,0,0,2,2,127.553,36.7278,충북청주시,1,승합차승용차,0,0,0,83,0,0
2018-01-30,1,1,1,1,0,0,0,충북,충주시,1,1,0,2,4,3,1,127.7906,36.9759,충북충주시,0,건설기계없음,0,0,0,6,0,0
2018-06-04,0,0,1,1,0,0,0,충북,충주시,1,1,0,0,0,4,1,127.9053,36.9548,충북충주시,0,이륜차없음,0,0,0,6,0,0
2018-09-03,0,0,1,1,0,0,0,충북,제천시,1,5,0,0,0,4,9,128.2304,37.1322,충북제천시,0,이륜차건설기계,0,0,0,103,0,0
2018-09-06,0,3,1,1,0,0,0,충북,영동군,1,9,5,0,0,0,6,127.7965,36.1964,충북영동군,0,승용차승합차,0,0,0,75,0,0
2018-08-18,1,5,1,1,0,0,0,충북,영동군,1,9,0,1,1,1,4,127.7546,36.1498,충북영동군,0,화물차이륜차,0,1,0,75,0,0
2018-08-16,1,3,1,1,0,0,0,충북,괴산군,1,11,0,1,1,6,1,127.8314,36.8535,충북괴산군,0,원동기장치자전거없음,0,0,0,179,0,0
2018-02-20,1,1,1,3,2,0,0,충북,괴산군,1,5,10,0,0,1,2,127.7321,36.8004,충북괴산군,1,화물차승용차,0,0,0,179,0,0
2018-02-15,0,3,2,2,0,0,0,충북,괴산군,1,9,5,0,0,0,3,127.7571,36.8368,충북괴산군,0,승용차화물차,0,1,0,179,0,0
2018-02-21,0,2,1,1,0,0,0,충북,음성군,1,12,0,1,2,2,1,127.6726,36.9778,충북음성군,0,승합차없음,0,0,0,110,0,0
2018-09-13,0,3,1,3,2,0,0,충북,음성군,1,5,2,1,2,1,3,127.5537,36.9799,충북음성군,1,화물차화물차,0,0,0,110,0,0
2018-07-21,1,5,1,1,0,0,0,충북,진천군,1,1,0,1,1,0,4,127.4385,36.8546,충북진천군,0,승용차이륜차,0,1,0,60,0,0
2018-06-04,0,0,1,4,2,0,1,충북,청주시,1,8,6,1,1,0,3,127.416,36.6922,충북청주시,1,승용차화물차,0,0,0,83,0,0
2018-04-22,0,6,1,1,0,0,0,충북,청주시,1,1,0,0,0,0,1,127.3874,36.5827,충북청주시,0,승용차없음,0,1,0,83,0,0
2018-07-25,1,2,1,1,0,0,0,충북,청주시,1,8,0,1,1,1,4,127.4318,36.6756,충북청주시,0,화물차이륜차,0,0,0,83,0,0
2018-12-12,0,2,1,1,0,0,0,충북,청주시,1,6,0,1,2,0,1,127.5534,36.6505,충북청주시,0,승용차없음,0,0,0,83,0,0
2018-02-13,0,1,1,3,2,0,0,충북,괴산군,1,5,0,0,0,5,3,127.9622,36.8235,충북괴산군,1,특수차화물차,0,0,0,179,0,0