발생년월일,주야,요일,사망자수,사상자수,중상자수,경상자수,부상신고자수,발생지시도,발생지시군구,사고유형_대분류,사고유형_중분류,법규위반,도로형태_대분류,도로형태,당사자종별_1당_대분류,당사자종별_2당_대분류,경도,위도,발생지,사고피해정도,사고차량타입,도시여부,주말/공휴일,인구수,발생지번호,보행자의위치,무단횡단여부
2018-12-18,1,1,1,1,0,0,0,경기,광주시,1,5,0,2,4,2,3,127.3392,37.3226,경기광주시,0,승합차화물차,0,0,0,9,0,0
2018-11-16,1,4,1,3,2,0,0,충북,괴산군,1,5,0,0,0,5,2,127.9925,36.759,충북괴산군,1,특수차승용차,0,0,0,179,0,0
2018-08-10,0,4,1,1,0,0,0,충남,서산시,1,5,0,0,0,4,8,126.4072,36.617,충남서산시,0,이륜차농기계,0,0,0,69,0,0
2018-09-14,0,4,1,1,0,0,0,충남,서산시,1,8,5,0,0,1,4,126.4231,36.7454,충남서산시,0,화물차이륜차,0,0,0,69,0,0
2018-11-07,1,2,1,1,0,0,0,충남,서산시,1,11,0,0,0,9,1,126.5152,36.6506,충남서산시,0,농기계없음,0,0,0,69,0,0
2018-08-04,1,5,1,1,0,0,0,충남,서산시,1,12,0,0,0,4,1,126.4446,36.7502,충남서산시,0,이륜차없음,0,1,0,69,0,0
2018-10-21,0,6,1,1,0,0,0,충남,천안시,1,5,0,0,0,0,9,127.1266,36.8999,충남천안시,0,승용차건설기계,0,1,0,63,0,0
2018-12-04,1,1,1,3,0,2,0,충남,논산시,1,6,2,0,0,2,1,127.1023,36.1605,충남논산시,0,승합차없음,0,0,0,61,0,0
2018-04-15,0,6,1,1,0,0,0,충남,홍성군,1,6,0,0,0,0,1,126.6427,36.5918,충남홍성군,0,승용차없음,0,1,0,38,0,0
2018-11-07,0,2,1,2,0,1,0,충남,홍성군,1,1,5,1,2,2,1,126.4921,36.5655,충남홍성군,0,승합차없음,0,0,0,38,0,0
2018-11-13,0,1,1,1,0,0,0,충남,아산시,1,1,0,1,1,0,4,127.0333,36.7744,충남아산시,0,승용차이륜차,0,0,0,53,0,0
2018-05-15,0,1,1,5,4,0,0,충남,아산시,1,1,0,1,2,0,6,126.9175,36.7618,충남아산시,1,승용차승합차,0,0,0,53,0,0
2018-09-10,1,0,1,1,0,0,0,충남,아산시,1,5,0,0,0,4,2,126.9365,36.8235,충남아산시,0,이륜차승용차,0,0,0,53,0,0
2018-11-17,1,5,1,1,0,0,0,충남,아산시,1,6,0,0,0,6,1,126.962,36.8907,충남아산시,0,원동기장치자전거없음,0,1,0,53,0,0
2018-03-29,1,3,1,1,0,0,0,충남,아산시,1,8,6,1,1,0,4,127.0339,36.8878,충남아산시,0,승용차이륜차,0,0,0,53,0,0
2018-05-17,1,3,1,1,0,0,0,충남,서천군,1,11,0,0,0,0,1,126.6986,36.1332,충남서천군,0,승용차없음,0,0,0,10,0,0
2018-10-21,0,6,1,2,0,1,0,충남,서천군,1,5,0,0,0,0,8,126.7599,36.0924,충남서천군,0,승용차농기계,0,1,0,10,0,0
2018-09-07,1,4,1,1,0,0,0,충남,보령시,1,1,0,1,1,2,4,126.5777,36.3592,충남보령시,0,승합차이륜차,0,0,0,136,0,0
2018-05-12,1,5,1,1,0,0,0,충남,보령시,1,5,0,0,0,1,11,126.5891,36.346,충남보령시,0,화물차특수차,0,1,0,136,0,0
2018-05-27,1,6,1,3,2,0,0,충남,공주시,1,9,5,0,0,0,2,126.975,36.6395,충남공주시,1,승용차승용차,0,1,0,19,0,0
2018-03-07,1,2,2,4,1,1,0,세종,세종,1,9,5,0,0,0,2,127.2013,36.5038,세종세종,1,승용차승용차,1,0,0,229,0,0
2018-03-09,1,4,1,1,0,0,0,세종,세종,1,8,6,1,1,0,4,127.2908,36.621,세종세종,0,승용차이륜차,1,0,0,229,0,0
2018-09-07,1,4,1,1,0,0,0,충남,부여군,1,6,0,0,0,1,1,126.8918,36.276,충남부여군,0,화물차없음,0,0,0,129,0,0
2018-11-15,1,3,1,1,0,0,0,충남,부여군,1,6,0,1,1,0,1,126.9297,36.2842,충남부여군,0,승용차없음,0,0,0,129,0,0
2018-10-08,1,0,1,1,0,0,0,충남,부여군,1,12,0,0,0,9,1,126.8458,36.183,충남부여군,0,농기계없음,0,0,0,129,0,0
2018-02-25,1,6,1,1,0,0,0,충남,부여군,1,11,0,0,0,4,1,126.8303,36.1765,충남부여군,0,이륜차없음,0,1,0,129,0,0
2018-06-10,1,6,1,1,0,0,0,충남,부여군,1,5,0,0,0,4,3,126.9567,36.3055,충남부여군,0,이륜차화물차,0,1,0,129,0,0
2018-07-02,1,0,1,1,0,0,0,충남,당진시,1,8,0,2,4,0,5,126.7327,36.981,충남당진시,0,승용차자전거,0,0,0,46,0,0
2018-05-01,1,1,1,2,0,1,0,충남,금산군,1,8,0,1,2,7,4,127.5114,36.0208,충남금산군,0,자전거이륜차,0,0,0,68,0,0
2018-03-30,0,4,1,1,0,0,0,충남,금산군,1,6,3,1,2,1,1,127.4306,36.1307,충남금산군,0,화물차없음,0,0,0,68,0,0
2018-06-19,0,1,1,2,1,0,0,충남,천안시,1,1,0,1,1,1,6,127.4118,36.7622,충남천안시,0,화물차승합차,0,0,0,63,0,0
2018-12-22,1,5,1,3,2,0,0,충남,논산시,1,1,0,0,0,2,2,127.1775,36.1602,충남논산시,1,승합차승용차,0,1,0,61,0,0
2018-10-27,1,5,1,1,0,0,0,충북,영동군,1,5,0,0,0,1,2,127.8894,36.2172,충북영동군,0,화물차승용차,0,1,0,75,0,0
2018-05-21,0,0,1,2,0,1,0,대전,동구,1,5,0,2,4,1,2,127.5116,36.3504,대전동구,0,화물차승용차,0,0,0,80,0,0
2018-03-15,0,3,1,1,0,0,0,충남,금산군,1,1,0,0,0,0,3,127.4866,36.177,충남금산군,0,승용차화물차,0,0,0,68,0,0
2018-04-30,0,0,1,2,0,1,0,전북,전주시,1,8,6,1,1,0,3,127.123,35.8253,전북전주시,0,승용차화물차,0,0,0,11,0,0
2018-08-08,0,2,1,3,1,1,0,전북,군산시,1,8,5,1,2,0,11,126.5993,35.9624,전북군산시,0,승용차특수차,0,0,0,166,0,0
2018-10-07,1,6,1,1,0,0,0,전북,군산시,1,8,6,1,1,0,4,126.7057,35.9791,전북군산시,0,승용차이륜차,0,1,0,166,0,0
2018-03-18,0,6,1,1,0,0,0,전북,군산시,1,9,5,0,0,7,2,126.7109,35.943,전북군산시,0,자전거승용차,0,1,0,166,0,0
2018-08-16,1,3,1,1,0,0,0,전북,익산시,1,1,0,0,0,8,1,126.9242,36.0314,전북익산시,0,기타없음,0,0,0,125,0,0
2018-10-31,0,2,1,1,0,0,0,전북,익산시,1,5,0,0,0,4,8,127.0593,35.9788,전북익산시,0,이륜차농기계,0,0,0,125,0,0
2018-07-20,1,4,1,1,0,0,0,전북,익산시,1,8,0,0,0,1,5,126.9417,35.9369,전북익산시,0,화물차자전거,0,0,0,125,0,0
2018-11-21,1,2,1,1,0,0,0,전북,익산시,1,1,0,1,2,6,1,126.9355,36.001,전북익산시,0,원동기장치자전거없음,0,0,0,125,0,0
2018-04-17,1,1,1,1,0,0,0,전북,익산시,1,6,0,0,0,1,1,126.9631,36.0646,전북익산시,0,화물차없음,0,0,0,125,0,0
2018-01-18,1,3,1,2,0,1,0,전북,정읍시,1,9,5,1,2,1,6,126.8337,35.6642,전북정읍시,0,화물차승합차,0,0,0,12,0,0
2018-05-10,1,3,1,1,0,0,0,전북,정읍시,1,8,9,0,0,7,2,126.8645,35.5652,전북정읍시,0,자전거승용차,0,0,0,12,0,0
2018-05-14,1,0,1,1,0,0,0,전북,김제시,1,5,0,0,0,0,4,126.8697,35.7788,전북김제시,0,승용차이륜차,0,0,0,34,0,0
2018-09-20,1,3,1,1,0,0,0,전북,김제시,1,6,0,0,0,4,1,126.876,35.7985,전북김제시,0,이륜차없음,0,0,0,34,0,0
2018-08-11,0,5,1,1,0,0,0,전북,김제시,1,5,0,0,0,0,5,126.996,35.7327,전북김제시,0,승용차자전거,0,1,0,34,0,0
2018-08-24,1,4,1,1,0,0,0,전북,김제시,1,8,6,1,1,8,3,126.9164,35.8264,전북김제시,0,기타화물차,0,0,0,34,0,0
2018-08-04,1,5,1,5,0,4,0,전북,남원시,1,9,5,0,0,0,2,127.6156,35.4315,전북남원시,1,승용차승용차,0,1,0,193,0,0
2018-07-19,1,3,1,1,0,0,0,전북,남원시,1,8,6,1,1,7,2,127.3766,35.4102,전북남원시,0,자전거승용차,0,0,0,193,0,0
2018-12-19,1,2,2,2,0,0,0,전북,고창군,1,5,0,1,1,2,3,126.6046,35.4421,전북고창군,0,승합차화물차,0,0,0,219,0,0
2018-10-19,0,4,1,2,1,0,0,전북,부안군,1,5,0,0,0,1,8,126.7634,35.7094,전북부안군,0,화물차농기계,0,0,0,185,0,0
2018-11-29,0,3,1,1,0,0,0,전북,순창군,1,6,0,1,2,1,1,127.1932,35.3935,전북순창군,0,화물차없음,0,0,0,131,0,0
2018-05-06,1,6,1,1,0,0,0,전북,순창군,1,11,0,0,0,0,1,127.0764,35.3532,전북순창군,0,승용차없음,0,1,0,131,0,0
2018-03-08,1,3,1,1,0,0,0,전북,무주군,1,11,0,0,0,9,1,127.6687,35.9383,전북무주군,0,농기계없음,0,0,0,182,0,0
2018-01-27,1,5,1,6,2,3,0,전북,무주군,1,5,2,0,0,1,3,127.6469,35.8642,전북무주군,1,화물차화물차,0,1,0,182,0,0
2018-06-08,1,4,1,1,0,0,0,충남,당진시,1,12,0,2,4,5,1,126.7902,36.9373,충남당진시,0,특수차없음,0,0,0,46,0,0
2018-07-21,0,5,1,2,1,0,0,전남,목포시,1,1,9,1,3,7,4,126.3794,34.8011,전남목포시,0,자전거이륜차,0,1,0,153,0,0
2018-05-22,1,1,1,1,0,0,0,전남,신안군,1,11,0,0,0,9,1,126.2315,35.0392,전남신안군,0,농기계없음,0,1,0,132,0,0
2018-08-23,1,3,1,3,0,2,0,전남,여수시,1,5,0,1,1,0,2,127.655,34.7696,전남여수시,0,승용차승용차,0,0,0,102,0,0
2018-04-28,0,5,1,1,0,0,0,전남,여수시,1,8,6,1,1,6,2,127.6842,34.7443,전남여수시,0,원동기장치자전거승용차,0,1,0,102,0,0
2018-01-23,1,1,1,9,2,6,0,전남,여수시,1,8,5,0,0,0,6,127.7204,34.7564,전남여수시,2,승용차승합차,0,0,0,102,0,0
2018-05-03,0,3,1,2,0,1,0,전남,순천시,1,1,5,0,0,0,2,127.5021,34.9481,전남순천시,0,승용차승용차,0,0,0,27,0,0
2018-08-04,1,5,1,1,0,0,0,전남,나주시,1,8,0,0,0,1,4,126.7284,35.0253,전남나주시,0,화물차이륜차,0,1,0,33,0,0
2018-01-26,0,4,1,1,0,0,0,전남,장흥군,1,6,0,0,0,0,1,126.9602,34.6589,전남장흥군,0,승용차없음,0,0,0,56,0,0
2018-09-17,1,0,1,2,0,1,0,전남,고흥군,1,1,0,0,0,8,1,127.509,34.4541,전남고흥군,0,기타없음,0,0,0,191,0,0
2018-09-06,1,3,1,1,0,0,0,전남,해남군,1,8,2,0,0,2,12,126.6418,34.43,전남해남군,0,승합차기타,0,0,0,119,0,0
2018-11-09,1,4,1,1,0,0,0,전남,해남군,1,9,0,1,1,1,5,126.5294,34.3707,전남해남군,0,화물차자전거,0,0,0,119,0,0
2018-04-17,0,1,1,3,0,2,0,전남,영광군,1,5,2,0,0,0,8,126.4598,35.3506,전남영광군,0,승용차농기계,0,0,0,127,0,0
2018-02-26,1,0,1,2,1,0,0,전남,함평군,1,11,0,0,0,0,1,126.5206,35.0175,전남함평군,0,승용차없음,0,0,0,157,0,0
2018-01-28,0,6,1,1,0,0,0,전남,영암군,1,11,0,0,0,6,1,126.7318,34.8164,전남영암군,0,원동기장치자전거없음,0,1,0,16,0,0
2018-12-29,0,5,1,1,0,0,0,전남,영암군,1,1,6,1,1,2,7,126.6856,34.7989,전남영암군,0,승합차원동기장치자전거,0,1,0,16,0,0
2018-05-02,1,2,1,1,0,0,0,전남,장성군,1,1,0,0,0,8,1,126.7167,35.2813,전남장성군,0,기타없음,0,0,0,146,0,0
2018-06-01,1,4,1,1,0,0,0,전남,담양군,1,1,0,0,0,0,5,126.9427,35.3043,전남담양군,0,승용차자전거,0,0,0,181,0,0
2018-11-24,0,5,1,1,0,0,0,전남,완도군,1,6,0,0,0,4,1,127.0342,34.3509,전남완도군,0,이륜차없음,0,1,0,141,0,0
2018-08-25,0,5,1,4,1,2,0,전남,완도군,1,9,5,0,0,0,2,126.6733,34.3839,전남완도군,1,승용차승용차,0,1,0,141,0,0
2018-09-20,0,3,1,1,0,0,0,전남,완도군,1,12,0,0,0,6,1,126.8927,34.1695,전남완도군,0,원동기장치자전거없음,0,0,0,141,0,0
2018-07-14,1,5,1,1,0,0,0,전남,완도군,1,12,0,0,0,1,1,126.701,34.3058,전남완도군,0,화물차없음,0,1,0,141,0,0
2018-07-01,1,6,1,1,0,0,0,전남,무안군,1,11,0,0,0,1,1,126.4266,34.9653,전남무안군,0,화물차없음,0,1,0,101,0,0
2018-10-31,0,2,1,1,0,0,0,전남,무안군,1,6,0,1,2,0,1,126.4971,34.981,전남무안군,0,승용차없음,0,0,0,101,0,0
2018-08-21,0,1,1,1,0,0,0,전남,광양시,1,1,0,0,0,1,1,127.7011,34.9789,전남광양시,0,화물차없음,0,0,0,130,0,0
2018-10-23,0,1,1,1,0,0,0,전남,광양시,1,1,0,0,0,4,1,127.7658,34.941,전남광양시,0,이륜차없음,0,0,0,130,0,0
2018-02-19,1,0,1,1,0,0,0,전남,구례군,1,1,0,0,0,8,1,127.4071,35.2665,전남구례군,0,기타없음,0,0,0,161,0,0
2018-04-20,1,4,1,1,0,0,0,전남,구례군,1,1,0,2,4,4,1,127.4396,35.3193,전남구례군,0,이륜차없음,0,0,0,161,0,0
2018-11-12,1,0,1,2,0,0,1,전남,순천시,1,1,0,0,0,0,3,127.4328,34.8737,전남순천시,0,승용차화물차,0,0,0,27,0,0
2018-04-09,1,0,1,1,0,0,0,경북,경주시,1,8,0,1,2,1,12,129.2616,35.9856,경북경주시,0,화물차기타,0,0,0,100,0,0
2018-07-18,0,2,1,3,2,0,0,경북,경주시,1,9,5,0,0,0,6,129.4922,35.7937,경북경주시,1,승용차승합차,0,0,0,100,0,0
2018-07-05,1,3,1,1,0,0,0,경북,경주시,1,8,0,1,3,4,6,129.2075,35.8392,경북경주시,0,이륜차승합차,0,0,0,100,0,0
2018-12-26,1,2,1,4,3,0,0,경북,경주시,1,9,5,0,0,1,2,129.4599,35.7223,경북경주시,1,화물차승용차,0,0,0,100,0,0
2018-08-07,0,1,1,2,1,0,0,경북,경주시,1,6,0,0,0,1,1,129.2529,35.9853,경북경주시,0,화물차없음,0,0,0,100,0,0
2018-09-26,0,2,1,1,0,0,0,경북,경주시,1,6,0,0,0,1,1,129.0346,35.7342,경북경주시,0,화물차없음,0,1,0,100,0,0
2018-02-13,0,1,1,1,0,0,0,경북,포항시,1,6,0,0,0,0,1,129.3652,36.0353,경북포항시,0,승용차없음,0,0,0,160,0,0
2018-10-26,1,4,1,1,0,0,0,경북,안동시,1,5,0,0,0,0,8,128.6623,36.4715,경북안동시,0,승용차농기계,0,0,0,66,0,0
2018-07-13,1,4,1,3,1,1,0,경북,안동시,1,11,0,0,0,1,1,128.7706,36.7046,경북안동시,0,화물차없음,0,0,0,66,0,0
2018-09-24,1,0,1,1,0,0,0,경북,안동시,1,11,0,0,0,4,1,128.6631,36.439,경북안동시,0,이륜차없음,0,1,0,66,0,0
2018-06-28,1,3,1,1,0,0,0,경북,김천시,1,8,0,0,0,1,9,128.1771,36.1067,경북김천시,0,화물차건설기계,0,0,0,76,0,0
2018-11-03,1,5,1,1,0,0,0,경북,김천시,1,1,0,1,1,4,1,128.273,36.1169,경북김천시,0,이륜차없음,0,1,0,76,0,0
2018-02-13,1,1,1,2,1,0,0,경북,상주시,1,5,3,0,0,1,3,128.2464,36.4036,경북상주시,0,화물차화물차,0,0,0,58,0,0
2018-02-23,0,4,1,1,0,0,0,경북,상주시,1,5,0,0,0,1,11,128.1496,36.3659,경북상주시,0,화물차특수차,0,0,0,58,0,0
2018-05-25,1,4,1,2,1,0,0,경북,상주시,1,8,7,1,1,5,4,128.0313,36.3975,경북상주시,0,특수차이륜차,0,0,0,58,0,0
2018-01-29,1,0,1,1,0,0,0,경북,의성군,1,8,0,1,2,4,3,128.6948,36.3525,경북의성군,0,이륜차화물차,0,0,0,105,0,0
2018-09-25,1,1,1,1,0,0,0,경북,영주시,1,12,0,0,0,4,1,128.7189,36.7236,경북영주시,0,이륜차없음,0,1,0,113,0,0
2018-11-01,1,3,1,2,0,1,0,경북,칠곡군,1,9,5,0,0,4,2,128.4838,36.0613,경북칠곡군,0,이륜차승용차,0,0,0,21,0,0
2018-12-10,0,0,1,1,0,0,0,경북,영천시,1,1,0,1,2,1,1,128.9733,36.0098,경북영천시,0,화물차없음,0,0,0,5,0,0
2018-03-13,1,1,1,1,0,0,0,경북,문경시,1,8,0,1,1,1,4,128.1645,36.6209,경북문경시,0,화물차이륜차,0,0,0,74,0,0
2018-11-27,1,1,1,1,0,0,0,경북,경산시,1,9,5,0,0,2,3,128.8238,35.9087,경북경산시,0,승합차화물차,0,0,0,52,0,0
2018-12-25,0,1,1,1,0,0,0,경북,경산시,1,8,0,1,2,0,3,128.7314,35.8101,경북경산시,0,승용차화물차,0,1,0,52,0,0
2018-01-16,1,1,1,2,1,0,0,경북,경산시,1,1,7,1,1,0,2,128.8181,35.9173,경북경산시,0,승용차승용차,0,0,0,52,0,0
2018-01-26,1,4,1,2,0,1,0,경북,봉화군,1,9,5,0,0,0,6,128.9929,36.9556,경북봉화군,0,승용차승합차,0,0,0,149,0,0
2018-12-22,1,5,1,2,1,0,0,경북,청도군,1,9,5,1,2,1,3,128.7983,35.6927,경북청도군,0,화물차화물차,0,1,0,3,0,0
2018-02-01,0,3,3,4,1,0,0,경북,울진군,1,9,5,0,0,0,2,129.3772,37.073,경북울진군,1,승용차승용차,0,0,0,208,0,0
2018-11-04,1,6,1,1,0,0,0,경북,청송군,1,11,0,0,0,0,1,129.1228,36.2887,경북청송군,0,승용차없음,0,1,0,203,0,0
2018-07-28,1,5,1,8,2,5,0,경북,청송군,1,9,5,0,0,1,6,129.0711,36.3714,경북청송군,2,화물차승합차,0,1,0,203,0,0
2018-12-06,1,3,1,3,2,0,0,경북,구미시,1,1,0,0,0,1,9,128.3468,36.2426,경북구미시,1,화물차건설기계,0,0,0,144,0,0
2018-12-19,1,2,1,1,0,0,0,경북,구미시,1,8,0,0,0,1,5,128.3212,36.1379,경북구미시,0,화물차자전거,0,0,0,144,0,0
2018-05-30,0,2,1,1,0,0,0,경북,구미시,1,1,0,0,0,4,1,128.3931,36.1309,경북구미시,0,이륜차없음,0,0,0,144,0,0
2018-01-07,1,6,1,1,0,0,0,경북,구미시,1,6,0,1,2,0,1,128.3174,36.2326,경북구미시,0,승용차없음,0,1,0,144,0,0
2018-10-01,1,0,1,2,0,1,0,경북,구미시,1,6,0,0,0,1,1,128.3291,36.3078,경북구미시,0,화물차없음,0,0,0,144,0,0
2018-12-26,0,2,1,2,0,0,1,대구,북구,1,1,0,0,0,5,2,128.5817,35.9099,대구북구,0,특수차승용차,0,0,0,112,0,0
2018-06-04,0,0,1,2,1,0,0,경북,김천시,1,1,0,0,0,0,3,128.2168,36.1589,경북김천시,0,승용차화물차,0,0,0,76,0,0
2018-12-18,0,1,1,1,0,0,0,경북,문경시,1,5,0,0,0,1,3,128.1436,36.6484,경북문경시,0,화물차화물차,0,0,0,74,0,0
2018-05-18,0,4,1,1,0,0,0,경남,창원시(통합),1,1,0,2,4,4,2,128.5545,35.1662,경남창원시(통합),0,이륜차승용차,0,0,0,86,0,0
2018-09-02,1,6,1,1,0,0,0,경남,진주시,1,8,0,0,0,0,4,128.1173,35.188,경남진주시,0,승용차이륜차,0,1,0,42,0,0
2018-10-29,1,0,1,2,1,0,0,경남,진주시,1,5,0,0,0,1,2,128.1458,35.1811,경남진주시,0,화물차승용차,0,0,0,42,0,0
2018-10-19,1,4,1,1,0,0,0,경남,진주시,1,1,6,1,2,0,4,128.0846,35.1933,경남진주시,0,승용차이륜차,0,0,0,42,0,0
2018-08-03,1,4,1,1,0,0,0,경남,진주시,1,9,5,0,0,1,3,127.9863,35.2404,경남진주시,0,화물차화물차,0,0,0,42,0,0
2018-09-28,0,4,1,1,0,0,0,경남,창원시(통합),1,6,0,1,2,5,1,128.7743,35.0834,경남창원시(통합),0,특수차없음,0,0,0,86,0,0
2018-12-02,1,6,1,1,0,0,0,경남,통영시,1,1,3,0,0,0,4,128.3598,34.9264,경남통영시,0,승용차이륜차,0,1,0,212,0,0
2018-03-30,1,4,1,1,0,0,0,경남,통영시,1,8,9,1,1,4,2,128.418,34.841,경남통영시,0,이륜차승용차,0,0,0,212,0,0
2018-01-22,0,0,1,1,0,0,0,경남,합천군,1,5,0,0,0,0,5,128.1638,35.5629,경남합천군,0,승용차자전거,0,0,0,133,0,0
2018-03-31,1,5,1,7,2,4,0,경남,창녕군,1,9,5,0,0,0,6,128.5189,35.4636,경남창녕군,1,승용차승합차,0,1,0,211,0,0
2018-10-11,0,3,1,1,0,0,0,경남,창녕군,1,8,0,1,1,1,3,128.6421,35.428,경남창녕군,0,화물차화물차,0,0,0,211,0,0
2018-05-07,1,0,2,2,0,0,0,경남,함양군,1,6,0,0,0,1,1,127.6369,35.5725,경남함양군,0,화물차없음,0,1,0,108,0,0
2018-06-14,1,3,1,3,2,0,0,경남,양산시,1,5,0,0,0,0,2,129.0356,35.349,경남양산시,1,승용차승용차,0,0,0,49,0,0
2018-12-09,1,6,1,1,0,0,0,경남,하동군,1,1,0,0,0,0,3,127.8908,35.0296,경남하동군,0,승용차화물차,0,1,0,172,0,0
2018-07-11,0,2,1,3,1,1,0,경남,남해군,1,11,0,0,0,1,1,128.0617,34.8412,경남남해군,0,화물차없음,0,0,0,197,0,0
2018-04-30,1,0,1,2,0,1,0,경남,함안군,1,8,5,0,0,1,3,128.3929,35.2657,경남함안군,0,화물차화물차,0,0,0,117,0,0
2018-06-04,1,0,1,3,1,0,1,경남,함안군,1,8,5,1,2,1,2,128.3749,35.2689,경남함안군,0,화물차승용차,0,0,0,117,0,0
2018-01-16,1,1,1,1,0,0,0,경남,함안군,1,1,0,0,0,1,6,128.4667,35.2676,경남함안군,0,화물차승합차,0,0,0,117,0,0
2018-08-13,1,0,1,1,0,0,0,경남,함안군,1,8,0,0,0,0,4,128.5102,35.3218,경남함안군,0,승용차이륜차,0,0,0,117,0,0
2018-09-05,0,2,1,1,0,0,0,경남,함안군,1,5,0,0,0,4,9,128.3981,35.2712,경남함안군,0,이륜차건설기계,0,0,0,117,0,0
2018-12-01,1,5,1,1,0,0,0,경남,의령군,1,8,7,1,1,4,3,128.1988,35.3354,경남의령군,0,이륜차화물차,0,1,0,189,0,0
2018-07-23,0,0,1,4,1,2,0,경남,창원시(통합),1,5,0,1,2,1,6,128.6949,35.1909,경남창원시(통합),1,화물차승합차,0,0,0,86,0,0
2018-03-19,0,0,1,1,0,0,0,경남,창원시(통합),1,6,0,1,2,0,1,128.6451,35.2557,경남창원시(통합),0,승용차없음,0,0,0,86,0,0
2018-12-17,1,0,1,1,0,0,0,경남,창원시(통합),1,1,0,0,0,1,3,128.6294,35.3529,경남창원시(통합),0,화물차화물차,0,0,0,86,0,0
2018-07-26,0,3,1,3,1,1,0,경남,김해시,1,5,0,0,0,1,2,128.8537,35.2202,경남김해시,0,화물차승용차,0,0,0,13,0,0
2018-09-21,1,4,1,1,0,0,0,경남,함안군,1,1,0,0,0,1,11,128.4996,35.334,경남함안군,0,화물차특수차,0,0,0,117,0,0
2018-09-09,1,6,1,1,0,0,0,경남,함안군,1,8,0,0,0,1,3,128.3525,35.2923,경남함안군,0,화물차화물차,0,1,0,117,0,0
2018-12-23,1,6,1,1,0,0,0,제주,제주시,1,1,6,1,2,0,4,126.5165,33.4925,제주제주시,0,승용차이륜차,0,1,0,90,0,0
2018-02-01,0,3,1,3,0,2,0,제주,제주시,1,6,2,0,0,1,1,126.7337,33.4371,제주제주시,0,화물차없음,0,0,0,90,0,0
2018-06-13,0,2,1,1,0,0,0,제주,제주시,1,6,0,0,0,0,1,126.5606,33.4439,제주제주시,0,승용차없음,0,1,0,90,0,0
2018-04-08,0,6,1,1,0,0,0,제주,제주시,1,1,0,0,0,4,2,126.5594,33.4775,제주제주시,0,이륜차승용차,0,1,0,90,0,0
2018-07-06,1,4,1,2,1,0,0,제주,서귀포시,1,9,5,0,0,0,2,126.7215,33.3431,제주서귀포시,0,승용차승용차,0,0,0,62,0,0
2018-10-15,0,0,1,1,0,0,0,제주,서귀포시,1,1,0,0,0,6,1,126.3717,33.2323,제주서귀포시,0,원동기장치자전거없음,0,0,0,62,0,0
2018-11-04,1,6,1,1,0,0,0,제주,서귀포시,1,1,0,0,0,4,6,126.3535,33.2853,제주서귀포시,0,이륜차승합차,0,1,0,62,0,0
2018-10-24,1,2,1,1,0,0,0,제주,제주시,1,8,0,1,1,1,4,126.3135,33.4251,제주제주시,0,화물차이륜차,0,0,0,90,0,0
2018-04-22,0,6,1,1,0,0,0,제주,제주시,1,11,0,0,0,0,1,126.4161,33.4318,제주제주시,0,승용차없음,0,1,0,90,0,0
2018-01-03,0,2,1,1,0,0,0,대구,동구,1,8,6,1,3,7,2,128.7028,35.8729,대구동구,0,자전거승용차,0,0,0,26,0,0
2018-01-19,1,4,1,1,0,0,0,대구,수성구,1,8,0,1,2,1,4,128.6222,35.8067,대구수성구,0,화물차이륜차,0,0,0,37,0,0
2018-02-19,1,0,1,1,0,0,0,대구,달성군,1,12,0,0,0,4,1,128.5332,35.7765,대구달성군,0,이륜차없음,0,0,0,30,0,0
2018-01-07,1,6,1,2,1,0,0,대구,달성군,1,5,2,0,0,0,8,128.5094,35.8898,대구달성군,0,승용차농기계,0,1,0,30,0,0
2018-05-29,1,1,1,1,0,0,0,대구,달성군,1,6,0,0,0,0,1,128.4776,35.8726,대구달성군,0,승용차없음,0,0,0,30,0,0
2018-02-25,0,6,1,2,1,0,0,대구,서구,1,9,6,1,1,4,2,128.5573,35.8578,대구서구,0,이륜차승용차,0,1,0,107,0,0
2018-02-15,0,3,1,1,0,0,0,대구,서구,1,8,0,1,2,0,5,128.5716,35.8622,대구서구,0,승용차자전거,0,1,0,107,0,0
2018-12-02,0,6,1,1,0,0,0,대구,서구,1,6,0,0,0,4,1,128.5563,35.8708,대구서구,0,이륜차없음,0,1,0,107,0,0
2018-12-12,0,2,1,1,0,0,0,대구,북구,1,1,0,0,0,1,1,128.5417,35.9086,대구북구,0,화물차없음,0,0,0,112,0,0
2018-02-04,1,6,1,1,0,0,0,인천,중구,1,8,0,1,1,4,6,126.6312,37.4754,인천중구,0,이륜차승합차,0,1,0,72,0,0
2018-02-26,1,0,1,1,0,0,0,인천,중구,1,8,0,0,0,1,5,126.6129,37.4785,인천중구,0,화물차자전거,0,0,0,72,0,0
2018-10-05,1,4,1,1,0,0,0,인천,남구,1,1,5,0,0,1,11,126.6338,37.4369,인천남동구,0,화물차특수차,0,0,0,29,0,0
2018-03-03,1,5,1,4,0,2,1,인천,남구,1,9,6,1,1,2,2,126.6384,37.4607,인천남동구,0,승합차승용차,0,1,0,29,0,0
2018-09-12,1,2,1,1,0,0,0,인천,서구,1,6,0,0,0,0,1,126.6822,37.5245,인천서구,0,승용차없음,0,0,0,97,0,0
2018-10-24,1,2,1,1,0,0,0,인천,강화군,1,8,0,2,4,9,6,126.4635,37.7654,인천강화군,0,농기계승합차,0,0,0,92,0,0