발생년월일,주야,요일,사망자수,사상자수,중상자수,경상자수,부상신고자수,발생지시도,발생지시군구,사고유형_대분류,사고유형_중분류,법규위반,도로형태_대분류,도로형태,당사자종별_1당_대분류,당사자종별_2당_대분류,경도,위도,발생지,사고피해정도,사고차량타입,도시여부,주말/공휴일,인구수,발생지번호,보행자의위치,무단횡단여부
2018-07-10,1,1,1,6,2,3,0,인천,남구,1,5,3,0,0,1,6,126.6591,37.4379,인천남동구,1,화물차승합차,0,0,0,29,0,0
2018-08-07,1,1,2,2,0,0,0,경기,시흥시,1,5,0,0,0,1,3,126.8673,37.3801,경기시흥시,0,화물차화물차,0,0,0,73,0,0
2018-02-12,1,0,1,6,4,1,0,경기,안산시,1,8,5,0,0,0,2,126.8439,37.3501,경기안산시,1,승용차승용차,0,0,0,2,0,0
2018-07-12,0,3,1,4,0,3,0,광주,서구,1,1,6,1,1,4,2,126.8484,35.1588,광주서구,1,이륜차승용차,0,0,0,222,0,0
2018-05-19,1,5,1,1,0,0,0,광주,북구,1,8,0,1,2,0,4,126.863,35.1721,광주북구,0,승용차이륜차,0,1,0,137,0,0
2018-03-20,1,1,1,2,0,1,0,광주,광산구,1,5,3,0,0,6,2,126.8139,35.1439,광주광산구,0,원동기장치자전거승용차,0,0,0,135,0,0
2018-05-21,0,0,1,1,0,0,0,광주,광산구,1,5,0,0,0,0,5,126.7478,35.1266,광주광산구,0,승용차자전거,0,0,0,135,0,0
2018-01-17,1,2,1,4,1,2,0,광주,광산구,1,9,6,1,1,0,2,126.8117,35.144,광주광산구,1,승용차승용차,0,0,0,135,0,0
2018-01-18,0,3,1,1,0,0,0,대전,동구,1,1,6,1,1,0,4,127.4348,36.3384,대전동구,0,승용차이륜차,0,0,0,80,0,0
2018-10-17,1,2,1,1,0,0,0,대전,서구,1,1,0,0,0,4,2,127.3247,36.244,대전서구,0,이륜차승용차,0,0,0,4,0,0
2018-10-24,1,2,1,5,0,3,1,대전,서구,1,1,3,0,0,0,2,127.3805,36.3442,대전서구,1,승용차승용차,0,0,0,4,0,0
2018-09-16,1,6,1,3,1,1,0,대전,유성구,1,9,5,1,2,0,2,127.3359,36.365,대전유성구,0,승용차승용차,0,1,0,148,0,0
2018-06-27,0,2,1,1,0,0,0,대전,유성구,1,1,0,2,4,7,1,127.3937,36.3736,대전유성구,0,자전거없음,0,0,0,148,0,0
2018-05-05,0,5,1,1,0,0,0,대전,유성구,1,12,0,0,0,0,1,127.2653,36.2754,대전유성구,0,승용차없음,0,1,0,148,0,0
2018-08-20,1,0,1,2,0,1,0,울산,북구,1,8,6,1,1,6,3,129.3811,35.5537,울산북구,0,원동기장치자전거화물차,0,0,0,158,0,0
2018-03-24,0,5,1,1,0,0,0,울산,동구,1,12,0,0,0,4,1,129.4034,35.5015,울산동구,0,이륜차없음,0,1,0,225,0,0
2018-11-08,0,3,1,2,0,0,1,울산,울주군,1,1,6,1,1,4,2,129.3381,35.414,울산울주군,0,이륜차승용차,0,0,0,17,0,0
2018-07-27,0,4,1,1,0,0,0,울산,울주군,1,8,7,1,1,0,4,129.0963,35.5144,울산울주군,0,승용차이륜차,0,0,0,17,0,0
2018-12-10,0,0,1,1,0,0,0,경기,의정부시,1,1,0,0,0,0,4,127.0421,37.7071,경기의정부시,0,승용차이륜차,0,0,0,64,0,0
2018-02-10,1,5,1,1,0,0,0,경기,의정부시,1,1,0,0,0,6,2,127.1122,37.7756,경기의정부시,0,원동기장치자전거승용차,0,1,0,64,0,0
2018-01-16,1,1,1,3,1,1,0,경기,남양주시,1,5,0,0,0,0,2,127.1999,37.6506,경기남양주시,0,승용차승용차,0,0,0,70,0,0
2018-07-26,1,3,1,1,0,0,0,경기,남양주시,1,1,0,0,0,7,1,127.1786,37.6618,경기남양주시,0,자전거없음,0,0,0,70,0,0
2018-12-28,0,4,1,3,1,1,0,경기,파주시,1,9,6,1,1,0,6,126.7516,37.7297,경기파주시,0,승용차승합차,0,0,0,175,0,0
2018-01-29,1,0,1,1,0,0,0,경기,양주시,1,5,0,0,0,0,9,127.1102,37.8087,경기양주시,0,승용차건설기계,0,0,0,59,0,0
2018-10-13,1,5,1,3,1,1,0,경기,동두천시,1,9,6,1,1,0,9,127.0125,37.9104,경기동두천시,0,승용차건설기계,0,1,0,94,0,0
2018-05-21,0,0,1,1,0,0,0,경기,포천시,1,6,0,0,0,0,1,127.1937,37.8965,경기포천시,0,승용차없음,0,0,0,171,0,0
2018-06-08,1,4,1,1,0,0,0,경기,포천시,1,5,0,0,0,1,8,127.2709,38.0558,경기포천시,0,화물차농기계,0,0,0,171,0,0
2018-01-20,1,5,1,1,0,0,0,경기,가평군,1,6,0,0,0,0,1,127.5139,37.6386,경기가평군,0,승용차없음,0,1,0,176,0,0
2018-02-03,0,5,1,1,0,0,0,경기,가평군,1,9,5,0,0,0,2,127.5056,37.8956,경기가평군,0,승용차승용차,0,1,0,176,0,0
2018-12-03,1,0,1,2,0,1,0,경기,연천군,1,8,0,0,0,0,2,127.0675,38.0019,경기연천군,0,승용차승용차,0,0,0,106,0,0
2017-01-01,0,6,1,2,1,0,0,전남,장성군,1,1,0,0,0,0,2,126.7686,35.2945,전남장성군,0,승용차승용차,0,1,0,146,0,0
2017-01-01,0,6,1,2,0,1,0,충남,홍성군,1,5,0,0,0,0,2,126.5666,36.5801,충남홍성군,0,승용차승용차,0,1,0,38,0,0
2017-01-01,0,6,1,1,0,0,0,충남,아산시,1,6,0,0,0,0,1,127.0698,36.7785,충남아산시,0,승용차없음,0,1,0,53,0,0
2017-01-01,1,6,1,5,3,1,0,광주,북구,1,11,0,0,0,1,1,126.8674,35.2266,광주북구,1,화물차없음,0,1,0,137,0,0
2017-01-01,0,6,1,3,1,1,0,제주,서귀포시,1,8,0,0,0,0,3,126.6679,33.2786,제주서귀포시,0,승용차화물차,0,1,0,62,0,0
2017-01-01,0,6,1,7,4,2,0,충남,공주시,1,1,0,0,0,0,2,127.0821,36.4118,충남공주시,2,승용차승용차,0,1,0,19,0,0
2017-01-01,0,6,2,2,0,0,0,전남,무안군,1,10,0,0,0,0,1,126.4683,34.9788,전남무안군,0,승용차없음,0,1,0,101,0,0
2017-01-02,1,0,1,1,0,0,0,서울,영등포구,1,10,0,1,1,4,1,126.8977,37.4875,서울영등포구,0,이륜차없음,0,0,0,150,0,0
2017-01-02,1,0,1,2,1,0,0,경북,청송군,1,8,5,0,0,0,2,129.0,36.2863,경북청송군,0,승용차승용차,0,0,0,203,0,0
2017-01-02,1,0,1,1,0,0,0,경남,양산시,1,5,0,0,0,6,3,129.0301,35.3706,경남양산시,0,원동기장치자전거화물차,0,0,0,49,0,0
2017-01-02,1,0,1,5,0,4,0,서울,금천구,1,8,6,1,1,0,6,126.9035,37.444,서울금천구,1,승용차승합차,0,0,0,109,0,0
2017-01-02,1,0,1,1,0,0,0,서울,광진구,1,6,0,0,0,0,1,127.0949,37.5546,서울광진구,0,승용차없음,0,0,0,183,0,0
2017-01-02,1,0,1,1,0,0,0,경북,의성군,1,11,0,0,0,4,1,128.3997,36.3581,경북의성군,0,이륜차없음,0,0,0,105,0,0
2017-01-02,0,0,1,1,0,0,0,전남,순천시,1,8,6,1,1,6,3,127.488,34.9714,전남순천시,0,원동기장치자전거화물차,0,0,0,27,0,0
2017-01-03,0,1,1,1,0,0,0,경기,안성시,1,1,0,0,0,4,1,127.2204,37.0042,경기안성시,0,이륜차없음,0,0,0,23,0,0
2017-01-03,1,1,2,4,0,0,2,부산,강서구,1,8,3,0,0,1,2,128.8842,35.1549,부산강서구,1,화물차승용차,0,0,0,206,0,0
2017-01-03,1,1,1,1,0,0,0,충남,천안시,1,8,0,1,1,6,2,127.1963,36.8778,충남천안시,0,원동기장치자전거승용차,0,0,0,63,0,0
2017-01-03,1,1,1,1,0,0,0,전남,담양군,1,1,3,0,0,1,5,127.0336,35.3498,전남담양군,0,화물차자전거,0,0,0,181,0,0
2017-01-03,0,1,1,1,0,0,0,경기,남양주시,1,10,0,0,0,0,1,127.1728,37.5939,경기남양주시,0,승용차없음,0,0,0,70,0,0
2017-01-04,1,2,1,1,0,0,0,서울,중랑구,1,9,0,1,1,7,2,127.0861,37.5946,서울중랑구,0,자전거승용차,0,0,0,196,0,0
2017-01-04,1,2,1,1,0,0,0,경기,시흥시,1,8,0,0,0,0,5,126.7484,37.3402,경기시흥시,0,승용차자전거,0,0,0,73,0,0
2017-01-04,1,2,1,2,0,1,0,경기,이천시,1,9,5,1,1,0,11,127.4911,37.1769,경기이천시,0,승용차특수차,0,0,0,41,0,0
2017-01-05,0,3,1,2,0,1,0,경기,이천시,1,6,0,0,0,0,1,127.4915,37.2561,경기이천시,0,승용차없음,0,0,0,41,0,0
2017-01-05,1,3,1,2,0,1,0,전북,전주시,1,8,6,1,1,6,2,127.1556,35.839,전북전주시,0,원동기장치자전거승용차,0,0,0,11,0,0
2017-01-05,1,3,1,1,0,0,0,서울,광진구,1,10,0,0,0,4,1,127.0652,37.5417,서울광진구,0,이륜차없음,0,0,0,183,0,0
2017-01-05,1,3,1,1,0,0,0,대구,남구,1,8,0,2,4,7,3,128.5895,35.8554,대구남구,0,자전거화물차,0,0,0,145,0,0
2017-01-05,1,3,1,4,0,3,0,경기,오산시,1,8,6,1,1,0,3,127.0778,37.1369,경기오산시,1,승용차화물차,0,0,0,143,0,0
2017-01-05,0,3,1,1,0,0,0,제주,제주시,1,10,0,0,0,0,1,126.3686,33.3709,제주제주시,0,승용차없음,0,0,0,90,0,0
2017-01-05,0,3,1,2,1,0,0,대전,대덕구,1,10,0,0,0,0,1,127.4009,36.4419,대전대덕구,0,승용차없음,0,0,0,77,0,0
2017-01-05,0,3,1,1,0,0,0,전북,임실군,1,10,0,0,0,0,1,127.3741,35.663,전북임실군,0,승용차없음,0,0,0,152,0,0
2017-01-06,0,4,1,1,0,0,0,경남,합천군,1,10,0,1,2,0,1,128.2749,35.538,경남합천군,0,승용차없음,0,0,0,133,0,0
2017-01-06,1,4,1,1,0,0,0,부산,강서구,1,1,0,0,0,2,1,128.8989,35.0866,부산강서구,0,승합차없음,0,0,0,206,0,0
2017-01-06,1,4,1,1,0,0,0,경기,시흥시,1,8,7,1,1,0,5,126.7844,37.4662,경기시흥시,0,승용차자전거,0,0,0,73,0,0
2017-01-06,1,4,1,1,0,0,0,충남,서천군,1,8,0,1,1,1,5,126.6965,36.011,충남서천군,0,화물차자전거,0,0,0,10,0,0
2017-01-06,0,4,1,1,0,0,0,경기,성남시,1,8,0,1,2,6,6,127.108,37.3683,경기성남시,0,원동기장치자전거승합차,0,0,0,95,0,0
2017-01-07,1,5,1,2,1,0,0,경남,진주시,1,5,0,0,0,1,3,128.1362,35.1656,경남진주시,0,화물차화물차,0,1,0,42,0,0
2017-01-07,1,5,1,1,0,0,0,충남,태안군,1,5,0,0,0,0,9,126.201,36.7595,충남태안군,0,승용차건설기계,0,1,0,169,0,0
2017-01-07,1,5,1,2,0,1,0,경남,통영시,1,5,0,0,0,4,4,128.3477,34.9388,경남통영시,0,이륜차이륜차,0,1,0,212,0,0
2017-01-07,0,5,1,1,0,0,0,충남,보령시,1,8,8,1,1,4,2,126.6035,36.3196,충남보령시,0,이륜차승용차,0,1,0,136,0,0
2017-01-07,0,5,1,1,0,0,0,제주,제주시,1,10,0,1,1,1,1,126.598,33.5207,제주제주시,0,화물차없음,0,1,0,90,0,0
2017-01-08,0,6,1,1,0,0,0,서울,영등포구,1,8,6,1,1,4,2,126.9015,37.5067,서울영등포구,0,이륜차승용차,0,1,0,150,0,0
2017-01-08,0,6,1,3,0,2,0,충남,부여군,1,1,0,0,0,0,2,127.0633,36.2762,충남부여군,0,승용차승용차,0,1,0,129,0,0
2017-01-08,1,6,1,1,0,0,0,대구,수성구,1,8,2,0,0,4,5,128.6249,35.8523,대구수성구,0,이륜차자전거,0,1,0,37,0,0
2017-01-08,1,6,1,2,1,0,0,충북,옥천군,1,5,0,0,0,9,8,127.6691,36.3968,충북옥천군,0,농기계농기계,0,1,0,142,0,0
2017-01-08,0,6,1,1,0,0,0,충남,예산군,1,6,0,0,0,0,1,126.6118,36.6332,충남예산군,0,승용차없음,0,1,0,187,0,0
2017-01-09,1,0,1,2,0,1,0,경기,안산시,1,9,6,1,1,4,2,126.8292,37.3078,경기안산시,0,이륜차승용차,0,0,0,2,0,0
2017-01-09,1,0,1,1,0,0,0,경북,울진군,1,8,0,0,0,4,2,129.3985,36.9937,경북울진군,0,이륜차승용차,0,0,0,208,0,0
2017-01-09,1,0,1,2,0,1,0,경기,여주시,1,6,0,0,0,0,1,127.6957,37.2012,경기여주시,0,승용차없음,0,0,0,22,0,0
2017-01-09,1,0,1,1,0,0,0,강원,원주시,1,5,0,0,0,0,9,127.8375,37.4063,강원원주시,0,승용차건설기계,0,0,0,36,0,0
2017-01-09,1,0,1,4,0,3,0,울산,북구,1,5,0,0,0,1,2,129.3843,35.5458,울산북구,1,화물차승용차,0,0,0,158,0,0
2017-01-09,1,0,1,1,0,0,0,전북,김제시,1,8,8,1,1,6,3,126.8006,35.815,전북김제시,0,원동기장치자전거화물차,0,0,0,34,0,0
2017-01-09,1,0,1,3,2,0,0,경기,파주시,1,8,6,1,1,1,3,126.9237,37.969,경기파주시,1,화물차화물차,0,0,0,175,0,0
2017-01-09,0,0,1,1,0,0,0,강원,속초시,1,5,0,2,4,0,5,128.5775,38.1952,강원속초시,0,승용차자전거,0,0,0,104,0,0
2017-01-10,1,1,1,1,0,0,0,경기,수원시,1,8,6,1,1,7,6,126.98,37.2852,경기수원시,0,자전거승합차,0,0,0,99,0,0
2017-01-10,1,1,1,2,0,1,0,세종,세종,1,1,0,0,0,0,2,127.2412,36.5051,세종세종,0,승용차승용차,1,0,0,229,0,0
2017-01-10,1,1,1,1,0,0,0,경기,동두천시,1,1,5,0,0,2,2,127.0506,37.9255,경기동두천시,0,승합차승용차,0,0,0,94,0,0
2017-01-10,1,1,1,1,0,0,0,충남,논산시,1,9,0,0,0,7,3,127.0739,36.1963,충남논산시,0,자전거화물차,0,0,0,61,0,0
2017-01-10,0,1,1,1,0,0,0,충남,천안시,1,5,0,0,0,0,5,127.1588,36.8278,충남천안시,0,승용차자전거,0,0,0,63,0,0
2017-01-10,0,1,1,1,0,0,0,강원,인제군,1,9,0,0,0,0,3,128.1992,38.1068,강원인제군,0,승용차화물차,0,0,0,124,0,0
2017-01-10,0,1,1,2,0,1,0,서울,양천구,1,8,0,0,0,4,6,126.8834,37.5367,서울양천구,0,이륜차승합차,0,0,0,140,0,0
2017-01-11,0,2,1,3,1,1,0,경기,안성시,1,1,0,0,0,1,3,127.1825,36.9543,경기안성시,0,화물차화물차,0,0,0,23,0,0
2017-01-11,1,2,1,1,0,0,0,강원,삼척시,1,11,0,0,0,1,1,129.0426,37.2241,강원삼척시,0,화물차없음,0,0,0,78,0,0
2017-01-11,1,2,1,1,0,0,0,부산,기장군,1,8,6,1,1,7,2,129.2206,35.2435,부산기장군,0,자전거승용차,0,0,0,85,0,0
2017-01-11,1,2,1,1,0,0,0,강원,홍천군,1,11,0,0,0,9,1,127.9743,37.6857,강원홍천군,0,농기계없음,0,0,0,82,0,0
2017-01-11,0,2,1,1,0,0,0,울산,동구,1,10,0,0,0,6,1,129.4097,35.4855,울산동구,0,원동기장치자전거없음,0,0,0,225,0,0
2017-01-12,1,3,1,1,0,0,0,경기,부천시,1,8,0,1,1,0,5,126.789,37.5322,경기부천시,0,승용차자전거,0,0,0,65,0,0
2017-01-12,1,3,1,1,0,0,0,서울,송파구,1,9,5,0,0,7,6,127.1419,37.5003,서울송파구,0,자전거승합차,0,0,0,156,0,0
2017-01-12,0,3,1,1,0,0,0,경남,진주시,1,11,0,0,0,1,1,128.1453,35.2961,경남진주시,0,화물차없음,0,0,0,42,0,0
2017-01-13,0,4,1,1,0,0,0,경기,김포시,1,10,0,1,2,4,1,126.6806,37.6442,경기김포시,0,이륜차없음,0,0,0,47,0,0
2017-01-13,0,4,1,6,2,3,0,부산,금정구,1,5,3,0,0,0,2,129.1097,35.241,부산금정구,1,승용차승용차,0,0,0,96,0,0
2017-01-14,0,5,1,2,0,1,0,경기,화성시,1,9,5,0,0,0,9,127.1207,37.1711,경기화성시,0,승용차건설기계,0,1,0,50,0,0
2017-01-14,1,5,1,1,0,0,0,충북,보은군,1,10,0,0,0,0,1,127.7471,36.4968,충북보은군,0,승용차없음,0,1,0,32,0,0
2017-01-14,0,5,1,1,0,0,0,경북,울진군,1,9,5,0,0,6,2,129.4499,36.7869,경북울진군,0,원동기장치자전거승용차,0,1,0,208,0,0
2017-01-14,0,5,1,2,1,0,0,충남,아산시,1,8,0,2,4,0,2,126.9899,36.8998,충남아산시,0,승용차승용차,0,1,0,53,0,0
2017-01-15,1,6,1,1,0,0,0,전남,순천시,1,9,5,0,0,4,2,127.4669,34.9283,전남순천시,0,이륜차승용차,0,1,0,27,0,0
2017-01-15,0,6,1,4,1,2,0,강원,인제군,1,9,5,0,0,0,6,128.221,38.1282,강원인제군,1,승용차승합차,0,1,0,124,0,0
2017-01-15,0,6,1,2,0,1,0,경북,경산시,1,8,5,1,2,4,4,128.7661,35.8412,경북경산시,0,이륜차이륜차,0,1,0,52,0,0
2017-01-16,0,0,1,3,1,1,0,서울,강남구,1,1,0,1,1,0,4,127.0276,37.4979,서울강남구,0,승용차이륜차,0,0,0,89,0,0
2017-01-16,1,0,1,4,3,0,0,경남,양산시,1,8,0,1,2,1,2,129.0398,35.3313,경남양산시,1,화물차승용차,0,0,0,49,0,0
2017-01-16,1,0,1,1,0,0,0,울산,동구,1,9,5,0,0,4,2,129.4304,35.5098,울산동구,0,이륜차승용차,0,0,0,225,0,0
2017-01-16,1,0,1,2,1,0,0,제주,서귀포시,1,9,0,0,0,2,4,126.2262,33.2441,제주서귀포시,0,승합차이륜차,0,0,0,62,0,0
2017-01-16,1,0,1,2,1,0,0,제주,제주시,1,5,0,0,0,1,2,126.6126,33.4844,제주제주시,0,화물차승용차,0,0,0,90,0,0
2017-01-16,1,0,1,1,0,0,0,충남,당진시,1,9,7,1,1,0,4,126.8369,36.8053,충남당진시,0,승용차이륜차,0,0,0,46,0,0
2017-01-16,1,0,1,2,0,1,0,전북,익산시,1,8,6,1,1,1,2,127.0176,36.1442,전북익산시,0,화물차승용차,0,0,0,125,0,0
2017-01-16,1,0,1,1,0,0,0,전남,화순군,1,8,0,1,3,7,3,126.9978,35.0656,전남화순군,0,자전거화물차,0,0,0,88,0,0
2017-01-17,0,1,1,1,0,0,0,경북,칠곡군,1,10,0,0,0,0,1,128.4004,36.0356,경북칠곡군,0,승용차없음,0,0,0,21,0,0
2017-01-17,1,1,2,2,0,0,0,경남,하동군,1,9,5,0,0,1,3,127.8093,35.0263,경남하동군,0,화물차화물차,0,0,0,172,0,0
2017-01-17,1,1,1,1,0,0,0,강원,원주시,1,10,0,0,0,4,1,127.7972,37.2233,강원원주시,0,이륜차없음,0,0,0,36,0,0
2017-01-17,1,1,1,1,0,0,0,부산,강서구,1,9,0,0,0,0,3,128.8393,35.084,부산강서구,0,승용차화물차,0,0,0,206,0,0
2017-01-17,1,1,1,2,1,0,0,경남,창원시(통합),1,8,3,1,2,0,6,128.807,35.108,경남창원시(통합),0,승용차승합차,0,0,0,86,0,0
2017-01-17,1,1,1,5,2,1,1,울산,울주군,1,8,6,1,1,0,2,129.334,35.4561,울산울주군,1,승용차승용차,0,0,0,17,0,0
2017-01-17,0,1,1,1,0,0,0,경기,하남시,1,9,5,0,0,1,4,127.1969,37.5116,경기하남시,0,화물차이륜차,0,0,0,67,0,0
2017-01-17,0,1,1,3,1,1,0,경북,경주시,1,8,0,0,0,0,6,129.1928,35.8114,경북경주시,0,승용차승합차,0,0,0,100,0,0
2017-01-17,0,1,1,1,0,0,0,충남,아산시,1,5,6,0,0,0,3,127.0091,36.7545,충남아산시,0,승용차화물차,0,0,0,53,0,0
2017-01-18,0,2,1,8,5,2,0,강원,춘천시,1,5,0,1,2,0,3,127.7512,37.8707,강원춘천시,2,승용차화물차,0,0,0,111,0,0
2017-01-18,0,2,1,1,0,0,0,인천,남동구,1,10,0,1,1,0,1,126.7476,37.4356,인천남동구,0,승용차없음,0,0,0,29,0,0
2017-01-18,1,2,1,2,0,1,0,전남,장성군,1,8,0,1,1,1,3,126.8211,35.4322,전남장성군,0,화물차화물차,0,0,0,146,0,0
2017-01-18,1,2,1,1,0,0,0,경기,의정부시,1,9,0,0,0,0,6,127.0672,37.7345,경기의정부시,0,승용차승합차,0,0,0,64,0,0
2017-01-18,1,2,1,1,0,0,0,경북,성주군,1,8,0,2,4,4,3,128.2629,35.9736,경북성주군,0,이륜차화물차,0,0,0,168,0,0
2017-01-18,1,2,1,2,0,1,0,경기,양평군,1,8,5,0,0,0,9,127.5654,37.4818,경기양평군,0,승용차건설기계,0,0,0,48,0,0
2017-01-18,1,2,1,1,0,0,0,강원,화천군,1,8,0,0,0,1,4,127.6648,38.059,강원화천군,0,화물차이륜차,0,0,0,218,0,0
2017-01-18,1,2,2,2,0,0,0,광주,광산구,1,5,0,0,0,1,9,126.6828,35.1619,광주광산구,0,화물차건설기계,0,0,0,135,0,0
2017-01-18,1,2,1,6,1,4,0,대구,북구,1,5,0,0,0,1,2,128.5493,35.8972,대구북구,1,화물차승용차,0,0,0,112,0,0
2017-01-19,0,3,1,3,2,0,0,경남,김해시,1,9,5,0,0,0,2,128.8648,35.2112,경남김해시,1,승용차승용차,0,0,0,13,0,0
2017-01-19,0,3,1,1,0,0,0,경남,양산시,1,12,0,0,0,1,1,128.9917,35.4162,경남양산시,0,화물차없음,0,0,0,49,0,0
2017-01-19,0,3,1,1,0,0,0,대구,달성군,1,6,0,0,0,1,1,128.4803,35.7456,대구달성군,0,화물차없음,0,0,0,30,0,0
2017-01-19,0,3,2,2,0,0,0,경북,상주시,1,6,0,0,0,0,1,128.206,36.4183,경북상주시,0,승용차없음,0,0,0,58,0,0
2017-01-19,0,3,1,1,0,0,0,경기,화성시,1,10,0,1,2,4,1,127.0341,37.2091,경기화성시,0,이륜차없음,0,0,0,50,0,0
2017-01-19,1,3,1,1,0,0,0,경기,가평군,1,1,0,0,0,1,5,127.4726,37.7842,경기가평군,0,화물차자전거,0,0,0,176,0,0
2017-01-19,1,3,1,1,0,0,0,경기,군포시,1,6,0,0,0,0,1,126.9271,37.3719,경기군포시,0,승용차없음,0,0,0,126,0,0
2017-01-19,0,3,1,1,0,0,0,충남,아산시,1,5,0,2,4,1,3,127.0227,36.7827,충남아산시,0,화물차화물차,0,0,0,53,0,0
2017-01-19,0,3,1,1,0,0,0,경기,가평군,1,8,0,0,0,7,2,127.4103,37.7328,경기가평군,0,자전거승용차,0,0,0,176,0,0
2017-01-20,0,4,1,2,1,0,0,경기,시흥시,1,5,0,0,0,1,3,126.8462,37.3981,경기시흥시,0,화물차화물차,0,0,0,73,0,0
2017-01-20,0,4,1,1,0,0,0,인천,서구,1,8,2,1,1,0,2,126.6837,37.4889,인천서구,0,승용차승용차,0,0,0,97,0,0
2017-01-20,0,4,1,1,0,0,0,경북,구미시,1,10,0,0,0,0,1,128.3458,36.1295,경북구미시,0,승용차없음,0,0,0,144,0,0
2017-01-20,0,4,1,2,0,0,1,경기,고양시,1,5,0,1,1,0,2,126.7341,37.6667,경기고양시,0,승용차승용차,0,0,0,40,0,0
2017-01-20,0,4,1,5,1,3,0,충남,서산시,1,8,0,0,0,1,3,126.5763,36.8135,충남서산시,1,화물차화물차,0,0,0,69,0,0
2017-01-20,1,4,1,3,1,1,0,경북,영천시,1,9,5,0,0,1,2,128.9158,35.9685,경북영천시,0,화물차승용차,0,0,0,5,0,0
2017-01-20,1,4,1,3,2,0,0,경기,포천시,1,6,0,0,0,0,1,127.2514,37.8058,경기포천시,1,승용차없음,0,0,0,171,0,0
2017-01-20,1,4,1,1,0,0,0,부산,동래구,1,8,7,1,1,0,7,129.0836,35.2231,부산동래구,0,승용차원동기장치자전거,0,0,0,216,0,0
2017-01-20,1,4,1,2,1,0,0,서울,광진구,1,8,5,0,0,0,4,127.0713,37.5513,서울광진구,0,승용차이륜차,0,0,0,183,0,0
2017-01-20,1,4,1,18,10,7,0,강원,원주시,1,12,4,0,0,2,1,127.9868,37.4044,강원원주시,2,승합차없음,0,0,0,36,0,0
2017-01-20,1,4,2,5,2,1,0,강원,삼척시,1,8,2,0,0,2,2,129.3428,37.1642,강원삼척시,1,승합차승용차,0,0,0,78,0,0
2017-01-20,1,4,1,1,0,0,0,충북,옥천군,1,12,0,0,0,1,1,127.6927,36.397,충북옥천군,0,화물차없음,0,0,0,142,0,0
2017-01-20,0,4,1,3,0,2,0,경기,파주시,1,1,6,1,1,0,2,126.7268,37.7311,경기파주시,0,승용차승용차,0,0,0,175,0,0
2017-01-21,0,5,1,1,0,0,0,서울,성동구,1,6,0,0,0,0,1,127.0533,37.551,서울성동구,0,승용차없음,0,1,0,84,0,0
2017-01-21,0,5,1,2,0,1,0,전북,익산시,1,5,0,0,0,0,4,126.9667,35.946,전북익산시,0,승용차이륜차,0,1,0,125,0,0
2017-01-21,1,5,1,1,0,0,0,경북,포항시,1,1,6,1,1,0,5,129.3777,36.0066,경북포항시,0,승용차자전거,0,1,0,160,0,0
2017-01-21,1,5,1,1,0,0,0,경기,연천군,1,8,0,0,0,3,3,126.9437,38.0374,경기연천군,0,건설기계화물차,0,1,0,106,0,0
2017-01-21,0,5,1,2,1,0,0,전남,진도군,1,6,0,0,0,1,1,126.2819,34.4287,전남진도군,0,화물차없음,0,1,0,71,0,0
2017-01-22,0,6,1,1,0,0,0,광주,북구,1,6,0,0,0,0,1,126.8772,35.1937,광주북구,0,승용차없음,0,1,0,137,0,0
2017-01-22,0,6,1,2,0,1,0,서울,동작구,1,8,6,1,1,0,6,126.9094,37.4925,서울동작구,0,승용차승합차,0,1,0,93,0,0
2017-01-22,1,6,1,1,0,0,0,대전,유성구,1,5,0,0,0,0,4,127.3401,36.35,대전유성구,0,승용차이륜차,0,1,0,148,0,0
2017-01-22,1,6,1,2,1,0,0,전북,정읍시,1,12,0,0,0,0,1,126.871,35.6276,전북정읍시,0,승용차없음,0,1,0,12,0,0
2017-01-22,1,6,2,4,1,1,0,경남,거제시,1,9,5,0,0,0,6,128.7078,34.9629,경남거제시,1,승용차승합차,0,1,0,15,0,0
2017-01-22,1,6,1,1,0,0,0,경북,경산시,1,6,0,0,0,0,1,128.8353,35.8211,경북경산시,0,승용차없음,0,1,0,52,0,0
2017-01-22,1,6,1,2,1,0,0,충북,제천시,1,12,0,2,4,0,1,128.194,36.9351,충북제천시,0,승용차없음,0,1,0,103,0,0
2017-01-22,1,6,1,9,0,8,0,경기,파주시,1,5,0,0,0,2,6,126.8651,37.8462,경기파주시,2,승합차승합차,0,1,0,175,0,0
2017-01-22,1,6,1,1,0,0,0,경북,영천시,1,10,0,0,0,0,1,128.8952,36.0498,경북영천시,0,승용차없음,0,1,0,5,0,0
2017-01-22,1,6,1,2,1,0,0,경기,남양주시,1,1,0,0,0,0,3,127.2205,37.5755,경기남양주시,0,승용차화물차,0,1,0,70,0,0
2017-01-23,1,0,1,1,0,0,0,강원,태백시,1,6,0,0,0,1,1,129.0099,37.1742,강원태백시,0,화물차없음,0,0,0,215,0,0
2017-01-23,1,0,1,6,4,1,0,경기,안산시,1,1,5,0,0,1,2,126.9135,37.3129,경기안산시,1,화물차승용차,0,0,0,2,0,0
2017-01-24,1,1,1,1,0,0,0,경남,진주시,1,6,0,0,0,0,1,128.0952,35.1963,경남진주시,0,승용차없음,0,0,0,42,0,0