발생년월일,주야,요일,사망자수,사상자수,중상자수,경상자수,부상신고자수,발생지시도,발생지시군구,사고유형_대분류,사고유형_중분류,법규위반,도로형태_대분류,도로형태,당사자종별_1당_대분류,당사자종별_2당_대분류,경도,위도,발생지,사고피해정도,사고차량타입,도시여부,주말/공휴일,인구수,발생지번호,보행자의위치,무단횡단여부
2017-01-24,1,1,1,1,0,0,0,경기,화성시,1,12,0,0,0,0,1,126.9976,37.17,경기화성시,0,승용차없음,0,0,0,50,0,0
2017-01-24,1,1,1,1,0,0,0,경북,의성군,1,8,2,0,0,0,4,128.7743,36.3103,경북의성군,0,승용차이륜차,0,0,0,105,0,0
2017-01-24,1,1,1,1,0,0,0,충남,공주시,1,8,0,0,0,1,5,127.1242,36.4608,충남공주시,0,화물차자전거,0,0,0,19,0,0
2017-01-24,1,1,1,2,1,0,0,충남,아산시,1,10,0,2,4,0,1,127.0054,36.8087,충남아산시,0,승용차없음,0,0,0,53,0,0
2017-01-24,1,1,1,1,0,0,0,제주,제주시,1,8,0,2,4,4,3,126.3134,33.4602,제주제주시,0,이륜차화물차,0,0,0,90,0,0
2017-01-25,0,2,1,1,0,0,0,경기,수원시,1,1,0,0,0,2,2,127.0167,37.2807,경기수원시,0,승합차승용차,0,0,0,99,0,0
2017-01-25,0,2,1,1,0,0,0,경기,고양시,1,1,0,0,0,0,2,126.8664,37.6336,경기고양시,0,승용차승용차,0,0,0,40,0,0
2017-01-25,1,2,1,1,0,0,0,강원,철원군,1,12,0,0,0,1,1,127.3537,38.2466,강원철원군,0,화물차없음,0,0,0,184,0,0
2017-01-25,0,2,1,4,0,3,0,광주,남구,1,5,0,0,0,0,2,126.7764,35.0694,광주남구,1,승용차승용차,0,0,0,190,0,0
2017-01-25,0,2,1,5,0,4,0,서울,송파구,1,8,0,0,0,0,2,127.1465,37.5077,서울송파구,1,승용차승용차,0,0,0,156,0,0
2017-01-26,1,3,1,1,0,0,0,경북,김천시,1,5,0,0,0,0,3,128.2593,36.0767,경북김천시,0,승용차화물차,0,0,0,76,0,0
2017-01-26,1,3,1,1,0,0,0,경남,김해시,1,8,0,0,0,1,2,128.7495,35.2584,경남김해시,0,화물차승용차,0,0,0,13,0,0
2017-01-26,1,3,1,1,0,0,0,경북,영천시,1,1,0,0,0,1,4,128.8289,36.0241,경북영천시,0,화물차이륜차,0,0,0,5,0,0
2017-01-26,1,3,1,3,1,1,0,경북,구미시,1,5,0,0,0,1,2,128.2616,36.2106,경북구미시,0,화물차승용차,0,0,0,144,0,0
2017-01-26,1,3,1,1,0,0,0,경기,여주시,1,8,6,1,1,1,7,127.661,37.2012,경기여주시,0,화물차원동기장치자전거,0,0,0,22,0,0
2017-01-27,0,4,1,1,0,0,0,경남,창원시(통합),1,8,0,0,0,0,4,128.5864,35.2211,경남창원시(통합),0,승용차이륜차,0,1,0,86,0,0
2017-01-27,1,4,1,4,0,3,0,전북,순창군,1,12,0,0,0,0,1,127.1785,35.4294,전북순창군,1,승용차없음,0,1,0,131,0,0
2017-01-27,1,4,1,1,0,0,0,대구,서구,1,8,6,0,0,0,4,128.5621,35.8594,대구서구,0,승용차이륜차,0,1,0,107,0,0
2017-01-27,0,4,1,1,0,0,0,충남,천안시,1,1,0,0,0,0,2,127.1915,36.7669,충남천안시,0,승용차승용차,0,1,0,63,0,0
2017-01-28,0,5,1,1,0,0,0,충북,음성군,1,12,0,0,0,0,1,127.5088,36.9538,충북음성군,0,승용차없음,0,1,0,110,0,0
2017-01-28,1,5,1,2,0,1,0,부산,북구,1,9,6,1,1,0,2,129.0043,35.2054,부산북구,0,승용차승용차,0,1,0,118,0,0
2017-01-29,0,6,1,1,0,0,0,강원,원주시,1,6,0,0,0,1,1,128.1197,37.2524,강원원주시,0,화물차없음,0,1,0,36,0,0
2017-01-29,0,6,2,4,1,1,0,경남,김해시,1,5,0,0,0,0,2,128.8117,35.1949,경남김해시,1,승용차승용차,0,1,0,13,0,0
2017-01-29,1,6,1,1,0,0,0,강원,철원군,1,6,0,0,0,0,1,127.4726,38.1335,강원철원군,0,승용차없음,0,1,0,184,0,0
2017-01-29,0,6,1,6,2,0,3,강원,원주시,1,5,0,0,0,0,2,127.8929,37.3915,강원원주시,1,승용차승용차,0,1,0,36,0,0
2017-01-29,0,6,1,1,0,0,0,충북,영동군,1,1,2,0,0,2,2,127.7381,36.2029,충북영동군,0,승합차승용차,0,1,0,75,0,0
2017-01-30,0,0,1,1,0,0,0,전남,순천시,1,10,0,0,0,0,1,127.5528,34.9002,전남순천시,0,승용차없음,0,0,0,27,0,0
2017-01-30,0,0,2,3,1,0,0,경남,김해시,1,8,5,0,0,0,6,128.8738,35.2287,경남김해시,1,승용차승합차,0,0,0,13,0,0
2017-01-30,1,0,1,1,0,0,0,경기,파주시,1,8,5,0,0,0,7,126.7999,37.8321,경기파주시,0,승용차원동기장치자전거,0,0,0,175,0,0
2017-01-30,1,0,1,7,5,1,0,충남,공주시,1,8,6,1,1,0,2,127.0478,36.462,충남공주시,2,승용차승용차,0,0,0,19,0,0
2017-01-30,0,0,1,2,1,0,0,경북,김천시,1,5,0,0,0,1,3,128.1765,36.1361,경북김천시,0,화물차화물차,0,0,0,76,0,0
2017-01-31,0,1,1,1,0,0,0,충남,논산시,1,6,0,0,0,0,1,127.2145,36.1499,충남논산시,0,승용차없음,0,0,0,61,0,0
2017-01-31,1,1,1,1,0,0,0,전남,나주시,1,8,0,0,0,0,7,126.6202,34.94,전남나주시,0,승용차원동기장치자전거,0,0,0,33,0,0
2017-01-31,1,1,1,1,0,0,0,경남,진주시,1,5,10,0,0,0,3,128.097,35.1328,경남진주시,0,승용차화물차,0,0,0,42,0,0
2017-01-31,0,1,1,1,0,0,0,강원,정선군,1,6,0,0,0,0,1,128.7773,37.2421,강원정선군,0,승용차없음,0,0,0,198,0,0
2017-01-31,0,1,1,1,0,0,0,전남,여수시,1,5,0,0,0,0,3,127.594,34.8888,전남여수시,0,승용차화물차,0,0,0,102,0,0
2017-02-01,1,2,1,2,1,0,0,경남,합천군,1,5,0,0,0,1,3,128.1437,35.4528,경남합천군,0,화물차화물차,0,0,0,133,0,0
2017-02-01,1,2,1,3,0,0,2,인천,남동구,1,5,0,0,0,1,3,126.7381,37.4208,인천남동구,0,화물차화물차,0,0,0,29,0,0
2017-02-01,1,2,1,1,0,0,0,전남,여수시,1,10,0,0,0,4,1,127.7337,34.7401,전남여수시,0,이륜차없음,0,0,0,102,0,0
2017-02-01,1,2,1,7,0,6,0,광주,북구,1,5,0,0,0,1,2,126.9011,35.2105,광주북구,1,화물차승용차,0,0,0,137,0,0
2017-02-01,1,2,1,7,4,2,0,전남,해남군,1,9,5,0,0,0,6,126.586,34.563,전남해남군,2,승용차승합차,0,0,0,119,0,0
2017-02-01,0,2,1,3,2,0,0,전남,영암군,1,5,2,0,0,0,4,126.6955,34.901,전남영암군,1,승용차이륜차,0,0,0,16,0,0
2017-02-01,0,2,1,2,0,1,0,경남,창녕군,1,6,0,0,0,0,1,128.5166,35.4589,경남창녕군,0,승용차없음,0,0,0,211,0,0
2017-02-02,0,3,1,5,1,0,3,경기,용인시,1,1,0,0,0,0,2,127.3128,37.2456,경기용인시,1,승용차승용차,0,0,0,51,0,0
2017-02-02,1,3,1,1,0,0,0,경남,창원시(통합),1,8,0,0,0,0,5,128.5045,35.2392,경남창원시(통합),0,승용차자전거,0,0,0,86,0,0
2017-02-02,1,3,1,1,0,0,0,서울,양천구,1,6,0,0,0,0,1,126.8736,37.5214,서울양천구,0,승용차없음,0,0,0,140,0,0
2017-02-02,1,3,1,2,1,0,0,제주,서귀포시,1,9,5,2,4,0,2,126.8456,33.4382,제주서귀포시,0,승용차승용차,0,0,0,62,0,0
2017-02-02,1,3,1,1,0,0,0,충남,논산시,1,9,0,0,0,0,3,127.1507,36.2692,충남논산시,0,승용차화물차,0,0,0,61,0,0
2017-02-02,0,3,1,1,0,0,0,강원,화천군,1,8,5,0,0,4,6,127.724,38.1243,강원화천군,0,이륜차승합차,0,0,0,218,0,0
2017-02-02,0,3,1,1,0,0,0,제주,제주시,1,10,0,0,0,0,1,126.3785,33.4359,제주제주시,0,승용차없음,0,0,0,90,0,0
2017-02-02,0,3,1,1,0,0,0,제주,제주시,1,12,0,0,0,1,1,126.2406,33.3839,제주제주시,0,화물차없음,0,0,0,90,0,0
2017-02-02,0,3,1,3,0,1,1,울산,울주군,1,9,5,0,0,0,2,129.2483,35.5307,울산울주군,0,승용차승용차,0,0,0,17,0,0
2017-02-03,0,4,1,1,0,0,0,서울,양천구,1,12,0,0,0,4,1,126.8721,37.5312,서울양천구,0,이륜차없음,0,0,0,140,0,0
2017-02-03,0,4,1,3,0,2,0,경기,고양시,1,9,5,0,0,0,2,126.8389,37.6442,경기고양시,0,승용차승용차,0,0,0,40,0,0
2017-02-03,0,4,1,2,0,1,0,경북,안동시,1,5,0,0,0,2,2,128.535,36.6013,경북안동시,0,승합차승용차,0,0,0,66,0,0
2017-02-03,1,4,1,1,0,0,0,광주,북구,1,8,0,1,2,1,7,126.9116,35.1808,광주북구,0,화물차원동기장치자전거,0,0,0,137,0,0
2017-02-03,1,4,1,1,0,0,0,전북,고창군,1,8,8,1,1,1,7,126.6926,35.4361,전북고창군,0,화물차원동기장치자전거,0,0,0,219,0,0
2017-02-03,1,4,1,1,0,0,0,경남,창원시(통합),1,6,0,0,0,4,1,128.626,35.2172,경남창원시(통합),0,이륜차없음,0,0,0,86,0,0
2017-02-03,0,4,1,1,0,0,0,충남,예산군,1,5,0,0,0,0,2,126.7465,36.6903,충남예산군,0,승용차승용차,0,0,0,187,0,0
2017-02-03,0,4,1,1,0,0,0,부산,남구,1,1,6,1,1,6,6,129.1089,35.127,부산남구,0,원동기장치자전거승합차,0,0,0,180,0,0
2017-02-03,0,4,1,1,0,0,0,경기,부천시,1,5,3,1,2,2,5,126.8021,37.5277,경기부천시,0,승합차자전거,0,0,0,65,0,0
2017-02-03,0,4,1,2,1,0,0,충북,보은군,1,1,0,0,0,2,2,127.8537,36.4528,충북보은군,0,승합차승용차,0,0,0,32,0,0
2017-02-03,0,4,1,1,0,0,0,서울,서초구,1,1,0,2,4,0,1,126.9988,37.5097,서울서초구,0,승용차없음,0,0,0,214,0,0
2017-02-04,0,5,1,1,0,0,0,전남,여수시,1,1,0,0,0,0,1,127.7722,34.6654,전남여수시,0,승용차없음,0,1,0,102,0,0
2017-02-04,1,5,1,1,0,0,0,충남,태안군,1,9,2,1,1,3,2,126.2884,36.7314,충남태안군,0,건설기계승용차,0,1,0,169,0,0
2017-02-04,1,5,1,1,0,0,0,전남,보성군,1,1,0,0,0,8,1,127.0225,34.7167,전남보성군,0,기타없음,0,1,0,122,0,0
2017-02-04,1,5,1,1,0,0,0,경남,창원시(통합),1,8,0,0,0,7,6,128.6911,35.2332,경남창원시(통합),0,자전거승합차,0,1,0,86,0,0
2017-02-04,1,5,1,2,1,0,0,경기,용인시,1,8,7,1,1,0,4,127.3363,37.1804,경기용인시,0,승용차이륜차,0,1,0,51,0,0
2017-02-04,0,5,1,1,0,0,0,경기,성남시,1,9,7,1,1,0,4,127.1255,37.3962,경기성남시,0,승용차이륜차,0,1,0,95,0,0
2017-02-04,0,5,1,1,0,0,0,경기,수원시,1,8,6,1,1,0,4,126.9676,37.2471,경기수원시,0,승용차이륜차,0,1,0,99,0,0
2017-02-04,0,5,1,1,0,0,0,부산,서구,1,8,0,0,0,0,6,129.0089,35.1073,부산서구,0,승용차승합차,0,1,0,226,0,0
2017-02-05,0,6,1,2,1,0,0,서울,노원구,1,12,0,0,0,0,1,127.0502,37.6744,서울노원구,0,승용차없음,0,1,0,18,0,0
2017-02-05,0,6,1,2,0,1,0,경남,창원시(통합),1,8,6,1,1,6,2,128.6102,35.2522,경남창원시(통합),0,원동기장치자전거승용차,0,1,0,86,0,0
2017-02-05,1,6,1,1,0,0,0,서울,동대문구,1,9,6,1,1,1,6,127.0578,37.5776,서울동대문구,0,화물차승합차,0,1,0,201,0,0
2017-02-05,0,6,1,1,0,0,0,서울,종로구,1,12,0,1,1,4,1,127.0012,37.5857,서울종로구,0,이륜차없음,0,1,0,116,0,0
2017-02-06,0,0,1,1,0,0,0,전북,임실군,1,8,0,1,1,0,4,127.3303,35.5458,전북임실군,0,승용차이륜차,0,0,0,152,0,0
2017-02-07,1,1,1,2,1,0,0,경남,김해시,1,8,9,1,1,7,2,128.7279,35.3118,경남김해시,0,자전거승용차,0,0,0,13,0,0
2017-02-07,1,1,1,3,1,0,1,울산,남구,1,5,6,1,1,0,2,129.3414,35.517,울산남구,0,승용차승용차,0,0,0,213,0,0
2017-02-07,1,1,1,1,0,0,0,광주,광산구,1,8,6,1,1,3,5,126.8364,35.1776,광주광산구,0,건설기계자전거,0,0,0,135,0,0
2017-02-07,1,1,1,1,0,0,0,부산,사하구,1,1,0,1,2,6,6,128.9707,35.0546,부산사하구,0,원동기장치자전거승합차,0,0,0,25,0,0
2017-02-07,1,1,1,1,0,0,0,충남,당진시,1,6,0,0,0,0,1,126.7553,36.8413,충남당진시,0,승용차없음,0,0,0,46,0,0
2017-02-07,0,1,1,1,0,0,0,전남,무안군,1,6,0,0,0,1,1,126.4809,34.9914,전남무안군,0,화물차없음,0,0,0,101,0,0
2017-02-08,0,2,1,1,0,0,0,부산,동래구,1,8,0,0,0,0,2,129.1004,35.1971,부산동래구,0,승용차승용차,0,0,0,216,0,0
2017-02-08,1,2,1,2,0,1,0,전남,순천시,1,5,0,1,1,1,3,127.4805,35.0034,전남순천시,0,화물차화물차,0,0,0,27,0,0
2017-02-08,1,2,1,1,0,0,0,전북,남원시,1,5,0,0,0,0,5,127.3442,35.3914,전북남원시,0,승용차자전거,0,0,0,193,0,0
2017-02-08,1,2,1,1,0,0,0,경남,창원시(통합),1,1,0,1,2,1,11,128.565,35.2218,경남창원시(통합),0,화물차특수차,0,0,0,86,0,0
2017-02-08,0,2,1,1,0,0,0,경북,상주시,1,5,3,0,0,4,3,128.1563,36.396,경북상주시,0,이륜차화물차,0,0,0,58,0,0
2017-02-08,0,2,1,1,0,0,0,경기,안성시,1,1,0,0,0,0,2,127.2679,37.0044,경기안성시,0,승용차승용차,0,0,0,23,0,0
2017-02-08,0,2,1,2,1,0,0,충북,청주시,1,5,0,1,2,0,6,127.4861,36.5936,충북청주시,0,승용차승합차,0,0,0,83,0,0
2017-02-09,0,3,1,1,0,0,0,충남,천안시,1,8,6,1,1,3,6,127.1121,36.8019,충남천안시,0,건설기계승합차,0,0,0,63,0,0
2017-02-09,1,3,1,1,0,0,0,인천,부평구,1,1,0,0,0,1,2,126.7042,37.5163,인천부평구,0,화물차승용차,0,0,0,44,0,0
2017-02-09,1,3,1,4,0,3,0,경기,이천시,1,9,0,1,2,1,3,127.3401,37.2557,경기이천시,1,화물차화물차,0,0,0,41,0,0
2017-02-10,0,4,1,2,0,1,0,울산,울주군,1,5,0,0,0,0,3,129.2541,35.507,울산울주군,0,승용차화물차,0,0,0,17,0,0
2017-02-10,0,4,1,1,0,0,0,경남,창원시(통합),1,12,0,0,0,4,1,128.5744,35.2028,경남창원시(통합),0,이륜차없음,0,0,0,86,0,0
2017-02-10,1,4,1,4,3,0,0,경북,의성군,1,6,0,0,0,1,1,128.6813,36.2431,경북의성군,1,화물차없음,0,0,0,105,0,0
2017-02-10,1,4,1,5,4,0,0,경북,칠곡군,1,9,5,0,0,0,2,128.4629,36.0476,경북칠곡군,1,승용차승용차,0,0,0,21,0,0
2017-02-10,1,4,1,1,0,0,0,경기,부천시,1,5,0,1,1,2,5,126.7696,37.5106,경기부천시,0,승합차자전거,0,0,0,65,0,0
2017-02-10,1,4,1,1,0,0,0,전남,함평군,1,9,5,0,0,0,4,126.4943,35.0489,전남함평군,0,승용차이륜차,0,0,0,157,0,0
2017-02-11,0,5,1,1,0,0,0,경기,안양시,1,1,0,0,0,6,1,126.9517,37.4129,경기안양시,0,원동기장치자전거없음,0,1,0,151,0,0
2017-02-11,0,5,1,2,1,0,0,울산,북구,1,8,0,1,1,1,2,129.4149,35.5884,울산북구,0,화물차승용차,0,1,0,158,0,0
2017-02-11,1,5,1,1,0,0,0,충남,홍성군,1,10,0,0,0,4,1,126.5727,36.6027,충남홍성군,0,이륜차없음,0,1,0,38,0,0
2017-02-12,0,6,1,1,0,0,0,인천,서구,1,5,0,1,2,0,4,126.6743,37.5055,인천서구,0,승용차이륜차,0,1,0,97,0,0
2017-02-12,0,6,1,1,0,0,0,대전,대덕구,1,11,0,0,0,0,1,127.4185,36.3636,대전대덕구,0,승용차없음,0,1,0,77,0,0
2017-02-12,0,6,1,1,0,0,0,부산,금정구,1,6,0,0,0,0,1,129.0507,35.2511,부산금정구,0,승용차없음,0,1,0,96,0,0
2017-02-12,0,6,1,2,1,0,0,대전,동구,1,9,0,1,2,0,2,127.4631,36.2903,대전동구,0,승용차승용차,0,1,0,80,0,0
2017-02-12,1,6,1,1,0,0,0,대구,동구,1,1,0,0,0,0,6,128.7542,35.8723,대구동구,0,승용차승합차,0,1,0,26,0,0
2017-02-12,0,6,1,1,0,0,0,충북,청주시,1,10,0,1,1,6,1,127.3681,36.6606,충북청주시,0,원동기장치자전거없음,0,1,0,83,0,0
2017-02-13,0,0,1,2,0,1,0,서울,동대문구,1,9,5,0,0,1,6,127.0545,37.588,서울동대문구,0,화물차승합차,0,0,0,201,0,0
2017-02-13,1,0,1,1,0,0,0,전북,익산시,1,8,0,0,0,1,5,126.9596,35.9548,전북익산시,0,화물차자전거,0,0,0,125,0,0
2017-02-13,1,0,1,1,0,0,0,경기,오산시,1,8,6,1,3,7,2,127.0855,37.1324,경기오산시,0,자전거승용차,0,0,0,143,0,0
2017-02-13,1,0,1,2,0,1,0,경북,경산시,1,8,5,0,0,8,4,128.8773,35.7708,경북경산시,0,기타이륜차,0,0,0,52,0,0
2017-02-13,1,0,1,1,0,0,0,대구,동구,1,6,0,0,0,1,1,128.6416,35.9879,대구동구,0,화물차없음,0,0,0,26,0,0
2017-02-13,1,0,1,1,0,0,0,경기,화성시,1,10,0,0,0,4,1,127.0929,37.1824,경기화성시,0,이륜차없음,0,0,0,50,0,0
2017-02-13,0,0,1,4,2,1,0,대전,대덕구,1,1,0,0,0,1,3,127.4227,36.4151,대전대덕구,1,화물차화물차,0,0,0,77,0,0
2017-02-13,0,0,1,3,1,1,0,부산,사하구,1,9,5,0,0,6,2,128.9934,35.0579,부산사하구,0,원동기장치자전거승용차,0,0,0,25,0,0
2017-02-14,0,1,1,1,0,0,0,전북,전주시,1,6,2,0,0,0,1,127.1285,35.8115,전북전주시,0,승용차없음,0,0,0,11,0,0
2017-02-14,1,1,1,3,0,2,0,전남,무안군,1,5,0,0,0,0,3,126.4938,34.9953,전남무안군,0,승용차화물차,0,0,0,101,0,0
2017-02-14,1,1,1,2,0,1,0,전남,완도군,1,5,0,1,1,1,3,126.7962,34.3879,전남완도군,0,화물차화물차,0,0,0,141,0,0
2017-02-14,1,1,1,1,0,0,0,전북,고창군,1,5,0,0,0,0,5,126.5391,35.5137,전북고창군,0,승용차자전거,0,0,0,219,0,0
2017-02-14,1,1,1,1,0,0,0,충남,천안시,1,5,0,0,0,3,7,127.1467,36.8763,충남천안시,0,건설기계원동기장치자전거,0,0,0,63,0,0
2017-02-14,1,1,1,1,0,0,0,대구,수성구,1,9,0,0,0,0,4,128.6253,35.8498,대구수성구,0,승용차이륜차,0,0,0,37,0,0
2017-02-14,0,1,1,1,0,0,0,경북,성주군,1,1,0,0,0,1,3,128.247,35.9927,경북성주군,0,화물차화물차,0,0,0,168,0,0
2017-02-15,1,2,1,2,0,0,1,경기,평택시,1,9,8,1,1,0,2,126.8443,36.9735,경기평택시,0,승용차승용차,0,0,0,14,0,0
2017-02-15,0,2,1,2,0,1,0,전북,순창군,1,5,0,0,0,0,3,127.1437,35.4224,전북순창군,0,승용차화물차,0,0,0,131,0,0
2017-02-16,0,3,1,1,0,0,0,경기,수원시,1,6,0,0,0,1,1,127.0036,37.3127,경기수원시,0,화물차없음,0,0,0,99,0,0
2017-02-16,0,3,1,1,0,0,0,경기,파주시,1,10,0,0,0,0,1,126.7827,37.8222,경기파주시,0,승용차없음,0,0,0,175,0,0
2017-02-16,0,3,1,1,0,0,0,경기,하남시,1,5,0,0,0,0,7,127.1457,37.5216,경기하남시,0,승용차원동기장치자전거,0,0,0,67,0,0
2017-02-16,0,3,1,1,0,0,0,서울,중랑구,1,1,0,1,1,0,2,127.0801,37.5728,서울중랑구,0,승용차승용차,0,0,0,196,0,0
2017-02-17,0,4,1,1,0,0,0,충남,예산군,1,12,0,0,0,0,1,126.7915,36.5783,충남예산군,0,승용차없음,0,0,0,187,0,0
2017-02-17,1,4,1,1,0,0,0,강원,홍천군,1,12,0,1,2,0,1,127.8401,37.6656,강원홍천군,0,승용차없음,0,0,0,82,0,0
2017-02-17,0,4,1,5,1,3,0,경기,의정부시,1,5,0,0,0,1,2,127.0483,37.6964,경기의정부시,1,화물차승용차,0,0,0,64,0,0
2017-02-17,0,4,1,2,1,0,0,충남,당진시,1,8,5,0,0,1,2,126.5776,37.0056,충남당진시,0,화물차승용차,0,0,0,46,0,0
2017-02-18,0,5,1,1,0,0,0,서울,성동구,1,10,0,0,0,4,1,127.0352,37.5715,서울성동구,0,이륜차없음,0,1,0,84,0,0
2017-02-18,0,5,1,3,2,0,0,충남,아산시,1,5,4,0,0,0,2,127.084,36.7788,충남아산시,1,승용차승용차,0,1,0,53,0,0
2017-02-18,0,5,1,6,3,2,0,부산,해운대구,1,9,5,0,0,0,2,129.1654,35.1622,부산해운대구,1,승용차승용차,0,1,0,1,0,0
2017-02-18,1,5,1,3,1,1,0,충남,보령시,1,8,8,1,1,0,11,126.5835,36.3664,충남보령시,0,승용차특수차,0,1,0,136,0,0
2017-02-18,1,5,1,1,0,0,0,충남,계룡시,1,9,0,1,1,0,4,127.258,36.2741,충남계룡시,0,승용차이륜차,0,1,0,223,0,0
2017-02-18,1,5,1,3,0,2,0,전북,군산시,1,5,0,0,0,4,2,126.5175,35.8959,전북군산시,0,이륜차승용차,0,1,0,166,0,0
2017-02-19,0,6,1,1,0,0,0,서울,성북구,1,12,2,0,0,0,1,127.0632,37.6142,서울성북구,0,승용차없음,0,1,0,167,0,0
2017-02-19,1,6,1,1,0,0,0,경기,오산시,1,8,0,1,1,0,4,127.0623,37.1581,경기오산시,0,승용차이륜차,0,1,0,143,0,0
2017-02-19,0,6,1,1,0,0,0,제주,제주시,1,5,0,0,0,0,12,126.2673,33.4025,제주제주시,0,승용차기타,0,1,0,90,0,0
2017-02-19,0,6,1,5,0,4,0,경기,안성시,1,9,0,0,0,1,6,127.2377,36.9439,경기안성시,1,화물차승합차,0,1,0,23,0,0
2017-02-19,0,6,1,1,0,0,0,경기,용인시,1,9,2,1,3,0,2,127.0821,37.271,경기용인시,0,승용차승용차,0,1,0,51,0,0
2017-02-20,1,0,1,2,0,1,0,전남,보성군,1,12,0,0,0,0,1,127.0872,34.6773,전남보성군,0,승용차없음,0,0,0,122,0,0
2017-02-20,1,0,1,1,0,0,0,경기,고양시,1,8,0,0,0,0,3,126.8055,37.6424,경기고양시,0,승용차화물차,0,0,0,40,0,0
2017-02-20,0,0,1,1,0,0,0,경북,칠곡군,1,6,0,0,0,0,1,128.6308,36.0202,경북칠곡군,0,승용차없음,0,0,0,21,0,0
2017-02-20,0,0,1,4,3,0,0,충남,홍성군,1,8,5,0,0,0,2,126.6646,36.6287,충남홍성군,1,승용차승용차,0,0,0,38,0,0
2017-02-21,0,1,1,1,0,0,0,충남,아산시,1,5,0,0,0,0,6,127.0537,36.811,충남아산시,0,승용차승합차,0,0,0,53,0,0
2017-02-21,1,1,1,1,0,0,0,경남,양산시,1,8,3,0,0,5,7,129.0352,35.3581,경남양산시,0,특수차원동기장치자전거,0,0,0,49,0,0
2017-02-21,1,1,3,3,0,0,0,경기,광주시,1,8,9,0,0,1,3,127.2932,37.382,경기광주시,1,화물차화물차,0,0,0,9,0,0
2017-02-21,1,1,1,1,0,0,0,경북,상주시,1,8,7,1,1,0,4,128.162,36.4101,경북상주시,0,승용차이륜차,0,0,0,58,0,0
2017-02-21,0,1,1,1,0,0,0,전남,여수시,1,1,0,0,0,2,3,127.7283,34.7448,전남여수시,0,승합차화물차,0,0,0,102,0,0
2017-02-22,1,2,1,1,0,0,0,세종,세종,1,1,0,0,0,1,1,127.3988,36.5303,세종세종,0,화물차없음,1,0,0,229,0,0
2017-02-22,1,2,1,2,1,0,0,전남,여수시,1,9,5,0,0,1,11,127.6912,34.835,전남여수시,0,화물차특수차,0,0,0,102,0,0
2017-02-22,1,2,3,3,0,0,0,경남,함안군,1,5,0,0,0,1,2,128.5068,35.2864,경남함안군,1,화물차승용차,0,0,0,117,0,0
2017-02-22,1,2,1,1,0,0,0,경기,시흥시,1,5,0,0,0,4,2,126.8014,37.4612,경기시흥시,0,이륜차승용차,0,0,0,73,0,0
2017-02-22,1,2,1,43,1,41,0,충북,단양군,1,1,2,0,0,2,1,128.2937,37.0012,충북단양군,2,승합차없음,0,0,0,204,0,0
2017-02-22,0,2,1,1,0,0,0,대구,달서구,1,8,6,1,1,6,3,128.5307,35.8372,대구달서구,0,원동기장치자전거화물차,0,0,0,20,0,0
2017-02-22,0,2,1,3,1,1,0,전남,여수시,1,9,5,0,0,0,2,127.6506,34.7989,전남여수시,0,승용차승용차,0,0,0,102,0,0
2017-02-23,1,3,1,1,0,0,0,경북,안동시,1,10,0,0,0,3,1,128.5389,36.5923,경북안동시,0,건설기계없음,0,0,0,66,0,0
2017-02-23,1,3,1,1,0,0,0,충북,청주시,1,8,0,1,1,3,5,127.4909,36.6323,충북청주시,0,건설기계자전거,0,0,0,83,0,0
2017-02-23,0,3,1,1,0,0,0,대구,동구,1,1,0,0,0,0,2,128.6203,35.8753,대구동구,0,승용차승용차,0,0,0,26,0,0
2017-02-24,0,4,1,1,0,0,0,경기,오산시,1,1,0,0,0,0,2,127.0613,37.1343,경기오산시,0,승용차승용차,0,0,0,143,0,0
2017-02-24,0,4,1,1,0,0,0,충남,태안군,1,10,3,0,0,0,1,126.348,36.5164,충남태안군,0,승용차없음,0,0,0,169,0,0
2017-02-24,1,4,1,1,0,0,0,제주,서귀포시,1,10,0,0,0,1,1,126.4532,33.2834,제주서귀포시,0,화물차없음,0,0,0,62,0,0
2017-02-24,1,4,1,2,1,0,0,경기,양평군,1,6,0,1,1,1,1,127.3735,37.5229,경기양평군,0,화물차없음,0,0,0,48,0,0
2017-02-24,1,4,1,1,0,0,0,전북,부안군,1,8,6,1,1,6,2,126.6965,35.7297,전북부안군,0,원동기장치자전거승용차,0,0,0,185,0,0
2017-02-24,1,4,1,3,2,0,0,충남,공주시,1,9,5,0,0,1,3,127.0885,36.4502,충남공주시,1,화물차화물차,0,0,0,19,0,0
2017-02-24,0,4,1,4,1,1,1,서울,송파구,1,8,0,0,0,0,2,127.1288,37.475,서울송파구,1,승용차승용차,0,0,0,156,0,0
2017-02-25,0,5,1,1,0,0,0,충남,보령시,1,1,0,1,2,0,3,126.6035,36.3195,충남보령시,0,승용차화물차,0,1,0,136,0,0
2017-02-25,0,5,1,1,0,0,0,광주,북구,1,6,0,0,0,1,1,126.8519,35.2348,광주북구,0,화물차없음,0,1,0,137,0,0
2017-02-25,1,5,1,2,0,1,0,전남,진도군,1,12,0,0,0,8,1,126.1734,34.4175,전남진도군,0,기타없음,0,1,0,71,0,0
2017-02-25,1,5,1,3,1,1,0,전북,무주군,1,5,0,1,2,2,2,127.6524,35.9741,전북무주군,0,승합차승용차,0,1,0,182,0,0