발생년월일,주야,요일,사망자수,사상자수,중상자수,경상자수,부상신고자수,발생지시도,발생지시군구,사고유형_대분류,사고유형_중분류,법규위반,도로형태_대분류,도로형태,당사자종별_1당_대분류,당사자종별_2당_대분류,경도,위도,발생지,사고피해정도,사고차량타입,도시여부,주말/공휴일,인구수,발생지번호,보행자의위치,무단횡단여부
2017-02-25,1,5,1,2,0,1,0,경북,김천시,1,12,0,0,0,0,1,128.1302,36.0431,경북김천시,0,승용차없음,0,1,0,76,0,0
2017-02-26,0,6,1,1,0,0,0,대전,중구,1,5,0,0,0,6,6,127.3915,36.3215,대전중구,0,원동기장치자전거승합차,0,1,0,39,0,0
2017-02-26,0,6,1,1,0,0,0,전남,구례군,1,12,0,0,0,0,1,127.4886,35.1924,전남구례군,0,승용차없음,0,1,0,161,0,0
2017-02-27,0,0,1,1,0,0,0,경기,안양시,1,10,0,0,0,4,1,126.9011,37.4039,경기안양시,0,이륜차없음,0,0,0,151,0,0
2017-02-27,0,0,1,2,0,1,0,전북,익산시,1,5,0,0,0,0,3,126.8681,35.9111,전북익산시,0,승용차화물차,0,0,0,125,0,0
2017-02-27,1,0,1,1,0,0,0,충북,진천군,1,10,0,0,0,0,1,127.2968,36.8984,충북진천군,0,승용차없음,0,0,0,60,0,0
2017-02-27,1,0,1,1,0,0,0,경북,구미시,1,1,0,0,0,3,5,128.3469,36.1338,경북구미시,0,건설기계자전거,0,0,0,144,0,0
2017-02-27,1,0,1,1,0,0,0,경기,파주시,1,1,4,0,0,7,1,126.6832,37.7044,경기파주시,0,자전거없음,0,0,0,175,0,0
2017-02-27,1,0,1,1,0,0,0,충남,홍성군,1,9,7,1,1,0,4,126.6621,36.6044,충남홍성군,0,승용차이륜차,0,0,0,38,0,0
2017-02-27,1,0,1,5,4,0,0,충남,논산시,1,9,5,0,0,0,2,127.0267,36.1631,충남논산시,1,승용차승용차,0,0,0,61,0,0
2017-02-27,1,0,1,3,2,0,0,강원,속초시,1,5,0,0,0,1,2,128.5647,38.2066,강원속초시,1,화물차승용차,0,0,0,104,0,0
2017-02-27,1,0,1,1,0,0,0,경남,밀양시,1,5,2,1,2,1,7,128.8802,35.584,경남밀양시,0,화물차원동기장치자전거,0,0,0,177,0,0
2017-02-28,0,1,1,1,0,0,0,인천,중구,1,5,0,0,0,0,2,126.5799,37.4918,인천중구,0,승용차승용차,0,0,0,72,0,0
2017-02-28,0,1,1,1,0,0,0,광주,동구,1,1,0,0,0,0,2,126.9361,35.1594,광주동구,0,승용차승용차,0,0,0,162,0,0
2017-02-28,1,1,1,4,3,0,0,충남,천안시,1,9,5,0,0,0,6,127.1799,36.7719,충남천안시,1,승용차승합차,0,0,0,63,0,0
2017-02-28,1,1,1,1,0,0,0,경기,이천시,1,12,0,1,2,4,1,127.4468,37.3283,경기이천시,0,이륜차없음,0,0,0,41,0,0
2017-02-28,1,1,1,1,0,0,0,경기,파주시,1,8,7,1,1,6,3,126.8872,37.803,경기파주시,0,원동기장치자전거화물차,0,0,0,175,0,0
2017-02-28,1,1,1,2,1,0,0,제주,제주시,1,8,7,1,1,4,2,126.5674,33.524,제주제주시,0,이륜차승용차,0,0,0,90,0,0
2017-02-28,1,1,1,2,1,0,0,경기,연천군,1,10,0,0,0,3,1,127.1076,38.1849,경기연천군,0,건설기계없음,0,0,0,106,0,0
2017-02-28,1,1,1,4,0,3,0,전북,완주군,1,5,0,0,0,1,11,127.0684,35.917,전북완주군,1,화물차특수차,0,0,0,28,0,0
2017-02-28,0,1,1,2,1,0,0,서울,강동구,1,1,5,1,2,6,6,127.1381,37.5338,서울강동구,0,원동기장치자전거승합차,0,0,0,91,0,0
2017-03-01,0,2,1,1,0,0,0,부산,해운대구,1,8,6,1,1,0,2,129.1754,35.1748,부산해운대구,0,승용차승용차,0,1,0,1,0,0
2017-03-01,0,2,1,1,0,0,0,충북,보은군,1,12,0,1,2,0,1,127.7295,36.4763,충북보은군,0,승용차없음,0,1,0,32,0,0
2017-03-01,0,2,1,1,0,0,0,서울,서대문구,1,8,3,0,0,0,4,126.9177,37.5696,서울서대문구,0,승용차이륜차,0,1,0,195,0,0
2017-03-01,1,2,1,1,0,0,0,경남,창원시(통합),1,12,0,1,2,0,1,128.7093,35.3516,경남창원시(통합),0,승용차없음,0,1,0,86,0,0
2017-03-01,0,2,1,1,0,0,0,부산,해운대구,1,1,0,0,0,4,1,129.1352,35.2198,부산해운대구,0,이륜차없음,0,1,0,1,0,0
2017-03-01,0,2,1,1,0,0,0,충남,논산시,1,5,7,1,1,0,5,127.0986,36.1244,충남논산시,0,승용차자전거,0,1,0,61,0,0
2017-03-02,1,3,1,1,0,0,0,전북,완주군,1,8,0,1,1,1,7,127.0837,35.9178,전북완주군,0,화물차원동기장치자전거,0,0,0,28,0,0
2017-03-02,1,3,1,2,1,0,0,경남,거창군,1,8,5,0,0,8,3,127.8115,35.7757,경남거창군,0,기타화물차,0,0,0,154,0,0
2017-03-02,0,3,1,4,1,2,0,제주,제주시,1,5,0,0,0,1,2,126.5639,33.4944,제주제주시,1,화물차승용차,0,0,0,90,0,0
2017-03-02,0,3,1,1,0,0,0,전남,장흥군,1,8,0,1,1,8,2,126.9007,34.7254,전남장흥군,0,기타승용차,0,0,0,56,0,0
2017-03-03,0,4,1,1,0,0,0,인천,남구,1,6,0,0,0,4,1,126.6536,37.4682,인천남동구,0,이륜차없음,0,0,0,29,0,0
2017-03-03,1,4,1,1,0,0,0,전북,정읍시,1,8,8,1,1,0,5,126.8482,35.5793,전북정읍시,0,승용차자전거,0,0,0,12,0,0
2017-03-03,0,4,1,1,0,0,0,경북,성주군,1,1,0,2,4,0,3,128.3787,35.867,경북성주군,0,승용차화물차,0,0,0,168,0,0
2017-03-04,1,5,1,2,0,1,0,경기,양주시,1,9,5,0,0,0,3,126.951,37.7336,경기양주시,0,승용차화물차,0,1,0,59,0,0
2017-03-04,1,5,1,1,0,0,0,서울,강동구,1,1,0,1,1,7,9,127.1712,37.5572,서울강동구,0,자전거건설기계,0,1,0,91,0,0
2017-03-04,1,5,1,2,0,1,0,경북,영덕군,1,12,0,1,1,6,1,129.3752,36.553,경북영덕군,0,원동기장치자전거없음,0,1,0,54,0,0
2017-03-04,1,5,1,3,0,2,0,충남,논산시,1,5,0,1,2,1,2,127.2282,36.2455,충남논산시,0,화물차승용차,0,1,0,61,0,0
2017-03-04,1,5,1,1,0,0,0,울산,울주군,1,8,3,0,0,1,4,129.2683,35.411,울산울주군,0,화물차이륜차,0,1,0,17,0,0
2017-03-04,1,5,1,1,0,0,0,부산,금정구,1,1,0,0,0,7,3,129.0893,35.2265,부산금정구,0,자전거화물차,0,1,0,96,0,0
2017-03-04,1,5,1,1,0,0,0,경기,화성시,1,9,5,0,0,0,2,127.1321,37.2031,경기화성시,0,승용차승용차,0,1,0,50,0,0
2017-03-04,0,5,1,2,0,1,0,충남,예산군,1,5,3,0,0,0,6,126.7951,36.6882,충남예산군,0,승용차승합차,0,1,0,187,0,0
2017-03-04,0,5,1,1,0,0,0,경북,영천시,1,10,0,0,0,4,1,128.8822,35.9286,경북영천시,0,이륜차없음,0,1,0,5,0,0
2017-03-05,0,6,1,1,0,0,0,충남,아산시,1,10,0,0,0,0,1,126.9987,36.7525,충남아산시,0,승용차없음,0,1,0,53,0,0
2017-03-05,1,6,1,1,0,0,0,서울,강서구,1,6,0,0,0,0,1,126.8425,37.5271,서울강서구,0,승용차없음,0,1,0,43,0,0
2017-03-05,1,6,1,3,0,2,0,경북,문경시,1,8,6,1,1,0,2,128.1265,36.6876,경북문경시,0,승용차승용차,0,1,0,74,0,0
2017-03-05,1,6,1,1,0,0,0,경남,창원시(통합),1,10,0,0,0,6,1,128.6334,35.2213,경남창원시(통합),0,원동기장치자전거없음,0,1,0,86,0,0
2017-03-05,0,6,1,1,0,0,0,전남,나주시,1,9,5,0,0,1,7,126.753,35.0305,전남나주시,0,화물차원동기장치자전거,0,1,0,33,0,0
2017-03-05,0,6,1,1,0,0,0,경기,여주시,1,10,0,0,0,6,1,127.519,37.4116,경기여주시,0,원동기장치자전거없음,0,1,0,22,0,0
2017-03-05,0,6,1,3,2,0,0,경기,용인시,1,8,6,1,2,0,2,127.1025,37.3085,경기용인시,1,승용차승용차,0,1,0,51,0,0
2017-03-06,0,0,1,2,0,1,0,경기,안양시,1,8,6,1,1,6,2,126.9552,37.3782,경기안양시,0,원동기장치자전거승용차,0,0,0,151,0,0
2017-03-06,0,0,1,1,0,0,0,경기,평택시,1,8,0,0,0,0,3,127.0847,37.1426,경기평택시,0,승용차화물차,0,0,0,14,0,0
2017-03-06,0,0,1,1,0,0,0,전북,완주군,1,5,0,0,0,0,3,127.1635,35.9269,전북완주군,0,승용차화물차,0,0,0,28,0,0
2017-03-06,0,0,1,2,0,1,0,경기,고양시,1,5,0,0,0,1,3,126.8253,37.6048,경기고양시,0,화물차화물차,0,0,0,40,0,0
2017-03-06,1,0,1,2,1,0,0,인천,중구,1,8,6,1,1,1,2,126.5048,37.4859,인천중구,0,화물차승용차,0,0,0,72,0,0
2017-03-06,1,0,1,1,0,0,0,전남,고흥군,1,12,0,0,0,9,1,127.3214,34.5352,전남고흥군,0,농기계없음,0,0,0,191,0,0
2017-03-06,0,0,1,1,0,0,0,충남,천안시,1,1,0,0,0,0,11,127.2132,36.8949,충남천안시,0,승용차특수차,0,0,0,63,0,0
2017-03-06,0,0,1,1,0,0,0,경북,영양군,1,12,0,0,0,1,1,129.1855,36.5132,경북영양군,0,화물차없음,0,0,0,128,0,0
2017-03-07,0,1,1,1,0,0,0,경기,의정부시,1,12,0,0,0,4,1,127.0613,37.7201,경기의정부시,0,이륜차없음,0,0,0,64,0,0
2017-03-07,0,1,1,1,0,0,0,경북,포항시,1,5,0,1,2,0,9,129.3826,36.0022,경북포항시,0,승용차건설기계,0,0,0,160,0,0
2017-03-07,1,1,1,1,0,0,0,서울,동대문구,1,8,0,1,2,7,9,127.065,37.5945,서울동대문구,0,자전거건설기계,0,0,0,201,0,0
2017-03-07,1,1,1,1,0,0,0,전북,익산시,1,8,3,0,0,7,2,126.9633,36.0977,전북익산시,0,자전거승용차,0,0,0,125,0,0
2017-03-07,1,1,1,2,1,0,0,전남,담양군,1,5,3,0,0,1,2,126.957,35.255,전남담양군,0,화물차승용차,0,0,0,181,0,0
2017-03-07,1,1,1,2,1,0,0,전남,화순군,1,9,5,0,0,1,3,127.1069,35.0635,전남화순군,0,화물차화물차,0,0,0,88,0,0
2017-03-07,1,1,1,1,0,0,0,전북,김제시,1,12,0,0,0,1,1,126.9902,35.8637,전북김제시,0,화물차없음,0,0,0,34,0,0
2017-03-07,1,1,1,1,0,0,0,대구,달성군,1,8,0,1,1,1,4,128.4101,35.649,대구달성군,0,화물차이륜차,0,0,0,30,0,0
2017-03-08,0,2,1,1,0,0,0,대구,달서구,1,5,0,0,0,0,5,128.5316,35.8054,대구달서구,0,승용차자전거,0,0,0,20,0,0
2017-03-08,1,2,1,7,5,1,0,경기,광주시,1,8,0,1,1,1,6,127.2771,37.4778,경기광주시,2,화물차승합차,0,0,0,9,0,0
2017-03-08,1,2,1,1,0,0,0,경북,안동시,1,5,0,0,0,4,3,128.6763,36.5264,경북안동시,0,이륜차화물차,0,0,0,66,0,0
2017-03-08,1,2,1,1,0,0,0,충북,청주시,1,5,0,0,0,1,3,127.481,36.6548,충북청주시,0,화물차화물차,0,0,0,83,0,0
2017-03-08,1,2,1,2,0,1,0,경남,진주시,1,5,0,0,0,1,3,128.1871,35.0857,경남진주시,0,화물차화물차,0,0,0,42,0,0
2017-03-08,0,2,1,1,0,0,0,전북,부안군,1,12,0,0,0,6,1,126.7444,35.7292,전북부안군,0,원동기장치자전거없음,0,0,0,185,0,0
2017-03-08,0,2,1,3,1,0,1,서울,강남구,1,5,2,1,2,0,2,127.0592,37.4762,서울강남구,0,승용차승용차,0,0,0,89,0,0
2017-03-09,0,3,1,1,0,0,0,경기,성남시,1,12,0,0,0,4,1,127.1387,37.4196,경기성남시,0,이륜차없음,0,0,0,95,0,0
2017-03-09,0,3,1,1,0,0,0,전남,진도군,1,12,0,0,0,1,1,126.3522,34.4369,전남진도군,0,화물차없음,0,0,0,71,0,0
2017-03-09,1,3,1,2,0,1,0,강원,평창군,1,9,3,0,0,0,2,128.7006,37.6792,강원평창군,0,승용차승용차,0,0,0,24,0,0
2017-03-09,1,3,1,1,0,0,0,경남,양산시,1,9,6,1,2,3,2,129.1635,35.4034,경남양산시,0,건설기계승용차,0,0,0,49,0,0
2017-03-09,0,3,1,2,0,0,1,인천,계양구,1,5,0,0,0,1,3,126.7537,37.5725,인천계양구,0,화물차화물차,0,0,0,7,0,0
2017-03-09,0,3,1,1,0,0,0,서울,강북구,1,8,6,1,3,4,4,127.0231,37.6335,서울강북구,0,이륜차이륜차,0,0,0,200,0,0
2017-03-10,0,4,1,1,0,0,0,충북,제천시,1,9,0,1,2,0,11,128.2277,37.1202,충북제천시,0,승용차특수차,0,0,0,103,0,0
2017-03-10,0,4,3,3,0,0,0,경남,창원시(통합),1,9,5,0,0,0,2,128.6993,35.1811,경남창원시(통합),1,승용차승용차,0,0,0,86,0,0
2017-03-10,1,4,2,3,1,0,0,충남,공주시,1,5,0,0,0,1,3,126.9467,36.5753,충남공주시,1,화물차화물차,0,0,0,19,0,0
2017-03-10,0,4,1,1,0,0,0,전북,임실군,1,8,0,0,0,5,2,127.2933,35.6192,전북임실군,0,특수차승용차,0,0,0,152,0,0
2017-03-10,0,4,1,1,0,0,0,부산,기장군,1,12,0,0,0,4,1,129.2103,35.213,부산기장군,0,이륜차없음,0,0,0,85,0,0
2017-03-10,0,4,1,1,0,0,0,전북,김제시,1,6,0,0,0,6,1,126.8798,35.905,전북김제시,0,원동기장치자전거없음,0,0,0,34,0,0
2017-03-11,1,5,1,1,0,0,0,경기,평택시,1,9,2,1,1,0,7,127.0754,37.0097,경기평택시,0,승용차원동기장치자전거,0,1,0,14,0,0
2017-03-11,1,5,1,1,0,0,0,충남,천안시,1,9,6,1,1,4,9,127.1265,36.7346,충남천안시,0,이륜차건설기계,0,1,0,63,0,0
2017-03-11,0,5,1,10,3,6,0,경북,포항시,1,8,8,1,1,1,6,129.4316,35.9898,경북포항시,2,화물차승합차,0,1,0,160,0,0
2017-03-12,0,6,1,1,0,0,0,대전,동구,1,10,0,0,0,6,1,127.4351,36.3418,대전동구,0,원동기장치자전거없음,0,1,0,80,0,0
2017-03-12,1,6,1,1,0,0,0,경남,밀양시,1,10,0,0,0,4,1,128.7168,35.3929,경남밀양시,0,이륜차없음,0,1,0,177,0,0
2017-03-12,1,6,1,1,0,0,0,충남,아산시,1,12,0,1,1,5,1,127.0104,36.911,충남아산시,0,특수차없음,0,1,0,53,0,0
2017-03-12,1,6,1,1,0,0,0,전남,여수시,1,8,3,0,0,6,2,127.728,34.7413,전남여수시,0,원동기장치자전거승용차,0,1,0,102,0,0
2017-03-12,0,6,1,1,0,0,0,충남,청양군,1,8,0,1,1,0,4,126.7984,36.466,충남청양군,0,승용차이륜차,0,1,0,174,0,0
2017-03-12,0,6,1,3,2,0,0,전남,보성군,1,5,0,1,2,1,6,127.4026,34.8413,전남보성군,1,화물차승합차,0,1,0,122,0,0
2017-03-12,0,6,1,1,0,0,0,서울,성동구,1,1,0,1,1,4,3,127.0438,37.5669,서울성동구,0,이륜차화물차,0,1,0,84,0,0
2017-03-13,0,0,2,2,0,0,0,서울,영등포구,1,5,0,0,0,0,3,126.9065,37.5355,서울영등포구,0,승용차화물차,0,0,0,150,0,0
2017-03-13,0,0,1,2,1,0,0,서울,강북구,1,9,6,1,1,0,7,127.0185,37.6199,서울강북구,0,승용차원동기장치자전거,0,0,0,200,0,0
2017-03-13,1,0,1,3,0,2,0,세종,세종,1,8,0,0,0,1,2,127.2636,36.4676,세종세종,0,화물차승용차,1,0,0,229,0,0
2017-03-13,1,0,1,3,2,0,0,경기,고양시,1,5,0,0,0,0,2,126.8232,37.6049,경기고양시,1,승용차승용차,0,0,0,40,0,0
2017-03-13,1,0,1,1,0,0,0,강원,원주시,1,1,5,1,1,0,4,127.9711,37.3389,강원원주시,0,승용차이륜차,0,0,0,36,0,0
2017-03-13,1,0,1,1,0,0,0,전남,보성군,1,12,0,2,4,1,1,127.0197,34.8002,전남보성군,0,화물차없음,0,0,0,122,0,0
2017-03-13,1,0,1,2,0,1,0,경기,양평군,1,8,6,1,1,6,3,127.5017,37.4877,경기양평군,0,원동기장치자전거화물차,0,0,0,48,0,0
2017-03-13,1,0,1,1,0,0,0,경북,의성군,1,8,0,1,2,1,8,128.4398,36.3497,경북의성군,0,화물차농기계,0,0,0,105,0,0
2017-03-14,0,1,1,1,0,0,0,부산,수영구,1,10,0,1,2,4,1,129.1188,35.1749,부산수영구,0,이륜차없음,0,0,0,45,0,0
2017-03-14,0,1,1,1,0,0,0,경기,시흥시,1,9,6,1,1,1,2,126.7381,37.33,경기시흥시,0,화물차승용차,0,0,0,73,0,0
2017-03-14,1,1,1,6,1,3,1,경기,안산시,1,5,0,0,0,1,2,126.9784,37.5666,경기안산시,1,화물차승용차,0,0,0,2,0,0
2017-03-14,1,1,1,1,0,0,0,경북,청송군,1,11,0,0,0,0,1,129.1036,36.5278,경북청송군,0,승용차없음,0,0,0,203,0,0
2017-03-14,0,1,1,1,0,0,0,전남,신안군,1,1,0,0,0,1,3,126.1595,35.0061,전남신안군,0,화물차화물차,0,0,0,132,0,0
2017-03-15,0,2,1,1,0,0,0,전남,진도군,1,1,0,0,0,0,1,126.2644,34.5643,전남진도군,0,승용차없음,0,0,0,71,0,0
2017-03-15,1,2,1,5,0,4,0,경기,시흥시,1,5,3,0,0,1,3,126.7571,37.3663,경기시흥시,1,화물차화물차,0,0,0,73,0,0
2017-03-15,1,2,1,1,0,0,0,광주,광산구,1,9,0,1,1,2,5,126.8028,35.1423,광주광산구,0,승합차자전거,0,0,0,135,0,0
2017-03-15,1,2,1,1,0,0,0,충남,서산시,1,8,6,1,1,4,9,126.5322,36.6795,충남서산시,0,이륜차건설기계,0,0,0,69,0,0
2017-03-15,1,2,1,1,0,0,0,경남,밀양시,1,8,0,1,1,1,5,128.7377,35.5048,경남밀양시,0,화물차자전거,0,0,0,177,0,0
2017-03-15,1,2,1,1,0,0,0,경남,김해시,1,9,0,0,0,1,3,128.7753,35.2631,경남김해시,0,화물차화물차,0,0,0,13,0,0
2017-03-15,1,2,1,1,0,0,0,서울,도봉구,1,5,0,1,2,4,6,127.0156,37.6576,서울도봉구,0,이륜차승합차,0,0,0,98,0,0
2017-03-15,0,2,1,1,0,0,0,전북,순창군,1,5,0,0,0,1,5,127.1015,35.4524,전북순창군,0,화물차자전거,0,0,0,131,0,0
2017-03-15,0,2,1,1,0,0,0,경기,의정부시,1,9,3,0,0,4,6,127.0376,37.7612,경기의정부시,0,이륜차승합차,0,0,0,64,0,0
2017-03-16,0,3,1,1,0,0,0,강원,강릉시,1,5,2,1,2,0,6,128.908,37.7706,강원강릉시,0,승용차승합차,0,0,0,194,0,0
2017-03-16,1,3,1,4,0,2,1,경북,군위군,1,6,0,0,0,0,1,128.5612,36.2056,경북군위군,0,승용차없음,0,0,0,170,0,0
2017-03-16,1,3,1,1,0,0,0,전북,완주군,1,5,0,0,0,1,3,127.221,35.7497,전북완주군,0,화물차화물차,0,0,0,28,0,0
2017-03-16,0,3,1,2,0,1,0,부산,사상구,1,8,3,0,0,1,2,128.9729,35.1525,부산사상구,0,화물차승용차,0,0,0,120,0,0
2017-03-16,0,3,1,1,0,0,0,전남,나주시,1,1,0,0,0,1,1,126.7488,34.9857,전남나주시,0,화물차없음,0,0,0,33,0,0
2017-03-17,0,4,1,3,1,1,0,서울,중구,1,5,6,1,1,1,7,126.9826,37.5661,서울중구,0,화물차원동기장치자전거,0,0,0,8,0,0
2017-03-17,0,4,1,1,0,0,0,경기,화성시,1,1,0,1,2,0,3,126.9165,37.1139,경기화성시,0,승용차화물차,0,0,0,50,0,0
2017-03-17,0,4,1,1,0,0,0,경기,의정부시,1,5,0,0,0,0,3,127.06,37.7258,경기의정부시,0,승용차화물차,0,0,0,64,0,0
2017-03-17,1,4,1,1,0,0,0,전남,무안군,1,8,0,1,2,1,5,126.4583,34.9999,전남무안군,0,화물차자전거,0,0,0,101,0,0
2017-03-17,1,4,1,1,0,0,0,경남,통영시,1,9,0,1,1,0,4,128.4229,34.8259,경남통영시,0,승용차이륜차,0,0,0,212,0,0
2017-03-17,1,4,1,1,0,0,0,서울,종로구,1,1,0,0,0,0,4,126.9776,37.6109,서울종로구,0,승용차이륜차,0,0,0,116,0,0
2017-03-17,1,4,1,1,0,0,0,강원,춘천시,1,5,0,0,0,4,2,127.7687,37.8716,강원춘천시,0,이륜차승용차,0,0,0,111,0,0
2017-03-17,0,4,1,1,0,0,0,경기,평택시,1,9,10,0,0,1,4,126.9191,37.0627,경기평택시,0,화물차이륜차,0,0,0,14,0,0
2017-03-17,0,4,1,1,0,0,0,충남,공주시,1,8,8,1,1,4,6,127.1483,36.498,충남공주시,0,이륜차승합차,0,0,0,19,0,0
2017-03-17,0,4,1,2,0,1,0,서울,성동구,1,9,0,1,1,0,4,127.0259,37.5675,서울성동구,0,승용차이륜차,0,0,0,84,0,0
2017-03-18,0,5,1,2,1,0,0,경기,포천시,1,8,5,0,0,2,2,127.357,38.0168,경기포천시,0,승합차승용차,0,1,0,171,0,0
2017-03-18,0,5,1,4,2,1,0,경기,용인시,1,5,0,0,0,0,2,127.1144,37.2917,경기용인시,1,승용차승용차,0,1,0,51,0,0
2017-03-18,0,5,1,1,0,0,0,부산,기장군,1,9,6,1,1,0,4,129.2209,35.2454,부산기장군,0,승용차이륜차,0,1,0,85,0,0
2017-03-18,1,5,1,1,0,0,0,경기,시흥시,1,9,6,1,1,4,3,126.7347,37.3452,경기시흥시,0,이륜차화물차,0,1,0,73,0,0
2017-03-18,1,5,2,6,4,0,0,충남,당진시,1,9,2,1,2,0,3,126.7866,36.9549,충남당진시,2,승용차화물차,0,1,0,46,0,0
2017-03-18,1,5,1,11,4,6,0,충북,충주시,1,5,0,0,0,1,3,127.8793,36.9207,충북충주시,2,화물차화물차,0,1,0,6,0,0
2017-03-18,0,5,2,2,0,0,0,경북,안동시,1,5,0,0,0,1,9,128.7969,36.5317,경북안동시,0,화물차건설기계,0,1,0,66,0,0
2017-03-19,0,6,1,1,0,0,0,경남,창원시(통합),1,8,0,0,0,0,2,128.5425,35.2382,경남창원시(통합),0,승용차승용차,0,1,0,86,0,0
2017-03-19,0,6,1,1,0,0,0,충북,영동군,1,11,0,0,0,0,1,127.7577,36.2362,충북영동군,0,승용차없음,0,1,0,75,0,0
2017-03-19,0,6,1,1,0,0,0,경남,거제시,1,10,0,0,0,4,1,128.612,34.8943,경남거제시,0,이륜차없음,0,1,0,15,0,0
2017-03-19,1,6,1,1,0,0,0,서울,마포구,1,8,6,1,1,0,7,126.9117,37.5542,서울마포구,0,승용차원동기장치자전거,0,1,0,159,0,0
2017-03-19,1,6,1,2,0,1,0,전북,군산시,1,12,0,0,0,0,1,126.8554,35.9814,전북군산시,0,승용차없음,0,1,0,166,0,0
2017-03-19,0,6,1,1,0,0,0,경남,김해시,1,8,0,1,2,0,5,128.8846,35.2312,경남김해시,0,승용차자전거,0,1,0,13,0,0
2017-03-20,1,0,1,3,0,2,0,대구,달서구,1,5,0,1,2,0,3,128.5071,35.8355,대구달서구,0,승용차화물차,0,0,0,20,0,0
2017-03-20,1,0,1,2,1,0,0,경남,하동군,1,8,5,2,4,1,3,127.8162,35.1091,경남하동군,0,화물차화물차,0,0,0,172,0,0
2017-03-20,1,0,1,1,0,0,0,서울,서초구,1,5,10,1,2,0,4,127.0406,37.4676,서울서초구,0,승용차이륜차,0,0,0,214,0,0
2017-03-20,0,0,1,1,0,0,0,경기,이천시,1,6,0,0,0,0,1,127.4703,37.1913,경기이천시,0,승용차없음,0,0,0,41,0,0
2017-03-20,0,0,1,1,0,0,0,서울,강남구,1,5,0,0,0,1,5,127.0936,37.4919,서울강남구,0,화물차자전거,0,0,0,89,0,0
2017-03-21,0,1,1,2,0,1,0,서울,강동구,1,5,0,0,0,0,3,127.1124,37.5429,서울강동구,0,승용차화물차,0,0,0,91,0,0
2017-03-21,0,1,1,1,0,0,0,광주,광산구,1,8,3,0,0,1,4,126.8045,35.1975,광주광산구,0,화물차이륜차,0,0,0,135,0,0
2017-03-21,0,1,1,1,0,0,0,충남,서천군,1,10,0,0,0,6,1,126.7284,36.0843,충남서천군,0,원동기장치자전거없음,0,0,0,10,0,0
2017-03-21,0,1,1,2,0,1,0,경북,군위군,1,9,5,0,0,1,3,128.4471,36.2604,경북군위군,0,화물차화물차,0,0,0,170,0,0
2017-03-21,0,1,1,2,1,0,0,대전,서구,1,8,0,0,0,1,4,127.3325,36.299,대전서구,0,화물차이륜차,0,0,0,4,0,0
2017-03-22,0,2,1,2,1,0,0,경기,양주시,1,6,0,1,1,0,1,126.9933,37.906,경기양주시,0,승용차없음,0,0,0,59,0,0
2017-03-22,1,2,1,1,0,0,0,부산,북구,1,1,6,1,3,0,5,128.9908,35.1968,부산북구,0,승용차자전거,0,0,0,118,0,0
2017-03-22,1,2,1,3,1,1,0,경기,이천시,1,1,6,1,2,0,2,127.431,37.2437,경기이천시,0,승용차승용차,0,0,0,41,0,0
2017-03-22,1,2,1,1,0,0,0,서울,금천구,1,6,0,0,0,4,1,126.8967,37.4511,서울금천구,0,이륜차없음,0,0,0,109,0,0
2017-03-22,1,2,1,1,0,0,0,인천,서구,1,8,6,1,2,4,3,126.6637,37.6044,인천서구,0,이륜차화물차,0,0,0,97,0,0
2017-03-22,0,2,1,1,0,0,0,강원,양구군,1,5,3,0,0,1,8,128.0399,38.1181,강원양구군,0,화물차농기계,0,0,0,115,0,0
2017-03-23,1,3,1,2,0,1,0,서울,광진구,1,8,10,0,0,7,6,127.0883,37.556,서울광진구,0,자전거승합차,0,0,0,183,0,0
2017-03-23,1,3,1,1,0,0,0,경북,고령군,1,8,8,1,1,6,3,128.4568,35.8266,경북고령군,0,원동기장치자전거화물차,0,0,0,220,0,0
2017-03-23,1,3,1,1,0,0,0,충남,서산시,1,8,0,0,0,4,2,126.4439,36.8279,충남서산시,0,이륜차승용차,0,0,0,69,0,0
2017-03-23,1,3,1,2,1,0,0,강원,정선군,1,9,5,0,0,0,2,128.6432,37.3856,강원정선군,0,승용차승용차,0,0,0,198,0,0
2017-03-23,1,3,1,1,0,0,0,강원,인제군,1,6,0,0,0,4,1,128.1992,38.1106,강원인제군,0,이륜차없음,0,0,0,124,0,0
2017-03-23,0,3,1,1,0,0,0,경북,경산시,1,6,0,1,2,4,1,128.804,35.8761,경북경산시,0,이륜차없음,0,0,0,52,0,0
2017-03-24,0,4,1,11,3,6,1,경기,고양시,1,1,0,0,0,1,2,126.8554,37.6674,경기고양시,2,화물차승용차,0,0,0,40,0,0
2017-03-25,0,5,1,1,0,0,0,대전,대덕구,1,5,0,0,0,0,11,127.4037,36.4441,대전대덕구,0,승용차특수차,0,1,0,77,0,0
2017-03-25,1,5,1,3,0,2,0,경기,안산시,1,9,5,1,1,0,3,126.9784,37.5666,경기안산시,0,승용차화물차,0,1,0,2,0,0
2017-03-25,1,5,4,5,1,0,0,경북,상주시,1,9,5,0,0,1,3,128.1174,36.4154,경북상주시,1,화물차화물차,0,1,0,58,0,0
2017-03-25,1,5,1,4,3,0,0,경북,봉화군,1,6,0,2,4,2,1,128.9338,36.9165,경북봉화군,1,승합차없음,0,1,0,149,0,0