발생년월일,주야,요일,사망자수,사상자수,중상자수,경상자수,부상신고자수,발생지시도,발생지시군구,사고유형_대분류,사고유형_중분류,법규위반,도로형태_대분류,도로형태,당사자종별_1당_대분류,당사자종별_2당_대분류,경도,위도,발생지,사고피해정도,사고차량타입,도시여부,주말/공휴일,인구수,발생지번호,보행자의위치,무단횡단여부
2017-04-24,0,0,1,1,0,0,0,대구,달서구,1,12,0,1,1,0,1,128.4819,35.8432,대구달서구,0,승용차없음,0,0,0,20,0,0
2017-04-24,0,0,1,1,0,0,0,광주,광산구,1,8,6,1,1,0,7,126.8175,35.1794,광주광산구,0,승용차원동기장치자전거,0,0,0,135,0,0
2017-04-25,0,1,2,3,1,0,0,강원,홍천군,1,9,5,0,0,0,2,127.9895,37.8036,강원홍천군,1,승용차승용차,0,0,0,82,0,0
2017-04-25,1,1,1,1,0,0,0,대전,서구,1,1,5,0,0,7,6,127.3535,36.3052,대전서구,0,자전거승합차,0,0,0,4,0,0
2017-04-25,1,1,1,1,0,0,0,서울,서초구,1,12,0,0,0,0,1,127.0131,37.4783,서울서초구,0,승용차없음,0,0,0,214,0,0
2017-04-25,1,1,2,5,2,1,0,부산,해운대구,1,5,0,0,0,0,6,129.1249,35.1883,부산해운대구,1,승용차승합차,0,0,0,1,0,0
2017-04-25,0,1,1,2,0,1,0,충북,음성군,1,8,5,0,0,0,2,127.6064,37.0729,충북음성군,0,승용차승용차,0,0,0,110,0,0
2017-04-26,0,2,1,1,0,0,0,서울,서초구,1,1,0,0,0,0,6,126.9898,37.5065,서울서초구,0,승용차승합차,0,0,0,214,0,0
2017-04-26,1,2,1,1,0,0,0,제주,제주시,1,1,3,0,0,0,3,126.4334,33.4448,제주제주시,0,승용차화물차,0,0,0,90,0,0
2017-04-26,1,2,1,1,0,0,0,대구,동구,1,8,0,0,0,3,5,128.6435,35.8837,대구동구,0,건설기계자전거,0,0,0,26,0,0
2017-04-26,1,2,1,1,0,0,0,경북,김천시,1,5,0,0,0,1,8,128.2133,36.1572,경북김천시,0,화물차농기계,0,0,0,76,0,0
2017-04-27,0,3,1,1,0,0,0,충남,논산시,1,8,6,1,1,4,3,127.0813,36.2091,충남논산시,0,이륜차화물차,0,0,0,61,0,0
2017-04-27,1,3,1,1,0,0,0,충남,청양군,1,8,8,1,1,4,6,126.9828,36.4024,충남청양군,0,이륜차승합차,0,0,0,174,0,0
2017-04-27,1,3,1,1,0,0,0,부산,사하구,1,9,6,1,1,4,2,128.965,35.0855,부산사하구,0,이륜차승용차,0,0,0,25,0,0
2017-04-27,1,3,1,1,0,0,0,경남,함양군,1,8,6,1,1,7,2,127.8164,35.6311,경남함양군,0,자전거승용차,0,0,0,108,0,0
2017-04-27,1,3,1,4,1,2,0,전북,완주군,1,9,0,0,0,0,2,127.0264,35.8211,전북완주군,1,승용차승용차,0,0,0,28,0,0
2017-04-27,1,3,1,1,0,0,0,울산,울주군,1,12,0,1,2,4,1,129.312,35.4256,울산울주군,0,이륜차없음,0,0,0,17,0,0
2017-04-27,1,3,1,3,1,1,0,전남,무안군,1,9,0,1,1,1,6,126.3219,35.0996,전남무안군,0,화물차승합차,0,0,0,101,0,0
2017-04-27,0,3,1,1,0,0,0,전북,완주군,1,5,3,1,2,6,2,127.0246,35.8297,전북완주군,0,원동기장치자전거승용차,0,0,0,28,0,0
2017-04-27,0,3,1,1,0,0,0,경기,화성시,1,9,2,1,1,0,4,126.9846,37.0801,경기화성시,0,승용차이륜차,0,0,0,50,0,0
2017-04-27,0,3,1,2,1,0,0,충북,보은군,1,5,0,0,0,1,3,127.8043,36.4552,충북보은군,0,화물차화물차,0,0,0,32,0,0
2017-04-28,1,4,1,1,0,0,0,부산,해운대구,1,10,0,0,0,4,1,129.1351,35.2199,부산해운대구,0,이륜차없음,0,0,0,1,0,0
2017-04-28,1,4,1,1,0,0,0,전남,신안군,1,1,0,0,0,9,1,126.1464,34.7188,전남신안군,0,농기계없음,0,0,0,132,0,0
2017-04-28,1,4,1,2,1,0,0,경북,예천군,1,12,0,0,0,1,1,128.3864,36.7569,경북예천군,0,화물차없음,0,0,0,55,0,0
2017-04-28,0,4,1,1,0,0,0,전남,고흥군,1,12,0,0,0,6,1,127.3733,34.6689,전남고흥군,0,원동기장치자전거없음,0,0,0,191,0,0
2017-04-28,0,4,1,1,0,0,0,인천,남동구,1,8,6,1,1,4,2,126.7496,37.4493,인천남동구,0,이륜차승용차,0,0,0,29,0,0
2017-04-29,1,5,1,1,0,0,0,경기,평택시,1,8,0,0,0,3,5,126.9533,36.9517,경기평택시,0,건설기계자전거,0,1,0,14,0,0
2017-04-29,1,5,1,1,0,0,0,전남,해남군,1,8,5,1,2,4,3,126.6251,34.4085,전남해남군,0,이륜차화물차,0,1,0,119,0,0
2017-04-29,1,5,1,2,0,1,0,충북,영동군,1,9,5,0,0,1,9,127.8921,36.1936,충북영동군,0,화물차건설기계,0,1,0,75,0,0
2017-04-29,1,5,2,5,0,3,0,전남,나주시,1,8,7,1,1,0,9,126.8528,35.0206,전남나주시,1,승용차건설기계,0,1,0,33,0,0
2017-04-29,1,5,1,2,1,0,0,충남,공주시,1,1,0,0,0,1,4,127.0618,36.3628,충남공주시,0,화물차이륜차,0,1,0,19,0,0
2017-04-29,1,5,1,3,2,0,0,경기,평택시,1,6,0,1,2,0,1,127.0223,37.0612,경기평택시,1,승용차없음,0,1,0,14,0,0
2017-04-29,0,5,1,1,0,0,0,서울,강남구,1,12,0,0,0,4,1,127.0763,37.4839,서울강남구,0,이륜차없음,0,1,0,89,0,0
2017-04-29,0,5,1,1,0,0,0,전북,전주시,1,9,0,1,2,1,5,127.1137,35.8253,전북전주시,0,화물차자전거,0,1,0,11,0,0
2017-04-30,0,6,1,2,1,0,0,서울,영등포구,1,6,0,1,1,2,1,126.882,37.521,서울영등포구,0,승합차없음,0,1,0,150,0,0
2017-04-30,1,6,1,2,1,0,0,서울,강북구,1,1,6,0,0,0,2,127.0424,37.63,서울강북구,0,승용차승용차,0,1,0,200,0,0
2017-04-30,1,6,1,4,1,2,0,전북,정읍시,1,9,5,2,4,0,2,126.9799,35.6884,전북정읍시,1,승용차승용차,0,1,0,12,0,0
2017-04-30,1,6,1,3,0,2,0,경북,경주시,1,8,5,0,0,4,2,129.3142,35.8278,경북경주시,0,이륜차승용차,0,1,0,100,0,0
2017-04-30,1,6,1,2,0,1,0,경북,성주군,1,11,0,0,0,0,1,128.2818,35.9495,경북성주군,0,승용차없음,0,1,0,168,0,0
2017-04-30,1,6,1,4,3,0,0,전남,함평군,1,10,0,0,0,0,1,126.6265,35.1699,전남함평군,1,승용차없음,0,1,0,157,0,0
2017-04-30,0,6,1,1,0,0,0,충남,부여군,1,10,0,1,2,8,1,126.7367,36.2777,충남부여군,0,기타없음,0,1,0,129,0,0
2017-04-30,0,6,1,2,1,0,0,광주,광산구,1,5,2,0,0,0,7,126.7318,35.1517,광주광산구,0,승용차원동기장치자전거,0,1,0,135,0,0
2017-05-01,1,0,1,1,0,0,0,충북,충주시,1,12,0,0,0,0,1,127.8105,37.0958,충북충주시,0,승용차없음,0,0,0,6,0,0
2017-05-01,1,0,1,1,0,0,0,전북,김제시,1,8,0,1,1,0,4,126.9131,35.8917,전북김제시,0,승용차이륜차,0,0,0,34,0,0
2017-05-01,1,0,1,1,0,0,0,충남,아산시,1,12,0,1,1,4,1,127.0629,36.9356,충남아산시,0,이륜차없음,0,0,0,53,0,0
2017-05-01,0,0,1,1,0,0,0,전남,장흥군,1,10,0,0,0,0,1,126.9666,34.4767,전남장흥군,0,승용차없음,0,0,0,56,0,0
2017-05-01,0,0,2,8,5,1,0,충북,영동군,1,1,0,0,0,2,2,127.7982,36.281,충북영동군,2,승합차승용차,0,0,0,75,0,0
2017-05-02,0,1,1,2,0,0,1,충북,보은군,1,10,0,0,0,0,1,127.6182,36.479,충북보은군,0,승용차없음,0,0,0,32,0,0
2017-05-02,0,1,2,2,0,0,0,부산,기장군,1,6,0,0,0,0,1,129.2096,35.211,부산기장군,0,승용차없음,0,0,0,85,0,0
2017-05-02,0,1,1,2,0,1,0,경기,김포시,1,5,0,1,1,0,3,126.6207,37.6818,경기김포시,0,승용차화물차,0,0,0,47,0,0
2017-05-02,0,1,1,2,1,0,0,강원,원주시,1,8,5,0,0,2,2,127.9412,37.3699,강원원주시,0,승합차승용차,0,0,0,36,0,0
2017-05-02,1,1,1,3,2,0,0,충북,충주시,1,9,3,0,0,0,9,127.9219,37.0211,충북충주시,1,승용차건설기계,0,0,0,6,0,0
2017-05-03,0,2,1,1,0,0,0,서울,용산구,1,12,0,0,0,4,1,126.9826,37.5199,서울용산구,0,이륜차없음,0,1,0,134,0,0
2017-05-03,0,2,1,2,0,1,0,전북,남원시,1,5,0,0,0,1,3,127.4065,35.4349,전북남원시,0,화물차화물차,0,1,0,193,0,0
2017-05-03,0,2,1,1,0,0,0,대구,수성구,1,6,0,0,0,4,1,128.6234,35.805,대구수성구,0,이륜차없음,0,1,0,37,0,0
2017-05-03,1,2,1,4,2,1,0,경기,시흥시,1,8,8,1,1,3,3,126.6917,37.3295,경기시흥시,1,건설기계화물차,0,1,0,73,0,0
2017-05-03,1,2,1,1,0,0,0,충북,청주시,1,1,0,1,2,1,3,127.6752,36.6512,충북청주시,0,화물차화물차,0,1,0,83,0,0
2017-05-03,1,2,1,1,0,0,0,전남,담양군,1,8,5,0,0,7,2,126.9628,35.3175,전남담양군,0,자전거승용차,0,1,0,181,0,0
2017-05-03,0,2,1,1,0,0,0,충남,청양군,1,1,0,1,1,1,1,126.9143,36.3214,충남청양군,0,화물차없음,0,1,0,174,0,0
2017-05-03,0,2,1,1,0,0,0,충남,예산군,1,6,0,0,0,8,1,126.8487,36.6343,충남예산군,0,기타없음,0,1,0,187,0,0
2017-05-04,0,3,1,1,0,0,0,충북,음성군,1,12,0,0,0,6,1,127.712,36.9265,충북음성군,0,원동기장치자전거없음,0,0,0,110,0,0
2017-05-04,0,3,1,1,0,0,0,경기,안성시,1,9,5,0,0,0,3,127.4294,37.0754,경기안성시,0,승용차화물차,0,0,0,23,0,0
2017-05-04,1,3,1,1,0,0,0,전남,목포시,1,1,3,0,0,7,3,126.3922,34.7884,전남목포시,0,자전거화물차,0,0,0,153,0,0
2017-05-04,1,3,1,1,0,0,0,경남,거창군,1,1,3,1,2,7,3,127.9101,35.6802,경남거창군,0,자전거화물차,0,0,0,154,0,0
2017-05-04,1,3,1,1,0,0,0,강원,평창군,1,12,0,0,0,9,1,128.5895,37.6671,강원평창군,0,농기계없음,0,0,0,24,0,0
2017-05-04,1,3,1,2,1,0,0,강원,철원군,1,8,8,1,1,0,3,127.2667,38.2001,강원철원군,0,승용차화물차,0,0,0,184,0,0
2017-05-04,1,3,1,1,0,0,0,충남,논산시,1,11,0,0,0,9,1,127.149,36.3008,충남논산시,0,농기계없음,0,0,0,61,0,0
2017-05-04,0,3,1,1,0,0,0,충남,천안시,1,10,0,0,0,0,1,127.1548,36.8113,충남천안시,0,승용차없음,0,0,0,63,0,0
2017-05-05,0,4,1,2,1,0,0,경북,구미시,1,1,0,1,2,0,1,128.3649,36.1111,경북구미시,0,승용차없음,0,1,0,144,0,0
2017-05-05,0,4,1,1,0,0,0,경기,파주시,1,10,0,1,1,0,1,126.9344,37.9785,경기파주시,0,승용차없음,0,1,0,175,0,0
2017-05-05,1,4,1,1,0,0,0,충남,서산시,1,6,0,0,0,0,1,126.3757,36.6402,충남서산시,0,승용차없음,0,1,0,69,0,0
2017-05-05,1,4,1,1,0,0,0,경기,용인시,1,1,0,0,0,0,1,127.1381,37.3282,경기용인시,0,승용차없음,0,1,0,51,0,0
2017-05-05,1,4,1,1,0,0,0,전남,여수시,1,6,0,0,0,1,1,127.6931,34.7719,전남여수시,0,화물차없음,0,1,0,102,0,0
2017-05-05,1,4,1,4,0,3,0,경북,경주시,1,5,0,0,0,2,2,129.2367,35.8343,경북경주시,1,승합차승용차,0,1,0,100,0,0
2017-05-05,1,4,1,2,1,0,0,경남,진주시,1,5,0,0,0,1,6,128.1057,35.165,경남진주시,0,화물차승합차,0,1,0,42,0,0
2017-05-05,1,4,1,3,1,1,0,강원,철원군,1,9,5,0,0,0,2,127.4724,38.2345,강원철원군,0,승용차승용차,0,1,0,184,0,0
2017-05-05,1,4,1,1,0,0,0,전남,곡성군,1,11,0,2,4,7,1,127.2942,35.2777,전남곡성군,0,자전거없음,0,1,0,147,0,0
2017-05-06,0,5,1,2,0,1,0,충남,보령시,1,5,0,0,0,0,11,126.589,36.428,충남보령시,0,승용차특수차,0,1,0,136,0,0
2017-05-06,0,5,1,2,0,1,0,대전,동구,1,5,0,0,0,0,3,127.4403,36.3501,대전동구,0,승용차화물차,0,1,0,80,0,0
2017-05-06,0,5,1,1,0,0,0,서울,성북구,1,12,0,0,0,4,1,127.0124,37.5912,서울성북구,0,이륜차없음,0,1,0,167,0,0
2017-05-06,1,5,1,2,0,1,0,경기,여주시,1,8,0,1,1,1,6,127.6212,37.2997,경기여주시,0,화물차승합차,0,1,0,22,0,0
2017-05-06,1,5,1,1,0,0,0,전남,고흥군,1,12,0,0,0,1,1,127.3509,34.4951,전남고흥군,0,화물차없음,0,1,0,191,0,0
2017-05-06,1,5,1,1,0,0,0,충북,영동군,1,1,0,1,1,4,3,127.6739,36.1069,충북영동군,0,이륜차화물차,0,1,0,75,0,0
2017-05-06,1,5,1,3,1,1,0,강원,평창군,1,8,0,0,0,0,2,128.4248,37.6023,강원평창군,0,승용차승용차,0,1,0,24,0,0
2017-05-06,1,5,1,1,0,0,0,경기,의정부시,1,8,0,1,2,0,5,127.0382,37.7346,경기의정부시,0,승용차자전거,0,1,0,64,0,0
2017-05-06,1,5,1,2,0,1,0,서울,동작구,1,8,6,1,2,6,6,126.9293,37.5132,서울동작구,0,원동기장치자전거승합차,0,1,0,93,0,0
2017-05-06,1,5,1,2,0,1,0,충남,보령시,1,1,6,1,1,0,9,126.6104,36.3548,충남보령시,0,승용차건설기계,0,1,0,136,0,0
2017-05-06,0,5,1,3,0,2,0,제주,제주시,1,1,5,0,0,0,2,126.5199,33.4963,제주제주시,0,승용차승용차,0,1,0,90,0,0
2017-05-06,0,5,1,1,0,0,0,전남,해남군,1,10,0,0,0,1,1,126.551,34.6355,전남해남군,0,화물차없음,0,1,0,119,0,0
2017-05-07,0,6,1,1,0,0,0,경기,용인시,1,6,0,0,0,4,1,127.0987,37.2701,경기용인시,0,이륜차없음,0,1,0,51,0,0
2017-05-07,1,6,1,4,1,2,0,경기,평택시,1,9,6,1,1,4,3,126.8487,36.9949,경기평택시,1,이륜차화물차,0,1,0,14,0,0
2017-05-07,1,6,1,2,1,0,0,강원,강릉시,1,12,0,1,1,0,1,128.9007,37.753,강원강릉시,0,승용차없음,0,1,0,194,0,0
2017-05-07,0,6,1,1,0,0,0,경북,경산시,1,1,0,0,0,4,3,128.7674,35.8534,경북경산시,0,이륜차화물차,0,1,0,52,0,0
2017-05-08,0,0,1,1,0,0,0,제주,제주시,1,12,0,1,2,4,1,126.376,33.4741,제주제주시,0,이륜차없음,0,0,0,90,0,0
2017-05-08,0,0,1,2,1,0,0,전북,전주시,1,10,0,0,0,0,1,127.1677,35.8412,전북전주시,0,승용차없음,0,0,0,11,0,0
2017-05-08,0,0,1,1,0,0,0,전남,장흥군,1,5,0,0,0,2,8,126.937,34.5662,전남장흥군,0,승합차농기계,0,0,0,56,0,0
2017-05-08,1,0,1,1,0,0,0,대구,달성군,1,9,0,1,1,1,7,128.4496,35.6592,대구달성군,0,화물차원동기장치자전거,0,0,0,30,0,0
2017-05-08,1,0,1,1,0,0,0,전북,장수군,1,8,0,1,1,8,3,127.5995,35.7259,전북장수군,0,기타화물차,0,0,0,155,0,0
2017-05-08,1,0,1,1,0,0,0,경북,상주시,1,1,0,1,1,1,7,128.1474,36.3761,경북상주시,0,화물차원동기장치자전거,0,0,0,58,0,0
2017-05-08,1,0,1,1,0,0,0,전남,영광군,1,12,0,0,0,9,1,126.4847,35.2202,전남영광군,0,농기계없음,0,0,0,127,0,0
2017-05-08,1,0,1,4,2,1,0,전남,나주시,1,8,0,1,1,0,2,126.6411,34.9501,전남나주시,1,승용차승용차,0,0,0,33,0,0
2017-05-08,1,0,1,1,0,0,0,전남,해남군,1,8,7,1,1,1,4,126.6624,34.5662,전남해남군,0,화물차이륜차,0,0,0,119,0,0
2017-05-08,1,0,1,3,0,1,1,대구,달성군,1,8,6,1,1,0,2,128.4174,35.6637,대구달성군,0,승용차승용차,0,0,0,30,0,0
2017-05-08,1,0,1,2,1,0,0,충남,부여군,1,9,7,1,1,0,4,126.8439,36.1205,충남부여군,0,승용차이륜차,0,0,0,129,0,0
2017-05-08,0,0,1,1,0,0,0,경북,경주시,1,8,6,1,1,7,2,129.207,35.8422,경북경주시,0,자전거승용차,0,0,0,100,0,0
2017-05-09,1,1,1,1,0,0,0,충남,논산시,1,1,0,0,0,7,2,127.0706,36.2127,충남논산시,0,자전거승용차,0,1,0,61,0,0
2017-05-09,1,1,1,1,0,0,0,경기,평택시,1,10,0,0,0,1,1,126.9131,36.9454,경기평택시,0,화물차없음,0,1,0,14,0,0
2017-05-09,1,1,1,1,0,0,0,강원,춘천시,1,8,6,1,2,1,5,127.7265,37.8624,강원춘천시,0,화물차자전거,0,1,0,111,0,0
2017-05-10,0,2,1,1,0,0,0,강원,강릉시,1,6,2,1,2,0,1,128.9173,37.7938,강원강릉시,0,승용차없음,0,0,0,194,0,0
2017-05-10,0,2,1,1,0,0,0,대구,달서구,1,5,0,0,0,0,9,128.5069,35.8222,대구달서구,0,승용차건설기계,0,0,0,20,0,0
2017-05-10,1,2,1,2,1,0,0,경기,파주시,1,5,0,0,0,0,3,126.7282,37.7293,경기파주시,0,승용차화물차,0,0,0,175,0,0
2017-05-10,1,2,1,1,0,0,0,충남,서산시,1,12,3,0,0,0,1,126.3825,36.7839,충남서산시,0,승용차없음,0,0,0,69,0,0
2017-05-10,1,2,1,4,1,0,2,경북,경산시,1,9,5,0,0,0,2,128.727,35.852,경북경산시,0,승용차승용차,0,0,0,52,0,0
2017-05-10,1,2,1,1,0,0,0,충남,홍성군,1,10,0,0,0,9,1,126.6762,36.4739,충남홍성군,0,농기계없음,0,0,0,38,0,0
2017-05-10,1,2,1,2,1,0,0,강원,속초시,1,1,0,1,1,4,2,128.5549,38.1896,강원속초시,0,이륜차승용차,0,0,0,104,0,0
2017-05-11,0,3,1,2,1,0,0,충남,공주시,1,1,0,0,0,0,3,127.0633,36.2862,충남공주시,0,승용차화물차,0,0,0,19,0,0
2017-05-11,1,3,1,1,0,0,0,전남,함평군,1,1,0,0,0,1,4,126.4736,35.1023,전남함평군,0,화물차이륜차,0,0,0,157,0,0
2017-05-11,1,3,1,1,0,0,0,경기,남양주시,1,10,0,0,0,4,1,127.2008,37.5914,경기남양주시,0,이륜차없음,0,0,0,70,0,0
2017-05-11,1,3,1,2,1,0,0,경북,성주군,1,5,0,0,0,4,3,128.3893,35.8814,경북성주군,0,이륜차화물차,0,0,0,168,0,0
2017-05-11,1,3,1,1,0,0,0,경기,평택시,1,6,0,0,0,4,1,126.9025,36.9888,경기평택시,0,이륜차없음,0,0,0,14,0,0
2017-05-11,1,3,5,14,1,8,0,강원,평창군,1,5,0,0,0,2,6,128.3299,37.5569,강원평창군,2,승합차승합차,0,0,0,24,0,0
2017-05-11,0,3,1,2,1,0,0,경기,고양시,1,10,0,0,0,4,1,126.9549,37.6689,경기고양시,0,이륜차없음,0,0,0,40,0,0
2017-05-11,0,3,1,1,0,0,0,충남,예산군,1,9,0,0,0,1,3,126.7535,36.6729,충남예산군,0,화물차화물차,0,0,0,187,0,0
2017-05-12,1,4,1,1,0,0,0,경북,경주시,1,10,0,0,0,0,1,129.3137,35.6968,경북경주시,0,승용차없음,0,0,0,100,0,0
2017-05-12,1,4,1,3,0,2,0,강원,횡성군,1,5,0,0,0,0,3,127.8998,37.5898,강원횡성군,0,승용차화물차,0,0,0,31,0,0
2017-05-12,1,4,1,6,0,5,0,대전,서구,1,8,0,0,0,0,2,127.3516,36.3024,대전서구,1,승용차승용차,0,0,0,4,0,0
2017-05-12,1,4,1,2,1,0,0,전남,담양군,1,10,0,0,0,1,1,126.8766,35.3003,전남담양군,0,화물차없음,0,0,0,181,0,0
2017-05-12,1,4,1,1,0,0,0,경북,경주시,1,8,0,1,1,1,4,129.2426,35.8897,경북경주시,0,화물차이륜차,0,0,0,100,0,0
2017-05-12,0,4,1,1,0,0,0,경기,부천시,1,5,0,0,0,1,5,126.7806,37.532,경기부천시,0,화물차자전거,0,0,0,65,0,0
2017-05-13,0,5,1,1,0,0,0,충북,진천군,1,12,0,0,0,0,1,127.4741,36.9136,충북진천군,0,승용차없음,0,1,0,60,0,0
2017-05-13,1,5,1,2,0,1,0,전남,순천시,1,8,0,1,1,0,2,127.5071,34.9491,전남순천시,0,승용차승용차,0,1,0,27,0,0
2017-05-13,1,5,1,2,0,1,0,경남,함양군,1,1,0,0,0,0,1,127.6887,35.4251,경남함양군,0,승용차없음,0,1,0,108,0,0
2017-05-13,1,5,1,1,0,0,0,충남,예산군,1,12,0,0,0,8,1,126.7131,36.7513,충남예산군,0,기타없음,0,1,0,187,0,0
2017-05-13,1,5,1,1,0,0,0,대구,달서구,1,12,0,0,0,7,1,128.5371,35.8384,대구달서구,0,자전거없음,0,1,0,20,0,0
2017-05-13,0,5,1,1,0,0,0,서울,구로구,1,5,0,0,0,0,3,126.8399,37.475,서울구로구,0,승용차화물차,0,1,0,79,0,0
2017-05-13,0,5,1,1,0,0,0,경기,김포시,1,12,0,1,1,4,1,126.6085,37.7044,경기김포시,0,이륜차없음,0,1,0,47,0,0
2017-05-14,0,6,1,2,1,0,0,광주,동구,1,8,0,0,0,0,2,126.9377,35.1053,광주동구,0,승용차승용차,0,1,0,162,0,0
2017-05-14,0,6,1,3,0,0,2,경기,이천시,1,5,0,0,0,0,2,127.3557,37.2484,경기이천시,0,승용차승용차,0,1,0,41,0,0
2017-05-14,0,6,1,1,0,0,0,전북,무주군,1,12,0,0,0,4,1,127.6504,36.0052,전북무주군,0,이륜차없음,0,1,0,182,0,0
2017-05-14,1,6,1,2,0,0,1,경북,김천시,1,9,5,0,0,1,4,127.9047,35.9356,경북김천시,0,화물차이륜차,0,1,0,76,0,0
2017-05-14,1,6,1,1,0,0,0,충북,충주시,1,6,0,0,0,4,1,127.9283,37.0379,충북충주시,0,이륜차없음,0,1,0,6,0,0
2017-05-15,0,0,1,2,0,0,1,서울,동작구,1,11,0,0,0,0,1,126.9137,37.4965,서울동작구,0,승용차없음,0,0,0,93,0,0
2017-05-15,0,0,1,3,1,1,0,경남,사천시,1,6,0,0,0,0,1,128.0757,35.0701,경남사천시,0,승용차없음,0,0,0,57,0,0
2017-05-15,1,0,1,1,0,0,0,전북,순창군,1,8,6,1,1,0,12,126.9175,35.4472,전북순창군,0,승용차기타,0,0,0,131,0,0
2017-05-15,1,0,1,2,0,1,0,서울,강동구,1,1,0,0,0,6,5,127.1652,37.5519,서울강동구,0,원동기장치자전거자전거,0,0,0,91,0,0
2017-05-15,1,0,1,1,0,0,0,경기,의왕시,1,8,0,1,3,5,5,126.9633,37.3341,경기의왕시,0,특수차자전거,0,0,0,199,0,0
2017-05-15,1,0,1,3,2,0,0,서울,양천구,1,1,6,1,1,6,3,126.8792,37.5276,서울양천구,1,원동기장치자전거화물차,0,0,0,140,0,0
2017-05-15,1,0,1,4,2,1,0,전남,해남군,1,5,2,0,0,1,3,126.4499,34.6396,전남해남군,1,화물차화물차,0,0,0,119,0,0
2017-05-15,1,0,1,1,0,0,0,전북,남원시,1,10,0,1,2,4,1,127.3272,35.3246,전북남원시,0,이륜차없음,0,0,0,193,0,0
2017-05-15,0,0,1,2,1,0,0,충북,충주시,1,8,3,0,0,1,2,127.8414,37.0197,충북충주시,0,화물차승용차,0,0,0,6,0,0
2017-05-15,0,0,1,4,2,1,0,충북,충주시,1,5,0,0,0,1,3,127.7842,37.0348,충북충주시,1,화물차화물차,0,0,0,6,0,0
2017-05-16,0,1,1,1,0,0,0,인천,남동구,1,8,6,1,1,0,4,126.7076,37.4498,인천남동구,0,승용차이륜차,0,0,0,29,0,0
2017-05-16,0,1,1,1,0,0,0,경기,시흥시,1,5,0,1,1,0,8,126.7284,37.3649,경기시흥시,0,승용차농기계,0,0,0,73,0,0
2017-05-16,0,1,1,2,0,1,0,경남,김해시,1,6,0,0,0,4,1,128.9063,35.2283,경남김해시,0,이륜차없음,0,0,0,13,0,0
2017-05-16,1,1,1,1,0,0,0,경북,칠곡군,1,8,6,1,1,5,3,128.3214,36.053,경북칠곡군,0,특수차화물차,0,0,0,21,0,0
2017-05-16,1,1,1,1,0,0,0,대구,서구,1,8,5,0,0,4,6,128.5678,35.8723,대구서구,0,이륜차승합차,0,0,0,107,0,0
2017-05-16,1,1,1,1,0,0,0,강원,인제군,1,8,0,0,0,4,2,128.2984,37.9616,강원인제군,0,이륜차승용차,0,0,0,124,0,0
2017-05-16,1,1,1,1,0,0,0,충남,당진시,1,9,5,0,0,4,2,126.682,36.8231,충남당진시,0,이륜차승용차,0,0,0,46,0,0
2017-05-16,0,1,1,5,3,1,0,전남,무안군,1,8,0,1,1,1,3,126.3597,34.979,전남무안군,1,화물차화물차,0,0,0,101,0,0
2017-05-16,0,1,1,1,0,0,0,경기,용인시,1,10,0,2,4,9,1,127.291,37.1619,경기용인시,0,농기계없음,0,0,0,51,0,0
2017-05-17,0,2,1,4,1,2,0,울산,남구,1,9,5,0,0,1,3,129.3088,35.5105,울산남구,1,화물차화물차,0,0,0,213,0,0
2017-05-17,1,2,1,1,0,0,0,경남,고성군,1,8,7,1,1,1,4,128.3285,34.9942,경남고성군,0,화물차이륜차,0,0,0,87,0,0
2017-05-17,1,2,1,1,0,0,0,경기,화성시,1,12,0,0,0,4,1,126.811,37.2243,경기화성시,0,이륜차없음,0,0,0,50,0,0
2017-05-17,1,2,1,2,0,1,0,경북,경주시,1,8,5,1,2,4,11,129.4402,35.7914,경북경주시,0,이륜차특수차,0,0,0,100,0,0
2017-05-17,1,2,1,1,0,0,0,강원,홍천군,1,1,0,0,0,1,8,127.877,37.6695,강원홍천군,0,화물차농기계,0,0,0,82,0,0
2017-05-17,1,2,1,2,0,1,0,경북,경주시,1,12,0,0,0,0,1,129.0845,35.8447,경북경주시,0,승용차없음,0,0,0,100,0,0
2017-05-18,1,3,1,1,0,0,0,대구,서구,1,8,6,0,0,7,2,128.5641,35.8836,대구서구,0,자전거승용차,0,0,0,107,0,0
2017-05-18,1,3,1,1,0,0,0,대전,중구,1,10,0,0,0,0,1,127.4017,36.3194,대전중구,0,승용차없음,0,0,0,39,0,0
2017-05-18,1,3,1,1,0,0,0,충남,금산군,1,8,0,0,0,0,8,127.3765,36.1161,충남금산군,0,승용차농기계,0,0,0,68,0,0
2017-05-18,1,3,1,1,0,0,0,경북,경주시,1,8,6,0,0,7,5,129.2162,35.8667,경북경주시,0,자전거자전거,0,0,0,100,0,0
2017-05-18,1,3,1,1,0,0,0,강원,태백시,1,12,0,2,4,0,1,128.9915,37.1717,강원태백시,0,승용차없음,0,0,0,215,0,0
2017-05-18,1,3,1,2,0,1,0,전남,보성군,1,5,0,0,0,1,9,127.2517,34.8292,전남보성군,0,화물차건설기계,0,0,0,122,0,0
2017-05-18,1,3,1,1,0,0,0,대전,동구,1,12,0,2,4,0,1,127.4767,36.3346,대전동구,0,승용차없음,0,0,0,80,0,0
2017-05-18,0,3,1,1,0,0,0,경남,창원시(통합),1,8,6,1,1,0,4,128.7136,35.153,경남창원시(통합),0,승용차이륜차,0,0,0,86,0,0