발생년월일,주야,요일,사망자수,사상자수,중상자수,경상자수,부상신고자수,발생지시도,발생지시군구,사고유형_대분류,사고유형_중분류,법규위반,도로형태_대분류,도로형태,당사자종별_1당_대분류,당사자종별_2당_대분류,경도,위도,발생지,사고피해정도,사고차량타입,도시여부,주말/공휴일,인구수,발생지번호,보행자의위치,무단횡단여부
2017-05-18,0,3,1,1,0,0,0,강원,횡성군,1,8,0,1,1,4,3,127.9852,37.4901,강원횡성군,0,이륜차화물차,0,0,0,31,0,0
2017-05-18,0,3,1,1,0,0,0,서울,강남구,1,8,6,1,2,0,4,127.0468,37.5242,서울강남구,0,승용차이륜차,0,0,0,89,0,0
2017-05-19,0,4,1,1,0,0,0,대구,동구,1,5,0,0,0,0,3,128.7081,35.861,대구동구,0,승용차화물차,0,0,0,26,0,0
2017-05-19,0,4,1,3,1,1,0,광주,동구,1,8,5,0,0,0,2,126.9266,35.1455,광주동구,0,승용차승용차,0,0,0,162,0,0
2017-05-19,1,4,1,1,0,0,0,경기,안성시,1,5,3,0,0,4,3,127.2359,37.001,경기안성시,0,이륜차화물차,0,0,0,23,0,0
2017-05-19,1,4,1,1,0,0,0,경남,의령군,1,8,5,0,0,8,9,128.3026,35.4235,경남의령군,0,기타건설기계,0,0,0,189,0,0
2017-05-19,1,4,1,2,1,0,0,제주,서귀포시,1,12,0,0,0,8,1,126.5995,33.3023,제주서귀포시,0,기타없음,0,0,0,62,0,0
2017-05-19,1,4,2,2,0,0,0,충북,음성군,1,12,0,1,2,0,1,127.6676,36.9278,충북음성군,0,승용차없음,0,0,0,110,0,0
2017-05-19,1,4,1,2,1,0,0,충북,충주시,1,12,0,0,0,0,1,127.9065,37.0765,충북충주시,0,승용차없음,0,0,0,6,0,0
2017-05-19,0,4,1,2,1,0,0,충북,충주시,1,8,0,1,1,1,4,127.9217,36.9837,충북충주시,0,화물차이륜차,0,0,0,6,0,0
2017-05-19,0,4,1,1,0,0,0,충남,당진시,1,9,5,0,0,4,3,126.5317,37.007,충남당진시,0,이륜차화물차,0,0,0,46,0,0
2017-05-19,0,4,1,5,2,2,0,전북,남원시,1,9,5,0,0,0,3,127.3535,35.3901,전북남원시,1,승용차화물차,0,0,0,193,0,0
2017-05-19,0,4,1,1,0,0,0,경북,영주시,1,10,0,1,1,1,1,128.6262,36.9226,경북영주시,0,화물차없음,0,0,0,113,0,0
2017-05-19,0,4,1,1,0,0,0,경기,고양시,1,6,0,1,1,0,1,126.8698,37.6373,경기고양시,0,승용차없음,0,0,0,40,0,0
2017-05-20,1,5,1,4,2,1,0,충남,천안시,1,9,8,1,1,0,2,127.2064,36.887,충남천안시,1,승용차승용차,0,1,0,63,0,0
2017-05-20,1,5,1,1,0,0,0,세종,세종,1,8,0,1,1,1,5,127.3048,36.6033,세종세종,0,화물차자전거,1,1,0,229,0,0
2017-05-20,1,5,1,11,8,2,0,경기,연천군,1,8,6,1,1,2,3,127.1019,38.1597,경기연천군,2,승합차화물차,0,1,0,106,0,0
2017-05-20,1,5,1,1,0,0,0,경기,김포시,1,1,0,0,0,1,5,126.5584,37.7091,경기김포시,0,화물차자전거,0,1,0,47,0,0
2017-05-20,1,5,1,1,0,0,0,경북,칠곡군,1,9,5,0,0,0,4,128.4076,36.0732,경북칠곡군,0,승용차이륜차,0,1,0,21,0,0
2017-05-20,1,5,1,1,0,0,0,경북,경주시,1,10,0,0,0,0,1,129.3113,35.8324,경북경주시,0,승용차없음,0,1,0,100,0,0
2017-05-20,1,5,1,1,0,0,0,경북,봉화군,1,10,0,0,0,7,1,128.8921,36.906,경북봉화군,0,자전거없음,0,1,0,149,0,0
2017-05-20,0,5,1,1,0,0,0,경기,평택시,1,9,9,0,0,7,2,127.0713,37.0261,경기평택시,0,자전거승용차,0,1,0,14,0,0
2017-05-20,0,5,1,1,0,0,0,경기,파주시,1,5,0,0,0,0,5,126.7717,37.781,경기파주시,0,승용차자전거,0,1,0,175,0,0
2017-05-20,0,5,1,1,0,0,0,경북,울진군,1,5,0,0,0,0,3,129.4049,36.8942,경북울진군,0,승용차화물차,0,1,0,208,0,0
2017-05-21,0,6,1,3,1,1,0,부산,기장군,1,1,0,1,1,0,2,129.2064,35.2046,부산기장군,0,승용차승용차,0,1,0,85,0,0
2017-05-21,1,6,1,1,0,0,0,충북,진천군,1,10,0,0,0,9,1,127.505,36.9295,충북진천군,0,농기계없음,0,1,0,60,0,0
2017-05-21,1,6,1,1,0,0,0,제주,제주시,1,10,0,0,0,7,1,126.724,33.4349,제주제주시,0,자전거없음,0,1,0,90,0,0
2017-05-21,1,6,1,1,0,0,0,전남,해남군,1,8,0,0,0,9,2,126.5629,34.6311,전남해남군,0,농기계승용차,0,1,0,119,0,0
2017-05-21,1,6,1,1,0,0,0,강원,양구군,1,6,0,0,0,4,1,128.0058,38.2077,강원양구군,0,이륜차없음,0,1,0,115,0,0
2017-05-21,1,6,1,1,0,0,0,경기,포천시,1,10,0,0,0,4,1,127.1539,37.8095,경기포천시,0,이륜차없음,0,1,0,171,0,0
2017-05-21,1,6,1,1,0,0,0,경북,구미시,1,10,0,1,2,4,1,128.3028,36.205,경북구미시,0,이륜차없음,0,1,0,144,0,0
2017-05-21,0,6,1,1,0,0,0,전남,나주시,1,6,0,1,2,0,1,126.6763,35.0037,전남나주시,0,승용차없음,0,1,0,33,0,0
2017-05-21,0,6,1,1,0,0,0,서울,성북구,1,12,0,0,0,4,1,127.0272,37.6044,서울성북구,0,이륜차없음,0,1,0,167,0,0
2017-05-21,0,6,1,1,0,0,0,전남,나주시,1,8,6,1,1,6,2,126.7234,35.0357,전남나주시,0,원동기장치자전거승용차,0,1,0,33,0,0
2017-05-22,1,0,2,4,1,1,0,충북,충주시,1,9,5,1,2,1,4,127.8459,37.1199,충북충주시,1,화물차이륜차,0,0,0,6,0,0
2017-05-22,1,0,1,1,0,0,0,전남,무안군,1,8,0,0,0,2,4,126.4559,34.8821,전남무안군,0,승합차이륜차,0,0,0,101,0,0
2017-05-22,1,0,1,2,0,1,0,충남,서천군,1,8,8,1,1,1,2,126.692,36.1671,충남서천군,0,화물차승용차,0,0,0,10,0,0
2017-05-22,1,0,1,1,0,0,0,대구,달서구,1,8,7,1,1,1,4,128.4881,35.8373,대구달서구,0,화물차이륜차,0,0,0,20,0,0
2017-05-22,0,0,1,4,2,1,0,경기,평택시,1,9,0,0,0,1,2,126.9994,37.0129,경기평택시,1,화물차승용차,0,0,0,14,0,0
2017-05-22,0,0,1,1,0,0,0,서울,강동구,1,9,6,1,1,4,7,127.1563,37.5492,서울강동구,0,이륜차원동기장치자전거,0,0,0,91,0,0
2017-05-23,0,1,1,1,0,0,0,충북,충주시,1,10,0,1,2,4,1,127.8716,36.9683,충북충주시,0,이륜차없음,0,0,0,6,0,0
2017-05-23,1,1,1,1,0,0,0,전남,담양군,1,8,0,1,1,1,12,126.8887,35.2731,전남담양군,0,화물차기타,0,0,0,181,0,0
2017-05-23,1,1,1,2,1,0,0,전남,해남군,1,8,2,1,1,1,4,126.5082,34.5247,전남해남군,0,화물차이륜차,0,0,0,119,0,0
2017-05-23,1,1,1,2,1,0,0,전북,장수군,1,9,5,0,0,0,2,127.5223,35.6698,전북장수군,0,승용차승용차,0,0,0,155,0,0
2017-05-23,1,1,1,2,0,1,0,경북,포항시,1,9,0,2,4,7,5,129.419,36.0964,경북포항시,0,자전거자전거,0,0,0,160,0,0
2017-05-23,1,1,1,1,0,0,0,경남,진주시,1,12,0,0,0,9,1,128.2263,35.189,경남진주시,0,농기계없음,0,0,0,42,0,0
2017-05-23,1,1,1,1,0,0,0,전남,보성군,1,12,0,0,0,4,1,127.1549,34.9005,전남보성군,0,이륜차없음,0,0,0,122,0,0
2017-05-23,1,1,2,3,0,1,0,전남,무안군,1,9,5,0,0,1,9,126.3785,35.0506,전남무안군,1,화물차건설기계,0,0,0,101,0,0
2017-05-23,0,1,1,2,0,1,0,전남,화순군,1,9,0,0,0,1,4,127.0879,34.9884,전남화순군,0,화물차이륜차,0,0,0,88,0,0
2017-05-24,0,2,1,1,0,0,0,서울,은평구,1,9,5,1,2,0,4,126.9231,37.6006,서울은평구,0,승용차이륜차,0,0,0,139,0,0
2017-05-24,0,2,2,2,0,0,0,경남,창원시(통합),1,8,6,1,1,4,3,128.5309,35.268,경남창원시(통합),0,이륜차화물차,0,0,0,86,0,0
2017-05-24,1,2,1,3,1,0,1,경남,합천군,1,9,7,1,1,0,2,128.1257,35.399,경남합천군,0,승용차승용차,0,0,0,133,0,0
2017-05-24,1,2,1,1,0,0,0,경북,청도군,1,5,0,1,2,4,3,128.7202,35.6513,경북청도군,0,이륜차화물차,0,0,0,3,0,0
2017-05-24,1,2,1,1,0,0,0,충남,서천군,1,8,8,1,1,1,7,126.7856,36.0735,충남서천군,0,화물차원동기장치자전거,0,0,0,10,0,0
2017-05-24,1,2,1,2,0,1,0,강원,평창군,1,6,0,1,1,0,1,128.5034,37.6398,강원평창군,0,승용차없음,0,0,0,24,0,0
2017-05-24,0,2,1,1,0,0,0,경북,영주시,1,12,0,0,0,6,1,128.5704,36.7635,경북영주시,0,원동기장치자전거없음,0,0,0,113,0,0
2017-05-24,0,2,1,1,0,0,0,서울,송파구,1,5,0,0,0,4,3,127.146,37.497,서울송파구,0,이륜차화물차,0,0,0,156,0,0
2017-05-25,0,3,1,2,0,1,0,경북,안동시,1,5,0,0,0,0,3,128.7465,36.5516,경북안동시,0,승용차화물차,0,0,0,66,0,0
2017-05-25,0,3,1,2,1,0,0,충남,논산시,1,11,0,0,0,1,1,127.1143,36.2115,충남논산시,0,화물차없음,0,0,0,61,0,0
2017-05-25,1,3,1,1,0,0,0,경북,문경시,1,10,0,0,0,0,1,128.2309,36.5497,경북문경시,0,승용차없음,0,0,0,74,0,0
2017-05-25,1,3,1,1,0,0,0,전북,정읍시,1,9,8,1,1,1,4,126.9319,35.7036,전북정읍시,0,화물차이륜차,0,0,0,12,0,0
2017-05-25,1,3,1,1,0,0,0,전북,장수군,1,9,5,0,0,4,3,127.5626,35.7831,전북장수군,0,이륜차화물차,0,0,0,155,0,0
2017-05-25,1,3,1,1,0,0,0,경북,영덕군,1,10,0,2,4,9,1,129.3372,36.2768,경북영덕군,0,농기계없음,0,0,0,54,0,0
2017-05-25,1,3,1,1,0,0,0,경북,성주군,1,11,0,0,0,1,1,128.3362,35.909,경북성주군,0,화물차없음,0,0,0,168,0,0
2017-05-25,1,3,1,1,0,0,0,전북,군산시,1,8,6,1,1,7,2,126.7217,35.9778,전북군산시,0,자전거승용차,0,0,0,166,0,0
2017-05-25,0,3,1,1,0,0,0,대전,대덕구,1,5,2,0,0,0,3,127.4201,36.4251,대전대덕구,0,승용차화물차,0,0,0,77,0,0
2017-05-25,0,3,2,2,0,0,0,경남,거제시,1,12,0,0,0,2,1,128.7032,34.8974,경남거제시,0,승합차없음,0,0,0,15,0,0
2017-05-26,1,4,1,1,0,0,0,경기,화성시,1,5,0,0,0,2,8,126.7985,37.0774,경기화성시,0,승합차농기계,0,0,0,50,0,0
2017-05-26,1,4,1,3,0,2,0,충남,보령시,1,9,5,0,0,0,2,126.6188,36.3391,충남보령시,0,승용차승용차,0,0,0,136,0,0
2017-05-26,1,4,1,2,0,1,0,전북,순창군,1,9,8,1,1,2,2,127.0798,35.3541,전북순창군,0,승합차승용차,0,0,0,131,0,0
2017-05-26,1,4,1,1,0,0,0,부산,수영구,1,1,0,0,0,2,1,129.1071,35.1414,부산수영구,0,승합차없음,0,0,0,45,0,0
2017-05-26,0,4,1,5,2,2,0,강원,영월군,1,1,0,0,0,0,1,128.3971,37.1856,강원영월군,1,승용차없음,0,0,0,114,0,0
2017-05-26,0,4,1,1,0,0,0,충남,서산시,1,5,0,0,0,1,8,126.5399,36.6912,충남서산시,0,화물차농기계,0,0,0,69,0,0
2017-05-26,0,4,1,1,0,0,0,경북,칠곡군,1,8,0,0,0,0,5,128.4801,35.9522,경북칠곡군,0,승용차자전거,0,0,0,21,0,0
2017-05-26,0,4,1,1,0,0,0,전남,영암군,1,10,0,2,4,6,1,126.7019,34.8065,전남영암군,0,원동기장치자전거없음,0,0,0,16,0,0
2017-05-26,0,4,1,2,1,0,0,서울,중랑구,1,12,0,0,0,6,1,127.1036,37.6184,서울중랑구,0,원동기장치자전거없음,0,0,0,196,0,0
2017-05-26,0,4,1,1,0,0,0,경북,구미시,1,9,0,0,0,4,2,128.3363,36.2933,경북구미시,0,이륜차승용차,0,0,0,144,0,0
2017-05-27,0,5,1,1,0,0,0,경기,용인시,1,6,0,0,0,1,1,127.3128,37.2454,경기용인시,0,화물차없음,0,1,0,51,0,0
2017-05-27,1,5,1,1,0,0,0,충남,논산시,1,8,8,1,1,0,4,127.1171,36.1975,충남논산시,0,승용차이륜차,0,1,0,61,0,0
2017-05-27,1,5,1,1,0,0,0,전북,남원시,1,8,7,1,1,1,4,127.3829,35.4192,전북남원시,0,화물차이륜차,0,1,0,193,0,0
2017-05-27,1,5,1,1,0,0,0,전남,순천시,1,5,0,0,0,1,5,127.4385,35.1105,전남순천시,0,화물차자전거,0,1,0,27,0,0
2017-05-27,1,5,1,2,0,1,0,강원,평창군,1,8,5,0,0,7,3,128.3713,37.6136,강원평창군,0,자전거화물차,0,1,0,24,0,0
2017-05-27,0,5,1,1,0,0,0,경남,창원시(통합),1,5,0,0,0,0,2,128.7911,35.1209,경남창원시(통합),0,승용차승용차,0,1,0,86,0,0
2017-05-28,1,6,1,2,1,0,0,경북,예천군,1,12,0,0,0,9,1,128.5713,36.6603,경북예천군,0,농기계없음,0,1,0,55,0,0
2017-05-28,1,6,1,1,0,0,0,전북,부안군,1,11,0,1,2,1,1,126.6908,35.6953,전북부안군,0,화물차없음,0,1,0,185,0,0
2017-05-28,0,6,1,1,0,0,0,서울,광진구,1,1,0,0,0,4,2,127.0747,37.5593,서울광진구,0,이륜차승용차,0,1,0,183,0,0
2017-05-28,0,6,1,1,0,0,0,경기,평택시,1,9,6,1,1,2,4,126.9365,36.9813,경기평택시,0,승합차이륜차,0,1,0,14,0,0
2017-05-28,0,6,1,2,0,1,0,전북,전주시,1,9,6,1,1,1,4,127.106,35.8136,전북전주시,0,화물차이륜차,0,1,0,11,0,0
2017-05-28,0,6,1,2,1,0,0,경북,군위군,1,9,6,1,1,0,6,128.5746,36.1128,경북군위군,0,승용차승합차,0,1,0,170,0,0
2017-05-29,1,0,1,1,0,0,0,경기,가평군,1,10,0,0,0,1,1,127.2845,37.7852,경기가평군,0,화물차없음,0,0,0,176,0,0
2017-05-30,0,1,1,2,1,0,0,대구,동구,1,8,9,1,1,7,2,128.6267,35.8671,대구동구,0,자전거승용차,0,0,0,26,0,0
2017-05-30,0,1,1,2,0,1,0,경북,청도군,1,12,0,0,0,0,1,128.6052,35.6566,경북청도군,0,승용차없음,0,0,0,3,0,0
2017-05-30,1,1,1,1,0,0,0,경남,의령군,1,11,0,0,0,1,1,128.3713,35.4576,경남의령군,0,화물차없음,0,0,0,189,0,0
2017-05-30,1,1,1,1,0,0,0,경남,김해시,1,5,0,0,0,1,2,128.8387,35.2704,경남김해시,0,화물차승용차,0,0,0,13,0,0
2017-05-30,1,1,1,1,0,0,0,경북,영천시,1,8,6,1,1,1,3,128.8018,36.0222,경북영천시,0,화물차화물차,0,0,0,5,0,0
2017-05-30,1,1,1,4,2,1,0,충남,당진시,1,5,3,0,0,1,2,126.7468,36.9771,충남당진시,1,화물차승용차,0,0,0,46,0,0
2017-05-30,1,1,1,1,0,0,0,전북,정읍시,1,9,0,0,0,1,4,126.8014,35.6676,전북정읍시,0,화물차이륜차,0,0,0,12,0,0
2017-05-30,0,1,1,3,2,0,0,경기,용인시,1,1,2,0,0,0,2,127.1037,37.318,경기용인시,1,승용차승용차,0,0,0,51,0,0
2017-05-31,1,2,1,1,0,0,0,경기,이천시,1,1,0,1,1,1,4,127.3677,37.2273,경기이천시,0,화물차이륜차,0,0,0,41,0,0
2017-05-31,1,2,1,1,0,0,0,경기,용인시,1,8,6,1,1,4,3,127.2193,37.2522,경기용인시,0,이륜차화물차,0,0,0,51,0,0
2017-05-31,1,2,1,1,0,0,0,강원,춘천시,1,8,7,1,1,4,3,127.7621,37.8857,강원춘천시,0,이륜차화물차,0,0,0,111,0,0
2017-06-01,0,3,1,1,0,0,0,경남,창원시(통합),1,1,0,1,2,7,3,128.6655,35.2461,경남창원시(통합),0,자전거화물차,0,0,0,86,0,0
2017-06-01,1,3,1,3,1,1,0,경기,이천시,1,9,0,1,2,1,3,127.3929,37.2145,경기이천시,0,화물차화물차,0,0,0,41,0,0
2017-06-01,1,3,1,1,0,0,0,경북,구미시,1,12,0,0,0,7,1,128.3588,36.1121,경북구미시,0,자전거없음,0,0,0,144,0,0
2017-06-01,1,3,1,1,0,0,0,경남,양산시,1,10,0,0,0,0,1,129.0948,35.3284,경남양산시,0,승용차없음,0,0,0,49,0,0
2017-06-01,1,3,1,2,1,0,0,대구,북구,1,8,6,1,1,0,4,128.5661,35.9412,대구북구,0,승용차이륜차,0,0,0,112,0,0
2017-06-01,0,3,1,3,0,2,0,전북,완주군,1,5,2,0,0,1,9,127.1166,35.6866,전북완주군,0,화물차건설기계,0,0,0,28,0,0
2017-06-01,0,3,1,2,1,0,0,충남,천안시,1,8,5,0,0,0,2,127.2738,36.7546,충남천안시,0,승용차승용차,0,0,0,63,0,0
2017-06-01,0,3,1,1,0,0,0,경북,영천시,1,12,0,1,2,6,1,128.9287,35.9609,경북영천시,0,원동기장치자전거없음,0,0,0,5,0,0
2017-06-02,1,4,1,1,0,0,0,강원,삼척시,1,12,0,0,0,1,1,129.2829,37.3076,강원삼척시,0,화물차없음,0,0,0,78,0,0
2017-06-02,1,4,1,1,0,0,0,경북,청도군,1,12,0,0,0,3,1,128.5692,35.7136,경북청도군,0,건설기계없음,0,0,0,3,0,0
2017-06-02,0,4,1,1,0,0,0,경남,창원시(통합),1,1,5,1,1,7,2,128.6332,35.239,경남창원시(통합),0,자전거승용차,0,0,0,86,0,0
2017-06-02,0,4,1,3,0,2,0,제주,제주시,1,9,5,0,0,1,2,126.2827,33.3157,제주제주시,0,화물차승용차,0,0,0,90,0,0
2017-06-03,0,5,1,1,0,0,0,경북,상주시,1,8,7,1,1,4,3,127.9669,36.3241,경북상주시,0,이륜차화물차,0,1,0,58,0,0
2017-06-03,0,5,1,3,0,2,0,충남,천안시,1,8,6,1,1,0,2,127.1459,36.807,충남천안시,0,승용차승용차,0,1,0,63,0,0
2017-06-03,1,5,1,1,0,0,0,제주,서귀포시,1,1,0,0,0,4,2,126.9292,33.4611,제주서귀포시,0,이륜차승용차,0,1,0,62,0,0
2017-06-03,1,5,1,2,1,0,0,경기,하남시,1,9,3,0,0,2,4,127.2223,37.5362,경기하남시,0,승합차이륜차,0,1,0,67,0,0
2017-06-03,1,5,1,1,0,0,0,충남,예산군,1,10,0,0,0,1,1,126.7035,36.7049,충남예산군,0,화물차없음,0,1,0,187,0,0
2017-06-03,1,5,1,2,0,1,0,충남,보령시,1,9,5,0,0,4,2,126.5516,36.1948,충남보령시,0,이륜차승용차,0,1,0,136,0,0
2017-06-03,0,5,1,1,0,0,0,전남,보성군,1,8,0,0,0,1,8,127.1607,34.9228,전남보성군,0,화물차농기계,0,1,0,122,0,0
2017-06-04,1,6,1,1,0,0,0,경남,밀양시,1,1,0,0,0,0,1,128.8019,35.4,경남밀양시,0,승용차없음,0,1,0,177,0,0
2017-06-04,1,6,1,1,0,0,0,충북,진천군,1,10,0,0,0,4,1,127.4434,36.8557,충북진천군,0,이륜차없음,0,1,0,60,0,0
2017-06-04,1,6,1,1,0,0,0,경북,청송군,1,10,0,0,0,4,1,129.0503,36.296,경북청송군,0,이륜차없음,0,1,0,203,0,0
2017-06-04,1,6,1,1,0,0,0,강원,인제군,1,10,0,0,0,4,1,128.384,38.2226,강원인제군,0,이륜차없음,0,1,0,124,0,0
2017-06-04,1,6,1,1,0,0,0,경북,구미시,1,12,0,1,1,0,1,128.3624,36.1249,경북구미시,0,승용차없음,0,1,0,144,0,0
2017-06-04,1,6,1,3,1,1,0,강원,인제군,1,5,0,1,2,4,4,128.0585,37.9176,강원인제군,0,이륜차이륜차,0,1,0,124,0,0
2017-06-04,1,6,1,2,0,1,0,경기,군포시,1,5,0,0,0,0,2,126.9128,37.3234,경기군포시,0,승용차승용차,0,1,0,126,0,0
2017-06-04,1,6,1,2,1,0,0,경기,의정부시,1,9,5,1,2,4,2,127.0473,37.7404,경기의정부시,0,이륜차승용차,0,1,0,64,0,0
2017-06-04,0,6,1,1,0,0,0,강원,양양군,1,10,0,0,0,4,1,128.6294,38.0953,강원양양군,0,이륜차없음,0,1,0,164,0,0
2017-06-04,0,6,1,1,0,0,0,전남,나주시,1,9,5,1,2,6,2,126.8597,34.9141,전남나주시,0,원동기장치자전거승용차,0,1,0,33,0,0
2017-06-05,1,0,1,1,0,0,0,제주,서귀포시,1,10,0,0,0,1,1,126.4545,33.3074,제주서귀포시,0,화물차없음,0,0,0,62,0,0
2017-06-05,1,0,1,1,0,0,0,경남,거창군,1,1,2,1,1,1,4,127.9059,35.68,경남거창군,0,화물차이륜차,0,0,0,154,0,0
2017-06-05,1,0,1,1,0,0,0,경기,의정부시,1,10,0,2,4,4,1,127.0334,37.7302,경기의정부시,0,이륜차없음,0,0,0,64,0,0
2017-06-05,1,0,1,1,0,0,0,충북,음성군,1,10,0,0,0,1,1,127.4719,36.9828,충북음성군,0,화물차없음,0,0,0,110,0,0
2017-06-05,0,0,1,6,0,5,0,충북,보은군,1,5,0,0,0,1,2,127.728,36.5173,충북보은군,1,화물차승용차,0,0,0,32,0,0
2017-06-05,0,0,1,1,0,0,0,전남,순천시,1,12,0,1,2,2,1,127.4437,34.9441,전남순천시,0,승합차없음,0,0,0,27,0,0
2017-06-05,0,0,1,2,0,1,0,충북,청주시,1,5,5,0,0,1,3,127.5108,36.5286,충북청주시,0,화물차화물차,0,0,0,83,0,0
2017-06-06,1,1,1,3,0,2,0,경기,평택시,1,9,2,0,0,0,2,127.0274,36.9422,경기평택시,0,승용차승용차,0,1,0,14,0,0
2017-06-06,1,1,1,1,0,0,0,경북,구미시,1,5,0,0,0,1,3,128.3913,36.0889,경북구미시,0,화물차화물차,0,1,0,144,0,0
2017-06-06,1,1,1,1,0,0,0,경북,영천시,1,1,0,1,2,1,1,128.8624,36.0105,경북영천시,0,화물차없음,0,1,0,5,0,0
2017-06-07,0,2,1,1,0,0,0,충남,천안시,1,1,0,0,0,0,4,127.1278,36.8056,충남천안시,0,승용차이륜차,0,0,0,63,0,0
2017-06-07,1,2,1,4,2,1,0,전남,화순군,1,9,5,0,0,0,6,126.9458,34.8587,전남화순군,1,승용차승합차,0,0,0,88,0,0
2017-06-07,1,2,1,1,0,0,0,충남,아산시,1,5,0,1,2,6,3,127.0757,36.7772,충남아산시,0,원동기장치자전거화물차,0,0,0,53,0,0
2017-06-07,0,2,1,1,0,0,0,전남,강진군,1,6,0,0,0,0,1,126.7556,34.6927,전남강진군,0,승용차없음,0,0,0,121,0,0
2017-06-07,0,2,1,2,1,0,0,대구,동구,1,8,0,0,0,0,4,128.73,35.8699,대구동구,0,승용차이륜차,0,0,0,26,0,0
2017-06-08,0,3,1,2,1,0,0,전남,영광군,1,6,2,0,0,0,1,126.5742,35.2939,전남영광군,0,승용차없음,0,0,0,127,0,0
2017-06-08,0,3,1,3,1,1,0,충북,청주시,1,1,0,0,0,4,1,127.4415,36.592,충북청주시,0,이륜차없음,0,0,0,83,0,0
2017-06-08,1,3,1,1,0,0,0,경기,이천시,1,11,0,0,0,9,1,127.5223,37.1348,경기이천시,0,농기계없음,0,0,0,41,0,0
2017-06-08,0,3,1,1,0,0,0,경북,경산시,1,10,0,0,0,4,1,128.7799,35.8535,경북경산시,0,이륜차없음,0,0,0,52,0,0
2017-06-09,0,4,1,1,0,0,0,서울,강남구,1,8,6,1,1,4,2,127.0486,37.4738,서울강남구,0,이륜차승용차,0,0,0,89,0,0
2017-06-09,1,4,1,2,1,0,0,제주,제주시,1,8,0,1,2,4,3,126.273,33.4206,제주제주시,0,이륜차화물차,0,0,0,90,0,0
2017-06-09,1,4,1,2,0,1,0,경기,여주시,1,9,5,0,0,0,2,127.563,37.384,경기여주시,0,승용차승용차,0,0,0,22,0,0
2017-06-09,1,4,1,4,3,0,0,전북,군산시,1,9,5,0,0,0,3,126.5934,35.9556,전북군산시,1,승용차화물차,0,0,0,166,0,0
2017-06-09,0,4,1,1,0,0,0,전남,여수시,1,10,0,0,0,6,1,127.7636,34.7251,전남여수시,0,원동기장치자전거없음,0,0,0,102,0,0
2017-06-10,0,5,1,1,0,0,0,경기,성남시,1,5,0,1,1,0,4,127.1026,37.4032,경기성남시,0,승용차이륜차,0,1,0,95,0,0
2017-06-10,0,5,1,1,0,0,0,울산,울주군,1,12,0,0,0,0,1,129.3028,35.4063,울산울주군,0,승용차없음,0,1,0,17,0,0
2017-06-10,0,5,1,2,1,0,0,충남,논산시,1,6,0,0,0,0,1,127.2233,36.1921,충남논산시,0,승용차없음,0,1,0,61,0,0
2017-06-10,1,5,1,1,0,0,0,부산,동래구,1,8,6,0,0,0,5,129.0865,35.2013,부산동래구,0,승용차자전거,0,1,0,216,0,0
2017-06-10,1,5,1,1,0,0,0,인천,중구,1,8,6,1,1,5,3,126.6301,37.4584,인천중구,0,특수차화물차,0,1,0,72,0,0
2017-06-10,1,5,1,1,0,0,0,경북,경산시,1,12,0,0,0,4,1,128.8781,35.7686,경북경산시,0,이륜차없음,0,1,0,52,0,0
2017-06-11,1,6,1,1,0,0,0,경북,상주시,1,8,6,1,1,1,2,128.1528,36.4154,경북상주시,0,화물차승용차,0,1,0,58,0,0
2017-06-11,1,6,1,1,0,0,0,대구,동구,1,8,0,0,0,0,7,128.7069,35.9561,대구동구,0,승용차원동기장치자전거,0,1,0,26,0,0
2017-06-11,1,6,1,1,0,0,0,충북,진천군,1,8,0,0,0,0,4,127.4352,36.8534,충북진천군,0,승용차이륜차,0,1,0,60,0,0
2017-06-11,1,6,1,1,0,0,0,광주,동구,1,8,9,1,1,7,6,126.9203,35.1615,광주동구,0,자전거승합차,0,1,0,162,0,0
2017-06-11,1,6,1,1,0,0,0,경기,안산시,1,1,2,0,0,4,6,126.7795,37.3361,경기안산시,0,이륜차승합차,0,1,0,2,0,0
2017-06-12,1,0,1,1,0,0,0,경남,창원시(통합),1,8,0,1,1,4,3,128.6002,35.2561,경남창원시(통합),0,이륜차화물차,0,0,0,86,0,0
2017-06-12,1,0,1,1,0,0,0,경기,파주시,1,8,5,0,0,6,2,126.8157,37.8304,경기파주시,0,원동기장치자전거승용차,0,0,0,175,0,0
2017-06-12,1,0,1,1,0,0,0,충남,천안시,1,10,0,0,0,4,1,127.2647,36.7646,충남천안시,0,이륜차없음,0,0,0,63,0,0
2017-06-12,1,0,1,2,1,0,0,대구,북구,1,5,0,0,0,1,3,128.5784,35.9086,대구북구,0,화물차화물차,0,0,0,112,0,0
2017-06-12,1,0,1,1,0,0,0,서울,영등포구,1,9,0,2,4,1,5,126.9057,37.5051,서울영등포구,0,화물차자전거,0,0,0,150,0,0
2017-06-12,0,0,1,1,0,0,0,경남,창원시(통합),1,9,5,0,0,0,2,128.6364,35.2317,경남창원시(통합),0,승용차승용차,0,0,0,86,0,0
2017-06-12,0,0,1,1,0,0,0,대구,달서구,1,8,2,1,3,0,5,128.5273,35.8089,대구달서구,0,승용차자전거,0,0,0,20,0,0
2017-06-13,0,1,1,1,0,0,0,전남,진도군,1,6,0,0,0,1,1,126.1589,34.4269,전남진도군,0,화물차없음,0,0,0,71,0,0