발생년월일,주야,요일,사망자수,사상자수,중상자수,경상자수,부상신고자수,발생지시도,발생지시군구,사고유형_대분류,사고유형_중분류,법규위반,도로형태_대분류,도로형태,당사자종별_1당_대분류,당사자종별_2당_대분류,경도,위도,발생지,사고피해정도,사고차량타입,도시여부,주말/공휴일,인구수,발생지번호,보행자의위치,무단횡단여부
2017-06-13,0,1,1,2,1,0,0,경기,광주시,1,8,5,1,1,4,3,127.2635,37.4428,경기광주시,0,이륜차화물차,0,0,0,9,0,0
2017-06-13,1,1,1,1,0,0,0,강원,원주시,1,10,0,0,0,9,1,127.7733,37.2534,강원원주시,0,농기계없음,0,0,0,36,0,0
2017-06-13,1,1,1,2,0,1,0,충북,영동군,1,8,5,0,0,1,2,127.9854,36.1533,충북영동군,0,화물차승용차,0,0,0,75,0,0
2017-06-13,1,1,1,10,7,2,0,경기,의정부시,1,9,0,0,0,2,9,127.0695,37.7266,경기의정부시,2,승합차건설기계,0,0,0,64,0,0
2017-06-13,1,1,1,1,0,0,0,전북,남원시,1,10,0,0,0,8,1,127.324,35.4279,전북남원시,0,기타없음,0,0,0,193,0,0
2017-06-13,0,1,1,1,0,0,0,경북,구미시,1,8,5,0,0,4,2,128.3407,36.129,경북구미시,0,이륜차승용차,0,0,0,144,0,0
2017-06-13,0,1,1,2,0,0,1,경기,이천시,1,9,0,0,0,0,3,127.5224,37.2925,경기이천시,0,승용차화물차,0,0,0,41,0,0
2017-06-13,0,1,1,2,0,1,0,경기,양주시,1,5,0,1,2,0,6,127.0624,37.8408,경기양주시,0,승용차승합차,0,0,0,59,0,0
2017-06-13,0,1,1,3,2,0,0,대구,북구,1,5,0,0,0,0,2,128.548,35.8967,대구북구,1,승용차승용차,0,0,0,112,0,0
2017-06-14,1,2,1,2,0,1,0,경북,김천시,1,8,5,0,0,0,3,128.2177,36.1289,경북김천시,0,승용차화물차,0,0,0,76,0,0
2017-06-14,1,2,1,3,2,0,0,경북,군위군,1,9,5,0,0,1,3,128.5926,36.1482,경북군위군,1,화물차화물차,0,0,0,170,0,0
2017-06-14,1,2,1,1,0,0,0,제주,제주시,1,10,0,0,0,9,1,126.7472,33.5455,제주제주시,0,농기계없음,0,0,0,90,0,0
2017-06-14,1,2,1,1,0,0,0,경남,거창군,1,11,0,0,0,6,1,128.0149,35.6663,경남거창군,0,원동기장치자전거없음,0,0,0,154,0,0
2017-06-14,1,2,1,3,1,1,0,충남,천안시,1,6,0,0,0,1,1,127.1798,36.7661,충남천안시,0,화물차없음,0,0,0,63,0,0
2017-06-15,0,3,1,1,0,0,0,인천,강화군,1,11,0,0,0,4,1,126.4094,37.6008,인천강화군,0,이륜차없음,0,0,0,92,0,0
2017-06-15,1,3,1,1,0,0,0,전남,진도군,1,8,0,0,0,8,2,126.2175,34.4427,전남진도군,0,기타승용차,0,0,0,71,0,0
2017-06-15,1,3,1,10,2,7,0,대전,유성구,1,5,0,0,0,1,3,127.3254,36.3922,대전유성구,2,화물차화물차,0,0,0,148,0,0
2017-06-15,0,3,1,1,0,0,0,전북,남원시,1,10,0,0,0,4,1,127.3814,35.4029,전북남원시,0,이륜차없음,0,0,0,193,0,0
2017-06-15,0,3,1,3,2,0,0,대구,달서구,1,5,0,0,0,0,3,128.5161,35.8248,대구달서구,1,승용차화물차,0,0,0,20,0,0
2017-06-15,0,3,1,1,0,0,0,충남,홍성군,1,10,0,0,0,7,1,126.7143,36.6617,충남홍성군,0,자전거없음,0,0,0,38,0,0
2017-06-16,0,4,2,9,3,3,1,경기,성남시,1,5,2,0,0,0,2,127.1405,37.463,경기성남시,2,승용차승용차,0,0,0,95,0,0
2017-06-16,1,4,1,1,0,0,0,전북,익산시,1,10,0,0,0,0,1,126.9616,35.9366,전북익산시,0,승용차없음,0,0,0,125,0,0
2017-06-16,1,4,1,1,0,0,0,대전,서구,1,8,6,1,1,0,7,127.3347,36.2989,대전서구,0,승용차원동기장치자전거,0,0,0,4,0,0
2017-06-16,1,4,1,3,2,0,0,전남,영암군,1,5,0,0,0,1,6,126.3894,34.736,전남영암군,1,화물차승합차,0,0,0,16,0,0
2017-06-16,1,4,1,1,0,0,0,경북,봉화군,1,1,0,1,2,9,3,128.8161,36.883,경북봉화군,0,농기계화물차,0,0,0,149,0,0
2017-06-16,1,4,1,1,0,0,0,인천,계양구,1,8,5,1,2,7,2,126.7457,37.5567,인천계양구,0,자전거승용차,0,0,0,7,0,0
2017-06-16,1,4,1,2,0,1,0,대구,수성구,1,8,5,0,0,4,2,128.6181,35.8113,대구수성구,0,이륜차승용차,0,0,0,37,0,0
2017-06-17,0,5,1,2,1,0,0,서울,도봉구,1,1,0,0,0,4,2,127.0509,37.6457,서울도봉구,0,이륜차승용차,0,1,0,98,0,0
2017-06-17,1,5,1,1,0,0,0,경북,청도군,1,1,0,0,0,9,1,128.7301,35.6751,경북청도군,0,농기계없음,0,1,0,3,0,0
2017-06-17,1,5,1,1,0,0,0,서울,강서구,1,8,9,0,0,7,6,126.8167,37.571,서울강서구,0,자전거승합차,0,1,0,43,0,0
2017-06-17,1,5,1,1,0,0,0,경북,영주시,1,10,0,0,0,4,1,128.6389,36.7856,경북영주시,0,이륜차없음,0,1,0,113,0,0
2017-06-17,0,5,1,2,0,1,0,충북,청주시,1,9,6,1,1,4,2,127.4939,36.6252,충북청주시,0,이륜차승용차,0,1,0,83,0,0
2017-06-17,0,5,1,2,0,1,0,광주,북구,1,5,0,1,2,0,6,126.8938,35.2363,광주북구,0,승용차승합차,0,1,0,137,0,0
2017-06-18,0,6,1,3,2,0,0,전남,영광군,1,6,0,0,0,0,1,126.4418,35.3846,전남영광군,1,승용차없음,0,1,0,127,0,0
2017-06-18,0,6,1,3,2,0,0,서울,영등포구,1,9,5,0,0,0,2,126.9062,37.5323,서울영등포구,1,승용차승용차,0,1,0,150,0,0
2017-06-18,1,6,1,2,0,1,0,경북,포항시,1,8,6,1,1,0,7,129.3795,36.0724,경북포항시,0,승용차원동기장치자전거,0,1,0,160,0,0
2017-06-18,1,6,1,1,0,0,0,강원,인제군,1,12,0,0,0,4,1,128.3847,38.2225,강원인제군,0,이륜차없음,0,1,0,124,0,0
2017-06-18,1,6,1,1,0,0,0,충북,청주시,1,8,0,0,0,4,2,127.5415,36.5374,충북청주시,0,이륜차승용차,0,1,0,83,0,0
2017-06-19,0,0,1,1,0,0,0,경기,성남시,1,1,5,0,0,2,2,127.158,37.4354,경기성남시,0,승합차승용차,0,0,0,95,0,0
2017-06-19,0,0,1,1,0,0,0,부산,사하구,1,1,0,0,0,4,1,128.9773,35.0621,부산사하구,0,이륜차없음,0,0,0,25,0,0
2017-06-19,1,0,1,1,0,0,0,광주,광산구,1,8,6,1,1,1,5,126.7957,35.1329,광주광산구,0,화물차자전거,0,0,0,135,0,0
2017-06-19,1,0,1,1,0,0,0,전남,장성군,1,6,0,0,0,0,1,126.732,35.2483,전남장성군,0,승용차없음,0,0,0,146,0,0
2017-06-19,1,0,1,1,0,0,0,충남,아산시,1,12,0,0,0,8,1,126.9464,36.8085,충남아산시,0,기타없음,0,0,0,53,0,0
2017-06-19,1,0,1,1,0,0,0,경북,구미시,1,8,2,0,0,2,5,128.349,36.2484,경북구미시,0,승합차자전거,0,0,0,144,0,0
2017-06-19,1,0,1,1,0,0,0,경북,경산시,1,11,0,0,0,6,1,128.7379,35.7535,경북경산시,0,원동기장치자전거없음,0,0,0,52,0,0
2017-06-19,0,0,1,1,0,0,0,경기,여주시,1,10,0,0,0,1,1,127.7436,37.2736,경기여주시,0,화물차없음,0,0,0,22,0,0
2017-06-19,0,0,1,3,2,0,0,대구,달서구,1,6,0,2,4,0,1,128.5302,35.8523,대구달서구,1,승용차없음,0,0,0,20,0,0
2017-06-20,1,1,1,1,0,0,0,제주,제주시,1,8,0,1,1,9,2,126.7398,33.5535,제주제주시,0,농기계승용차,0,0,0,90,0,0
2017-06-20,1,1,1,2,1,0,0,서울,송파구,1,8,0,1,3,2,5,127.1132,37.4977,서울송파구,0,승합차자전거,0,0,0,156,0,0
2017-06-20,1,1,1,1,0,0,0,경남,양산시,1,8,9,1,3,4,3,129.0011,35.2971,경남양산시,0,이륜차화물차,0,0,0,49,0,0
2017-06-20,1,1,1,1,0,0,0,강원,삼척시,1,6,0,0,0,0,1,129.2275,37.3727,강원삼척시,0,승용차없음,0,0,0,78,0,0
2017-06-20,1,1,1,1,0,0,0,경남,합천군,1,10,0,0,0,4,1,128.1421,35.5667,경남합천군,0,이륜차없음,0,0,0,133,0,0
2017-06-20,1,1,1,2,1,0,0,부산,남구,1,1,0,0,0,4,2,129.1012,35.1319,부산남구,0,이륜차승용차,0,0,0,180,0,0
2017-06-20,0,1,1,1,0,0,0,경북,상주시,1,8,0,0,0,1,5,128.1184,36.3798,경북상주시,0,화물차자전거,0,0,0,58,0,0
2017-06-21,0,2,1,1,0,0,0,경기,화성시,1,10,0,0,0,0,1,126.9142,37.0729,경기화성시,0,승용차없음,0,0,0,50,0,0
2017-06-21,1,2,1,1,0,0,0,충북,제천시,1,10,0,0,0,1,1,128.2157,37.0741,충북제천시,0,화물차없음,0,0,0,103,0,0
2017-06-21,1,2,1,1,0,0,0,전북,정읍시,1,8,8,1,1,8,2,126.9469,35.6959,전북정읍시,0,기타승용차,0,0,0,12,0,0
2017-06-21,0,2,1,1,0,0,0,서울,중구,1,5,0,0,0,4,3,127.0132,37.5649,서울중구,0,이륜차화물차,0,0,0,8,0,0
2017-06-22,1,3,1,1,0,0,0,제주,서귀포시,1,8,7,1,1,1,4,126.5629,33.2535,제주서귀포시,0,화물차이륜차,0,0,0,62,0,0
2017-06-22,1,3,1,1,0,0,0,경남,함안군,1,8,8,1,1,4,2,128.4139,35.3486,경남함안군,0,이륜차승용차,0,0,0,117,0,0
2017-06-22,1,3,1,1,0,0,0,경북,의성군,1,5,0,2,4,1,8,128.688,36.3367,경북의성군,0,화물차농기계,0,0,0,105,0,0
2017-06-22,1,3,1,1,0,0,0,경남,김해시,1,8,9,1,1,4,9,128.8482,35.2212,경남김해시,0,이륜차건설기계,0,0,0,13,0,0
2017-06-22,1,3,1,1,0,0,0,전북,남원시,1,8,7,1,2,4,3,127.2241,35.3812,전북남원시,0,이륜차화물차,0,0,0,193,0,0
2017-06-22,1,3,1,1,0,0,0,서울,송파구,1,9,6,1,1,0,4,127.1282,37.5021,서울송파구,0,승용차이륜차,0,0,0,156,0,0
2017-06-22,0,3,1,1,0,0,0,경북,구미시,1,8,6,1,2,4,2,128.3489,36.1478,경북구미시,0,이륜차승용차,0,0,0,144,0,0
2017-06-22,0,3,1,2,0,1,0,경기,이천시,1,5,0,0,0,0,12,127.4794,37.2854,경기이천시,0,승용차기타,0,0,0,41,0,0
2017-06-23,0,4,1,1,0,0,0,강원,정선군,1,6,0,0,0,0,1,128.8469,37.4642,강원정선군,0,승용차없음,0,0,0,198,0,0
2017-06-23,1,4,1,1,0,0,0,경기,안양시,1,8,0,1,2,0,7,126.9557,37.3783,경기안양시,0,승용차원동기장치자전거,0,0,0,151,0,0
2017-06-23,1,4,1,1,0,0,0,경북,김천시,1,10,0,0,0,9,1,128.0036,36.1397,경북김천시,0,농기계없음,0,0,0,76,0,0
2017-06-23,1,4,1,3,1,0,1,울산,북구,1,8,0,0,0,0,9,129.3379,35.6687,울산북구,0,승용차건설기계,0,0,0,158,0,0
2017-06-23,1,4,1,1,0,0,0,경기,양평군,1,10,0,0,0,8,1,127.3248,37.5428,경기양평군,0,기타없음,0,0,0,48,0,0
2017-06-23,1,4,1,1,0,0,0,대구,달성군,1,12,0,0,0,9,1,128.4873,35.6362,대구달성군,0,농기계없음,0,0,0,30,0,0
2017-06-23,1,4,1,1,0,0,0,대구,달성군,1,9,5,0,0,4,6,128.4862,35.7986,대구달성군,0,이륜차승합차,0,0,0,30,0,0
2017-06-23,0,4,1,2,0,1,0,강원,철원군,1,1,0,0,0,1,12,127.2416,38.236,강원철원군,0,화물차기타,0,0,0,184,0,0
2017-06-24,0,5,1,3,2,0,0,강원,원주시,1,8,6,1,1,1,3,127.9449,37.3773,강원원주시,1,화물차화물차,0,1,0,36,0,0
2017-06-24,1,5,1,1,0,0,0,경남,진주시,1,5,0,0,0,1,8,128.0974,35.1248,경남진주시,0,화물차농기계,0,1,0,42,0,0
2017-06-24,1,5,1,1,0,0,0,부산,사하구,1,1,0,0,0,6,2,128.9905,35.0704,부산사하구,0,원동기장치자전거승용차,0,1,0,25,0,0
2017-06-24,1,5,1,1,0,0,0,경남,밀양시,1,8,6,1,1,4,2,128.7188,35.3797,경남밀양시,0,이륜차승용차,0,1,0,177,0,0
2017-06-24,1,5,1,1,0,0,0,경남,함양군,1,5,0,1,2,1,4,127.8072,35.6225,경남함양군,0,화물차이륜차,0,1,0,108,0,0
2017-06-24,1,5,1,1,0,0,0,경북,안동시,1,10,0,0,0,8,1,128.6383,36.5898,경북안동시,0,기타없음,0,1,0,66,0,0
2017-06-25,1,6,1,1,0,0,0,전북,무주군,1,12,0,0,0,1,1,127.7218,36.0147,전북무주군,0,화물차없음,0,1,0,182,0,0
2017-06-25,1,6,1,1,0,0,0,전남,여수시,1,5,0,0,0,4,2,127.6171,34.8264,전남여수시,0,이륜차승용차,0,1,0,102,0,0
2017-06-25,1,6,1,1,0,0,0,경남,합천군,1,12,0,0,0,1,1,128.1654,35.6083,경남합천군,0,화물차없음,0,1,0,133,0,0
2017-06-26,1,0,2,3,1,0,0,전북,고창군,1,9,5,0,0,0,3,126.5729,35.5398,전북고창군,1,승용차화물차,0,0,0,219,0,0
2017-06-26,1,0,1,4,1,2,0,서울,중구,1,1,0,0,0,2,5,127.0098,37.5559,서울중구,1,승합차자전거,0,0,0,8,0,0
2017-06-26,1,0,1,1,0,0,0,전남,나주시,1,6,0,0,0,0,1,126.8785,35.0009,전남나주시,0,승용차없음,0,0,0,33,0,0
2017-06-26,1,0,1,2,1,0,0,충남,금산군,1,1,0,0,0,0,2,127.494,36.1564,충남금산군,0,승용차승용차,0,0,0,68,0,0
2017-06-26,1,0,1,1,0,0,0,강원,평창군,1,1,0,0,0,8,1,128.308,37.4358,강원평창군,0,기타없음,0,0,0,24,0,0
2017-06-26,0,0,1,4,2,1,0,경북,영천시,1,8,0,0,0,2,8,128.8914,35.9968,경북영천시,1,승합차농기계,0,0,0,5,0,0
2017-06-26,0,0,1,1,0,0,0,경남,김해시,1,8,6,1,1,4,3,128.8607,35.2355,경남김해시,0,이륜차화물차,0,0,0,13,0,0
2017-06-27,0,1,1,1,0,0,0,경기,파주시,1,10,0,0,0,4,1,126.7001,37.7243,경기파주시,0,이륜차없음,0,0,0,175,0,0
2017-06-27,1,1,1,4,0,3,0,대전,대덕구,1,5,0,0,0,1,3,127.4126,36.3881,대전대덕구,1,화물차화물차,0,0,0,77,0,0
2017-06-27,1,1,1,3,0,2,0,전북,군산시,1,8,6,1,1,0,2,126.5486,35.9539,전북군산시,0,승용차승용차,0,0,0,166,0,0
2017-06-27,1,1,1,1,0,0,0,경남,고성군,1,10,0,0,0,0,1,128.2469,34.9866,경남고성군,0,승용차없음,0,0,0,87,0,0
2017-06-27,1,1,1,3,0,2,0,경북,김천시,1,8,7,1,1,4,6,128.1846,36.216,경북김천시,0,이륜차승합차,0,0,0,76,0,0
2017-06-27,1,1,1,2,0,1,0,경기,고양시,1,1,5,1,2,0,3,126.7997,37.7276,경기고양시,0,승용차화물차,0,0,0,40,0,0
2017-06-27,1,1,1,2,0,1,0,경남,밀양시,1,1,0,0,0,0,8,128.7542,35.4766,경남밀양시,0,승용차농기계,0,0,0,177,0,0
2017-06-28,0,2,1,2,1,0,0,충북,충주시,1,1,6,1,1,0,7,127.9267,36.9603,충북충주시,0,승용차원동기장치자전거,0,0,0,6,0,0
2017-06-28,1,2,1,2,1,0,0,경기,화성시,1,8,8,1,1,0,8,126.8752,37.1552,경기화성시,0,승용차농기계,0,0,0,50,0,0
2017-06-28,1,2,1,1,0,0,0,경북,의성군,1,1,5,0,0,0,4,128.5795,36.3715,경북의성군,0,승용차이륜차,0,0,0,105,0,0
2017-06-28,1,2,1,1,0,0,0,강원,춘천시,1,11,0,0,0,8,1,127.7171,37.8172,강원춘천시,0,기타없음,0,0,0,111,0,0
2017-06-28,1,2,1,3,2,0,0,세종,세종,1,5,0,0,0,1,3,127.286,36.4385,세종세종,1,화물차화물차,1,0,0,229,0,0
2017-06-28,1,2,1,1,0,0,0,충북,제천시,1,9,5,0,0,4,3,128.121,37.153,충북제천시,0,이륜차화물차,0,0,0,103,0,0
2017-06-28,1,2,1,3,0,2,0,인천,남구,1,5,0,1,2,0,2,126.6426,37.4537,인천남동구,0,승용차승용차,0,0,0,29,0,0
2017-06-28,1,2,1,3,1,1,0,전남,여수시,1,8,0,1,1,0,2,127.5692,34.7911,전남여수시,0,승용차승용차,0,0,0,102,0,0
2017-06-28,0,2,1,5,1,3,0,충남,예산군,1,8,6,1,1,0,3,126.7728,36.536,충남예산군,1,승용차화물차,0,0,0,187,0,0
2017-06-28,0,2,1,2,0,1,0,서울,동작구,1,9,5,0,0,4,2,126.9797,37.4767,서울동작구,0,이륜차승용차,0,0,0,93,0,0
2017-06-28,0,2,1,1,0,0,0,경기,남양주시,1,1,5,0,0,6,2,127.2491,37.6467,경기남양주시,0,원동기장치자전거승용차,0,0,0,70,0,0
2017-06-28,0,2,1,1,0,0,0,경기,양평군,1,6,0,1,1,0,1,127.5115,37.4996,경기양평군,0,승용차없음,0,0,0,48,0,0
2017-06-28,0,2,1,2,0,1,0,서울,서대문구,1,8,0,0,0,4,4,126.9231,37.5775,서울서대문구,0,이륜차이륜차,0,0,0,195,0,0
2017-06-29,0,3,1,1,0,0,0,서울,광진구,1,1,0,0,0,6,1,127.1026,37.5459,서울광진구,0,원동기장치자전거없음,0,0,0,183,0,0
2017-06-29,0,3,1,1,0,0,0,부산,사상구,1,6,0,2,4,0,1,128.977,35.1517,부산사상구,0,승용차없음,0,0,0,120,0,0
2017-06-29,0,3,1,2,1,0,0,경기,시흥시,1,8,0,0,0,1,3,126.8717,37.3771,경기시흥시,0,화물차화물차,0,0,0,73,0,0
2017-06-29,0,3,1,2,1,0,0,전남,목포시,1,12,2,0,0,0,1,126.4274,34.817,전남목포시,0,승용차없음,0,0,0,153,0,0
2017-06-29,1,3,1,1,0,0,0,충남,논산시,1,5,2,0,0,5,4,127.0522,36.1725,충남논산시,0,특수차이륜차,0,0,0,61,0,0
2017-06-29,1,3,1,1,0,0,0,경기,고양시,1,12,0,0,0,7,1,126.7085,37.6763,경기고양시,0,자전거없음,0,0,0,40,0,0
2017-06-29,0,3,1,1,0,0,0,경기,화성시,1,12,0,0,0,0,1,127.0033,37.1985,경기화성시,0,승용차없음,0,0,0,50,0,0
2017-06-30,0,4,1,1,0,0,0,충북,음성군,1,11,0,1,2,0,1,127.6509,37.0029,충북음성군,0,승용차없음,0,0,0,110,0,0
2017-06-30,0,4,1,2,0,1,0,전남,광양시,1,1,0,0,0,1,2,127.7693,34.9851,전남광양시,0,화물차승용차,0,0,0,130,0,0
2017-06-30,0,4,1,1,0,0,0,광주,광산구,1,12,0,0,0,0,1,126.8326,35.186,광주광산구,0,승용차없음,0,0,0,135,0,0
2017-06-30,1,4,1,1,0,0,0,충남,서산시,1,8,0,0,0,1,4,126.5736,36.6931,충남서산시,0,화물차이륜차,0,0,0,69,0,0
2017-06-30,1,4,1,3,2,0,0,대구,달성군,1,8,2,1,1,0,3,128.4591,35.6741,대구달성군,1,승용차화물차,0,0,0,30,0,0
2017-06-30,1,4,1,1,0,0,0,광주,서구,1,8,3,0,0,4,2,126.8314,35.1306,광주서구,0,이륜차승용차,0,0,0,222,0,0
2017-06-30,1,4,1,2,1,0,0,서울,영등포구,1,8,5,0,0,4,3,126.9068,37.515,서울영등포구,0,이륜차화물차,0,0,0,150,0,0
2017-06-30,0,4,1,1,0,0,0,대구,서구,1,8,0,1,2,0,4,128.5549,35.876,대구서구,0,승용차이륜차,0,0,0,107,0,0
2017-06-30,0,4,1,4,2,1,0,전남,곡성군,1,5,0,0,0,0,2,127.1312,35.2625,전남곡성군,1,승용차승용차,0,0,0,147,0,0
2017-07-01,1,5,1,1,0,0,0,강원,원주시,1,8,0,1,1,0,4,127.9353,37.3357,강원원주시,0,승용차이륜차,0,1,0,36,0,0
2017-07-01,1,5,1,1,0,0,0,대구,수성구,1,8,3,0,0,7,2,128.6096,35.8409,대구수성구,0,자전거승용차,0,1,0,37,0,0
2017-07-01,1,5,1,1,0,0,0,경남,밀양시,1,12,0,0,0,1,1,128.6499,35.4495,경남밀양시,0,화물차없음,0,1,0,177,0,0
2017-07-01,0,5,1,1,0,0,0,강원,강릉시,1,5,5,0,0,7,3,128.8813,37.7477,강원강릉시,0,자전거화물차,0,1,0,194,0,0
2017-07-02,0,6,1,3,1,1,0,강원,홍천군,1,5,0,0,0,0,3,128.4019,37.7347,강원홍천군,0,승용차화물차,0,1,0,82,0,0
2017-07-02,0,6,1,1,0,0,0,충북,청주시,1,10,5,0,0,0,1,127.4998,36.6086,충북청주시,0,승용차없음,0,1,0,83,0,0
2017-07-02,0,6,1,2,1,0,0,충남,예산군,1,5,2,0,0,0,4,126.8197,36.6843,충남예산군,0,승용차이륜차,0,1,0,187,0,0
2017-07-02,0,6,1,1,0,0,0,경기,포천시,1,12,0,1,1,2,1,127.272,38.0834,경기포천시,0,승합차없음,0,1,0,171,0,0
2017-07-02,0,6,1,2,0,1,0,대구,서구,1,8,6,1,1,4,2,128.5711,35.8723,대구서구,0,이륜차승용차,0,1,0,107,0,0
2017-07-02,1,6,1,1,0,0,0,경북,군위군,1,6,0,0,0,0,1,128.4445,36.2617,경북군위군,0,승용차없음,0,1,0,170,0,0
2017-07-03,1,0,1,1,0,0,0,경기,여주시,1,8,0,0,0,2,5,127.6155,37.4133,경기여주시,0,승합차자전거,0,0,0,22,0,0
2017-07-03,1,0,1,3,0,2,0,충남,논산시,1,9,6,1,1,1,6,127.0848,36.1959,충남논산시,0,화물차승합차,0,0,0,61,0,0
2017-07-03,1,0,1,1,0,0,0,전북,진안군,1,10,0,1,2,1,1,127.5845,35.8473,전북진안군,0,화물차없음,0,0,0,192,0,0
2017-07-03,1,0,1,1,0,0,0,전북,익산시,1,8,6,1,1,6,3,126.9254,35.9545,전북익산시,0,원동기장치자전거화물차,0,0,0,125,0,0
2017-07-03,1,0,1,4,1,2,0,경기,광주시,1,5,0,0,0,1,3,127.2755,37.3858,경기광주시,1,화물차화물차,0,0,0,9,0,0
2017-07-03,1,0,1,1,0,0,0,충남,서천군,1,6,0,0,0,4,1,126.7066,36.0545,충남서천군,0,이륜차없음,0,0,0,10,0,0
2017-07-03,1,0,1,1,0,0,0,경북,의성군,1,8,6,1,1,3,2,128.4159,36.4061,경북의성군,0,건설기계승용차,0,0,0,105,0,0
2017-07-03,0,0,1,2,0,1,0,경남,양산시,1,8,6,1,1,6,3,129.1651,35.4108,경남양산시,0,원동기장치자전거화물차,0,0,0,49,0,0
2017-07-03,0,0,1,1,0,0,0,경남,양산시,1,8,5,0,0,1,2,129.1606,35.4066,경남양산시,0,화물차승용차,0,0,0,49,0,0
2017-07-04,0,1,1,1,0,0,0,경남,창원시(통합),1,6,0,1,1,0,1,128.3951,35.1138,경남창원시(통합),0,승용차없음,0,0,0,86,0,0
2017-07-04,1,1,1,2,1,0,0,경남,밀양시,1,5,0,0,0,0,3,128.7568,35.447,경남밀양시,0,승용차화물차,0,0,0,177,0,0
2017-07-04,1,1,1,1,0,0,0,경남,양산시,1,10,0,1,2,2,1,129.155,35.3815,경남양산시,0,승합차없음,0,0,0,49,0,0
2017-07-04,1,1,1,1,0,0,0,경기,부천시,1,1,9,1,1,7,2,126.7577,37.5027,경기부천시,0,자전거승용차,0,0,0,65,0,0
2017-07-04,0,1,1,1,0,0,0,경기,가평군,1,8,0,1,1,1,3,127.5072,37.8168,경기가평군,0,화물차화물차,0,0,0,176,0,0
2017-07-05,0,2,1,2,0,1,0,세종,세종,1,9,5,0,0,0,6,127.3471,36.4598,세종세종,0,승용차승합차,1,0,0,229,0,0
2017-07-05,0,2,1,1,0,0,0,광주,북구,1,8,6,1,1,4,2,126.91,35.1672,광주북구,0,이륜차승용차,0,0,0,137,0,0
2017-07-05,0,2,1,2,1,0,0,경기,이천시,1,9,5,0,0,0,2,127.6283,37.1341,경기이천시,0,승용차승용차,0,0,0,41,0,0
2017-07-05,0,2,1,1,0,0,0,부산,북구,1,6,0,0,0,0,1,129.0052,35.2153,부산북구,0,승용차없음,0,0,0,118,0,0
2017-07-05,1,2,1,2,0,1,0,전북,정읍시,1,9,5,0,0,7,4,126.9218,35.709,전북정읍시,0,자전거이륜차,0,0,0,12,0,0
2017-07-05,1,2,1,1,0,0,0,전남,신안군,1,9,5,0,0,1,4,126.205,35.059,전남신안군,0,화물차이륜차,0,0,0,132,0,0
2017-07-05,1,2,2,7,5,0,0,경북,영천시,1,5,0,0,0,1,2,128.9,36.0273,경북영천시,2,화물차승용차,0,0,0,5,0,0
2017-07-05,1,2,2,3,1,0,0,전남,완도군,1,9,5,0,0,1,3,126.8188,34.4014,전남완도군,1,화물차화물차,0,0,0,141,0,0
2017-07-05,1,2,1,1,0,0,0,경기,시흥시,1,8,6,0,0,1,4,126.7196,37.3179,경기시흥시,0,화물차이륜차,0,0,0,73,0,0
2017-07-05,0,2,1,2,0,1,0,충남,천안시,1,5,0,0,0,1,3,127.3008,36.7295,충남천안시,0,화물차화물차,0,0,0,63,0,0
2017-07-05,0,2,1,1,0,0,0,강원,양양군,1,10,0,0,0,3,1,128.5895,38.061,강원양양군,0,건설기계없음,0,0,0,164,0,0
2017-07-05,0,2,1,2,0,1,0,인천,옹진군,1,6,0,0,0,0,1,126.4419,37.5198,인천옹진군,0,승용차없음,0,0,0,186,0,0
2017-07-06,0,3,1,2,0,1,0,경남,함양군,1,5,0,0,0,1,3,127.704,35.6445,경남함양군,0,화물차화물차,0,0,0,108,0,0
2017-07-06,0,3,1,2,0,1,0,경기,용인시,1,1,0,2,4,1,3,127.1378,37.0397,경기용인시,0,화물차화물차,0,0,0,51,0,0
2017-07-06,0,3,1,1,0,0,0,경남,김해시,1,8,2,1,1,1,7,128.868,35.174,경남김해시,0,화물차원동기장치자전거,0,0,0,13,0,0
2017-07-06,1,3,1,1,0,0,0,충북,괴산군,1,5,0,0,0,1,8,127.7414,36.8551,충북괴산군,0,화물차농기계,0,0,0,179,0,0
2017-07-06,1,3,1,1,0,0,0,경기,안성시,1,5,0,0,0,1,3,127.3334,36.9811,경기안성시,0,화물차화물차,0,0,0,23,0,0
2017-07-06,1,3,1,1,0,0,0,충남,공주시,1,1,8,1,1,0,2,126.9387,36.4819,충남공주시,0,승용차승용차,0,0,0,19,0,0
2017-07-06,1,3,1,3,0,2,0,전북,군산시,1,9,5,0,0,0,7,126.8248,36.0247,전북군산시,0,승용차원동기장치자전거,0,0,0,166,0,0
2017-07-06,0,3,1,1,0,0,0,서울,서대문구,1,8,6,1,1,2,4,126.9061,37.5744,서울서대문구,0,승합차이륜차,0,0,0,195,0,0
2017-07-07,0,4,1,3,1,1,0,경기,화성시,1,5,0,0,0,1,3,127.0947,37.2044,경기화성시,0,화물차화물차,0,0,0,50,0,0
2017-07-07,1,4,1,8,1,6,0,경기,고양시,1,5,0,0,0,0,2,126.8767,37.5806,경기고양시,1,승용차승용차,0,0,0,40,0,0
2017-07-07,0,4,1,3,0,2,0,경기,성남시,1,5,0,0,0,0,2,127.1353,37.4337,경기성남시,0,승용차승용차,0,0,0,95,0,0