발생년월일,주야,요일,사망자수,사상자수,중상자수,경상자수,부상신고자수,발생지시도,발생지시군구,사고유형_대분류,사고유형_중분류,법규위반,도로형태_대분류,도로형태,당사자종별_1당_대분류,당사자종별_2당_대분류,경도,위도,발생지,사고피해정도,사고차량타입,도시여부,주말/공휴일,인구수,발생지번호,보행자의위치,무단횡단여부
2017-08-25,0,4,1,2,1,0,0,충남,천안시,1,9,5,1,2,1,3,127.2095,36.7669,충남천안시,0,화물차화물차,0,0,0,63,0,0
2017-08-25,0,4,1,2,0,1,0,충남,논산시,1,5,2,0,0,1,4,127.0619,36.1745,충남논산시,0,화물차이륜차,0,0,0,61,0,0
2017-08-25,0,4,1,1,0,0,0,강원,원주시,1,8,6,1,1,0,4,127.958,37.3174,강원원주시,0,승용차이륜차,0,0,0,36,0,0
2017-08-25,0,4,1,2,1,0,0,대전,유성구,1,5,0,0,0,1,11,127.3117,36.3961,대전유성구,0,화물차특수차,0,0,0,148,0,0
2017-08-26,0,5,1,1,0,0,0,서울,강남구,1,9,6,1,2,4,2,127.0927,37.4845,서울강남구,0,이륜차승용차,0,1,0,89,0,0
2017-08-26,0,5,1,1,0,0,0,부산,북구,1,6,0,0,0,4,1,129.0042,35.2132,부산북구,0,이륜차없음,0,1,0,118,0,0
2017-08-26,1,5,1,1,0,0,0,서울,동대문구,1,1,0,0,0,4,1,127.032,37.5704,서울동대문구,0,이륜차없음,0,1,0,201,0,0
2017-08-26,1,5,1,3,2,0,0,경북,봉화군,1,9,5,0,0,1,3,128.8704,36.8669,경북봉화군,1,화물차화물차,0,1,0,149,0,0
2017-08-26,1,5,1,1,0,0,0,경북,안동시,1,1,0,0,0,7,2,128.7321,36.5597,경북안동시,0,자전거승용차,0,1,0,66,0,0
2017-08-26,0,5,1,1,0,0,0,대전,동구,1,1,0,1,2,0,2,127.4525,36.3177,대전동구,0,승용차승용차,0,1,0,80,0,0
2017-08-26,0,5,1,2,1,0,0,경남,진주시,1,9,5,0,0,0,2,128.3039,35.1587,경남진주시,0,승용차승용차,0,1,0,42,0,0
2017-08-26,0,5,1,1,0,0,0,강원,홍천군,1,1,0,0,0,4,1,127.798,37.6393,강원홍천군,0,이륜차없음,0,1,0,82,0,0
2017-08-27,0,6,1,1,0,0,0,충남,아산시,1,5,0,2,4,0,3,126.9692,36.8235,충남아산시,0,승용차화물차,0,1,0,53,0,0
2017-08-27,0,6,1,1,0,0,0,경북,경산시,1,9,0,1,1,0,7,128.8225,35.8738,경북경산시,0,승용차원동기장치자전거,0,1,0,52,0,0
2017-08-27,1,6,1,1,0,0,0,대구,달성군,1,6,0,0,0,7,1,128.4544,35.8464,대구달성군,0,자전거없음,0,1,0,30,0,0
2017-08-27,1,6,1,3,0,2,0,강원,춘천시,1,8,5,0,0,0,6,127.6103,37.7351,강원춘천시,0,승용차승합차,0,1,0,111,0,0
2017-08-27,0,6,1,1,0,0,0,경남,창원시(통합),1,1,0,0,0,1,4,128.5495,35.2363,경남창원시(통합),0,화물차이륜차,0,1,0,86,0,0
2017-08-28,0,0,1,1,0,0,0,서울,광진구,1,8,3,2,4,8,2,127.074,37.5609,서울광진구,0,기타승용차,0,0,0,183,0,0
2017-08-28,1,0,1,19,9,9,0,경남,거제시,1,5,0,0,0,2,2,128.5817,34.8688,경남거제시,2,승합차승용차,0,0,0,15,0,0
2017-08-28,1,0,1,1,0,0,0,충북,괴산군,1,6,4,0,0,3,1,127.9181,36.8568,충북괴산군,0,건설기계없음,0,0,0,179,0,0
2017-08-28,1,0,1,1,0,0,0,전북,익산시,1,8,0,0,0,0,7,126.9706,35.9459,전북익산시,0,승용차원동기장치자전거,0,0,0,125,0,0
2017-08-28,1,0,1,1,0,0,0,경북,칠곡군,1,6,0,0,0,9,1,128.3653,35.9885,경북칠곡군,0,농기계없음,0,0,0,21,0,0
2017-08-28,1,0,1,2,1,0,0,경북,경산시,1,8,7,1,1,2,4,128.728,35.8216,경북경산시,0,승합차이륜차,0,0,0,52,0,0
2017-08-28,1,0,1,1,0,0,0,강원,횡성군,1,1,0,2,4,5,5,128.05,37.4685,강원횡성군,0,특수차자전거,0,0,0,31,0,0
2017-08-28,1,0,1,1,0,0,0,경남,창원시(통합),1,1,0,1,3,0,11,128.8185,35.0845,경남창원시(통합),0,승용차특수차,0,0,0,86,0,0
2017-08-28,1,0,1,1,0,0,0,충남,부여군,1,11,0,0,0,3,1,126.9578,36.1955,충남부여군,0,건설기계없음,0,0,0,129,0,0
2017-08-28,1,0,1,1,0,0,0,경기,여주시,1,6,0,0,0,6,1,127.6724,37.1926,경기여주시,0,원동기장치자전거없음,0,0,0,22,0,0
2017-08-28,1,0,2,2,0,0,0,강원,삼척시,1,6,0,0,0,0,1,129.1644,37.4354,강원삼척시,0,승용차없음,0,0,0,78,0,0
2017-08-28,0,0,1,2,0,1,0,전남,신안군,1,10,0,0,0,2,1,126.0943,34.5926,전남신안군,0,승합차없음,0,0,0,132,0,0
2017-08-28,0,0,1,1,0,0,0,경북,청도군,1,1,0,0,0,4,2,128.6761,35.7218,경북청도군,0,이륜차승용차,0,0,0,3,0,0
2017-08-29,0,1,1,1,0,0,0,경남,창원시(통합),1,9,0,1,2,6,2,128.6469,35.2492,경남창원시(통합),0,원동기장치자전거승용차,0,0,0,86,0,0
2017-08-29,0,1,1,1,0,0,0,경기,구리시,1,9,0,0,0,0,9,127.1108,37.6262,경기구리시,0,승용차건설기계,0,0,0,165,0,0
2017-08-29,1,1,1,2,0,1,0,경남,진주시,1,1,6,1,1,1,9,128.217,35.1252,경남진주시,0,화물차건설기계,0,0,0,42,0,0
2017-08-29,1,1,1,2,1,0,0,충남,아산시,1,9,5,0,0,1,2,127.0132,36.7686,충남아산시,0,화물차승용차,0,0,0,53,0,0
2017-08-29,0,1,1,1,0,0,0,세종,세종,1,5,0,0,0,0,5,127.2931,36.52,세종세종,0,승용차자전거,1,0,0,229,0,0
2017-08-29,0,1,1,1,0,0,0,전남,영암군,1,5,0,1,2,0,8,126.6797,34.7938,전남영암군,0,승용차농기계,0,0,0,16,0,0
2017-08-30,0,2,1,5,2,2,0,강원,원주시,1,8,6,1,1,4,2,127.9473,37.3325,강원원주시,1,이륜차승용차,0,0,0,36,0,0
2017-08-30,1,2,1,1,0,0,0,경남,김해시,1,8,0,1,1,6,3,128.8329,35.3783,경남김해시,0,원동기장치자전거화물차,0,0,0,13,0,0
2017-08-30,1,2,1,1,0,0,0,충북,보은군,1,8,6,1,1,4,2,127.7064,36.48,충북보은군,0,이륜차승용차,0,0,0,32,0,0
2017-08-30,1,2,1,1,0,0,0,경남,함양군,1,8,6,1,1,8,3,127.6851,35.4026,경남함양군,0,기타화물차,0,0,0,108,0,0
2017-08-30,1,2,1,2,1,0,0,충북,옥천군,1,6,0,0,0,0,1,127.5861,36.3431,충북옥천군,0,승용차없음,0,0,0,142,0,0
2017-08-30,1,2,1,1,0,0,0,전북,전주시,1,8,0,1,1,0,4,127.1294,35.8121,전북전주시,0,승용차이륜차,0,0,0,11,0,0
2017-08-30,0,2,1,4,3,0,0,대구,달성군,1,9,5,0,0,0,3,128.4491,35.7837,대구달성군,1,승용차화물차,0,0,0,30,0,0
2017-08-30,0,2,1,2,0,1,0,충북,청주시,1,9,5,0,0,4,2,127.6742,36.6144,충북청주시,0,이륜차승용차,0,0,0,83,0,0
2017-08-30,0,2,1,1,0,0,0,충남,아산시,1,8,0,0,0,0,9,127.0577,36.9368,충남아산시,0,승용차건설기계,0,0,0,53,0,0
2017-08-31,0,3,1,2,1,0,0,광주,서구,1,8,0,0,0,0,4,126.8793,35.1491,광주서구,0,승용차이륜차,0,0,0,222,0,0
2017-08-31,1,3,1,1,0,0,0,서울,성북구,1,8,3,0,0,3,7,127.0287,37.6074,서울성북구,0,건설기계원동기장치자전거,0,0,0,167,0,0
2017-08-31,1,3,1,1,0,0,0,경기,남양주시,1,1,0,0,0,1,5,127.1521,37.6706,경기남양주시,0,화물차자전거,0,0,0,70,0,0
2017-08-31,1,3,1,1,0,0,0,경기,남양주시,1,8,6,1,1,4,2,127.1795,37.6617,경기남양주시,0,이륜차승용차,0,0,0,70,0,0
2017-08-31,1,3,1,1,0,0,0,충남,태안군,1,8,3,0,0,4,6,126.3262,36.5822,충남태안군,0,이륜차승합차,0,0,0,169,0,0
2017-08-31,1,3,1,2,0,1,0,전북,남원시,1,8,6,1,1,0,4,127.6042,35.4652,전북남원시,0,승용차이륜차,0,0,0,193,0,0
2017-08-31,1,3,1,1,0,0,0,경기,용인시,1,1,6,1,2,2,1,127.0955,37.323,경기용인시,0,승합차없음,0,0,0,51,0,0
2017-08-31,0,3,1,2,0,1,0,경기,수원시,1,8,5,1,2,0,4,127.0249,37.2632,경기수원시,0,승용차이륜차,0,0,0,99,0,0
2017-08-31,0,3,1,1,0,0,0,경기,김포시,1,1,0,0,0,0,1,126.6309,37.6184,경기김포시,0,승용차없음,0,0,0,47,0,0
2017-09-01,0,4,1,1,0,0,0,울산,동구,1,1,0,0,0,0,2,129.411,35.4922,울산동구,0,승용차승용차,0,0,0,225,0,0
2017-09-01,0,4,2,4,0,2,0,경기,하남시,1,9,5,0,0,0,11,127.1622,37.5161,경기하남시,1,승용차특수차,0,0,0,67,0,0
2017-09-01,0,4,1,1,0,0,0,인천,중구,1,8,6,1,1,4,2,126.5331,37.485,인천중구,0,이륜차승용차,0,0,0,72,0,0
2017-09-01,0,4,1,3,2,0,0,대구,달성군,1,6,5,1,2,0,1,128.4711,35.8536,대구달성군,1,승용차없음,0,0,0,30,0,0
2017-09-01,1,4,1,1,0,0,0,경기,남양주시,1,1,0,1,1,7,2,127.2439,37.6528,경기남양주시,0,자전거승용차,0,0,0,70,0,0
2017-09-01,1,4,1,1,0,0,0,대구,중구,1,8,0,1,3,1,5,128.5876,35.8666,대구중구,0,화물차자전거,0,0,0,178,0,0
2017-09-01,1,4,1,1,0,0,0,충남,청양군,1,5,2,0,0,1,5,126.9503,36.4244,충남청양군,0,화물차자전거,0,0,0,174,0,0
2017-09-02,0,5,1,1,0,0,0,강원,삼척시,1,8,0,0,0,0,2,129.0422,37.2316,강원삼척시,0,승용차승용차,0,1,0,78,0,0
2017-09-02,0,5,1,1,0,0,0,서울,용산구,1,6,2,0,0,0,1,126.9881,37.5449,서울용산구,0,승용차없음,0,1,0,134,0,0
2017-09-02,1,5,1,105,9,68,27,경기,용인시,1,1,0,0,0,2,6,127.1231,37.0913,경기용인시,2,승합차승합차,0,1,0,51,0,0
2017-09-02,1,5,1,1,0,0,0,전북,장수군,1,10,0,0,0,9,1,127.6373,35.724,전북장수군,0,농기계없음,0,1,0,155,0,0
2017-09-02,1,5,2,20,8,10,0,충남,천안시,1,5,0,0,0,2,2,127.1185,36.6935,충남천안시,2,승합차승용차,0,1,0,63,0,0
2017-09-02,0,5,1,1,0,0,0,충남,보령시,1,10,0,0,0,4,1,126.5836,36.3831,충남보령시,0,이륜차없음,0,1,0,136,0,0
2017-09-02,0,5,1,1,0,0,0,경기,오산시,1,1,0,0,0,4,1,127.0433,37.1873,경기오산시,0,이륜차없음,0,1,0,143,0,0
2017-09-03,1,6,1,1,0,0,0,전북,완주군,1,6,0,0,0,0,1,127.1713,35.9363,전북완주군,0,승용차없음,0,1,0,28,0,0
2017-09-03,1,6,1,1,0,0,0,전북,남원시,1,1,0,0,0,7,1,127.392,35.5097,전북남원시,0,자전거없음,0,1,0,193,0,0
2017-09-03,1,6,1,1,0,0,0,경북,구미시,1,8,8,1,1,0,4,128.3014,36.2327,경북구미시,0,승용차이륜차,0,1,0,144,0,0
2017-09-03,1,6,1,2,0,1,0,경기,김포시,1,8,7,1,1,0,4,126.6048,37.634,경기김포시,0,승용차이륜차,0,1,0,47,0,0
2017-09-03,0,6,1,1,0,0,0,충북,청주시,1,8,6,1,3,0,5,127.4891,36.6246,충북청주시,0,승용차자전거,0,1,0,83,0,0
2017-09-04,1,0,1,5,0,4,0,경기,구리시,1,8,0,0,0,4,2,127.1411,37.6299,경기구리시,1,이륜차승용차,0,0,0,165,0,0
2017-09-04,1,0,1,1,0,0,0,충북,진천군,1,8,7,1,1,0,4,127.4385,36.9887,충북진천군,0,승용차이륜차,0,0,0,60,0,0
2017-09-04,1,0,1,1,0,0,0,충북,보은군,1,8,6,1,1,0,2,127.6088,36.478,충북보은군,0,승용차승용차,0,0,0,32,0,0
2017-09-04,1,0,1,1,0,0,0,충북,괴산군,1,5,0,0,0,0,3,127.9815,36.765,충북괴산군,0,승용차화물차,0,0,0,179,0,0
2017-09-04,1,0,1,1,0,0,0,강원,동해시,1,8,6,1,2,0,5,129.1253,37.5125,강원동해시,0,승용차자전거,0,0,0,210,0,0
2017-09-04,0,0,1,2,1,0,0,경기,양평군,1,9,5,0,0,2,3,127.5271,37.4947,경기양평군,0,승합차화물차,0,0,0,48,0,0
2017-09-05,1,1,1,1,0,0,0,강원,춘천시,1,8,0,0,0,0,5,127.7301,37.907,강원춘천시,0,승용차자전거,0,0,0,111,0,0
2017-09-05,1,1,1,2,0,1,0,경기,화성시,1,9,0,0,0,1,3,126.9286,37.1456,경기화성시,0,화물차화물차,0,0,0,50,0,0
2017-09-05,1,1,1,2,1,0,0,경북,고령군,1,9,5,0,0,0,2,128.2521,35.708,경북고령군,0,승용차승용차,0,0,0,220,0,0
2017-09-05,1,1,1,1,0,0,0,울산,울주군,1,9,5,0,0,1,4,129.2227,35.6235,울산울주군,0,화물차이륜차,0,0,0,17,0,0
2017-09-06,0,2,1,1,0,0,0,경기,하남시,1,9,2,0,0,0,3,127.1432,37.5143,경기하남시,0,승용차화물차,0,0,0,67,0,0
2017-09-06,0,2,1,1,0,0,0,경북,경산시,1,8,0,1,1,0,3,128.7451,35.8234,경북경산시,0,승용차화물차,0,0,0,52,0,0
2017-09-06,1,2,1,1,0,0,0,경기,화성시,1,6,0,0,0,0,1,126.6592,37.1686,경기화성시,0,승용차없음,0,0,0,50,0,0
2017-09-06,1,2,1,4,0,3,0,서울,강남구,1,5,0,0,0,1,3,127.1114,37.4823,서울강남구,1,화물차화물차,0,0,0,89,0,0
2017-09-07,0,3,1,3,2,0,0,전남,광양시,1,9,5,0,0,0,3,127.5764,34.9626,전남광양시,1,승용차화물차,0,0,0,130,0,0
2017-09-07,0,3,1,2,1,0,0,광주,광산구,1,9,5,0,0,0,2,126.8673,35.1929,광주광산구,0,승용차승용차,0,0,0,135,0,0
2017-09-07,0,3,1,2,1,0,0,충북,증평군,1,6,0,0,0,0,1,127.571,36.782,충북증평군,0,승용차없음,0,0,0,138,0,0
2017-09-07,0,3,1,2,0,1,0,경기,부천시,1,9,0,1,1,0,6,126.775,37.5153,경기부천시,0,승용차승합차,0,0,0,65,0,0
2017-09-07,1,3,1,1,0,0,0,경남,통영시,1,8,5,1,2,0,12,128.3226,34.9053,경남통영시,0,승용차기타,0,0,0,212,0,0
2017-09-07,1,3,1,1,0,0,0,충남,공주시,1,11,0,0,0,1,1,127.0897,36.4189,충남공주시,0,화물차없음,0,0,0,19,0,0
2017-09-07,1,3,1,3,0,0,2,충북,충주시,1,1,0,1,1,4,2,127.7763,37.1502,충북충주시,0,이륜차승용차,0,0,0,6,0,0
2017-09-07,1,3,1,1,0,0,0,광주,남구,1,9,0,0,0,0,5,126.8965,35.1126,광주남구,0,승용차자전거,0,0,0,190,0,0
2017-09-07,0,3,1,1,0,0,0,경북,포항시,1,12,0,0,0,0,1,129.3546,35.9643,경북포항시,0,승용차없음,0,0,0,160,0,0
2017-09-07,0,3,1,1,0,0,0,경북,김천시,1,5,0,0,0,1,2,128.0414,36.1449,경북김천시,0,화물차승용차,0,0,0,76,0,0
2017-09-08,1,4,1,1,0,0,0,경기,부천시,1,5,0,0,0,1,5,126.8049,37.5234,경기부천시,0,화물차자전거,0,0,0,65,0,0
2017-09-08,1,4,1,1,0,0,0,경북,영천시,1,11,0,0,0,1,1,129.0259,35.9277,경북영천시,0,화물차없음,0,0,0,5,0,0
2017-09-08,1,4,1,1,0,0,0,부산,서구,1,6,0,0,0,7,1,129.0217,35.0841,부산서구,0,자전거없음,0,0,0,226,0,0
2017-09-08,1,4,1,2,1,0,0,경기,이천시,1,8,3,1,2,0,4,127.4383,37.276,경기이천시,0,승용차이륜차,0,0,0,41,0,0
2017-09-08,1,4,1,3,1,1,0,충북,충주시,1,5,0,0,0,1,3,127.7691,37.0401,충북충주시,0,화물차화물차,0,0,0,6,0,0
2017-09-09,0,5,1,1,0,0,0,제주,서귀포시,1,6,0,0,0,4,1,126.907,33.4678,제주서귀포시,0,이륜차없음,0,1,0,62,0,0
2017-09-09,0,5,1,2,0,0,1,경기,용인시,1,9,5,1,2,0,2,127.0922,37.2538,경기용인시,0,승용차승용차,0,1,0,51,0,0
2017-09-09,1,5,1,3,0,2,0,경북,영주시,1,8,0,0,0,1,2,128.6198,36.8273,경북영주시,0,화물차승용차,0,1,0,113,0,0
2017-09-09,1,5,1,1,0,0,0,경남,함안군,1,8,7,1,1,1,4,128.2976,35.3117,경남함안군,0,화물차이륜차,0,1,0,117,0,0
2017-09-09,1,5,1,1,0,0,0,경북,안동시,1,10,0,0,0,8,1,128.4645,36.542,경북안동시,0,기타없음,0,1,0,66,0,0
2017-09-09,1,5,1,2,1,0,0,충북,괴산군,1,9,0,0,0,4,2,127.8322,36.8353,충북괴산군,0,이륜차승용차,0,1,0,179,0,0
2017-09-09,1,5,1,1,0,0,0,경기,평택시,1,12,0,0,0,8,1,126.9719,37.0148,경기평택시,0,기타없음,0,1,0,14,0,0
2017-09-09,0,5,1,1,0,0,0,인천,옹진군,1,8,5,0,0,1,4,126.512,37.2541,인천옹진군,0,화물차이륜차,0,1,0,186,0,0
2017-09-09,0,5,1,2,1,0,0,경기,양평군,1,9,5,1,1,0,2,127.4947,37.5034,경기양평군,0,승용차승용차,0,1,0,48,0,0
2017-09-10,0,6,1,4,0,3,0,강원,강릉시,1,8,0,1,1,0,4,128.8972,37.7703,강원강릉시,1,승용차이륜차,0,1,0,194,0,0
2017-09-10,0,6,1,1,0,0,0,강원,강릉시,1,1,0,1,2,0,1,128.8893,37.7166,강원강릉시,0,승용차없음,0,1,0,194,0,0
2017-09-10,0,6,1,1,0,0,0,울산,동구,1,1,0,0,0,4,1,129.4143,35.5336,울산동구,0,이륜차없음,0,1,0,225,0,0
2017-09-10,1,6,1,3,0,1,1,강원,원주시,1,9,7,1,1,0,4,127.9443,37.3759,강원원주시,0,승용차이륜차,0,1,0,36,0,0
2017-09-10,1,6,1,1,0,0,0,전북,정읍시,1,11,0,0,0,2,1,126.8992,35.5202,전북정읍시,0,승합차없음,0,1,0,12,0,0
2017-09-10,1,6,1,1,0,0,0,부산,부산진구,1,1,0,1,1,0,4,129.0535,35.1647,부산부산진구,0,승용차이륜차,0,1,0,163,0,0
2017-09-10,1,6,1,4,3,0,0,충남,공주시,1,5,0,0,0,0,2,127.1449,36.3934,충남공주시,1,승용차승용차,0,1,0,19,0,0
2017-09-10,1,6,1,6,3,2,0,광주,동구,1,5,0,1,2,0,2,126.9258,35.1441,광주동구,1,승용차승용차,0,1,0,162,0,0
2017-09-10,1,6,1,2,0,1,0,전북,익산시,1,9,5,0,0,0,2,127.015,36.0422,전북익산시,0,승용차승용차,0,1,0,125,0,0
2017-09-10,0,6,1,2,0,1,0,대구,동구,1,8,0,0,0,0,2,128.686,35.8685,대구동구,0,승용차승용차,0,1,0,26,0,0
2017-09-11,0,0,1,1,0,0,0,경기,부천시,1,1,0,0,0,0,1,126.8154,37.4727,경기부천시,0,승용차없음,0,0,0,65,0,0
2017-09-11,0,0,2,5,1,2,0,전북,군산시,1,1,0,0,0,0,3,126.8019,36.0055,전북군산시,1,승용차화물차,0,0,0,166,0,0
2017-09-11,0,0,1,2,1,0,0,경남,거제시,1,6,2,0,0,0,1,128.676,34.8715,경남거제시,0,승용차없음,0,0,0,15,0,0
2017-09-11,0,0,1,2,0,1,0,경기,남양주시,1,1,6,1,1,2,3,127.1928,37.7008,경기남양주시,0,승합차화물차,0,0,0,70,0,0
2017-09-11,1,0,2,2,0,0,0,강원,영월군,1,11,0,0,0,0,1,128.5226,37.1869,강원영월군,0,승용차없음,0,0,0,114,0,0
2017-09-11,1,0,1,1,0,0,0,경북,의성군,1,12,0,2,4,8,1,128.7592,36.2551,경북의성군,0,기타없음,0,0,0,105,0,0
2017-09-11,1,0,1,1,0,0,0,울산,동구,1,8,0,0,0,1,3,129.4317,35.4821,울산동구,0,화물차화물차,0,0,0,225,0,0
2017-09-11,1,0,1,2,1,0,0,충북,충주시,1,8,5,0,0,0,2,127.7818,36.9784,충북충주시,0,승용차승용차,0,0,0,6,0,0
2017-09-11,1,0,1,1,0,0,0,강원,춘천시,1,10,0,0,0,1,1,127.7766,37.8762,강원춘천시,0,화물차없음,0,0,0,111,0,0
2017-09-11,0,0,1,1,0,0,0,경남,거창군,1,5,0,0,0,1,3,127.8607,35.5876,경남거창군,0,화물차화물차,0,0,0,154,0,0
2017-09-11,0,0,1,4,0,3,0,전북,전주시,1,5,0,0,0,1,2,127.1291,35.8867,전북전주시,1,화물차승용차,0,0,0,11,0,0
2017-09-12,1,1,1,1,0,0,0,전북,김제시,1,1,0,2,4,9,1,126.954,35.8664,전북김제시,0,농기계없음,0,0,0,34,0,0
2017-09-12,1,1,1,1,0,0,0,경북,상주시,1,5,0,1,2,0,5,128.1675,36.4654,경북상주시,0,승용차자전거,0,0,0,58,0,0
2017-09-12,1,1,1,5,4,0,0,전남,영광군,1,8,6,1,1,0,2,126.5522,35.3072,전남영광군,1,승용차승용차,0,0,0,127,0,0
2017-09-12,1,1,1,1,0,0,0,서울,강서구,1,1,6,1,1,2,4,126.7983,37.5817,서울강서구,0,승합차이륜차,0,0,0,43,0,0
2017-09-12,1,1,1,1,0,0,0,경기,용인시,1,1,0,1,1,2,5,127.2111,37.2269,경기용인시,0,승합차자전거,0,0,0,51,0,0
2017-09-12,0,1,1,1,0,0,0,충남,아산시,1,1,6,1,1,7,2,127.0708,36.8164,충남아산시,0,자전거승용차,0,0,0,53,0,0
2017-09-12,0,1,1,5,0,2,2,경기,평택시,1,5,0,1,2,0,3,127.1242,36.9916,경기평택시,1,승용차화물차,0,0,0,14,0,0
2017-09-13,0,2,1,1,0,0,0,전남,해남군,1,11,0,1,2,1,1,126.6084,34.5331,전남해남군,0,화물차없음,0,0,0,119,0,0
2017-09-13,0,2,1,1,0,0,0,대구,달성군,1,5,0,0,0,1,3,128.476,35.7635,대구달성군,0,화물차화물차,0,0,0,30,0,0
2017-09-13,1,2,1,1,0,0,0,경기,김포시,1,1,6,1,3,2,5,126.628,37.6513,경기김포시,0,승합차자전거,0,0,0,47,0,0
2017-09-13,1,2,1,1,0,0,0,경북,구미시,1,9,5,0,0,1,2,128.3571,36.1897,경북구미시,0,화물차승용차,0,0,0,144,0,0
2017-09-13,1,2,1,1,0,0,0,인천,강화군,1,8,5,0,0,7,3,126.2807,37.7804,인천강화군,0,자전거화물차,0,0,0,92,0,0
2017-09-13,1,2,2,5,1,2,0,충남,홍성군,1,5,0,0,0,0,11,126.7021,36.6098,충남홍성군,1,승용차특수차,0,0,0,38,0,0
2017-09-13,0,2,1,1,0,0,0,경기,평택시,1,1,0,0,0,4,1,127.002,37.0136,경기평택시,0,이륜차없음,0,0,0,14,0,0
2017-09-13,0,2,1,1,0,0,0,대전,유성구,1,1,0,1,1,0,4,127.3911,36.4306,대전유성구,0,승용차이륜차,0,0,0,148,0,0
2017-09-14,0,3,1,1,0,0,0,경북,포항시,1,6,0,0,0,1,1,129.3528,36.0622,경북포항시,0,화물차없음,0,0,0,160,0,0
2017-09-14,0,3,1,1,0,0,0,대전,유성구,1,1,0,0,0,1,1,127.3187,36.3321,대전유성구,0,화물차없음,0,0,0,148,0,0
2017-09-14,1,3,1,2,1,0,0,경북,구미시,1,1,5,0,0,0,2,128.28,36.2262,경북구미시,0,승용차승용차,0,0,0,144,0,0
2017-09-14,1,3,1,2,1,0,0,경북,울진군,1,6,0,0,0,6,1,129.4103,37.067,경북울진군,0,원동기장치자전거없음,0,0,0,208,0,0
2017-09-14,1,3,1,1,0,0,0,경기,안양시,1,8,6,1,1,2,5,126.9589,37.3647,경기안양시,0,승합차자전거,0,0,0,151,0,0
2017-09-14,1,3,1,1,0,0,0,전북,군산시,1,8,8,1,1,0,3,126.6598,35.8993,전북군산시,0,승용차화물차,0,0,0,166,0,0
2017-09-14,1,3,1,3,2,0,0,경기,양주시,1,10,0,0,0,0,1,127.024,37.7898,경기양주시,1,승용차없음,0,0,0,59,0,0
2017-09-14,1,3,1,4,3,0,0,경북,문경시,1,6,0,0,0,0,1,128.1376,36.8093,경북문경시,1,승용차없음,0,0,0,74,0,0
2017-09-14,1,3,1,1,0,0,0,경기,안산시,1,8,0,1,1,2,4,126.8117,37.3086,경기안산시,0,승합차이륜차,0,0,0,2,0,0
2017-09-14,0,3,1,2,1,0,0,광주,광산구,1,1,6,1,1,0,4,126.8044,35.177,광주광산구,0,승용차이륜차,0,0,0,135,0,0
2017-09-15,0,4,1,3,2,0,0,부산,강서구,1,8,6,1,1,3,3,128.8927,35.202,부산강서구,1,건설기계화물차,0,0,0,206,0,0
2017-09-15,0,4,1,2,0,1,0,전남,무안군,1,6,0,1,1,0,1,126.5039,34.8426,전남무안군,0,승용차없음,0,0,0,101,0,0
2017-09-16,1,5,1,1,0,0,0,대구,수성구,1,6,4,0,0,1,1,128.6348,35.8654,대구수성구,0,화물차없음,0,1,0,37,0,0
2017-09-16,1,5,1,2,0,1,0,경남,밀양시,1,6,0,0,0,0,1,128.6992,35.532,경남밀양시,0,승용차없음,0,1,0,177,0,0
2017-09-16,1,5,1,1,0,0,0,경기,군포시,1,1,6,1,1,4,2,126.9369,37.3701,경기군포시,0,이륜차승용차,0,1,0,126,0,0
2017-09-16,1,5,1,1,0,0,0,강원,동해시,1,8,8,1,1,6,2,129.1264,37.4794,강원동해시,0,원동기장치자전거승용차,0,1,0,210,0,0
2017-09-16,0,5,1,1,0,0,0,서울,영등포구,1,1,0,0,0,7,1,126.883,37.5518,서울영등포구,0,자전거없음,0,1,0,150,0,0
2017-09-16,0,5,1,2,1,0,0,충남,당진시,1,9,5,0,0,0,2,126.7597,36.9486,충남당진시,0,승용차승용차,0,1,0,46,0,0
2017-09-16,0,5,1,1,0,0,0,경기,하남시,1,8,0,1,1,2,4,127.2258,37.5121,경기하남시,0,승합차이륜차,0,1,0,67,0,0
2017-09-16,0,5,1,1,0,0,0,충남,태안군,1,6,0,0,0,0,1,126.3059,36.6676,충남태안군,0,승용차없음,0,1,0,169,0,0
2017-09-17,0,6,1,1,0,0,0,경기,평택시,1,8,0,0,0,0,2,127.1161,36.986,경기평택시,0,승용차승용차,0,1,0,14,0,0
2017-09-17,1,6,1,2,1,0,0,강원,춘천시,1,8,0,0,0,0,4,127.7118,37.9174,강원춘천시,0,승용차이륜차,0,1,0,111,0,0
2017-09-17,1,6,1,5,2,1,1,부산,기장군,1,9,2,1,1,1,2,129.1987,35.2588,부산기장군,1,화물차승용차,0,1,0,85,0,0
2017-09-17,1,6,1,1,0,0,0,전북,남원시,1,6,0,0,0,0,1,126.9784,37.5666,전북남원시,0,승용차없음,0,1,0,193,0,0
2017-09-17,0,6,1,1,0,0,0,전북,전주시,1,6,0,0,0,6,1,127.1127,35.8429,전북전주시,0,원동기장치자전거없음,0,1,0,11,0,0
2017-09-18,0,0,1,1,0,0,0,전북,전주시,1,8,6,1,3,7,2,127.1106,35.8254,전북전주시,0,자전거승용차,0,0,0,11,0,0