발생년월일,주야,요일,사망자수,사상자수,중상자수,경상자수,부상신고자수,발생지시도,발생지시군구,사고유형_대분류,사고유형_중분류,법규위반,도로형태_대분류,도로형태,당사자종별_1당_대분류,당사자종별_2당_대분류,경도,위도,발생지,사고피해정도,사고차량타입,도시여부,주말/공휴일,인구수,발생지번호,보행자의위치,무단횡단여부
2017-09-18,0,0,1,1,0,0,0,경기,수원시,1,1,0,0,0,2,1,127.0352,37.3088,경기수원시,0,승합차없음,0,0,0,99,0,0
2017-09-18,0,0,1,1,0,0,0,경남,밀양시,1,5,0,0,0,1,3,128.7729,35.4616,경남밀양시,0,화물차화물차,0,0,0,177,0,0
2017-09-18,1,0,1,1,0,0,0,경북,상주시,1,5,0,0,0,1,5,127.952,36.3875,경북상주시,0,화물차자전거,0,0,0,58,0,0
2017-09-18,1,0,1,2,1,0,0,충북,보은군,1,9,5,0,0,1,3,127.8211,36.4127,충북보은군,0,화물차화물차,0,0,0,32,0,0
2017-09-18,1,0,1,6,1,4,0,전남,구례군,1,9,5,0,0,2,3,127.6051,35.214,전남구례군,1,승합차화물차,0,0,0,161,0,0
2017-09-18,1,0,1,1,0,0,0,울산,울주군,1,5,0,1,2,1,3,129.1346,35.5941,울산울주군,0,화물차화물차,0,0,0,17,0,0
2017-09-18,1,0,1,3,0,0,2,경기,고양시,1,5,0,0,0,1,3,126.7077,37.6893,경기고양시,0,화물차화물차,0,0,0,40,0,0
2017-09-18,1,0,1,2,1,0,0,충남,청양군,1,5,0,0,0,1,9,127.0417,36.4477,충남청양군,0,화물차건설기계,0,0,0,174,0,0
2017-09-18,0,0,1,2,1,0,0,서울,동대문구,1,8,0,1,2,4,2,127.0499,37.584,서울동대문구,0,이륜차승용차,0,0,0,201,0,0
2017-09-18,0,0,1,1,0,0,0,제주,서귀포시,1,1,2,0,0,0,2,126.6774,33.279,제주서귀포시,0,승용차승용차,0,0,0,62,0,0
2017-09-18,0,0,1,2,0,1,0,경남,하동군,1,5,2,0,0,0,8,127.8727,35.0207,경남하동군,0,승용차농기계,0,0,0,172,0,0
2017-09-18,0,0,1,1,0,0,0,전북,전주시,1,8,6,1,1,4,2,127.1135,35.8575,전북전주시,0,이륜차승용차,0,0,0,11,0,0
2017-09-19,0,1,2,3,0,1,0,전남,장성군,1,12,2,0,0,0,1,126.6589,35.2634,전남장성군,1,승용차없음,0,0,0,146,0,0
2017-09-19,0,1,1,1,0,0,0,충북,청주시,1,5,0,0,0,1,8,127.3104,36.6037,충북청주시,0,화물차농기계,0,0,0,83,0,0
2017-09-19,1,1,1,1,0,0,0,경기,안산시,1,6,0,0,0,0,1,126.8853,37.3654,경기안산시,0,승용차없음,0,0,0,2,0,0
2017-09-19,1,1,1,2,1,0,0,경남,진주시,1,5,0,0,0,1,9,128.1144,35.1587,경남진주시,0,화물차건설기계,0,0,0,42,0,0
2017-09-19,1,1,1,1,0,0,0,충북,단양군,1,8,8,1,1,4,2,128.3437,36.9246,충북단양군,0,이륜차승용차,0,0,0,204,0,0
2017-09-19,0,1,1,1,0,0,0,전북,정읍시,1,1,0,0,0,9,1,126.9208,35.6518,전북정읍시,0,농기계없음,0,0,0,12,0,0
2017-09-19,0,1,1,1,0,0,0,전북,고창군,1,5,0,0,0,1,8,126.4889,35.4236,전북고창군,0,화물차농기계,0,0,0,219,0,0
2017-09-19,0,1,1,1,0,0,0,부산,사상구,1,8,10,0,0,4,2,128.992,35.1498,부산사상구,0,이륜차승용차,0,0,0,120,0,0
2017-09-20,1,2,1,1,0,0,0,강원,원주시,1,8,0,0,0,0,3,127.9336,37.3498,강원원주시,0,승용차화물차,0,0,0,36,0,0
2017-09-20,1,2,1,1,0,0,0,경북,청도군,1,5,0,0,0,1,8,128.9734,35.7683,경북청도군,0,화물차농기계,0,0,0,3,0,0
2017-09-20,1,2,1,1,0,0,0,경북,문경시,1,6,0,0,0,4,1,128.0674,36.7443,경북문경시,0,이륜차없음,0,0,0,74,0,0
2017-09-20,1,2,1,1,0,0,0,강원,홍천군,1,1,0,0,0,1,1,128.1128,37.8087,강원홍천군,0,화물차없음,0,0,0,82,0,0
2017-09-20,0,2,1,2,0,1,0,충북,보은군,1,5,0,0,0,1,3,127.7823,36.4553,충북보은군,0,화물차화물차,0,0,0,32,0,0
2017-09-21,0,3,1,1,0,0,0,경기,화성시,1,1,0,0,0,0,3,126.8918,37.1546,경기화성시,0,승용차화물차,0,0,0,50,0,0
2017-09-21,0,3,1,2,1,0,0,충남,아산시,1,5,0,0,0,4,6,127.1065,36.7968,충남아산시,0,이륜차승합차,0,0,0,53,0,0
2017-09-21,1,3,1,1,0,0,0,대구,동구,1,8,6,1,1,0,2,128.6406,35.9212,대구동구,0,승용차승용차,0,0,0,26,0,0
2017-09-21,1,3,1,2,1,0,0,강원,원주시,1,10,0,0,0,1,1,127.8194,37.435,강원원주시,0,화물차없음,0,0,0,36,0,0
2017-09-21,1,3,1,4,2,1,0,전남,해남군,1,8,3,0,0,1,3,126.5495,34.4746,전남해남군,1,화물차화물차,0,0,0,119,0,0
2017-09-21,1,3,1,1,0,0,0,경기,용인시,1,8,10,0,0,6,2,127.3706,37.1701,경기용인시,0,원동기장치자전거승용차,0,0,0,51,0,0
2017-09-21,1,3,1,1,0,0,0,대구,수성구,1,5,0,0,0,0,5,128.6081,35.8444,대구수성구,0,승용차자전거,0,0,0,37,0,0
2017-09-21,1,3,1,1,0,0,0,경북,경주시,1,10,0,0,0,1,1,129.4216,35.669,경북경주시,0,화물차없음,0,0,0,100,0,0
2017-09-21,1,3,1,1,0,0,0,강원,양구군,1,11,0,0,0,4,1,127.8674,38.2207,강원양구군,0,이륜차없음,0,0,0,115,0,0
2017-09-21,0,3,1,1,0,0,0,경남,창녕군,1,1,0,0,0,9,1,128.4298,35.5453,경남창녕군,0,농기계없음,0,0,0,211,0,0
2017-09-21,0,3,1,1,0,0,0,경북,청도군,1,5,0,0,0,0,5,128.6771,35.6563,경북청도군,0,승용차자전거,0,0,0,3,0,0
2017-09-22,0,4,1,2,0,1,0,전북,정읍시,1,5,0,1,2,1,3,126.8593,35.588,전북정읍시,0,화물차화물차,0,0,0,12,0,0
2017-09-22,1,4,1,1,0,0,0,서울,성동구,1,1,0,0,0,1,1,127.0607,37.5447,서울성동구,0,화물차없음,0,0,0,84,0,0
2017-09-22,1,4,1,2,0,1,0,전남,무안군,1,8,6,1,1,4,2,126.3627,34.9979,전남무안군,0,이륜차승용차,0,0,0,101,0,0
2017-09-22,1,4,1,2,0,1,0,전북,김제시,1,8,0,1,1,1,7,126.9463,35.7898,전북김제시,0,화물차원동기장치자전거,0,0,0,34,0,0
2017-09-22,1,4,1,1,0,0,0,경기,고양시,1,8,0,1,1,2,4,126.8893,37.6524,경기고양시,0,승합차이륜차,0,0,0,40,0,0
2017-09-22,1,4,1,1,0,0,0,대전,동구,1,9,5,0,0,0,4,127.5278,36.4176,대전동구,0,승용차이륜차,0,0,0,80,0,0
2017-09-22,1,4,1,1,0,0,0,대구,달성군,1,8,0,1,1,6,9,128.4137,35.6574,대구달성군,0,원동기장치자전거건설기계,0,0,0,30,0,0
2017-09-22,1,4,1,1,0,0,0,인천,강화군,1,5,7,1,1,7,3,126.488,37.7452,인천강화군,0,자전거화물차,0,0,0,92,0,0
2017-09-22,0,4,1,4,1,2,0,전북,임실군,1,5,0,0,0,0,8,127.2049,35.5738,전북임실군,1,승용차농기계,0,0,0,152,0,0
2017-09-22,0,4,1,2,0,1,0,경기,안양시,1,8,0,1,3,2,5,126.9555,37.3781,경기안양시,0,승합차자전거,0,0,0,151,0,0
2017-09-22,0,4,1,3,2,0,0,전북,전주시,1,8,6,1,1,4,4,127.1123,35.8189,전북전주시,1,이륜차이륜차,0,0,0,11,0,0
2017-09-23,0,5,1,3,1,1,0,경남,김해시,1,1,2,0,0,0,1,128.8673,35.2619,경남김해시,0,승용차없음,0,1,0,13,0,0
2017-09-23,0,5,1,2,1,0,0,경기,안산시,1,10,0,1,2,0,1,126.7977,37.3348,경기안산시,0,승용차없음,0,1,0,2,0,0
2017-09-23,1,5,1,1,0,0,0,광주,광산구,1,1,0,2,4,7,1,126.8545,35.2153,광주광산구,0,자전거없음,0,1,0,135,0,0
2017-09-23,1,5,1,5,0,4,0,강원,평창군,1,8,5,0,0,4,6,128.4161,37.4313,강원평창군,1,이륜차승합차,0,1,0,24,0,0
2017-09-23,1,5,1,1,0,0,0,서울,성동구,1,1,0,1,2,2,5,127.0377,37.5716,서울성동구,0,승합차자전거,0,1,0,84,0,0
2017-09-23,1,5,1,3,1,1,0,경기,안성시,1,9,5,0,0,1,9,127.2634,37.0827,경기안성시,0,화물차건설기계,0,1,0,23,0,0
2017-09-23,1,5,1,1,0,0,0,충남,아산시,1,8,6,1,1,0,4,126.9845,36.7859,충남아산시,0,승용차이륜차,0,1,0,53,0,0
2017-09-23,0,5,1,1,0,0,0,제주,서귀포시,1,8,2,0,0,5,4,126.9034,33.4039,제주서귀포시,0,특수차이륜차,0,1,0,62,0,0
2017-09-24,0,6,1,2,1,0,0,경남,진주시,1,9,5,0,0,4,2,128.1038,35.2008,경남진주시,0,이륜차승용차,0,1,0,42,0,0
2017-09-24,0,6,1,2,1,0,0,전북,진안군,1,5,0,0,0,2,8,127.4244,35.7508,전북진안군,0,승합차농기계,0,1,0,192,0,0
2017-09-24,1,6,1,1,0,0,0,전북,완주군,1,5,0,0,0,0,5,127.1004,35.9199,전북완주군,0,승용차자전거,0,1,0,28,0,0
2017-09-24,1,6,1,1,0,0,0,전북,남원시,1,6,0,0,0,0,1,127.3867,35.4039,전북남원시,0,승용차없음,0,1,0,193,0,0
2017-09-24,1,6,1,4,2,1,0,전남,화순군,1,9,5,0,0,0,2,127.1528,34.9764,전남화순군,1,승용차승용차,0,1,0,88,0,0
2017-09-24,1,6,1,1,0,0,0,대구,수성구,1,8,3,0,0,0,4,128.6506,35.8567,대구수성구,0,승용차이륜차,0,1,0,37,0,0
2017-09-24,1,6,1,1,0,0,0,전북,완주군,1,1,0,0,0,7,1,127.1468,35.7235,전북완주군,0,자전거없음,0,1,0,28,0,0
2017-09-24,1,6,1,1,0,0,0,충남,당진시,1,6,0,0,0,0,1,126.8171,36.9432,충남당진시,0,승용차없음,0,1,0,46,0,0
2017-09-24,1,6,1,1,0,0,0,경북,경주시,1,6,0,0,0,4,1,129.2462,35.9619,경북경주시,0,이륜차없음,0,1,0,100,0,0
2017-09-24,0,6,1,1,0,0,0,경북,안동시,1,10,0,0,0,4,1,128.8837,36.7822,경북안동시,0,이륜차없음,0,1,0,66,0,0
2017-09-25,0,0,1,1,0,0,0,울산,울주군,1,9,6,1,1,0,4,129.3387,35.4713,울산울주군,0,승용차이륜차,0,0,0,17,0,0
2017-09-25,1,0,1,3,1,1,0,전북,김제시,1,5,0,0,0,0,3,127.0408,35.7893,전북김제시,0,승용차화물차,0,0,0,34,0,0
2017-09-25,1,0,1,1,0,0,0,충북,충주시,1,1,0,1,2,1,5,127.9181,36.971,충북충주시,0,화물차자전거,0,0,0,6,0,0
2017-09-25,1,0,1,1,0,0,0,서울,성북구,1,8,6,1,1,6,2,127.0237,37.5864,서울성북구,0,원동기장치자전거승용차,0,0,0,167,0,0
2017-09-25,1,0,1,1,0,0,0,전남,여수시,1,8,5,0,0,4,2,127.6178,34.6785,전남여수시,0,이륜차승용차,0,0,0,102,0,0
2017-09-25,0,0,1,2,1,0,0,경기,파주시,1,5,0,0,0,0,8,126.7861,37.7451,경기파주시,0,승용차농기계,0,0,0,175,0,0
2017-09-25,0,0,1,1,0,0,0,경기,남양주시,1,8,0,0,0,0,5,127.1609,37.6476,경기남양주시,0,승용차자전거,0,0,0,70,0,0
2017-09-26,0,1,1,1,0,0,0,서울,강서구,1,5,0,0,0,0,3,126.852,37.5699,서울강서구,0,승용차화물차,0,0,0,43,0,0
2017-09-26,1,1,1,2,1,0,0,경북,안동시,1,12,0,0,0,4,1,128.9232,36.4605,경북안동시,0,이륜차없음,0,0,0,66,0,0
2017-09-26,1,1,1,1,0,0,0,전남,영암군,1,1,4,0,0,9,1,126.6707,34.8102,전남영암군,0,농기계없음,0,0,0,16,0,0
2017-09-26,1,1,1,1,0,0,0,전남,고흥군,1,8,5,1,2,6,3,127.1469,34.5233,전남고흥군,0,원동기장치자전거화물차,0,0,0,191,0,0
2017-09-26,1,1,1,1,0,0,0,전북,순창군,1,9,5,0,0,4,3,127.1859,35.39,전북순창군,0,이륜차화물차,0,0,0,131,0,0
2017-09-26,1,1,2,3,1,0,0,강원,철원군,1,8,0,0,0,1,8,127.2017,38.2553,강원철원군,1,화물차농기계,0,0,0,184,0,0
2017-09-26,1,1,1,2,1,0,0,충남,서천군,1,8,0,1,2,0,2,126.6688,36.0948,충남서천군,0,승용차승용차,0,0,0,10,0,0
2017-09-26,1,1,1,1,0,0,0,제주,서귀포시,1,1,3,0,0,4,2,126.5546,33.2522,제주서귀포시,0,이륜차승용차,0,0,0,62,0,0
2017-09-26,1,1,1,1,0,0,0,경기,파주시,1,8,5,0,0,7,2,126.7057,37.7758,경기파주시,0,자전거승용차,0,0,0,175,0,0
2017-09-26,1,1,2,3,0,1,0,서울,서초구,1,5,0,0,0,0,2,127.0508,37.4522,서울서초구,1,승용차승용차,0,0,0,214,0,0
2017-09-26,1,1,1,1,0,0,0,부산,금정구,1,5,0,0,0,1,3,129.0947,35.2478,부산금정구,0,화물차화물차,0,0,0,96,0,0
2017-09-26,0,1,1,1,0,0,0,충북,제천시,1,10,0,1,1,3,1,128.2824,37.1902,충북제천시,0,건설기계없음,0,0,0,103,0,0
2017-09-27,0,2,1,1,0,0,0,경기,용인시,1,5,3,0,0,1,3,127.2764,37.2437,경기용인시,0,화물차화물차,0,0,0,51,0,0
2017-09-27,0,2,1,1,0,0,0,강원,태백시,1,6,0,0,0,0,1,128.9897,37.1573,강원태백시,0,승용차없음,0,0,0,215,0,0
2017-09-27,0,2,1,1,0,0,0,전북,고창군,1,5,0,0,0,2,5,126.562,35.4098,전북고창군,0,승합차자전거,0,0,0,219,0,0
2017-09-27,1,2,1,1,0,0,0,경기,연천군,1,11,0,0,0,8,1,127.1019,38.0323,경기연천군,0,기타없음,0,0,0,106,0,0
2017-09-27,1,2,1,1,0,0,0,경북,영천시,1,12,0,0,0,0,1,128.9087,35.982,경북영천시,0,승용차없음,0,0,0,5,0,0
2017-09-27,1,2,1,1,0,0,0,경남,밀양시,1,1,0,0,0,1,3,128.782,35.5101,경남밀양시,0,화물차화물차,0,0,0,177,0,0
2017-09-27,1,2,1,1,0,0,0,전남,영광군,1,11,0,1,2,1,1,126.3891,35.2224,전남영광군,0,화물차없음,0,0,0,127,0,0
2017-09-27,0,2,1,1,0,0,0,경남,창녕군,1,1,0,0,0,0,2,128.6029,35.4349,경남창녕군,0,승용차승용차,0,0,0,211,0,0
2017-09-27,0,2,1,1,0,0,0,인천,연수구,1,6,0,0,0,0,1,126.6968,37.4361,인천연수구,0,승용차없음,0,0,0,35,0,0
2017-09-28,0,3,1,1,0,0,0,경북,봉화군,1,6,0,0,0,1,1,128.7126,36.8785,경북봉화군,0,화물차없음,0,0,0,149,0,0
2017-09-28,0,3,1,2,0,1,0,충남,당진시,1,6,0,0,0,4,1,126.6352,36.9016,충남당진시,0,이륜차없음,0,0,0,46,0,0
2017-09-28,0,3,1,2,0,1,0,경기,평택시,1,8,6,1,1,0,2,127.0412,37.0459,경기평택시,0,승용차승용차,0,0,0,14,0,0
2017-09-28,1,3,1,1,0,0,0,전남,장성군,1,5,2,0,0,0,4,126.8029,35.3274,전남장성군,0,승용차이륜차,0,0,0,146,0,0
2017-09-28,1,3,1,1,0,0,0,경기,의정부시,1,8,0,0,0,6,6,127.0438,37.7412,경기의정부시,0,원동기장치자전거승합차,0,0,0,64,0,0
2017-09-28,0,3,1,1,0,0,0,경북,김천시,1,6,0,0,0,1,1,128.0189,35.8996,경북김천시,0,화물차없음,0,0,0,76,0,0
2017-09-28,0,3,1,2,0,0,1,경북,울진군,1,1,0,0,0,0,3,129.3842,36.9201,경북울진군,0,승용차화물차,0,0,0,208,0,0
2017-09-29,1,4,1,1,0,0,0,서울,강남구,1,5,2,0,0,0,4,127.0487,37.4737,서울강남구,0,승용차이륜차,0,0,0,89,0,0
2017-09-29,1,4,1,1,0,0,0,경남,창녕군,1,8,6,1,1,7,2,128.5267,35.4553,경남창녕군,0,자전거승용차,0,0,0,211,0,0
2017-09-29,1,4,1,1,0,0,0,경기,안산시,1,8,0,0,0,4,3,126.8403,37.3469,경기안산시,0,이륜차화물차,0,0,0,2,0,0
2017-09-29,1,4,1,1,0,0,0,강원,평창군,1,9,5,0,0,0,9,128.5395,37.6436,강원평창군,0,승용차건설기계,0,0,0,24,0,0
2017-09-29,1,4,1,2,0,1,0,전북,순창군,1,8,6,1,1,2,2,127.1448,35.3571,전북순창군,0,승합차승용차,0,0,0,131,0,0
2017-09-29,1,4,1,1,0,0,0,전북,익산시,1,1,0,1,2,0,4,126.9659,35.9609,전북익산시,0,승용차이륜차,0,0,0,125,0,0
2017-09-29,1,4,1,1,0,0,0,경기,이천시,1,10,0,0,0,8,1,127.4585,37.2565,경기이천시,0,기타없음,0,0,0,41,0,0
2017-09-29,1,4,1,2,0,1,0,부산,기장군,1,8,6,1,1,4,2,129.1726,35.3194,부산기장군,0,이륜차승용차,0,0,0,85,0,0
2017-09-29,1,4,1,1,0,0,0,강원,홍천군,1,8,8,1,1,4,2,127.9322,37.682,강원홍천군,0,이륜차승용차,0,0,0,82,0,0
2017-09-29,0,4,2,2,0,0,0,전남,해남군,1,5,0,0,0,1,8,126.5123,34.4383,전남해남군,0,화물차농기계,0,0,0,119,0,0
2017-09-29,0,4,1,1,0,0,0,전북,고창군,1,11,0,0,0,9,1,126.671,35.4976,전북고창군,0,농기계없음,0,0,0,219,0,0
2017-09-29,0,4,1,1,0,0,0,경기,오산시,1,8,0,0,0,0,4,127.039,37.1475,경기오산시,0,승용차이륜차,0,0,0,143,0,0
2017-09-30,0,5,1,1,0,0,0,충북,충주시,1,6,0,1,1,0,1,127.9002,36.9434,충북충주시,0,승용차없음,0,1,0,6,0,0
2017-09-30,0,5,1,1,0,0,0,서울,강남구,1,1,0,0,0,0,4,127.0558,37.5275,서울강남구,0,승용차이륜차,0,1,0,89,0,0
2017-09-30,1,5,1,1,0,0,0,전남,곡성군,1,1,0,1,2,4,1,127.2937,35.2782,전남곡성군,0,이륜차없음,0,1,0,147,0,0
2017-09-30,1,5,1,1,0,0,0,전남,해남군,1,6,0,0,0,0,1,126.665,34.4553,전남해남군,0,승용차없음,0,1,0,119,0,0
2017-09-30,1,5,1,1,0,0,0,충남,천안시,1,8,6,1,2,4,3,127.2306,36.9141,충남천안시,0,이륜차화물차,0,1,0,63,0,0
2017-09-30,1,5,1,1,0,0,0,울산,남구,1,1,5,0,0,5,2,129.3544,35.5437,울산남구,0,특수차승용차,0,1,0,213,0,0
2017-09-30,1,5,1,7,0,6,0,경북,청도군,1,8,6,1,1,4,6,128.8861,35.7138,경북청도군,1,이륜차승합차,0,1,0,3,0,0
2017-09-30,1,5,1,1,0,0,0,전남,무안군,1,1,0,0,0,9,1,126.4739,34.8603,전남무안군,0,농기계없음,0,1,0,101,0,0
2017-09-30,1,5,1,2,1,0,0,전북,고창군,1,8,8,1,2,1,4,126.6609,35.3894,전북고창군,0,화물차이륜차,0,1,0,219,0,0
2017-09-30,1,5,1,1,0,0,0,전북,김제시,1,11,0,0,0,1,1,126.818,35.8382,전북김제시,0,화물차없음,0,1,0,34,0,0
2017-09-30,0,5,1,1,0,0,0,경남,합천군,1,8,6,1,1,7,2,128.1705,35.5676,경남합천군,0,자전거승용차,0,1,0,133,0,0
2017-09-30,0,5,1,2,0,0,1,경북,칠곡군,1,8,0,0,0,0,3,128.5277,36.1063,경북칠곡군,0,승용차화물차,0,1,0,21,0,0
2017-09-30,0,5,1,2,1,0,0,경기,안산시,1,8,6,1,1,6,2,126.8744,37.3028,경기안산시,0,원동기장치자전거승용차,0,1,0,2,0,0
2017-10-01,0,6,1,3,2,0,0,경남,김해시,1,8,5,0,0,0,2,128.9851,35.2779,경남김해시,1,승용차승용차,0,1,0,13,0,0
2017-10-01,1,6,1,2,0,1,0,대구,동구,1,8,6,2,4,4,2,128.6231,35.8758,대구동구,0,이륜차승용차,0,1,0,26,0,0
2017-10-01,1,6,1,3,1,1,0,경기,남양주시,1,5,0,2,4,0,3,127.1782,37.6151,경기남양주시,0,승용차화물차,0,1,0,70,0,0
2017-10-01,1,6,1,1,0,0,0,충남,서천군,1,1,0,1,1,0,1,126.7092,36.0068,충남서천군,0,승용차없음,0,1,0,10,0,0
2017-10-01,1,6,1,1,0,0,0,전북,군산시,1,6,0,1,2,1,1,126.7444,35.989,전북군산시,0,화물차없음,0,1,0,166,0,0
2017-10-01,1,6,1,1,0,0,0,경기,김포시,1,1,0,0,0,2,5,126.5568,37.7134,경기김포시,0,승합차자전거,0,1,0,47,0,0
2017-10-01,0,6,1,1,0,0,0,충남,천안시,1,6,0,0,0,1,1,127.19,36.8011,충남천안시,0,화물차없음,0,1,0,63,0,0
2017-10-01,0,6,1,2,1,0,0,경기,의왕시,1,8,0,0,0,0,2,126.9651,37.3592,경기의왕시,0,승용차승용차,0,1,0,199,0,0
2017-10-01,0,6,3,4,1,0,0,충남,논산시,1,9,5,0,0,0,2,127.0268,36.1599,충남논산시,1,승용차승용차,0,1,0,61,0,0
2017-10-02,0,0,1,2,1,0,0,경기,의정부시,1,5,0,0,0,4,2,127.0751,37.7547,경기의정부시,0,이륜차승용차,0,1,0,64,0,0
2017-10-02,0,0,1,2,1,0,0,경남,거제시,1,1,0,0,0,0,1,128.5909,34.8926,경남거제시,0,승용차없음,0,1,0,15,0,0
2017-10-02,0,0,1,1,0,0,0,서울,동대문구,1,6,0,1,1,4,1,127.0684,37.5728,서울동대문구,0,이륜차없음,0,1,0,201,0,0
2017-10-02,0,0,1,1,0,0,0,경기,안양시,1,8,0,1,1,1,7,126.9691,37.3824,경기안양시,0,화물차원동기장치자전거,0,1,0,151,0,0
2017-10-02,0,0,1,1,0,0,0,전북,남원시,1,5,0,0,0,1,5,127.3766,35.4081,전북남원시,0,화물차자전거,0,1,0,193,0,0
2017-10-02,0,0,1,1,0,0,0,경기,용인시,1,5,0,1,3,0,4,127.1122,37.2554,경기용인시,0,승용차이륜차,0,1,0,51,0,0
2017-10-03,0,1,1,1,0,0,0,경기,가평군,1,1,0,0,0,8,1,127.533,37.7099,경기가평군,0,기타없음,0,1,0,176,0,0
2017-10-03,1,1,1,2,1,0,0,부산,사상구,1,5,0,0,0,0,11,128.9886,35.169,부산사상구,0,승용차특수차,0,1,0,120,0,0
2017-10-03,1,1,1,3,1,1,0,충남,아산시,1,8,5,2,4,0,2,126.9892,36.6666,충남아산시,0,승용차승용차,0,1,0,53,0,0
2017-10-03,1,1,1,1,0,0,0,강원,철원군,1,10,0,2,4,6,1,127.2383,38.1707,강원철원군,0,원동기장치자전거없음,0,1,0,184,0,0
2017-10-03,0,1,1,4,2,1,0,충북,음성군,1,8,6,1,1,0,6,127.6107,37.0349,충북음성군,1,승용차승합차,0,1,0,110,0,0
2017-10-04,0,2,1,1,0,0,0,서울,강북구,1,8,0,0,0,0,2,127.0129,37.6235,서울강북구,0,승용차승용차,0,1,0,200,0,0
2017-10-04,1,2,1,4,0,3,0,충남,금산군,1,8,0,0,0,0,2,127.4662,36.19,충남금산군,1,승용차승용차,0,1,0,68,0,0
2017-10-05,0,3,1,1,0,0,0,경기,화성시,1,1,0,0,0,4,1,126.8598,37.1027,경기화성시,0,이륜차없음,0,1,0,50,0,0
2017-10-05,0,3,1,1,0,0,0,인천,부평구,1,1,0,1,1,0,2,126.7317,37.5116,인천부평구,0,승용차승용차,0,1,0,44,0,0
2017-10-06,0,4,1,1,0,0,0,강원,원주시,1,11,0,0,0,4,1,127.9572,37.3458,강원원주시,0,이륜차없음,0,0,0,36,0,0
2017-10-06,0,4,1,1,0,0,0,충남,서산시,1,6,5,0,0,0,1,126.4498,36.7706,충남서산시,0,승용차없음,0,0,0,69,0,0
2017-10-06,0,4,1,1,0,0,0,대구,달성군,1,1,0,0,0,4,1,128.4295,35.8627,대구달성군,0,이륜차없음,0,0,0,30,0,0
2017-10-06,1,4,1,1,0,0,0,경기,포천시,1,12,0,0,0,6,1,127.3097,37.9314,경기포천시,0,원동기장치자전거없음,0,0,0,171,0,0
2017-10-06,1,4,1,1,0,0,0,전남,광양시,1,8,5,0,0,1,7,127.7095,34.9509,전남광양시,0,화물차원동기장치자전거,0,0,0,130,0,0
2017-10-06,1,4,1,1,0,0,0,전남,진도군,1,1,8,1,1,2,3,126.2388,34.4885,전남진도군,0,승합차화물차,0,0,0,71,0,0
2017-10-06,1,4,1,3,2,0,0,전남,진도군,1,6,0,0,0,1,1,126.3606,34.4729,전남진도군,1,화물차없음,0,0,0,71,0,0
2017-10-06,0,4,1,1,0,0,0,대구,달서구,1,8,6,1,1,0,4,128.5721,35.862,대구달서구,0,승용차이륜차,0,0,0,20,0,0
2017-10-07,0,5,2,2,0,0,0,전남,목포시,1,6,0,0,0,0,1,126.4503,34.8141,전남목포시,0,승용차없음,0,1,0,153,0,0
2017-10-07,0,5,1,2,0,1,0,전북,군산시,1,6,2,0,0,0,1,126.6834,35.9705,전북군산시,0,승용차없음,0,1,0,166,0,0
2017-10-07,1,5,1,1,0,0,0,강원,철원군,1,10,0,0,0,4,1,127.1584,38.2624,강원철원군,0,이륜차없음,0,1,0,184,0,0
2017-10-07,0,5,1,2,1,0,0,경남,함양군,1,9,5,1,2,9,2,127.7161,35.5228,경남함양군,0,농기계승용차,0,1,0,108,0,0
2017-10-08,1,6,1,2,1,0,0,광주,북구,1,9,5,0,0,0,2,126.8815,35.1752,광주북구,0,승용차승용차,0,1,0,137,0,0
2017-10-08,1,6,1,1,0,0,0,전남,보성군,1,5,3,0,0,4,2,127.0983,34.7879,전남보성군,0,이륜차승용차,0,1,0,122,0,0
2017-10-08,1,6,1,2,0,1,0,경기,이천시,1,1,5,0,0,7,3,127.5988,37.1364,경기이천시,0,자전거화물차,0,1,0,41,0,0
2017-10-08,1,6,1,1,0,0,0,충남,예산군,1,1,0,0,0,4,2,126.833,36.7578,충남예산군,0,이륜차승용차,0,1,0,187,0,0
2017-10-08,0,6,1,1,0,0,0,세종,세종,1,8,0,0,0,0,2,127.2311,36.4995,세종세종,0,승용차승용차,1,1,0,229,0,0
2017-10-09,0,0,1,1,0,0,0,경남,창녕군,1,9,0,1,2,6,2,128.5251,35.4494,경남창녕군,0,원동기장치자전거승용차,0,1,0,211,0,0
2017-10-09,0,0,1,1,0,0,0,경북,경주시,1,6,0,0,0,0,1,129.4973,35.8057,경북경주시,0,승용차없음,0,1,0,100,0,0
2017-10-09,0,0,1,1,0,0,0,서울,도봉구,1,1,0,0,0,4,1,127.051,37.6856,서울도봉구,0,이륜차없음,0,1,0,98,0,0
2017-10-09,0,0,1,1,0,0,0,경남,창원시(통합),1,5,0,0,0,0,5,128.5739,35.2272,경남창원시(통합),0,승용차자전거,0,1,0,86,0,0
2017-10-09,1,0,1,1,0,0,0,경남,창원시(통합),1,5,0,0,0,0,2,128.5601,35.205,경남창원시(통합),0,승용차승용차,0,1,0,86,0,0
2017-10-09,1,0,1,1,0,0,0,경남,밀양시,1,8,0,0,0,1,4,128.6438,35.4677,경남밀양시,0,화물차이륜차,0,1,0,177,0,0
2017-10-09,1,0,1,2,0,1,0,경남,창녕군,1,1,0,0,0,9,3,128.4639,35.4581,경남창녕군,0,농기계화물차,0,1,0,211,0,0
2017-10-09,1,0,1,1,0,0,0,충남,당진시,1,5,3,1,2,4,2,126.8055,36.9201,충남당진시,0,이륜차승용차,0,1,0,46,0,0