발생년월일,주야,요일,사망자수,사상자수,중상자수,경상자수,부상신고자수,발생지시도,발생지시군구,사고유형_대분류,사고유형_중분류,법규위반,도로형태_대분류,도로형태,당사자종별_1당_대분류,당사자종별_2당_대분류,경도,위도,발생지,사고피해정도,사고차량타입,도시여부,주말/공휴일,인구수,발생지번호,보행자의위치,무단횡단여부
2017-10-09,1,0,1,1,0,0,0,경북,봉화군,1,1,0,0,0,1,1,128.9905,36.9815,경북봉화군,0,화물차없음,0,1,0,149,0,0
2017-10-09,1,0,1,1,0,0,0,대구,달성군,1,1,6,1,1,4,6,128.4223,35.7749,대구달성군,0,이륜차승합차,0,1,0,30,0,0
2017-10-09,0,0,1,1,0,0,0,경기,남양주시,1,1,0,0,0,4,2,127.3467,37.6576,경기남양주시,0,이륜차승용차,0,1,0,70,0,0
2017-10-09,0,0,1,1,0,0,0,전남,무안군,1,1,4,0,0,1,1,126.3113,35.1087,전남무안군,0,화물차없음,0,1,0,101,0,0
2017-10-10,0,1,2,6,3,1,0,경북,경산시,1,8,6,1,1,0,11,128.8177,35.9101,경북경산시,1,승용차특수차,0,0,0,52,0,0
2017-10-10,0,1,1,1,0,0,0,부산,금정구,1,6,0,0,0,0,1,129.1348,35.2415,부산금정구,0,승용차없음,0,0,0,96,0,0
2017-10-10,1,1,1,1,0,0,0,제주,제주시,1,1,6,1,1,4,2,126.1862,33.3026,제주제주시,0,이륜차승용차,0,0,0,90,0,0
2017-10-10,1,1,1,1,0,0,0,전남,광양시,1,8,8,1,1,0,12,127.5932,34.9749,전남광양시,0,승용차기타,0,0,0,130,0,0
2017-10-10,1,1,1,2,0,1,0,경기,평택시,1,9,5,0,0,0,9,127.0475,37.0961,경기평택시,0,승용차건설기계,0,0,0,14,0,0
2017-10-10,1,1,1,2,0,1,0,경북,상주시,1,8,0,1,1,6,3,128.1776,36.5619,경북상주시,0,원동기장치자전거화물차,0,0,0,58,0,0
2017-10-10,0,1,1,3,1,1,0,전남,장성군,1,1,5,0,0,1,8,126.8562,35.2457,전남장성군,0,화물차농기계,0,0,0,146,0,0
2017-10-10,0,1,1,3,1,1,0,경북,구미시,1,5,0,0,0,1,8,128.2408,36.2811,경북구미시,0,화물차농기계,0,0,0,144,0,0
2017-10-10,0,1,1,1,0,0,0,서울,성북구,1,1,0,0,0,0,2,127.0524,37.6211,서울성북구,0,승용차승용차,0,0,0,167,0,0
2017-10-11,0,2,1,1,0,0,0,충북,청주시,1,1,0,1,2,0,1,127.3989,36.6784,충북청주시,0,승용차없음,0,0,0,83,0,0
2017-10-11,0,2,1,1,0,0,0,서울,양천구,1,8,0,1,2,0,5,126.8365,37.5223,서울양천구,0,승용차자전거,0,0,0,140,0,0
2017-10-11,0,2,1,1,0,0,0,대전,대덕구,1,1,0,0,0,1,5,127.4063,36.4462,대전대덕구,0,화물차자전거,0,0,0,77,0,0
2017-10-11,1,2,1,1,0,0,0,전남,여수시,1,5,0,0,0,0,8,127.7285,34.8148,전남여수시,0,승용차농기계,0,0,0,102,0,0
2017-10-11,0,2,1,1,0,0,0,전남,함평군,1,6,0,0,0,0,1,126.483,35.0289,전남함평군,0,승용차없음,0,0,0,157,0,0
2017-10-11,0,2,1,4,2,1,0,경기,이천시,1,5,0,0,0,1,3,127.3938,37.2401,경기이천시,1,화물차화물차,0,0,0,41,0,0
2017-10-12,1,3,1,1,0,0,0,부산,부산진구,1,6,0,0,0,7,1,129.0487,35.1872,부산부산진구,0,자전거없음,0,0,0,163,0,0
2017-10-12,1,3,1,1,0,0,0,강원,양구군,1,10,0,2,4,4,1,128.0435,38.1733,강원양구군,0,이륜차없음,0,0,0,115,0,0
2017-10-12,1,3,1,1,0,0,0,경남,김해시,1,1,0,1,2,1,2,128.9047,35.2485,경남김해시,0,화물차승용차,0,0,0,13,0,0
2017-10-12,1,3,1,1,0,0,0,충남,태안군,1,1,0,0,0,9,1,126.3597,36.5963,충남태안군,0,농기계없음,0,0,0,169,0,0
2017-10-12,0,3,1,3,2,0,0,부산,수영구,1,5,0,0,0,0,3,129.1367,35.1571,부산수영구,1,승용차화물차,0,0,0,45,0,0
2017-10-13,0,4,1,2,1,0,0,대전,서구,1,8,6,1,1,4,2,127.3971,36.335,대전서구,0,이륜차승용차,0,0,0,4,0,0
2017-10-13,1,4,1,1,0,0,0,대구,수성구,1,6,0,0,0,4,1,128.6126,35.8596,대구수성구,0,이륜차없음,0,0,0,37,0,0
2017-10-13,1,4,1,1,0,0,0,전북,부안군,1,8,0,0,0,6,3,126.6646,35.7737,전북부안군,0,원동기장치자전거화물차,0,0,0,185,0,0
2017-10-13,1,4,1,22,9,12,0,충북,음성군,1,5,0,0,0,1,6,127.6545,37.1378,충북음성군,2,화물차승합차,0,0,0,110,0,0
2017-10-13,1,4,1,1,0,0,0,경남,사천시,1,8,6,1,1,6,2,128.0933,34.9394,경남사천시,0,원동기장치자전거승용차,0,0,0,57,0,0
2017-10-13,0,4,1,3,1,1,0,충남,공주시,1,6,0,0,0,0,1,127.0547,36.4699,충남공주시,0,승용차없음,0,0,0,19,0,0
2017-10-14,1,5,1,2,0,1,0,경기,포천시,1,1,0,0,0,0,8,127.269,37.9511,경기포천시,0,승용차농기계,0,1,0,171,0,0
2017-10-14,1,5,1,1,0,0,0,전남,영암군,1,8,0,1,1,4,3,126.6405,34.794,전남영암군,0,이륜차화물차,0,1,0,16,0,0
2017-10-14,1,5,1,3,1,1,0,강원,양양군,1,9,5,2,4,4,2,128.5416,38.0095,강원양양군,0,이륜차승용차,0,1,0,164,0,0
2017-10-14,1,5,1,1,0,0,0,경북,성주군,1,11,0,0,0,1,1,128.2908,35.9236,경북성주군,0,화물차없음,0,1,0,168,0,0
2017-10-14,1,5,1,1,0,0,0,전북,무주군,1,1,0,0,0,9,1,127.6377,35.9185,전북무주군,0,농기계없음,0,1,0,182,0,0
2017-10-14,0,5,1,2,1,0,0,충북,충주시,1,5,0,0,0,1,9,127.8315,37.0784,충북충주시,0,화물차건설기계,0,1,0,6,0,0
2017-10-14,0,5,1,1,0,0,0,전북,김제시,1,5,0,0,0,0,4,126.9569,35.9026,전북김제시,0,승용차이륜차,0,1,0,34,0,0
2017-10-15,0,6,1,1,0,0,0,경기,양주시,1,10,0,0,0,4,1,127.0735,37.8372,경기양주시,0,이륜차없음,0,1,0,59,0,0
2017-10-15,1,6,1,1,0,0,0,서울,광진구,1,1,0,0,0,0,5,127.1087,37.5438,서울광진구,0,승용차자전거,0,1,0,183,0,0
2017-10-15,1,6,1,1,0,0,0,부산,강서구,1,6,0,0,0,0,1,128.8437,35.111,부산강서구,0,승용차없음,0,1,0,206,0,0
2017-10-15,1,6,1,1,0,0,0,대전,유성구,1,12,0,0,0,4,1,127.2839,36.3602,대전유성구,0,이륜차없음,0,1,0,148,0,0
2017-10-15,1,6,2,6,4,0,0,충북,보은군,1,1,7,1,1,0,2,127.7383,36.496,충북보은군,2,승용차승용차,0,1,0,32,0,0
2017-10-15,1,6,1,1,0,0,0,경북,상주시,1,8,0,0,0,8,3,128.0791,36.3407,경북상주시,0,기타화물차,0,1,0,58,0,0
2017-10-15,1,6,1,1,0,0,0,강원,강릉시,1,8,0,0,0,0,5,128.9083,37.7683,강원강릉시,0,승용차자전거,0,1,0,194,0,0
2017-10-15,1,6,1,1,0,0,0,경북,칠곡군,1,1,0,0,0,4,1,128.3845,36.0211,경북칠곡군,0,이륜차없음,0,1,0,21,0,0
2017-10-15,0,6,1,1,0,0,0,충남,천안시,1,10,0,0,0,1,1,127.2922,36.7501,충남천안시,0,화물차없음,0,1,0,63,0,0
2017-10-15,0,6,1,1,0,0,0,경기,성남시,1,5,0,0,0,0,9,127.1622,37.4246,경기성남시,0,승용차건설기계,0,1,0,95,0,0
2017-10-16,1,0,1,1,0,0,0,대전,유성구,1,1,0,0,0,4,1,127.3638,36.3653,대전유성구,0,이륜차없음,0,0,0,148,0,0
2017-10-16,1,0,1,4,3,0,0,전북,김제시,1,5,3,1,2,1,3,126.9856,35.7866,전북김제시,1,화물차화물차,0,0,0,34,0,0
2017-10-16,1,0,1,1,0,0,0,전남,나주시,1,6,0,0,0,1,1,126.7518,34.9169,전남나주시,0,화물차없음,0,0,0,33,0,0
2017-10-16,1,0,1,2,1,0,0,경기,평택시,1,1,0,0,0,1,11,126.9889,37.0592,경기평택시,0,화물차특수차,0,0,0,14,0,0
2017-10-16,1,0,1,1,0,0,0,경남,거제시,1,6,0,0,0,0,1,128.5083,34.9029,경남거제시,0,승용차없음,0,0,0,15,0,0
2017-10-16,0,0,1,1,0,0,0,서울,은평구,1,8,6,1,3,6,2,126.9227,37.6066,서울은평구,0,원동기장치자전거승용차,0,0,0,139,0,0
2017-10-17,0,1,1,1,0,0,0,부산,해운대구,1,6,0,0,0,4,1,129.1312,35.2182,부산해운대구,0,이륜차없음,0,0,0,1,0,0
2017-10-17,0,1,1,2,1,0,0,서울,동작구,1,8,6,1,1,0,7,126.9142,37.4965,서울동작구,0,승용차원동기장치자전거,0,0,0,93,0,0
2017-10-17,1,1,1,4,3,0,0,강원,평창군,1,8,5,0,0,0,3,128.3928,37.3847,강원평창군,1,승용차화물차,0,0,0,24,0,0
2017-10-17,1,1,1,1,0,0,0,경기,평택시,1,5,0,0,0,1,4,127.0594,37.0925,경기평택시,0,화물차이륜차,0,0,0,14,0,0
2017-10-17,1,1,1,2,0,1,0,전북,정읍시,1,5,0,1,2,1,6,126.7638,35.5535,전북정읍시,0,화물차승합차,0,0,0,12,0,0
2017-10-17,1,1,1,1,0,0,0,경북,경산시,1,8,0,1,1,1,4,128.8342,35.7705,경북경산시,0,화물차이륜차,0,0,0,52,0,0
2017-10-17,1,1,1,1,0,0,0,전남,해남군,1,1,0,0,0,1,1,126.5074,34.5576,전남해남군,0,화물차없음,0,0,0,119,0,0
2017-10-17,1,1,1,13,3,9,0,경기,평택시,1,5,0,0,0,2,3,127.1505,37.0037,경기평택시,2,승합차화물차,0,0,0,14,0,0
2017-10-17,1,1,1,2,0,1,0,경북,김천시,1,9,5,0,0,4,2,128.2553,36.1732,경북김천시,0,이륜차승용차,0,0,0,76,0,0
2017-10-17,0,1,1,2,1,0,0,전남,순천시,1,9,5,0,0,0,3,127.4131,34.8569,전남순천시,0,승용차화물차,0,0,0,27,0,0
2017-10-17,0,1,1,3,0,2,0,경기,가평군,1,5,0,1,2,2,8,127.5059,37.8468,경기가평군,0,승합차농기계,0,0,0,176,0,0
2017-10-18,0,2,1,1,0,0,0,전남,화순군,1,6,0,1,1,0,1,126.908,35.027,전남화순군,0,승용차없음,0,0,0,88,0,0
2017-10-18,1,2,1,1,0,0,0,경북,김천시,1,8,0,0,0,8,5,128.2473,36.1593,경북김천시,0,기타자전거,0,0,0,76,0,0
2017-10-18,1,2,1,3,0,0,2,경기,하남시,1,5,0,0,0,1,3,127.1843,37.5799,경기하남시,0,화물차화물차,0,0,0,67,0,0
2017-10-18,1,2,1,4,0,3,0,충북,충주시,1,5,0,0,0,1,3,127.8459,36.9819,충북충주시,1,화물차화물차,0,0,0,6,0,0
2017-10-18,1,2,1,2,1,0,0,전북,고창군,1,5,0,0,0,1,8,126.487,35.4402,전북고창군,0,화물차농기계,0,0,0,219,0,0
2017-10-18,0,2,1,1,0,0,0,경기,안성시,1,8,7,1,1,4,2,127.2879,37.0292,경기안성시,0,이륜차승용차,0,0,0,23,0,0
2017-10-19,0,3,1,3,1,1,0,경기,안성시,1,8,6,1,1,0,2,127.2948,37.0119,경기안성시,0,승용차승용차,0,0,0,23,0,0
2017-10-19,1,3,1,4,2,1,0,경기,김포시,1,1,0,0,0,0,2,126.7012,37.6498,경기김포시,1,승용차승용차,0,0,0,47,0,0
2017-10-19,1,3,1,1,0,0,0,광주,광산구,1,8,0,1,1,3,5,126.8252,35.1738,광주광산구,0,건설기계자전거,0,0,0,135,0,0
2017-10-19,1,3,1,1,0,0,0,충남,태안군,1,10,0,0,0,9,1,126.2801,36.7325,충남태안군,0,농기계없음,0,0,0,169,0,0
2017-10-19,1,3,1,1,0,0,0,충남,공주시,1,5,0,0,0,1,3,127.0698,36.3596,충남공주시,0,화물차화물차,0,0,0,19,0,0
2017-10-19,0,3,2,5,2,1,0,전북,익산시,1,8,0,0,0,0,2,127.1055,36.0543,전북익산시,1,승용차승용차,0,0,0,125,0,0
2017-10-19,0,3,1,1,0,0,0,부산,강서구,1,8,5,0,0,4,2,128.9586,35.1769,부산강서구,0,이륜차승용차,0,0,0,206,0,0
2017-10-19,0,3,1,1,0,0,0,경남,김해시,1,10,0,0,0,0,1,128.8171,35.1775,경남김해시,0,승용차없음,0,0,0,13,0,0
2017-10-20,0,4,1,1,0,0,0,광주,광산구,1,1,0,0,0,0,1,126.7578,35.1187,광주광산구,0,승용차없음,0,0,0,135,0,0
2017-10-20,0,4,1,2,0,1,0,경기,부천시,1,5,0,1,2,0,2,126.7553,37.4939,경기부천시,0,승용차승용차,0,0,0,65,0,0
2017-10-20,1,4,1,1,0,0,0,충남,서산시,1,8,5,0,0,7,2,126.4469,36.7774,충남서산시,0,자전거승용차,0,0,0,69,0,0
2017-10-20,1,4,1,1,0,0,0,부산,부산진구,1,8,6,1,1,0,4,129.0218,35.1554,부산부산진구,0,승용차이륜차,0,0,0,163,0,0
2017-10-20,1,4,1,1,0,0,0,충남,예산군,1,9,5,0,0,4,3,126.8413,36.7329,충남예산군,0,이륜차화물차,0,0,0,187,0,0
2017-10-20,1,4,1,1,0,0,0,전북,장수군,1,5,0,0,0,1,8,127.5244,35.717,전북장수군,0,화물차농기계,0,0,0,155,0,0
2017-10-20,1,4,1,6,2,3,0,경기,고양시,1,9,5,0,0,1,2,126.9008,37.6902,경기고양시,1,화물차승용차,0,0,0,40,0,0
2017-10-20,1,4,1,1,0,0,0,대전,대덕구,1,8,9,1,1,4,6,127.4182,36.3464,대전대덕구,0,이륜차승합차,0,0,0,77,0,0
2017-10-20,1,4,1,2,0,0,1,경기,양평군,1,6,0,0,0,1,1,127.7324,37.5448,경기양평군,0,화물차없음,0,0,0,48,0,0
2017-10-20,0,4,1,1,0,0,0,세종,세종,1,11,0,1,2,0,1,127.2888,36.5714,세종세종,0,승용차없음,1,0,0,229,0,0
2017-10-20,0,4,1,2,0,1,0,서울,노원구,1,5,0,0,0,4,2,127.0568,37.669,서울노원구,0,이륜차승용차,0,0,0,18,0,0
2017-10-20,0,4,1,1,0,0,0,경북,경주시,1,8,0,1,2,1,5,129.2068,35.833,경북경주시,0,화물차자전거,0,0,0,100,0,0
2017-10-20,0,4,1,1,0,0,0,경기,부천시,1,5,0,0,0,4,3,126.8119,37.5197,경기부천시,0,이륜차화물차,0,0,0,65,0,0
2017-10-20,0,4,1,6,3,2,0,광주,동구,1,1,5,0,0,0,2,126.9224,35.1389,광주동구,1,승용차승용차,0,0,0,162,0,0
2017-10-21,0,5,1,1,0,0,0,충남,태안군,1,10,0,1,2,0,1,126.3404,36.5039,충남태안군,0,승용차없음,0,1,0,169,0,0
2017-10-21,0,5,1,11,0,0,10,경기,의왕시,1,5,0,0,0,1,3,126.9567,37.3258,경기의왕시,1,화물차화물차,0,1,0,199,0,0
2017-10-21,1,5,1,1,0,0,0,대구,북구,1,8,6,0,0,1,5,128.5842,35.8899,대구북구,0,화물차자전거,0,1,0,112,0,0
2017-10-21,1,5,1,1,0,0,0,충북,청주시,1,8,0,1,1,3,5,127.305,36.6032,충북청주시,0,건설기계자전거,0,1,0,83,0,0
2017-10-21,1,5,1,1,0,0,0,경북,구미시,1,10,0,0,0,9,1,128.3692,36.2114,경북구미시,0,농기계없음,0,1,0,144,0,0
2017-10-21,1,5,1,2,1,0,0,경기,포천시,1,1,0,0,0,0,1,127.2366,38.01,경기포천시,0,승용차없음,0,1,0,171,0,0
2017-10-21,1,5,2,2,0,0,0,경기,구리시,1,1,5,0,0,0,2,127.1409,37.63,경기구리시,0,승용차승용차,0,1,0,165,0,0
2017-10-21,1,5,1,3,2,0,0,전남,순천시,1,6,0,1,2,1,1,127.4273,35.0978,전남순천시,1,화물차없음,0,1,0,27,0,0
2017-10-21,0,5,1,1,0,0,0,경북,예천군,1,5,0,0,0,1,8,128.5051,36.7064,경북예천군,0,화물차농기계,0,1,0,55,0,0
2017-10-21,0,5,1,1,0,0,0,충남,논산시,1,10,0,0,0,4,1,127.0132,36.1706,충남논산시,0,이륜차없음,0,1,0,61,0,0
2017-10-21,0,5,1,1,0,0,0,인천,강화군,1,5,0,0,0,0,5,126.39,37.7324,인천강화군,0,승용차자전거,0,1,0,92,0,0
2017-10-21,0,5,1,1,0,0,0,전북,순창군,1,11,0,0,0,1,1,127.1629,35.3805,전북순창군,0,화물차없음,0,1,0,131,0,0
2017-10-21,0,5,1,1,0,0,0,경북,구미시,1,5,0,0,0,4,3,128.3431,36.1097,경북구미시,0,이륜차화물차,0,1,0,144,0,0
2017-10-21,0,5,1,2,0,1,0,전남,영암군,1,5,0,1,2,0,5,126.3732,34.7491,전남영암군,0,승용차자전거,0,1,0,16,0,0
2017-10-22,0,6,1,1,0,0,0,경북,영천시,1,6,0,1,2,1,1,128.8913,36.0547,경북영천시,0,화물차없음,0,1,0,5,0,0
2017-10-22,0,6,1,1,0,0,0,대전,동구,1,1,0,0,0,0,1,127.4751,36.369,대전동구,0,승용차없음,0,1,0,80,0,0
2017-10-22,0,6,1,1,0,0,0,경남,김해시,1,10,0,0,0,6,1,128.8223,35.1845,경남김해시,0,원동기장치자전거없음,0,1,0,13,0,0
2017-10-22,0,6,1,2,0,1,0,경기,군포시,1,8,3,0,0,4,6,126.9364,37.3231,경기군포시,0,이륜차승합차,0,1,0,126,0,0
2017-10-22,1,6,1,1,0,0,0,전남,곡성군,1,1,0,1,2,9,1,127.2648,35.1715,전남곡성군,0,농기계없음,0,1,0,147,0,0
2017-10-22,1,6,1,1,0,0,0,충북,괴산군,1,1,0,0,0,4,1,127.8713,36.6751,충북괴산군,0,이륜차없음,0,1,0,179,0,0
2017-10-22,1,6,2,4,2,0,0,경기,수원시,1,8,6,1,1,0,2,126.9655,37.2555,경기수원시,1,승용차승용차,0,1,0,99,0,0
2017-10-22,1,6,1,1,0,0,0,충북,청주시,1,9,5,0,0,1,4,127.6836,36.6106,충북청주시,0,화물차이륜차,0,1,0,83,0,0
2017-10-22,1,6,1,1,0,0,0,충남,금산군,1,1,0,0,0,7,1,127.4907,36.0012,충남금산군,0,자전거없음,0,1,0,68,0,0
2017-10-22,1,6,1,2,0,1,0,제주,제주시,1,6,0,0,0,0,1,126.3803,33.459,제주제주시,0,승용차없음,0,1,0,90,0,0
2017-10-22,0,6,1,1,0,0,0,전남,무안군,1,11,0,0,0,4,1,126.2815,35.1098,전남무안군,0,이륜차없음,0,1,0,101,0,0
2017-10-22,0,6,1,3,2,0,0,경북,구미시,1,10,0,0,0,0,1,128.3295,36.1338,경북구미시,1,승용차없음,0,1,0,144,0,0
2017-10-23,1,0,1,3,0,2,0,경기,파주시,1,9,5,0,0,0,2,126.7824,37.8173,경기파주시,0,승용차승용차,0,0,0,175,0,0
2017-10-23,1,0,2,2,0,0,0,대구,달성군,1,1,0,0,0,1,3,128.4044,35.767,대구달성군,0,화물차화물차,0,0,0,30,0,0
2017-10-23,1,0,1,3,0,0,2,전남,나주시,1,8,7,1,1,2,9,126.6223,34.9397,전남나주시,0,승합차건설기계,0,0,0,33,0,0
2017-10-23,1,0,1,1,0,0,0,전남,담양군,1,12,0,0,0,9,1,127.0067,35.2321,전남담양군,0,농기계없음,0,0,0,181,0,0
2017-10-23,1,0,1,1,0,0,0,전북,진안군,1,8,5,0,0,0,6,127.4868,35.8269,전북진안군,0,승용차승합차,0,0,0,192,0,0
2017-10-23,0,0,1,1,0,0,0,대전,서구,1,6,0,0,0,4,1,127.383,36.3242,대전서구,0,이륜차없음,0,0,0,4,0,0
2017-10-24,0,1,1,1,0,0,0,충남,아산시,1,1,0,0,0,1,2,127.0705,36.7846,충남아산시,0,화물차승용차,0,0,0,53,0,0
2017-10-24,0,1,1,4,1,2,0,충북,진천군,1,1,0,0,0,0,3,127.4885,36.8517,충북진천군,1,승용차화물차,0,0,0,60,0,0
2017-10-24,1,1,1,1,0,0,0,충남,부여군,1,8,6,1,1,3,3,126.7335,36.1924,충남부여군,0,건설기계화물차,0,0,0,129,0,0
2017-10-24,1,1,1,1,0,0,0,인천,부평구,1,5,0,0,0,4,2,126.7079,37.4708,인천부평구,0,이륜차승용차,0,0,0,44,0,0
2017-10-24,1,1,1,2,1,0,0,충북,제천시,1,8,5,1,1,6,3,128.1919,37.1651,충북제천시,0,원동기장치자전거화물차,0,0,0,103,0,0
2017-10-24,0,1,1,2,1,0,0,충남,아산시,1,11,0,0,0,1,1,126.956,36.7109,충남아산시,0,화물차없음,0,0,0,53,0,0
2017-10-25,0,2,1,1,0,0,0,대구,수성구,1,1,0,0,0,0,2,128.6108,35.8606,대구수성구,0,승용차승용차,0,0,0,37,0,0
2017-10-25,1,2,1,2,0,1,0,경남,밀양시,1,8,0,1,1,0,2,128.7157,35.3748,경남밀양시,0,승용차승용차,0,0,0,177,0,0
2017-10-25,1,2,1,1,0,0,0,충북,보은군,1,8,7,1,1,4,3,127.7287,36.5476,충북보은군,0,이륜차화물차,0,0,0,32,0,0
2017-10-25,1,2,1,2,1,0,0,전북,익산시,1,9,5,0,0,1,3,126.9777,36.0461,전북익산시,0,화물차화물차,0,0,0,125,0,0
2017-10-25,1,2,1,1,0,0,0,인천,서구,1,8,3,1,1,0,4,126.6631,37.5778,인천서구,0,승용차이륜차,0,0,0,97,0,0
2017-10-25,1,2,1,1,0,0,0,전남,담양군,1,1,0,1,1,1,5,126.9739,35.2232,전남담양군,0,화물차자전거,0,0,0,181,0,0
2017-10-25,1,2,1,1,0,0,0,경북,경산시,1,8,0,0,0,0,5,128.7357,35.8026,경북경산시,0,승용차자전거,0,0,0,52,0,0
2017-10-25,0,2,1,1,0,0,0,전북,진안군,1,5,0,0,0,1,8,127.5612,35.8425,전북진안군,0,화물차농기계,0,0,0,192,0,0
2017-10-25,0,2,1,1,0,0,0,강원,평창군,1,6,0,0,0,4,1,128.4021,37.5894,강원평창군,0,이륜차없음,0,0,0,24,0,0
2017-10-25,0,2,1,1,0,0,0,충남,보령시,1,1,0,0,0,7,9,126.6037,36.23,충남보령시,0,자전거건설기계,0,0,0,136,0,0
2017-10-25,0,2,1,2,1,0,0,강원,평창군,1,6,0,0,0,0,1,128.4314,37.5652,강원평창군,0,승용차없음,0,0,0,24,0,0
2017-10-26,0,3,1,1,0,0,0,충북,제천시,1,1,0,0,0,0,1,128.1996,37.108,충북제천시,0,승용차없음,0,0,0,103,0,0
2017-10-26,0,3,1,1,0,0,0,경기,양주시,1,6,0,0,0,4,1,127.0478,37.8205,경기양주시,0,이륜차없음,0,0,0,59,0,0
2017-10-26,1,3,1,3,1,1,0,부산,수영구,1,5,0,1,2,2,2,129.1294,35.1604,부산수영구,0,승합차승용차,0,0,0,45,0,0
2017-10-26,0,3,1,1,0,0,0,전남,담양군,1,1,0,0,0,1,8,126.9908,35.3016,전남담양군,0,화물차농기계,0,0,0,181,0,0
2017-10-26,0,3,1,2,1,0,0,충북,충주시,1,5,0,0,0,1,11,127.8487,37.0085,충북충주시,0,화물차특수차,0,0,0,6,0,0
2017-10-26,0,3,1,1,0,0,0,경남,창원시(통합),1,1,0,0,0,0,2,128.6703,35.1522,경남창원시(통합),0,승용차승용차,0,0,0,86,0,0
2017-10-27,0,4,1,2,1,0,0,울산,남구,1,1,0,0,0,0,4,129.273,35.5543,울산남구,0,승용차이륜차,0,0,0,213,0,0
2017-10-27,0,4,1,1,0,0,0,울산,남구,1,8,6,1,1,4,2,129.2676,35.5522,울산남구,0,이륜차승용차,0,0,0,213,0,0
2017-10-27,1,4,1,2,0,1,0,경남,창원시(통합),1,5,0,0,0,1,9,128.5237,35.2491,경남창원시(통합),0,화물차건설기계,0,0,0,86,0,0
2017-10-27,1,4,1,1,0,0,0,전남,장흥군,1,1,0,1,1,7,6,126.904,34.4993,전남장흥군,0,자전거승합차,0,0,0,56,0,0
2017-10-27,1,4,1,2,1,0,0,충남,금산군,1,1,0,0,0,0,2,127.4329,36.1732,충남금산군,0,승용차승용차,0,0,0,68,0,0
2017-10-27,1,4,1,1,0,0,0,강원,양양군,1,8,0,2,4,1,2,128.5349,37.9951,강원양양군,0,화물차승용차,0,0,0,164,0,0
2017-10-27,1,4,2,3,1,0,0,전남,무안군,1,9,5,0,0,0,3,126.295,35.0761,전남무안군,1,승용차화물차,0,0,0,101,0,0
2017-10-27,0,4,1,1,0,0,0,전북,군산시,1,5,0,1,1,0,5,126.7437,35.9824,전북군산시,0,승용차자전거,0,0,0,166,0,0
2017-10-27,0,4,1,1,0,0,0,전북,전주시,1,9,0,1,1,1,4,127.1329,35.8515,전북전주시,0,화물차이륜차,0,0,0,11,0,0
2017-10-27,0,4,1,1,0,0,0,경기,고양시,1,6,0,0,0,0,1,126.8478,37.6685,경기고양시,0,승용차없음,0,0,0,40,0,0
2017-10-27,0,4,1,1,0,0,0,경북,상주시,1,11,0,0,0,4,1,128.2566,36.4461,경북상주시,0,이륜차없음,0,0,0,58,0,0
2017-10-28,1,5,1,1,0,0,0,충남,아산시,1,1,0,0,0,4,1,126.9994,36.731,충남아산시,0,이륜차없음,0,1,0,53,0,0
2017-10-28,1,5,1,1,0,0,0,강원,양양군,1,12,0,0,0,4,1,128.695,38.0368,강원양양군,0,이륜차없음,0,1,0,164,0,0
2017-10-28,0,5,1,1,0,0,0,경북,상주시,1,8,0,0,0,0,4,128.1822,36.5724,경북상주시,0,승용차이륜차,0,1,0,58,0,0
2017-10-28,0,5,1,6,3,2,0,전남,영광군,1,8,0,0,0,1,6,126.49,35.1986,전남영광군,1,화물차승합차,0,1,0,127,0,0
2017-10-28,0,5,1,1,0,0,0,전남,화순군,1,10,0,1,1,9,1,127.1742,35.1857,전남화순군,0,농기계없음,0,1,0,88,0,0
2017-10-28,0,5,2,2,0,0,0,경기,양평군,1,6,0,0,0,1,1,127.4764,37.5278,경기양평군,0,화물차없음,0,1,0,48,0,0
2017-10-29,0,6,1,3,1,1,0,광주,북구,1,6,0,0,0,0,1,126.9071,35.1557,광주북구,0,승용차없음,0,1,0,137,0,0
2017-10-29,1,6,1,1,0,0,0,경북,상주시,1,8,0,0,0,4,3,128.1038,36.3452,경북상주시,0,이륜차화물차,0,1,0,58,0,0
2017-10-29,1,6,1,3,2,0,0,경북,문경시,1,1,0,1,1,1,8,128.2452,36.63,경북문경시,1,화물차농기계,0,1,0,74,0,0
2017-10-29,1,6,1,1,0,0,0,경북,문경시,1,6,0,0,0,4,1,128.1857,36.6008,경북문경시,0,이륜차없음,0,1,0,74,0,0
2017-10-29,0,6,1,3,1,1,0,전북,부안군,1,5,0,1,2,0,8,126.6973,35.7001,전북부안군,0,승용차농기계,0,1,0,185,0,0
2017-10-30,0,0,1,1,0,0,0,경기,용인시,1,6,0,0,0,1,1,127.0972,37.2544,경기용인시,0,화물차없음,0,0,0,51,0,0
2017-10-30,1,0,1,2,1,0,0,경기,용인시,1,8,0,0,0,1,9,127.2293,37.2329,경기용인시,0,화물차건설기계,0,0,0,51,0,0
2017-10-30,1,0,1,1,0,0,0,경남,진주시,1,9,0,0,0,7,2,128.1078,35.169,경남진주시,0,자전거승용차,0,0,0,42,0,0
2017-10-30,1,0,1,1,0,0,0,전남,순천시,1,1,0,0,0,9,1,127.3352,35.0531,전남순천시,0,농기계없음,0,0,0,27,0,0