발생년월일,주야,요일,사망자수,사상자수,중상자수,경상자수,부상신고자수,발생지시도,발생지시군구,사고유형_대분류,사고유형_중분류,법규위반,도로형태_대분류,도로형태,당사자종별_1당_대분류,당사자종별_2당_대분류,경도,위도,발생지,사고피해정도,사고차량타입,도시여부,주말/공휴일,인구수,발생지번호,보행자의위치,무단횡단여부
2017-10-30,1,0,1,1,0,0,0,충북,청주시,1,8,6,1,1,4,2,127.5058,36.6295,충북청주시,0,이륜차승용차,0,0,0,83,0,0
2017-10-30,1,0,1,1,0,0,0,서울,강남구,1,8,0,0,0,0,2,127.0586,37.517,서울강남구,0,승용차승용차,0,0,0,89,0,0
2017-10-30,0,0,1,1,0,0,0,경남,진주시,1,12,0,1,2,6,1,128.1688,35.1308,경남진주시,0,원동기장치자전거없음,0,0,0,42,0,0
2017-10-30,0,0,1,1,0,0,0,경남,거창군,1,1,0,0,0,2,1,127.8351,35.8568,경남거창군,0,승합차없음,0,0,0,154,0,0
2017-10-30,0,0,1,1,0,0,0,충북,청주시,1,8,0,1,1,2,5,127.3172,36.5902,충북청주시,0,승합차자전거,0,0,0,83,0,0
2017-10-31,0,1,1,1,0,0,0,부산,기장군,1,6,0,1,1,0,1,129.2129,35.19,부산기장군,0,승용차없음,0,0,0,85,0,0
2017-10-31,0,1,1,4,2,1,0,경기,부천시,1,8,10,0,0,1,2,126.7499,37.5147,경기부천시,1,화물차승용차,0,0,0,65,0,0
2017-10-31,1,1,1,1,0,0,0,경북,예천군,1,11,0,0,0,4,1,128.3565,36.6067,경북예천군,0,이륜차없음,0,0,0,55,0,0
2017-10-31,1,1,1,6,2,3,0,전남,함평군,1,5,0,0,0,1,8,126.5333,35.0582,전남함평군,1,화물차농기계,0,0,0,157,0,0
2017-10-31,1,1,1,2,0,1,0,전남,장성군,1,1,0,0,0,4,9,126.8362,35.2702,전남장성군,0,이륜차건설기계,0,0,0,146,0,0
2017-10-31,1,1,1,1,0,0,0,경북,의성군,1,11,0,0,0,9,1,128.3849,36.3672,경북의성군,0,농기계없음,0,0,0,105,0,0
2017-10-31,1,1,1,1,0,0,0,경남,의령군,1,8,0,0,0,4,3,128.2895,35.3321,경남의령군,0,이륜차화물차,0,0,0,189,0,0
2017-10-31,1,1,1,1,0,0,0,전남,보성군,1,8,8,1,1,4,2,127.223,34.7756,전남보성군,0,이륜차승용차,0,0,0,122,0,0
2017-10-31,0,1,1,1,0,0,0,서울,구로구,1,1,6,1,3,0,5,126.8476,37.502,서울구로구,0,승용차자전거,0,0,0,79,0,0
2017-10-31,0,1,1,1,0,0,0,경북,성주군,1,11,0,0,0,4,1,128.1876,35.8409,경북성주군,0,이륜차없음,0,0,0,168,0,0
2017-11-01,0,2,1,1,0,0,0,경기,수원시,1,5,0,2,4,4,3,127.0237,37.2353,경기수원시,0,이륜차화물차,0,0,0,99,0,0
2017-11-01,1,2,1,2,0,1,0,전남,장성군,1,1,4,1,2,0,3,126.8083,35.3337,전남장성군,0,승용차화물차,0,0,0,146,0,0
2017-11-01,1,2,1,1,0,0,0,경기,안산시,1,8,0,0,0,6,2,126.8619,37.2829,경기안산시,0,원동기장치자전거승용차,0,0,0,2,0,0
2017-11-01,1,2,1,1,0,0,0,경북,안동시,1,11,0,1,1,9,1,128.8513,36.717,경북안동시,0,농기계없음,0,0,0,66,0,0
2017-11-01,1,2,1,1,0,0,0,경북,상주시,1,12,0,0,0,4,1,128.0857,36.2922,경북상주시,0,이륜차없음,0,0,0,58,0,0
2017-11-01,0,2,1,3,0,2,0,전북,김제시,1,5,0,0,0,1,3,126.998,35.7659,전북김제시,0,화물차화물차,0,0,0,34,0,0
2017-11-01,0,2,1,1,0,0,0,경남,진주시,1,5,0,0,0,0,9,128.1989,35.1814,경남진주시,0,승용차건설기계,0,0,0,42,0,0
2017-11-02,0,3,1,1,0,0,0,경기,이천시,1,1,0,1,1,0,2,127.4473,37.2823,경기이천시,0,승용차승용차,0,0,0,41,0,0
2017-11-02,1,3,1,1,0,0,0,제주,제주시,1,5,0,0,0,0,8,126.8702,33.5201,제주제주시,0,승용차농기계,0,0,0,90,0,0
2017-11-02,1,3,1,1,0,0,0,전남,무안군,1,8,0,1,2,0,4,126.3749,35.0519,전남무안군,0,승용차이륜차,0,0,0,101,0,0
2017-11-02,1,3,1,1,0,0,0,충남,부여군,1,11,0,0,0,3,1,126.8607,36.0921,충남부여군,0,건설기계없음,0,0,0,129,0,0
2017-11-02,1,3,1,1,0,0,0,세종,세종,1,12,0,0,0,4,1,127.289,36.6283,세종세종,0,이륜차없음,1,0,0,229,0,0
2017-11-02,1,3,3,10,3,4,0,경남,창원시(통합),1,1,0,0,0,1,3,128.7142,35.1941,경남창원시(통합),2,화물차화물차,0,0,0,86,0,0
2017-11-02,0,3,1,1,0,0,0,경남,산청군,1,8,0,0,0,0,2,127.973,35.3121,경남산청군,0,승용차승용차,0,0,0,224,0,0
2017-11-02,0,3,1,2,1,0,0,경북,성주군,1,8,6,1,1,1,2,128.3524,35.854,경북성주군,0,화물차승용차,0,0,0,168,0,0
2017-11-02,0,3,1,1,0,0,0,충북,단양군,1,10,0,2,4,0,1,128.4039,36.9791,충북단양군,0,승용차없음,0,0,0,204,0,0
2017-11-02,0,3,1,1,0,0,0,경북,칠곡군,1,12,0,1,2,0,1,128.4204,35.9284,경북칠곡군,0,승용차없음,0,0,0,21,0,0
2017-11-03,0,4,1,2,0,1,0,광주,서구,1,5,0,0,0,0,3,126.8591,35.1217,광주서구,0,승용차화물차,0,0,0,222,0,0
2017-11-03,0,4,1,1,0,0,0,서울,노원구,1,1,0,0,0,0,4,127.0709,37.6298,서울노원구,0,승용차이륜차,0,0,0,18,0,0
2017-11-03,1,4,1,1,0,0,0,경기,양주시,1,1,0,0,0,1,1,126.9634,37.768,경기양주시,0,화물차없음,0,0,0,59,0,0
2017-11-03,1,4,1,1,0,0,0,경기,용인시,1,1,0,1,2,0,1,127.1103,37.3245,경기용인시,0,승용차없음,0,0,0,51,0,0
2017-11-03,1,4,1,1,0,0,0,강원,영월군,1,10,0,0,0,1,1,128.4592,37.2583,강원영월군,0,화물차없음,0,0,0,114,0,0
2017-11-03,1,4,1,2,1,0,0,경북,김천시,1,8,7,1,1,0,9,128.2709,36.065,경북김천시,0,승용차건설기계,0,0,0,76,0,0
2017-11-03,0,4,1,1,0,0,0,서울,종로구,1,5,0,1,1,0,12,126.9922,37.5705,서울종로구,0,승용차기타,0,0,0,116,0,0
2017-11-03,0,4,1,1,0,0,0,경북,안동시,1,1,0,1,2,0,8,128.7012,36.4597,경북안동시,0,승용차농기계,0,0,0,66,0,0
2017-11-03,0,4,1,2,0,1,0,충북,보은군,1,5,0,0,0,1,3,127.7703,36.4546,충북보은군,0,화물차화물차,0,0,0,32,0,0
2017-11-04,1,5,1,2,0,1,0,울산,북구,1,8,6,1,1,4,2,129.3609,35.5707,울산북구,0,이륜차승용차,0,1,0,158,0,0
2017-11-04,1,5,1,1,0,0,0,강원,태백시,1,6,0,0,0,1,1,129.0033,37.1277,강원태백시,0,화물차없음,0,1,0,215,0,0
2017-11-04,1,5,1,1,0,0,0,대구,수성구,1,8,0,0,0,0,5,128.6121,35.838,대구수성구,0,승용차자전거,0,1,0,37,0,0
2017-11-04,1,5,1,1,0,0,0,경기,남양주시,1,1,0,2,4,1,4,127.2377,37.5546,경기남양주시,0,화물차이륜차,0,1,0,70,0,0
2017-11-04,1,5,1,1,0,0,0,전남,고흥군,1,10,0,0,0,4,1,127.3463,34.8212,전남고흥군,0,이륜차없음,0,1,0,191,0,0
2017-11-04,1,5,1,1,0,0,0,경남,거창군,1,1,9,0,0,7,3,127.9189,35.687,경남거창군,0,자전거화물차,0,1,0,154,0,0
2017-11-04,0,5,1,1,0,0,0,경북,구미시,1,1,0,0,0,1,3,128.3091,36.3302,경북구미시,0,화물차화물차,0,1,0,144,0,0
2017-11-05,0,6,1,2,1,0,0,경북,구미시,1,6,0,2,4,0,1,128.3515,36.0772,경북구미시,0,승용차없음,0,1,0,144,0,0
2017-11-05,1,6,1,1,0,0,0,경북,경산시,1,6,0,0,0,4,1,128.8125,35.8167,경북경산시,0,이륜차없음,0,1,0,52,0,0
2017-11-05,0,6,1,1,0,0,0,충북,단양군,1,10,0,1,2,1,1,128.2793,37.024,충북단양군,0,화물차없음,0,1,0,204,0,0
2017-11-06,0,0,1,1,0,0,0,경남,양산시,1,6,0,0,0,0,1,129.0301,35.3495,경남양산시,0,승용차없음,0,0,0,49,0,0
2017-11-06,0,0,1,1,0,0,0,충남,아산시,1,6,0,1,1,0,1,127.0147,36.7896,충남아산시,0,승용차없음,0,0,0,53,0,0
2017-11-06,0,0,1,1,0,0,0,서울,동대문구,1,1,0,0,0,4,1,127.0367,37.5888,서울동대문구,0,이륜차없음,0,0,0,201,0,0
2017-11-06,1,0,1,1,0,0,0,서울,구로구,1,1,0,1,1,0,5,126.8246,37.4891,서울구로구,0,승용차자전거,0,0,0,79,0,0
2017-11-06,1,0,1,1,0,0,0,충남,서산시,1,8,0,1,1,0,4,126.4721,36.7698,충남서산시,0,승용차이륜차,0,0,0,69,0,0
2017-11-07,0,1,1,1,0,0,0,인천,남동구,1,8,0,1,1,2,4,126.7338,37.4484,인천남동구,0,승합차이륜차,0,0,0,29,0,0
2017-11-07,1,1,1,1,0,0,0,전남,구례군,1,12,0,0,0,9,1,127.4284,35.3175,전남구례군,0,농기계없음,0,0,0,161,0,0
2017-11-07,1,1,1,1,0,0,0,충남,서산시,1,5,0,0,0,4,3,126.4964,36.8254,충남서산시,0,이륜차화물차,0,0,0,69,0,0
2017-11-07,1,1,1,1,0,0,0,전남,나주시,1,5,0,0,0,0,9,126.7074,34.9661,전남나주시,0,승용차건설기계,0,0,0,33,0,0
2017-11-07,1,1,1,3,2,0,0,경북,예천군,1,8,6,1,1,0,3,128.3703,36.5307,경북예천군,1,승용차화물차,0,0,0,55,0,0
2017-11-07,1,1,1,1,0,0,0,전남,여수시,1,12,0,1,2,9,1,127.6302,34.7829,전남여수시,0,농기계없음,0,0,0,102,0,0
2017-11-07,1,1,1,1,0,0,0,경남,하동군,1,1,0,2,4,0,5,127.7525,35.0741,경남하동군,0,승용차자전거,0,0,0,172,0,0
2017-11-07,0,1,1,5,0,4,0,충북,옥천군,1,1,0,0,0,0,2,127.5872,36.2707,충북옥천군,1,승용차승용차,0,0,0,142,0,0
2017-11-08,0,2,1,2,0,1,0,강원,춘천시,1,9,5,0,0,0,3,127.7508,37.8502,강원춘천시,0,승용차화물차,0,0,0,111,0,0
2017-11-08,0,2,1,1,0,0,0,서울,용산구,1,6,0,0,0,0,1,126.9535,37.5257,서울용산구,0,승용차없음,0,0,0,134,0,0
2017-11-08,0,2,1,1,0,0,0,서울,성북구,1,8,5,1,3,7,3,127.0603,37.6127,서울성북구,0,자전거화물차,0,0,0,167,0,0
2017-11-08,1,2,1,1,0,0,0,전남,영암군,1,10,0,0,0,0,1,126.6374,34.8344,전남영암군,0,승용차없음,0,0,0,16,0,0
2017-11-08,1,2,1,1,0,0,0,경북,영천시,1,6,0,0,0,1,1,129.0406,36.1349,경북영천시,0,화물차없음,0,0,0,5,0,0
2017-11-08,1,2,1,1,0,0,0,전북,남원시,1,8,0,1,1,4,3,127.2989,35.3181,전북남원시,0,이륜차화물차,0,0,0,193,0,0
2017-11-08,0,2,1,1,0,0,0,경북,구미시,1,8,6,1,2,7,2,128.4406,36.0931,경북구미시,0,자전거승용차,0,0,0,144,0,0
2017-11-09,0,3,1,7,6,0,0,충북,괴산군,1,5,0,0,0,1,2,127.9868,36.7627,충북괴산군,2,화물차승용차,0,0,0,179,0,0
2017-11-09,0,3,1,2,1,0,0,충북,괴산군,1,5,0,0,0,1,2,127.9848,36.7651,충북괴산군,0,화물차승용차,0,0,0,179,0,0
2017-11-09,0,3,1,4,1,2,0,충북,청주시,1,1,0,0,0,0,2,127.5027,36.6822,충북청주시,1,승용차승용차,0,0,0,83,0,0
2017-11-09,0,3,1,1,0,0,0,경북,울진군,1,6,0,2,4,1,1,129.4331,36.665,경북울진군,0,화물차없음,0,0,0,208,0,0
2017-11-09,1,3,1,1,0,0,0,전남,영암군,1,10,0,0,0,9,1,126.7552,34.8695,전남영암군,0,농기계없음,0,0,0,16,0,0
2017-11-09,1,3,1,1,0,0,0,경북,경산시,1,10,0,1,2,3,1,128.8787,35.7677,경북경산시,0,건설기계없음,0,0,0,52,0,0
2017-11-09,0,3,1,2,0,1,0,경남,창원시(통합),1,5,0,0,0,1,3,128.7111,35.3598,경남창원시(통합),0,화물차화물차,0,0,0,86,0,0
2017-11-10,1,4,1,1,0,0,0,경남,합천군,1,11,0,0,0,4,1,128.1007,35.4178,경남합천군,0,이륜차없음,0,0,0,133,0,0
2017-11-10,1,4,1,2,0,1,0,경북,김천시,1,9,7,1,1,1,4,128.2065,36.1752,경북김천시,0,화물차이륜차,0,0,0,76,0,0
2017-11-10,1,4,1,1,0,0,0,충북,충주시,1,1,4,1,1,5,2,127.9191,36.9991,충북충주시,0,특수차승용차,0,0,0,6,0,0
2017-11-10,1,4,1,1,0,0,0,충남,논산시,1,8,6,1,1,4,3,127.2003,36.2127,충남논산시,0,이륜차화물차,0,0,0,61,0,0
2017-11-10,1,4,1,2,1,0,0,경기,여주시,1,1,0,1,1,0,1,127.4529,37.3788,경기여주시,0,승용차없음,0,0,0,22,0,0
2017-11-10,0,4,1,2,0,0,1,전남,나주시,1,5,0,0,0,0,7,126.7903,34.9694,전남나주시,0,승용차원동기장치자전거,0,0,0,33,0,0
2017-11-10,0,4,1,2,1,0,0,전남,순천시,1,8,0,0,0,0,2,127.3802,35.0135,전남순천시,0,승용차승용차,0,0,0,27,0,0
2017-11-11,0,5,2,3,1,0,0,충남,당진시,1,9,5,0,0,0,3,126.7044,36.8999,충남당진시,1,승용차화물차,0,1,0,46,0,0
2017-11-11,0,5,1,1,0,0,0,경기,남양주시,1,5,0,1,2,6,3,127.3143,37.6518,경기남양주시,0,원동기장치자전거화물차,0,1,0,70,0,0
2017-11-11,1,5,2,2,0,0,0,전북,전주시,1,5,0,2,4,1,3,127.1695,35.8403,전북전주시,0,화물차화물차,0,1,0,11,0,0
2017-11-11,1,5,1,1,0,0,0,대구,북구,1,8,9,1,2,7,2,128.581,35.8893,대구북구,0,자전거승용차,0,1,0,112,0,0
2017-11-11,1,5,1,1,0,0,0,경기,고양시,1,8,0,1,1,0,4,126.8677,37.6487,경기고양시,0,승용차이륜차,0,1,0,40,0,0
2017-11-11,1,5,1,1,0,0,0,경남,진주시,1,1,6,1,1,2,4,128.0953,35.1705,경남진주시,0,승합차이륜차,0,1,0,42,0,0
2017-11-11,0,5,1,3,1,1,0,충북,충주시,1,1,0,0,0,0,2,127.8408,37.0201,충북충주시,0,승용차승용차,0,1,0,6,0,0
2017-11-12,0,6,1,1,0,0,0,대구,달성군,1,1,4,2,4,1,1,128.6537,35.7719,대구달성군,0,화물차없음,0,1,0,30,0,0
2017-11-12,0,6,1,11,4,4,2,충북,충주시,1,5,0,0,0,2,3,127.8239,37.0312,충북충주시,2,승합차화물차,0,1,0,6,0,0
2017-11-12,1,6,1,1,0,0,0,경기,김포시,1,1,0,0,0,0,3,126.7442,37.608,경기김포시,0,승용차화물차,0,1,0,47,0,0
2017-11-12,1,6,1,1,0,0,0,경기,파주시,1,9,5,0,0,0,9,126.8468,37.8301,경기파주시,0,승용차건설기계,0,1,0,175,0,0
2017-11-12,1,6,1,1,0,0,0,전남,나주시,1,1,9,0,0,6,2,126.6618,34.948,전남나주시,0,원동기장치자전거승용차,0,1,0,33,0,0
2017-11-12,1,6,1,1,0,0,0,충남,서산시,1,5,3,0,0,4,8,126.4114,36.9811,충남서산시,0,이륜차농기계,0,1,0,69,0,0
2017-11-12,0,6,1,1,0,0,0,광주,서구,1,8,6,0,0,2,4,126.8571,35.1501,광주서구,0,승합차이륜차,0,1,0,222,0,0
2017-11-13,0,0,1,1,0,0,0,서울,강남구,1,8,6,1,1,2,4,127.0518,37.5159,서울강남구,0,승합차이륜차,0,0,0,89,0,0
2017-11-13,0,0,1,2,0,1,0,전북,고창군,1,5,0,0,0,1,8,126.7359,35.5384,전북고창군,0,화물차농기계,0,0,0,219,0,0
2017-11-13,1,0,2,3,1,0,0,충남,보령시,1,5,0,0,0,0,3,126.5655,36.2111,충남보령시,1,승용차화물차,0,0,0,136,0,0
2017-11-13,0,0,1,2,0,1,0,경북,군위군,1,5,0,0,0,0,8,128.5693,36.1892,경북군위군,0,승용차농기계,0,0,0,170,0,0
2017-11-13,0,0,1,1,0,0,0,전남,해남군,1,1,0,0,0,1,1,126.6084,34.3926,전남해남군,0,화물차없음,0,0,0,119,0,0
2017-11-14,0,1,1,2,0,0,1,대전,대덕구,1,6,0,0,0,0,1,127.464,36.3569,대전대덕구,0,승용차없음,0,0,0,77,0,0
2017-11-14,0,1,1,1,0,0,0,전북,군산시,1,6,0,0,0,0,1,126.6683,35.9186,전북군산시,0,승용차없음,0,0,0,166,0,0
2017-11-14,0,1,1,1,0,0,0,경기,남양주시,1,1,0,0,0,7,2,127.1261,37.6556,경기남양주시,0,자전거승용차,0,0,0,70,0,0
2017-11-14,0,1,1,1,0,0,0,전남,순천시,1,5,2,0,0,0,4,127.5311,34.9167,전남순천시,0,승용차이륜차,0,0,0,27,0,0
2017-11-14,1,1,2,2,0,0,0,서울,성동구,1,6,0,0,0,6,1,127.06,37.5438,서울성동구,0,원동기장치자전거없음,0,0,0,84,0,0
2017-11-14,1,1,1,1,0,0,0,전북,부안군,1,8,0,0,0,0,4,126.6693,35.6137,전북부안군,0,승용차이륜차,0,0,0,185,0,0
2017-11-14,1,1,1,1,0,0,0,충남,공주시,1,5,0,0,0,2,4,127.1239,36.6212,충남공주시,0,승합차이륜차,0,0,0,19,0,0
2017-11-14,1,1,2,3,1,0,0,경기,용인시,1,9,5,0,0,1,6,127.3142,37.1589,경기용인시,1,화물차승합차,0,0,0,51,0,0
2017-11-14,1,1,1,4,3,0,0,강원,강릉시,1,8,2,1,1,3,2,129.008,37.6835,강원강릉시,1,건설기계승용차,0,0,0,194,0,0
2017-11-14,1,1,1,1,0,0,0,부산,서구,1,8,6,1,2,5,4,129.0216,35.1114,부산서구,0,특수차이륜차,0,0,0,226,0,0
2017-11-14,1,1,1,1,0,0,0,경기,고양시,1,8,6,1,1,2,4,126.8132,37.6815,경기고양시,0,승합차이륜차,0,0,0,40,0,0
2017-11-14,0,1,1,1,0,0,0,경기,안산시,1,8,6,1,1,0,4,126.8147,37.313,경기안산시,0,승용차이륜차,0,0,0,2,0,0
2017-11-14,0,1,1,1,0,0,0,울산,동구,1,1,0,1,1,1,4,129.4276,35.5043,울산동구,0,화물차이륜차,0,0,0,225,0,0
2017-11-14,0,1,1,1,0,0,0,경기,수원시,1,9,0,0,0,1,2,127.0276,37.2854,경기수원시,0,화물차승용차,0,0,0,99,0,0
2017-11-15,0,2,1,1,0,0,0,충남,천안시,1,11,0,0,0,1,1,127.2772,36.7063,충남천안시,0,화물차없음,0,0,0,63,0,0
2017-11-15,1,2,1,1,0,0,0,부산,북구,1,1,9,1,2,7,3,128.9909,35.1971,부산북구,0,자전거화물차,0,0,0,118,0,0
2017-11-15,1,2,1,1,0,0,0,인천,서구,1,8,8,1,1,0,5,126.6549,37.5585,인천서구,0,승용차자전거,0,0,0,97,0,0
2017-11-16,0,3,1,1,0,0,0,경기,김포시,1,9,5,0,0,0,4,126.66,37.6418,경기김포시,0,승용차이륜차,0,0,0,47,0,0
2017-11-16,0,3,1,3,2,0,0,경남,양산시,1,8,6,1,1,0,2,129.029,35.3347,경남양산시,1,승용차승용차,0,0,0,49,0,0
2017-11-16,0,3,1,1,0,0,0,충남,청양군,1,6,0,1,1,0,1,126.7978,36.4626,충남청양군,0,승용차없음,0,0,0,174,0,0
2017-11-16,0,3,1,2,1,0,0,경기,남양주시,1,1,5,0,0,0,2,127.1979,37.744,경기남양주시,0,승용차승용차,0,0,0,70,0,0
2017-11-16,1,3,1,2,0,1,0,전북,순창군,1,8,0,0,0,0,4,127.1334,35.3749,전북순창군,0,승용차이륜차,0,0,0,131,0,0
2017-11-16,1,3,1,1,0,0,0,전남,곡성군,1,10,0,0,0,1,1,127.2719,35.2314,전남곡성군,0,화물차없음,0,0,0,147,0,0
2017-11-16,1,3,1,1,0,0,0,전남,무안군,1,1,0,1,1,0,9,126.2632,35.0637,전남무안군,0,승용차건설기계,0,0,0,101,0,0
2017-11-16,1,3,1,1,0,0,0,전북,익산시,1,6,0,0,0,4,1,126.9442,35.9408,전북익산시,0,이륜차없음,0,0,0,125,0,0
2017-11-16,0,3,1,1,0,0,0,부산,북구,1,1,0,0,0,0,1,128.9957,35.2054,부산북구,0,승용차없음,0,0,0,118,0,0
2017-11-16,0,3,1,1,0,0,0,경기,파주시,1,12,0,0,0,0,1,126.9321,37.9478,경기파주시,0,승용차없음,0,0,0,175,0,0
2017-11-16,0,3,1,1,0,0,0,강원,강릉시,1,8,0,1,1,0,5,128.9015,37.7541,강원강릉시,0,승용차자전거,0,0,0,194,0,0
2017-11-16,0,3,1,1,0,0,0,경기,남양주시,1,1,0,1,1,0,6,127.2374,37.5555,경기남양주시,0,승용차승합차,0,0,0,70,0,0
2017-11-17,1,4,1,1,0,0,0,경북,안동시,1,12,0,0,0,3,1,128.5671,36.4646,경북안동시,0,건설기계없음,0,0,0,66,0,0
2017-11-17,1,4,1,2,0,1,0,전남,여수시,1,12,0,0,0,9,1,127.5796,34.7072,전남여수시,0,농기계없음,0,0,0,102,0,0
2017-11-17,1,4,1,1,0,0,0,경북,경주시,1,6,0,0,0,9,1,129.4298,35.8272,경북경주시,0,농기계없음,0,0,0,100,0,0
2017-11-17,1,4,1,1,0,0,0,충북,단양군,1,5,0,1,1,0,9,128.3316,37.0158,충북단양군,0,승용차건설기계,0,0,0,204,0,0
2017-11-17,0,4,1,2,0,1,0,전북,진안군,1,1,6,1,1,0,7,127.3478,35.838,전북진안군,0,승용차원동기장치자전거,0,0,0,192,0,0
2017-11-18,0,5,1,2,1,0,0,경기,김포시,1,1,0,0,0,0,2,126.6443,37.67,경기김포시,0,승용차승용차,0,1,0,47,0,0
2017-11-18,1,5,1,1,0,0,0,강원,정선군,1,1,0,0,0,1,1,128.8971,37.2062,강원정선군,0,화물차없음,0,1,0,198,0,0
2017-11-18,1,5,1,1,0,0,0,전북,완주군,1,11,0,0,0,1,1,127.1563,35.899,전북완주군,0,화물차없음,0,1,0,28,0,0
2017-11-18,1,5,1,2,0,1,0,강원,정선군,1,11,0,0,0,0,1,128.8335,37.2143,강원정선군,0,승용차없음,0,1,0,198,0,0
2017-11-18,1,5,1,1,0,0,0,경기,안성시,1,8,6,1,1,4,3,127.2365,37.0269,경기안성시,0,이륜차화물차,0,1,0,23,0,0
2017-11-18,1,5,1,3,2,0,0,전남,강진군,1,6,0,0,0,0,1,126.7952,34.6443,전남강진군,1,승용차없음,0,1,0,121,0,0
2017-11-18,1,5,1,1,0,0,0,경남,합천군,1,9,5,0,0,3,3,128.1249,35.7481,경남합천군,0,건설기계화물차,0,1,0,133,0,0
2017-11-18,1,5,1,1,0,0,0,광주,남구,1,8,6,1,1,4,2,126.9042,35.1121,광주남구,0,이륜차승용차,0,1,0,190,0,0
2017-11-18,0,5,1,2,0,1,0,경기,포천시,1,5,0,0,0,1,3,127.3173,37.9688,경기포천시,0,화물차화물차,0,1,0,171,0,0
2017-11-18,0,5,1,1,0,0,0,충북,청주시,1,1,0,0,0,1,1,127.6681,36.6426,충북청주시,0,화물차없음,0,1,0,83,0,0
2017-11-19,0,6,1,1,0,0,0,경남,창원시(통합),1,5,0,0,0,4,2,128.6961,35.2291,경남창원시(통합),0,이륜차승용차,0,1,0,86,0,0
2017-11-19,0,6,1,3,2,0,0,대구,달서구,1,1,0,2,4,0,3,128.5423,35.8395,대구달서구,1,승용차화물차,0,1,0,20,0,0
2017-11-19,1,6,1,1,0,0,0,강원,원주시,1,10,0,0,0,1,1,128.1444,37.2497,강원원주시,0,화물차없음,0,1,0,36,0,0
2017-11-19,1,6,1,2,0,1,0,경남,산청군,1,11,0,0,0,0,1,127.9105,35.3816,경남산청군,0,승용차없음,0,1,0,224,0,0
2017-11-19,0,6,1,1,0,0,0,경기,오산시,1,8,7,1,1,0,4,127.068,37.166,경기오산시,0,승용차이륜차,0,1,0,143,0,0
2017-11-19,0,6,1,1,0,0,0,경기,안성시,1,5,0,0,0,0,2,127.364,37.0508,경기안성시,0,승용차승용차,0,1,0,23,0,0
2017-11-19,0,6,1,1,0,0,0,충남,천안시,1,10,4,0,0,1,1,127.1128,36.715,충남천안시,0,화물차없음,0,1,0,63,0,0
2017-11-20,0,0,1,1,0,0,0,대전,대덕구,1,5,0,1,1,6,3,127.3921,36.4365,대전대덕구,0,원동기장치자전거화물차,0,0,0,77,0,0
2017-11-20,1,0,1,2,1,0,0,충남,아산시,1,5,0,0,0,0,8,126.8614,36.7443,충남아산시,0,승용차농기계,0,0,0,53,0,0
2017-11-20,1,0,1,1,0,0,0,강원,고성군,1,10,0,2,4,0,1,128.5717,38.2368,강원고성군,0,승용차없음,0,0,0,217,0,0
2017-11-20,1,0,1,1,0,0,0,강원,춘천시,1,10,0,0,0,3,1,127.7569,37.7609,강원춘천시,0,건설기계없음,0,0,0,111,0,0
2017-11-20,1,0,1,2,1,0,0,제주,서귀포시,1,1,0,1,1,0,1,126.6735,33.275,제주서귀포시,0,승용차없음,0,0,0,62,0,0
2017-11-20,0,0,1,1,0,0,0,경남,고성군,1,6,2,0,0,0,1,128.4363,35.045,경남고성군,0,승용차없음,0,0,0,87,0,0
2017-11-21,0,1,1,1,0,0,0,경북,문경시,1,1,0,1,2,2,1,128.1889,36.5936,경북문경시,0,승합차없음,0,0,0,74,0,0
2017-11-21,1,1,1,4,0,0,3,경기,고양시,1,5,0,0,0,2,3,126.7601,37.6396,경기고양시,0,승합차화물차,0,0,0,40,0,0
2017-11-21,1,1,1,2,1,0,0,경남,창원시(통합),1,5,0,0,0,0,4,128.5293,35.2444,경남창원시(통합),0,승용차이륜차,0,0,0,86,0,0
2017-11-21,1,1,1,1,0,0,0,경북,포항시,1,1,4,0,0,1,1,129.0957,36.1603,경북포항시,0,화물차없음,0,0,0,160,0,0
2017-11-21,1,1,1,6,0,5,0,경기,평택시,1,1,3,0,0,0,2,127.1291,36.9928,경기평택시,1,승용차승용차,0,0,0,14,0,0
2017-11-21,1,1,1,5,0,4,0,경기,화성시,1,1,3,0,0,0,6,127.0956,37.183,경기화성시,1,승용차승합차,0,0,0,50,0,0
2017-11-21,1,1,1,3,1,1,0,경기,의정부시,1,8,0,1,1,0,2,127.0643,37.7268,경기의정부시,0,승용차승용차,0,0,0,64,0,0
2017-11-21,1,1,1,1,0,0,0,전남,함평군,1,8,0,1,1,4,3,126.5224,35.0595,전남함평군,0,이륜차화물차,0,0,0,157,0,0
2017-11-21,1,1,1,11,2,8,0,충남,서산시,1,1,0,0,0,1,2,126.5716,36.807,충남서산시,2,화물차승용차,0,0,0,69,0,0
2017-11-21,0,1,1,2,0,1,0,충북,음성군,1,8,5,0,0,0,3,127.6383,37.1031,충북음성군,0,승용차화물차,0,0,0,110,0,0
2017-11-21,0,1,1,1,0,0,0,경기,포천시,1,12,0,0,0,0,1,127.1198,37.782,경기포천시,0,승용차없음,0,0,0,171,0,0
2017-11-22,0,2,1,1,0,0,0,경북,경산시,1,6,0,0,0,0,1,128.7264,35.7623,경북경산시,0,승용차없음,0,0,0,52,0,0