발생년월일,주야,요일,사망자수,사상자수,중상자수,경상자수,부상신고자수,발생지시도,발생지시군구,사고유형_대분류,사고유형_중분류,법규위반,도로형태_대분류,도로형태,당사자종별_1당_대분류,당사자종별_2당_대분류,경도,위도,발생지,사고피해정도,사고차량타입,도시여부,주말/공휴일,인구수,발생지번호,보행자의위치,무단횡단여부
2017-11-22,0,2,1,1,0,0,0,경남,남해군,1,6,0,0,0,6,1,127.9199,34.8356,경남남해군,0,원동기장치자전거없음,0,0,0,197,0,0
2017-11-22,0,2,1,1,0,0,0,전남,목포시,1,1,0,1,1,3,5,126.4291,34.8152,전남목포시,0,건설기계자전거,0,0,0,153,0,0
2017-11-22,1,2,1,1,0,0,0,인천,연수구,1,8,0,0,0,0,2,126.6402,37.3866,인천연수구,0,승용차승용차,0,0,0,35,0,0
2017-11-22,1,2,1,1,0,0,0,경기,여주시,1,1,0,0,0,2,1,127.4199,37.3795,경기여주시,0,승합차없음,0,0,0,22,0,0
2017-11-22,1,2,1,1,0,0,0,전남,강진군,1,8,8,1,1,6,2,126.7775,34.6403,전남강진군,0,원동기장치자전거승용차,0,0,0,121,0,0
2017-11-22,1,2,1,2,0,0,1,전남,나주시,1,8,7,1,1,0,9,126.7259,34.9432,전남나주시,0,승용차건설기계,0,0,0,33,0,0
2017-11-22,1,2,1,2,1,0,0,충남,당진시,1,5,0,0,0,0,3,126.7882,36.9523,충남당진시,0,승용차화물차,0,0,0,46,0,0
2017-11-22,1,2,1,1,0,0,0,전남,완도군,1,11,0,1,1,4,1,126.7937,34.3389,전남완도군,0,이륜차없음,0,0,0,141,0,0
2017-11-22,1,2,1,2,1,0,0,경북,문경시,1,8,5,1,2,0,3,128.091,36.6547,경북문경시,0,승용차화물차,0,0,0,74,0,0
2017-11-22,1,2,1,1,0,0,0,광주,서구,1,8,2,0,0,0,5,126.8769,35.1585,광주서구,0,승용차자전거,0,0,0,222,0,0
2017-11-22,1,2,1,1,0,0,0,경기,포천시,1,1,0,0,0,1,1,127.2035,37.7682,경기포천시,0,화물차없음,0,0,0,171,0,0
2017-11-22,0,2,2,6,1,3,0,경기,이천시,1,1,6,1,2,0,2,127.6025,37.1145,경기이천시,1,승용차승용차,0,0,0,41,0,0
2017-11-23,0,3,1,1,0,0,0,경남,하동군,1,5,0,0,0,0,5,127.9051,35.0284,경남하동군,0,승용차자전거,0,0,0,172,0,0
2017-11-23,0,3,1,1,0,0,0,경기,수원시,1,1,0,0,0,8,1,127.0265,37.2471,경기수원시,0,기타없음,0,0,0,99,0,0
2017-11-24,0,4,1,1,0,0,0,세종,세종,1,5,0,0,0,1,2,127.2175,36.5438,세종세종,0,화물차승용차,1,0,0,229,0,0
2017-11-24,0,4,1,1,0,0,0,충북,옥천군,1,8,0,0,0,1,3,127.5224,36.344,충북옥천군,0,화물차화물차,0,0,0,142,0,0
2017-11-24,1,4,1,1,0,0,0,경기,남양주시,1,1,5,0,0,4,2,127.3016,37.7273,경기남양주시,0,이륜차승용차,0,0,0,70,0,0
2017-11-24,0,4,1,1,0,0,0,경남,진주시,1,5,0,0,0,1,5,128.165,35.2984,경남진주시,0,화물차자전거,0,0,0,42,0,0
2017-11-24,0,4,1,1,0,0,0,충북,괴산군,1,8,0,0,0,0,5,127.8088,36.8084,충북괴산군,0,승용차자전거,0,0,0,179,0,0
2017-11-25,0,5,1,3,0,2,0,광주,서구,1,1,0,1,2,0,2,126.8632,35.1604,광주서구,0,승용차승용차,0,1,0,222,0,0
2017-11-25,1,5,1,1,0,0,0,경남,창원시(통합),1,8,6,1,2,1,4,128.5645,35.2326,경남창원시(통합),0,화물차이륜차,0,1,0,86,0,0
2017-11-25,1,5,1,2,0,0,1,충북,증평군,1,1,6,1,1,0,9,127.5896,36.7978,충북증평군,0,승용차건설기계,0,1,0,138,0,0
2017-11-25,1,5,1,1,0,0,0,경북,안동시,1,12,0,0,0,0,1,128.6453,36.5957,경북안동시,0,승용차없음,0,1,0,66,0,0
2017-11-25,1,5,1,3,0,2,0,전북,익산시,1,8,0,1,1,4,2,126.9787,35.9807,전북익산시,0,이륜차승용차,0,1,0,125,0,0
2017-11-25,1,5,1,1,0,0,0,경기,양주시,1,6,0,1,1,0,1,127.0655,37.7717,경기양주시,0,승용차없음,0,1,0,59,0,0
2017-11-25,0,5,1,1,0,0,0,충북,청주시,1,6,0,1,2,7,1,127.385,36.657,충북청주시,0,자전거없음,0,1,0,83,0,0
2017-11-26,0,6,1,1,0,0,0,충남,당진시,1,6,0,0,0,0,1,126.6928,36.9783,충남당진시,0,승용차없음,0,1,0,46,0,0
2017-11-26,0,6,1,1,0,0,0,강원,동해시,1,6,0,0,0,1,1,129.1354,37.4727,강원동해시,0,화물차없음,0,1,0,210,0,0
2017-11-26,1,6,1,2,1,0,0,부산,기장군,1,9,5,2,4,0,3,129.144,35.3574,부산기장군,0,승용차화물차,0,1,0,85,0,0
2017-11-26,1,6,1,1,0,0,0,충북,괴산군,1,6,0,0,0,1,1,127.6452,36.8028,충북괴산군,0,화물차없음,0,1,0,179,0,0
2017-11-26,1,6,1,3,2,0,0,전남,장흥군,1,6,0,0,0,0,1,126.8036,34.8041,전남장흥군,1,승용차없음,0,1,0,56,0,0
2017-11-26,0,6,1,4,2,1,0,전북,고창군,1,8,0,0,0,0,2,126.6834,35.5091,전북고창군,1,승용차승용차,0,1,0,219,0,0
2017-11-27,0,0,1,2,1,0,0,서울,종로구,1,6,0,0,0,0,1,126.988,37.5732,서울종로구,0,승용차없음,0,0,0,116,0,0
2017-11-27,1,0,1,2,1,0,0,경기,광주시,1,5,0,0,0,1,3,127.3407,37.3207,경기광주시,0,화물차화물차,0,0,0,9,0,0
2017-11-27,1,0,1,2,1,0,0,경북,칠곡군,1,6,0,0,0,4,1,128.4524,35.9643,경북칠곡군,0,이륜차없음,0,0,0,21,0,0
2017-11-27,0,0,1,5,0,4,0,대구,북구,1,5,0,0,0,0,3,128.6015,35.8812,대구북구,1,승용차화물차,0,0,0,112,0,0
2017-11-28,0,1,1,1,0,0,0,울산,중구,1,5,4,0,0,0,4,129.3289,35.5598,울산중구,0,승용차이륜차,0,0,0,205,0,0
2017-11-28,1,1,1,1,0,0,0,부산,남구,1,1,0,1,2,0,6,129.092,35.1352,부산남구,0,승용차승합차,0,0,0,180,0,0
2017-11-28,1,1,1,1,0,0,0,부산,부산진구,1,8,6,0,0,0,5,129.0658,35.1747,부산부산진구,0,승용차자전거,0,0,0,163,0,0
2017-11-28,1,1,1,6,3,2,0,경남,거창군,1,8,6,1,1,0,6,127.9058,35.6829,경남거창군,1,승용차승합차,0,0,0,154,0,0
2017-11-28,1,1,1,5,1,3,0,경기,수원시,1,5,0,0,0,1,2,127.0008,37.2636,경기수원시,1,화물차승용차,0,0,0,99,0,0
2017-11-29,0,2,1,1,0,0,0,경기,김포시,1,5,0,0,0,0,4,126.7173,37.6423,경기김포시,0,승용차이륜차,0,0,0,47,0,0
2017-11-29,0,2,1,1,0,0,0,경기,군포시,1,1,0,0,0,0,2,126.9245,37.3456,경기군포시,0,승용차승용차,0,0,0,126,0,0
2017-11-29,1,2,1,1,0,0,0,인천,서구,1,5,0,0,0,1,6,126.6989,37.6015,인천서구,0,화물차승합차,0,0,0,97,0,0
2017-11-29,1,2,2,3,1,0,0,경북,포항시,1,1,0,1,2,0,5,129.3478,36.1113,경북포항시,1,승용차자전거,0,0,0,160,0,0
2017-11-29,1,2,1,5,4,0,0,경기,안산시,1,8,0,0,0,1,2,126.8641,37.3403,경기안산시,1,화물차승용차,0,0,0,2,0,0
2017-11-29,1,2,1,8,5,2,0,경북,안동시,1,5,0,0,0,1,3,128.7663,36.6181,경북안동시,2,화물차화물차,0,0,0,66,0,0
2017-11-30,1,3,1,2,0,1,0,경남,고성군,1,8,3,1,2,4,9,128.3666,35.0565,경남고성군,0,이륜차건설기계,0,0,0,87,0,0
2017-11-30,1,3,1,1,0,0,0,전남,나주시,1,1,5,1,2,7,3,126.7517,35.0659,전남나주시,0,자전거화물차,0,0,0,33,0,0
2017-11-30,1,3,1,2,1,0,0,전북,익산시,1,5,0,0,0,1,2,127.0965,35.9496,전북익산시,0,화물차승용차,0,0,0,125,0,0
2017-11-30,0,3,1,1,0,0,0,대구,달성군,1,8,6,1,1,4,6,128.4343,35.7813,대구달성군,0,이륜차승합차,0,0,0,30,0,0
2017-12-01,0,4,1,3,0,2,0,경기,시흥시,1,6,0,0,0,0,1,126.6717,37.3296,경기시흥시,0,승용차없음,0,0,0,73,0,0
2017-12-01,0,4,1,1,0,0,0,충남,당진시,1,6,0,0,0,8,1,126.6672,36.8109,충남당진시,0,기타없음,0,0,0,46,0,0
2017-12-01,0,4,1,1,0,0,0,경기,광명시,1,5,0,0,0,4,9,126.8699,37.489,경기광명시,0,이륜차건설기계,0,0,0,81,0,0
2017-12-01,1,4,1,1,0,0,0,경기,하남시,1,9,6,1,1,0,4,127.2148,37.5354,경기하남시,0,승용차이륜차,0,0,0,67,0,0
2017-12-01,1,4,1,1,0,0,0,전남,완도군,1,8,5,0,0,1,4,126.8152,34.3987,전남완도군,0,화물차이륜차,0,0,0,141,0,0
2017-12-01,1,4,1,2,1,0,0,전북,고창군,1,8,6,1,1,0,2,126.6719,35.511,전북고창군,0,승용차승용차,0,0,0,219,0,0
2017-12-01,1,4,1,1,0,0,0,경북,예천군,1,11,0,1,2,6,1,128.4073,36.6775,경북예천군,0,원동기장치자전거없음,0,0,0,55,0,0
2017-12-01,1,4,1,1,0,0,0,전남,담양군,1,1,0,0,0,6,1,126.9329,35.3024,전남담양군,0,원동기장치자전거없음,0,0,0,181,0,0
2017-12-02,0,5,1,5,2,1,1,경기,시흥시,1,6,0,0,0,0,1,126.791,37.4277,경기시흥시,1,승용차없음,0,1,0,73,0,0
2017-12-02,1,5,1,2,1,0,0,충남,태안군,1,9,5,0,0,0,2,126.2385,36.73,충남태안군,0,승용차승용차,0,1,0,169,0,0
2017-12-02,1,5,1,2,0,1,0,경남,함안군,1,8,5,0,0,1,3,128.5637,35.3497,경남함안군,0,화물차화물차,0,1,0,117,0,0
2017-12-02,1,5,1,1,0,0,0,전남,함평군,1,8,0,0,0,0,6,126.4815,35.1013,전남함평군,0,승용차승합차,0,1,0,157,0,0
2017-12-02,1,5,1,1,0,0,0,강원,원주시,1,5,0,0,0,0,9,127.8846,37.1704,강원원주시,0,승용차건설기계,0,1,0,36,0,0
2017-12-02,0,5,2,3,1,0,0,충남,아산시,1,1,0,1,1,0,2,127.0672,36.7858,충남아산시,1,승용차승용차,0,1,0,53,0,0
2017-12-02,0,5,1,2,1,0,0,제주,제주시,1,5,0,2,4,4,2,126.2441,33.397,제주제주시,0,이륜차승용차,0,1,0,90,0,0
2017-12-02,0,5,1,1,0,0,0,충남,보령시,1,1,0,1,1,0,1,126.5345,36.2254,충남보령시,0,승용차없음,0,1,0,136,0,0
2017-12-03,0,6,1,3,0,1,1,전북,김제시,1,1,0,0,0,0,2,126.626,36.13,전북김제시,0,승용차승용차,0,1,0,34,0,0
2017-12-03,0,6,1,1,0,0,0,강원,원주시,1,11,0,0,0,1,1,127.7967,37.2633,강원원주시,0,화물차없음,0,1,0,36,0,0
2017-12-03,0,6,1,2,1,0,0,경기,용인시,1,9,5,0,0,1,3,127.3503,37.1728,경기용인시,0,화물차화물차,0,1,0,51,0,0
2017-12-04,1,0,1,1,0,0,0,경기,화성시,1,6,0,0,0,0,1,126.9497,37.2451,경기화성시,0,승용차없음,0,0,0,50,0,0
2017-12-04,1,0,1,1,0,0,0,충남,서산시,1,8,0,0,0,7,2,126.5339,36.7175,충남서산시,0,자전거승용차,0,0,0,69,0,0
2017-12-04,1,0,1,1,0,0,0,경북,고령군,1,8,0,0,0,4,2,128.425,35.7096,경북고령군,0,이륜차승용차,0,0,0,220,0,0
2017-12-04,1,0,1,3,2,0,0,전북,김제시,1,8,7,1,1,1,3,126.9905,35.7132,전북김제시,1,화물차화물차,0,0,0,34,0,0
2017-12-04,0,0,1,1,0,0,0,경남,거창군,1,8,0,0,0,1,4,127.9199,35.6951,경남거창군,0,화물차이륜차,0,0,0,154,0,0
2017-12-04,0,0,1,1,0,0,0,경북,포항시,1,11,0,1,2,4,1,129.5747,36.0441,경북포항시,0,이륜차없음,0,0,0,160,0,0
2017-12-05,0,1,1,1,0,0,0,대구,북구,1,5,0,0,0,0,3,128.605,35.8846,대구북구,0,승용차화물차,0,0,0,112,0,0
2017-12-05,0,1,2,3,1,0,0,대전,중구,1,6,0,0,0,6,1,127.4182,36.3233,대전중구,1,원동기장치자전거없음,0,0,0,39,0,0
2017-12-05,1,1,1,1,0,0,0,경남,진주시,1,8,7,1,1,1,7,128.1517,35.2331,경남진주시,0,화물차원동기장치자전거,0,0,0,42,0,0
2017-12-05,1,1,1,3,0,2,0,경북,문경시,1,5,0,0,0,1,3,128.1326,36.6634,경북문경시,0,화물차화물차,0,0,0,74,0,0
2017-12-05,1,1,1,1,0,0,0,전북,익산시,1,8,5,0,0,8,3,126.9407,36.0736,전북익산시,0,기타화물차,0,0,0,125,0,0
2017-12-05,0,1,1,1,0,0,0,전북,익산시,1,8,6,1,1,0,4,127.0009,35.961,전북익산시,0,승용차이륜차,0,0,0,125,0,0
2017-12-05,0,1,1,8,7,0,0,인천,서구,1,8,5,0,0,0,2,126.6613,37.5214,인천서구,2,승용차승용차,0,0,0,97,0,0
2017-12-06,0,2,1,1,0,0,0,경북,구미시,1,6,0,0,0,4,1,128.4151,36.1161,경북구미시,0,이륜차없음,0,0,0,144,0,0
2017-12-06,1,2,1,1,0,0,0,경남,함안군,1,9,5,0,0,2,9,128.5548,35.3493,경남함안군,0,승합차건설기계,0,0,0,117,0,0
2017-12-06,1,2,1,2,1,0,0,경남,의령군,1,8,0,1,1,4,3,128.2936,35.3393,경남의령군,0,이륜차화물차,0,0,0,189,0,0
2017-12-06,0,2,1,1,0,0,0,전북,완주군,1,1,0,0,0,0,4,127.2077,35.8545,전북완주군,0,승용차이륜차,0,0,0,28,0,0
2017-12-07,1,3,1,2,0,1,0,대구,남구,1,5,0,2,4,0,9,128.5908,35.8332,대구남구,0,승용차건설기계,0,0,0,145,0,0
2017-12-07,1,3,1,1,0,0,0,충남,예산군,1,6,0,0,0,0,1,126.8564,36.6861,충남예산군,0,승용차없음,0,0,0,187,0,0
2017-12-07,1,3,1,2,0,1,0,전남,담양군,1,5,0,0,0,0,8,126.954,35.3118,전남담양군,0,승용차농기계,0,0,0,181,0,0
2017-12-07,1,3,1,1,0,0,0,충남,부여군,1,5,0,0,0,0,4,126.7975,36.3304,충남부여군,0,승용차이륜차,0,0,0,129,0,0
2017-12-07,0,3,1,1,0,0,0,충남,청양군,1,6,0,1,2,1,1,126.7958,36.4576,충남청양군,0,화물차없음,0,0,0,174,0,0
2017-12-07,0,3,1,5,1,3,0,경기,평택시,1,5,0,0,0,1,2,126.9848,37.0403,경기평택시,1,화물차승용차,0,0,0,14,0,0
2017-12-08,0,4,1,2,1,0,0,경기,수원시,1,1,0,0,0,0,2,127.0104,37.2738,경기수원시,0,승용차승용차,0,0,0,99,0,0
2017-12-08,0,4,1,3,0,2,0,충북,청주시,1,1,0,1,2,1,3,127.482,36.6842,충북청주시,0,화물차화물차,0,0,0,83,0,0
2017-12-08,0,4,1,1,0,0,0,인천,남구,1,1,0,0,0,1,6,126.6687,37.4522,인천남동구,0,화물차승합차,0,0,0,29,0,0
2017-12-08,0,4,2,9,2,5,0,경기,시흥시,1,8,5,0,0,0,2,126.7185,37.3581,경기시흥시,2,승용차승용차,0,0,0,73,0,0
2017-12-08,1,4,1,1,0,0,0,경기,평택시,1,6,0,1,1,0,1,127.0499,36.9674,경기평택시,0,승용차없음,0,0,0,14,0,0
2017-12-08,1,4,1,1,0,0,0,충남,천안시,1,8,0,2,4,0,3,127.1788,36.7588,충남천안시,0,승용차화물차,0,0,0,63,0,0
2017-12-08,1,4,1,4,3,0,0,부산,영도구,1,9,5,0,0,0,2,129.0395,35.0948,부산영도구,1,승용차승용차,0,0,0,173,0,0
2017-12-08,1,4,1,1,0,0,0,울산,남구,1,10,0,1,2,0,1,129.3082,35.5031,울산남구,0,승용차없음,0,0,0,213,0,0
2017-12-08,1,4,1,1,0,0,0,전남,순천시,1,10,0,0,0,8,1,127.4155,34.8439,전남순천시,0,기타없음,0,0,0,27,0,0
2017-12-08,0,4,1,1,0,0,0,충남,보령시,1,10,0,1,1,9,1,126.5484,36.4465,충남보령시,0,농기계없음,0,0,0,136,0,0
2017-12-08,0,4,1,1,0,0,0,경기,용인시,1,1,0,0,0,0,4,127.1653,37.2549,경기용인시,0,승용차이륜차,0,0,0,51,0,0
2017-12-08,0,4,1,2,1,0,0,경기,고양시,1,6,0,0,0,0,1,126.8706,37.6877,경기고양시,0,승용차없음,0,0,0,40,0,0
2017-12-09,0,5,1,2,1,0,0,부산,강서구,1,8,0,1,1,0,3,128.9897,35.2202,부산강서구,0,승용차화물차,0,1,0,206,0,0
2017-12-09,1,5,1,2,1,0,0,경기,광주시,1,9,5,0,0,6,2,127.2584,37.4218,경기광주시,0,원동기장치자전거승용차,0,1,0,9,0,0
2017-12-09,1,5,1,2,0,1,0,대구,달성군,1,8,6,1,1,0,6,128.4574,35.6883,대구달성군,0,승용차승합차,0,1,0,30,0,0
2017-12-09,0,5,1,7,2,4,0,경북,영덕군,1,8,7,1,1,0,2,129.3791,36.3601,경북영덕군,1,승용차승용차,0,1,0,54,0,0
2017-12-10,0,6,1,3,0,2,0,경기,광주시,1,5,0,0,0,0,6,127.271,37.4503,경기광주시,0,승용차승합차,0,1,0,9,0,0
2017-12-10,1,6,1,1,0,0,0,대구,동구,1,6,0,0,0,0,1,128.7083,35.866,대구동구,0,승용차없음,0,1,0,26,0,0
2017-12-10,1,6,1,1,0,0,0,대구,달성군,1,1,0,0,0,4,2,128.4155,35.8785,대구달성군,0,이륜차승용차,0,1,0,30,0,0
2017-12-10,1,6,1,1,0,0,0,충남,논산시,1,8,7,1,1,0,4,127.011,36.1589,충남논산시,0,승용차이륜차,0,1,0,61,0,0
2017-12-10,1,6,1,29,3,21,4,강원,평창군,1,8,4,0,0,3,6,128.7295,37.6691,강원평창군,2,건설기계승합차,0,1,0,24,0,0
2017-12-11,1,0,1,2,0,1,0,충남,천안시,1,8,5,0,0,0,2,127.139,36.8389,충남천안시,0,승용차승용차,0,0,0,63,0,0
2017-12-11,1,0,1,11,5,5,0,충남,서천군,1,5,0,0,0,0,11,126.6048,36.1631,충남서천군,2,승용차특수차,0,0,0,10,0,0
2017-12-11,1,0,1,1,0,0,0,경북,청도군,1,8,7,1,1,4,3,128.6495,35.6402,경북청도군,0,이륜차화물차,0,0,0,3,0,0
2017-12-11,0,0,1,1,0,0,0,충남,당진시,1,5,0,0,0,1,2,126.7841,36.9446,충남당진시,0,화물차승용차,0,0,0,46,0,0
2017-12-12,1,1,1,1,0,0,0,경남,창녕군,1,1,0,1,1,1,4,128.5263,35.4583,경남창녕군,0,화물차이륜차,0,0,0,211,0,0
2017-12-12,1,1,1,1,0,0,0,전남,보성군,1,8,0,1,1,1,4,127.0856,34.7664,전남보성군,0,화물차이륜차,0,0,0,122,0,0
2017-12-12,1,1,1,1,0,0,0,경기,이천시,1,6,0,1,2,0,1,127.4386,37.1584,경기이천시,0,승용차없음,0,0,0,41,0,0
2017-12-12,0,1,1,1,0,0,0,서울,동대문구,1,8,0,1,2,4,3,127.0231,37.5753,서울동대문구,0,이륜차화물차,0,0,0,201,0,0
2017-12-12,0,1,1,1,0,0,0,전남,순천시,1,8,0,1,1,0,4,127.514,34.9321,전남순천시,0,승용차이륜차,0,0,0,27,0,0
2017-12-13,0,2,1,2,0,1,0,충남,아산시,1,5,3,0,0,2,3,127.0046,36.9215,충남아산시,0,승합차화물차,0,0,0,53,0,0
2017-12-13,0,2,1,4,1,0,2,부산,부산진구,1,1,0,1,2,0,3,129.0631,35.1576,부산부산진구,0,승용차화물차,0,0,0,163,0,0
2017-12-13,0,2,1,1,0,0,0,경기,김포시,1,10,0,0,0,0,1,126.5666,37.6467,경기김포시,0,승용차없음,0,0,0,47,0,0
2017-12-13,0,2,1,1,0,0,0,제주,서귀포시,1,1,0,0,0,0,2,126.5785,33.2552,제주서귀포시,0,승용차승용차,0,0,0,62,0,0
2017-12-14,0,3,1,1,0,0,0,경북,김천시,1,5,0,0,0,1,3,128.2615,36.0955,경북김천시,0,화물차화물차,0,0,0,76,0,0
2017-12-14,0,3,1,1,0,0,0,전북,김제시,1,9,5,0,0,0,2,126.9154,35.8615,전북김제시,0,승용차승용차,0,0,0,34,0,0
2017-12-14,0,3,1,1,0,0,0,경기,화성시,1,6,0,0,0,0,1,126.8501,37.0703,경기화성시,0,승용차없음,0,0,0,50,0,0
2017-12-14,0,3,1,1,0,0,0,전북,전주시,1,1,0,0,0,0,6,127.1436,35.8316,전북전주시,0,승용차승합차,0,0,0,11,0,0
2017-12-14,1,3,1,2,0,1,0,경기,안성시,1,8,0,0,0,0,2,127.4703,37.0915,경기안성시,0,승용차승용차,0,0,0,23,0,0
2017-12-14,1,3,1,1,0,0,0,서울,동작구,1,8,0,1,3,7,6,126.939,37.5046,서울동작구,0,자전거승합차,0,0,0,93,0,0
2017-12-14,1,3,1,2,0,1,0,경기,화성시,1,1,5,1,2,1,2,126.8755,37.198,경기화성시,0,화물차승용차,0,0,0,50,0,0
2017-12-14,1,3,1,1,0,0,0,전남,고흥군,1,8,7,1,1,0,4,127.2117,34.6051,전남고흥군,0,승용차이륜차,0,0,0,191,0,0
2017-12-14,0,3,2,2,0,0,0,전남,해남군,1,5,3,0,0,0,8,126.3497,34.7044,전남해남군,0,승용차농기계,0,0,0,119,0,0
2017-12-15,0,4,1,1,0,0,0,경기,남양주시,1,1,0,0,0,0,2,127.1546,37.6007,경기남양주시,0,승용차승용차,0,0,0,70,0,0
2017-12-15,0,4,1,1,0,0,0,경북,영주시,1,6,0,0,0,0,1,128.5297,36.8592,경북영주시,0,승용차없음,0,0,0,113,0,0
2017-12-15,1,4,1,1,0,0,0,서울,동작구,1,1,0,0,0,6,3,126.9399,37.5026,서울동작구,0,원동기장치자전거화물차,0,0,0,93,0,0
2017-12-15,1,4,1,1,0,0,0,전남,여수시,1,6,0,0,0,1,1,127.6594,34.5711,전남여수시,0,화물차없음,0,0,0,102,0,0
2017-12-15,1,4,1,1,0,0,0,경기,양주시,1,8,0,1,2,0,4,126.9797,37.8845,경기양주시,0,승용차이륜차,0,0,0,59,0,0
2017-12-15,0,4,1,2,1,0,0,충남,공주시,1,1,0,1,2,1,1,127.1608,36.5735,충남공주시,0,화물차없음,0,0,0,19,0,0
2017-12-15,0,4,1,2,0,1,0,전북,군산시,1,1,0,0,0,0,3,126.5929,35.9744,전북군산시,0,승용차화물차,0,0,0,166,0,0
2017-12-16,0,5,1,7,0,6,0,대전,서구,1,5,0,1,2,0,2,127.3953,36.3577,대전서구,1,승용차승용차,0,1,0,4,0,0
2017-12-16,0,5,1,4,1,2,0,충북,음성군,1,8,2,0,0,0,2,127.4827,37.0255,충북음성군,1,승용차승용차,0,1,0,110,0,0
2017-12-16,1,5,1,1,0,0,0,서울,송파구,1,1,0,0,0,4,2,127.1217,37.534,서울송파구,0,이륜차승용차,0,1,0,156,0,0
2017-12-16,0,5,1,1,0,0,0,전남,고흥군,1,10,0,0,0,4,1,127.2438,34.5216,전남고흥군,0,이륜차없음,0,1,0,191,0,0
2017-12-16,0,5,1,5,3,1,0,부산,사상구,1,9,5,0,0,0,2,128.9669,35.1401,부산사상구,1,승용차승용차,0,1,0,120,0,0
2017-12-17,0,6,1,4,0,2,1,대구,달성군,1,1,0,0,0,0,2,128.4645,35.8583,대구달성군,0,승용차승용차,0,1,0,30,0,0
2017-12-17,1,6,1,1,0,0,0,전남,나주시,1,11,0,0,0,7,1,126.7259,34.9113,전남나주시,0,자전거없음,0,1,0,33,0,0
2017-12-17,0,6,1,1,0,0,0,광주,서구,1,1,5,1,2,0,4,126.9045,35.1493,광주서구,0,승용차이륜차,0,1,0,222,0,0
2017-12-18,1,0,1,2,0,1,0,충북,괴산군,1,9,5,0,0,0,9,127.7631,36.7782,충북괴산군,0,승용차건설기계,0,0,0,179,0,0
2017-12-18,1,0,1,1,0,0,0,경북,경주시,1,5,0,0,0,1,3,129.0969,35.8636,경북경주시,0,화물차화물차,0,0,0,100,0,0
2017-12-19,0,1,1,1,0,0,0,전북,군산시,1,6,0,0,0,0,1,126.8534,35.9855,전북군산시,0,승용차없음,0,0,0,166,0,0
2017-12-19,1,1,1,1,0,0,0,부산,기장군,1,9,0,1,1,0,7,129.2622,35.3183,부산기장군,0,승용차원동기장치자전거,0,0,0,85,0,0
2017-12-19,1,1,1,1,0,0,0,대전,동구,1,6,0,0,0,0,1,127.4428,36.3225,대전동구,0,승용차없음,0,0,0,80,0,0
2017-12-19,1,1,1,1,0,0,0,전남,보성군,1,1,4,0,0,1,4,127.3001,34.8402,전남보성군,0,화물차이륜차,0,0,0,122,0,0
2017-12-19,1,1,1,1,0,0,0,전북,완주군,1,11,0,0,0,1,1,127.1367,36.0037,전북완주군,0,화물차없음,0,0,0,28,0,0
2017-12-19,1,1,1,1,0,0,0,충남,당진시,1,6,0,0,0,4,1,126.7563,36.867,충남당진시,0,이륜차없음,0,0,0,46,0,0
2017-12-19,1,1,1,1,0,0,0,대구,남구,1,8,3,0,0,6,2,128.5814,35.8411,대구남구,0,원동기장치자전거승용차,0,0,0,145,0,0
2017-12-19,1,1,1,1,0,0,0,전북,부안군,1,10,0,1,1,1,1,126.7233,35.7231,전북부안군,0,화물차없음,0,0,0,185,0,0
2017-12-19,0,1,1,1,0,0,0,서울,관악구,1,1,0,0,0,4,3,126.9587,37.4733,서울관악구,0,이륜차화물차,0,0,0,188,0,0
2017-12-20,0,2,1,1,0,0,0,충북,음성군,1,10,0,0,0,0,1,127.612,37.0385,충북음성군,0,승용차없음,0,0,0,110,0,0
2017-12-20,0,2,1,1,0,0,0,경기,의정부시,1,8,0,1,3,1,12,127.0469,37.742,경기의정부시,0,화물차기타,0,0,0,64,0,0
2017-12-20,1,2,1,1,0,0,0,경북,성주군,1,8,0,1,1,4,3,128.2777,35.9615,경북성주군,0,이륜차화물차,0,0,0,168,0,0
2017-12-20,1,2,1,2,0,1,0,경북,군위군,1,5,0,0,0,0,9,128.5058,36.2098,경북군위군,0,승용차건설기계,0,0,0,170,0,0
2017-12-20,0,2,1,1,0,0,0,전북,익산시,1,8,7,1,2,4,3,126.991,35.9563,전북익산시,0,이륜차화물차,0,0,0,125,0,0
2017-12-21,0,3,1,1,0,0,0,경남,창원시(통합),1,6,0,0,0,0,1,128.7963,35.1185,경남창원시(통합),0,승용차없음,0,0,0,86,0,0
2017-12-21,0,3,1,1,0,0,0,경기,안산시,1,1,0,0,0,0,2,126.7893,37.328,경기안산시,0,승용차승용차,0,0,0,2,0,0
2017-12-21,0,3,1,1,0,0,0,충북,진천군,1,5,0,0,0,4,3,127.4331,36.8703,충북진천군,0,이륜차화물차,0,0,0,60,0,0
2017-12-21,1,3,2,3,1,0,0,경북,영천시,1,5,0,0,0,1,3,129.0032,35.9259,경북영천시,1,화물차화물차,0,0,0,5,0,0
2017-12-21,1,3,1,3,1,1,0,전남,고흥군,1,9,5,0,0,1,3,127.1891,34.6169,전남고흥군,0,화물차화물차,0,0,0,191,0,0
2017-12-21,1,3,1,1,0,0,0,경북,성주군,1,8,0,1,1,1,4,128.3543,35.9017,경북성주군,0,화물차이륜차,0,0,0,168,0,0
2017-12-21,1,3,1,1,0,0,0,광주,광산구,1,8,8,1,1,0,4,126.7748,35.0758,광주광산구,0,승용차이륜차,0,0,0,135,0,0