발생년월일,주야,요일,사망자수,사상자수,중상자수,경상자수,부상신고자수,발생지시도,발생지시군구,사고유형_대분류,사고유형_중분류,법규위반,도로형태_대분류,도로형태,당사자종별_1당_대분류,당사자종별_2당_대분류,경도,위도,발생지,사고피해정도,사고차량타입,도시여부,주말/공휴일,인구수,발생지번호,보행자의위치,무단횡단여부
2017-12-21,1,3,1,3,1,1,0,강원,춘천시,1,6,0,0,0,1,1,127.7703,37.7918,강원춘천시,0,화물차없음,0,0,0,111,0,0
2017-12-21,0,3,1,1,0,0,0,강원,춘천시,1,6,0,0,0,0,1,127.7948,37.7538,강원춘천시,0,승용차없음,0,0,0,111,0,0
2017-12-21,0,3,1,1,0,0,0,충북,청주시,1,1,0,1,1,0,2,127.4793,36.6412,충북청주시,0,승용차승용차,0,0,0,83,0,0
2017-12-22,0,4,1,1,0,0,0,경기,평택시,1,1,0,0,0,2,3,127.0663,37.0653,경기평택시,0,승합차화물차,0,0,0,14,0,0
2017-12-22,1,4,1,1,0,0,0,전북,김제시,1,9,5,0,0,0,7,126.8992,35.8125,전북김제시,0,승용차원동기장치자전거,0,0,0,34,0,0
2017-12-22,1,4,1,2,1,0,0,충남,서산시,1,6,0,0,0,1,1,126.4037,36.7232,충남서산시,0,화물차없음,0,0,0,69,0,0
2017-12-22,1,4,1,1,0,0,0,경기,오산시,1,1,0,1,1,7,6,127.0644,37.1622,경기오산시,0,자전거승합차,0,0,0,143,0,0
2017-12-22,1,4,1,1,0,0,0,충남,서천군,1,8,8,1,1,1,5,126.7529,36.0571,충남서천군,0,화물차자전거,0,0,0,10,0,0
2017-12-22,1,4,1,1,0,0,0,서울,광진구,1,1,0,2,4,6,9,127.0902,37.5428,서울광진구,0,원동기장치자전거건설기계,0,0,0,183,0,0
2017-12-22,1,4,1,2,1,0,0,전남,광양시,1,8,7,1,1,0,4,127.5995,34.9899,전남광양시,0,승용차이륜차,0,0,0,130,0,0
2017-12-22,1,4,1,2,0,1,0,경남,함안군,1,5,0,0,0,1,2,128.5186,35.2833,경남함안군,0,화물차승용차,0,0,0,117,0,0
2017-12-22,0,4,1,1,0,0,0,서울,성동구,1,8,5,0,0,4,2,127.0343,37.5559,서울성동구,0,이륜차승용차,0,0,0,84,0,0
2017-12-22,0,4,1,1,0,0,0,경기,수원시,1,8,7,1,1,0,4,127.0153,37.2858,경기수원시,0,승용차이륜차,0,0,0,99,0,0
2017-12-23,0,5,1,1,0,0,0,울산,동구,1,1,0,1,2,4,1,129.4017,35.5068,울산동구,0,이륜차없음,0,1,0,225,0,0
2017-12-23,1,5,1,1,0,0,0,울산,울주군,1,9,6,1,1,4,3,129.3349,35.442,울산울주군,0,이륜차화물차,0,1,0,17,0,0
2017-12-23,1,5,1,3,0,2,0,전북,전주시,1,8,6,1,1,0,2,127.1113,35.8516,전북전주시,0,승용차승용차,0,1,0,11,0,0
2017-12-23,1,5,1,1,0,0,0,서울,노원구,1,1,0,1,1,0,7,127.0693,37.6394,서울노원구,0,승용차원동기장치자전거,0,1,0,18,0,0
2017-12-23,0,5,1,1,0,0,0,전북,완주군,1,5,3,0,0,1,3,127.0594,35.7984,전북완주군,0,화물차화물차,0,1,0,28,0,0
2017-12-23,0,5,1,2,1,0,0,전남,강진군,1,6,0,0,0,1,1,126.7946,34.6217,전남강진군,0,화물차없음,0,1,0,121,0,0
2017-12-24,0,6,1,1,0,0,0,강원,횡성군,1,10,0,0,0,0,1,128.2492,37.51,강원횡성군,0,승용차없음,0,1,0,31,0,0
2017-12-24,0,6,1,1,0,0,0,인천,부평구,1,1,0,0,0,0,1,126.7515,37.4802,인천부평구,0,승용차없음,0,1,0,44,0,0
2017-12-24,1,6,1,1,0,0,0,경남,거제시,1,1,0,0,0,0,1,128.5837,34.8592,경남거제시,0,승용차없음,0,1,0,15,0,0
2017-12-24,0,6,1,1,0,0,0,광주,남구,1,5,0,0,0,0,5,126.9028,35.1421,광주남구,0,승용차자전거,0,1,0,190,0,0
2017-12-24,0,6,2,3,0,1,0,대구,달성군,1,8,5,0,0,0,6,128.4449,35.7257,대구달성군,1,승용차승합차,0,1,0,30,0,0
2017-12-25,0,0,1,1,0,0,0,전남,곡성군,1,10,0,0,0,7,1,127.3007,35.2953,전남곡성군,0,자전거없음,0,1,0,147,0,0
2017-12-25,1,0,1,1,0,0,0,세종,세종,1,8,0,1,1,1,5,127.354,36.5468,세종세종,0,화물차자전거,1,1,0,229,0,0
2017-12-25,1,0,1,2,0,1,0,경기,화성시,1,9,5,0,0,0,9,126.9814,37.1164,경기화성시,0,승용차건설기계,0,1,0,50,0,0
2017-12-25,1,0,1,2,1,0,0,경남,진주시,1,8,5,1,2,6,2,128.1818,35.1215,경남진주시,0,원동기장치자전거승용차,0,1,0,42,0,0
2017-12-25,0,0,1,1,0,0,0,광주,남구,1,8,0,1,1,0,4,126.9078,35.144,광주남구,0,승용차이륜차,0,1,0,190,0,0
2017-12-26,0,1,1,2,0,1,0,강원,동해시,1,5,3,0,0,0,3,129.0809,37.5963,강원동해시,0,승용차화물차,0,0,0,210,0,0
2017-12-26,0,1,1,1,0,0,0,경기,고양시,1,6,5,0,0,0,1,126.6876,37.6829,경기고양시,0,승용차없음,0,0,0,40,0,0
2017-12-26,1,1,1,3,1,1,0,경북,상주시,1,5,0,0,0,1,11,128.2132,36.4265,경북상주시,0,화물차특수차,0,0,0,58,0,0
2017-12-26,1,1,1,1,0,0,0,부산,강서구,1,1,0,0,0,1,5,128.9636,35.196,부산강서구,0,화물차자전거,0,0,0,206,0,0
2017-12-26,1,1,1,1,0,0,0,경북,상주시,1,8,7,1,1,4,3,128.1969,36.557,경북상주시,0,이륜차화물차,0,0,0,58,0,0
2017-12-26,0,1,1,1,0,0,0,경남,창원시(통합),1,5,0,0,0,1,11,128.7816,35.1324,경남창원시(통합),0,화물차특수차,0,0,0,86,0,0
2017-12-26,0,1,1,1,0,0,0,전북,고창군,1,5,0,0,0,1,3,126.5782,35.3447,전북고창군,0,화물차화물차,0,0,0,219,0,0
2017-12-26,0,1,2,4,2,0,0,경남,사천시,1,6,0,0,0,0,1,127.9718,34.976,경남사천시,1,승용차없음,0,0,0,57,0,0
2017-12-27,0,2,1,1,0,0,0,대구,동구,1,6,0,1,2,0,1,128.6429,35.8906,대구동구,0,승용차없음,0,0,0,26,0,0
2017-12-27,0,2,1,1,0,0,0,충남,청양군,1,10,0,1,2,1,1,126.7974,36.4435,충남청양군,0,화물차없음,0,0,0,174,0,0
2017-12-27,0,2,1,1,0,0,0,서울,동대문구,1,6,0,0,0,0,1,127.0278,37.5813,서울동대문구,0,승용차없음,0,0,0,201,0,0
2017-12-27,1,2,1,2,1,0,0,충남,서산시,1,9,5,0,0,0,2,126.4571,36.7609,충남서산시,0,승용차승용차,0,0,0,69,0,0
2017-12-27,1,2,1,5,0,4,0,경기,안성시,1,5,3,0,0,0,2,127.1929,37.0058,경기안성시,1,승용차승용차,0,0,0,23,0,0
2017-12-27,1,2,1,1,0,0,0,경기,양주시,1,9,5,0,0,1,2,127.0513,37.8248,경기양주시,0,화물차승용차,0,0,0,59,0,0
2017-12-27,1,2,1,1,0,0,0,경북,영덕군,1,6,0,0,0,0,1,129.2484,36.4886,경북영덕군,0,승용차없음,0,0,0,54,0,0
2017-12-27,1,2,1,1,0,0,0,경북,안동시,1,10,0,0,0,0,1,128.6697,36.5004,경북안동시,0,승용차없음,0,0,0,66,0,0
2017-12-27,1,2,1,6,1,4,0,서울,종로구,1,5,0,0,0,0,5,127.011,37.5716,서울종로구,1,승용차자전거,0,0,0,116,0,0
2017-12-27,0,2,1,1,0,0,0,충남,아산시,1,8,6,1,1,4,2,127.0147,36.7717,충남아산시,0,이륜차승용차,0,0,0,53,0,0
2017-12-27,0,2,1,2,1,0,0,경기,용인시,1,8,5,0,0,0,6,127.2367,37.2558,경기용인시,0,승용차승합차,0,0,0,51,0,0
2017-12-27,0,2,1,2,0,0,1,경기,포천시,1,8,5,0,0,0,2,127.1358,37.8325,경기포천시,0,승용차승용차,0,0,0,171,0,0
2017-12-28,1,3,1,1,0,0,0,경남,밀양시,1,6,0,1,2,0,1,128.7575,35.4645,경남밀양시,0,승용차없음,0,0,0,177,0,0
2017-12-28,1,3,1,1,0,0,0,전남,광양시,1,10,0,1,1,1,1,127.5967,34.9375,전남광양시,0,화물차없음,0,0,0,130,0,0
2017-12-29,0,4,1,1,0,0,0,서울,서초구,1,1,3,0,0,3,4,126.9848,37.4689,서울서초구,0,건설기계이륜차,0,0,0,214,0,0
2017-12-29,1,4,1,3,0,2,0,경북,울진군,1,10,0,0,0,1,1,129.2489,36.9368,경북울진군,0,화물차없음,0,0,0,208,0,0
2017-12-29,1,4,1,1,0,0,0,충북,청주시,1,6,0,0,0,3,1,127.4779,36.6911,충북청주시,0,건설기계없음,0,0,0,83,0,0
2017-12-29,1,4,1,1,0,0,0,경기,구리시,1,8,0,0,0,0,3,127.1337,37.6365,경기구리시,0,승용차화물차,0,0,0,165,0,0
2017-12-29,0,4,1,2,0,0,1,경기,가평군,1,6,0,1,1,0,1,127.4864,37.6804,경기가평군,0,승용차없음,0,0,0,176,0,0
2017-12-29,0,4,1,2,0,1,0,경기,화성시,1,8,5,0,0,0,6,127.1053,37.1614,경기화성시,0,승용차승합차,0,0,0,50,0,0
2017-12-29,0,4,1,1,0,0,0,경기,시흥시,1,5,0,0,0,0,3,126.8286,37.4423,경기시흥시,0,승용차화물차,0,0,0,73,0,0
2017-12-30,0,5,1,1,0,0,0,강원,원주시,1,8,0,0,0,0,5,127.953,37.3406,강원원주시,0,승용차자전거,0,1,0,36,0,0
2017-12-30,1,5,1,1,0,0,0,경기,포천시,1,6,0,0,0,0,1,127.2336,37.9438,경기포천시,0,승용차없음,0,1,0,171,0,0
2017-12-30,1,5,1,1,0,0,0,경남,하동군,1,9,5,0,0,0,9,127.8318,35.0608,경남하동군,0,승용차건설기계,0,1,0,172,0,0
2017-12-30,1,5,1,5,2,1,1,강원,인제군,1,6,0,0,0,2,1,128.4609,37.9424,강원인제군,1,승합차없음,0,1,0,124,0,0
2017-12-30,0,5,1,4,3,0,0,전남,무안군,1,6,0,1,2,0,1,126.4326,34.8957,전남무안군,1,승용차없음,0,1,0,101,0,0
2017-12-30,0,5,1,6,2,3,0,광주,동구,1,9,5,0,0,0,2,126.9373,35.1061,광주동구,1,승용차승용차,0,1,0,162,0,0
2017-12-31,1,6,1,1,0,0,0,경북,경산시,1,1,7,1,2,4,6,128.7297,35.8202,경북경산시,0,이륜차승합차,0,1,0,52,0,0
2017-12-31,0,6,1,4,1,0,2,경남,사천시,1,5,0,0,0,1,3,127.9888,35.1398,경남사천시,0,화물차화물차,0,1,0,57,0,0
2017-12-31,0,6,1,1,0,0,0,부산,기장군,1,6,0,0,0,6,1,129.2677,35.3221,부산기장군,0,원동기장치자전거없음,0,1,0,85,0,0
2017-12-31,0,6,1,1,0,0,0,강원,홍천군,1,11,0,0,0,1,1,128.2685,37.8204,강원홍천군,0,화물차없음,0,1,0,82,0,0
2017-12-31,0,6,1,11,1,9,0,경기,동두천시,1,9,5,0,0,0,2,127.0565,37.8863,경기동두천시,2,승용차승용차,0,1,0,94,0,0
2016-11-07,1,0,1,1,0,0,0,충남,예산군,1,10,0,0,0,3,1,126.7704,36.7273,충남예산군,0,건설기계없음,0,0,0,187,0,0
2016-11-19,1,5,1,1,0,0,0,경기,가평군,1,10,0,0,0,9,1,127.5539,37.8686,경기가평군,0,농기계없음,0,1,0,176,0,0
2016-11-12,1,5,1,1,0,0,0,경기,파주시,1,1,0,0,0,4,1,126.7256,37.7091,경기파주시,0,이륜차없음,0,1,0,175,0,0
2016-11-25,0,4,1,1,0,0,0,경기,화성시,1,1,0,1,2,0,2,126.9492,37.221,경기화성시,0,승용차승용차,0,0,0,50,0,0
2016-11-26,0,5,1,3,0,2,0,강원,원주시,1,9,5,0,0,0,2,127.9168,37.4127,강원원주시,0,승용차승용차,0,1,0,36,0,0
2016-11-25,0,4,1,2,0,1,0,충북,음성군,1,10,0,0,0,2,1,127.7067,36.8854,충북음성군,0,승합차없음,0,0,0,110,0,0
2016-11-20,1,6,2,2,0,0,0,경남,합천군,1,10,0,0,0,0,1,128.2633,35.5566,경남합천군,0,승용차없음,0,1,0,133,0,0
2016-11-20,1,6,1,1,0,0,0,전북,순창군,1,7,0,0,0,6,2,127.1144,35.3659,전북순창군,0,원동기장치자전거승용차,0,1,0,131,0,0
2016-10-31,1,0,1,1,0,0,0,경기,양평군,1,1,0,0,0,0,5,127.6178,37.5048,경기양평군,0,승용차자전거,0,0,0,48,0,0
2016-11-04,1,4,1,4,0,3,0,경기,광주시,1,5,0,1,2,1,3,127.2442,37.3663,경기광주시,1,화물차화물차,0,0,0,9,0,0
2016-11-05,0,5,1,1,0,0,0,서울,관악구,1,10,0,0,0,0,1,126.9482,37.4657,서울관악구,0,승용차없음,0,1,0,188,0,0
2016-10-30,1,6,1,1,0,0,0,강원,홍천군,1,10,0,0,0,4,1,128.1589,37.8217,강원홍천군,0,이륜차없음,0,1,0,82,0,0
2016-10-29,1,5,1,1,0,0,0,경북,경산시,1,9,7,1,2,1,4,128.8425,35.8786,경북경산시,0,화물차이륜차,0,1,0,52,0,0
2016-12-12,1,0,1,1,0,0,0,경남,창원시(통합),1,7,5,1,2,1,3,128.5116,35.2525,경남창원시(통합),0,화물차화물차,0,0,0,86,0,0
2016-12-12,1,0,1,1,0,0,0,전북,임실군,1,5,0,0,0,0,5,127.3219,35.5028,전북임실군,0,승용차자전거,0,0,0,152,0,0
2016-02-22,0,0,1,2,1,0,0,서울,양천구,1,9,0,0,0,4,2,126.869,37.5256,서울양천구,0,이륜차승용차,0,0,0,140,0,0
2016-02-21,1,6,1,1,0,0,0,경남,창원시(통합),1,7,6,1,1,6,2,128.5384,35.2591,경남창원시(통합),0,원동기장치자전거승용차,0,1,0,86,0,0
2016-02-27,1,5,1,4,2,0,1,부산,금정구,1,6,0,0,0,0,1,129.1095,35.2402,부산금정구,1,승용차없음,0,1,0,96,0,0
2016-02-28,0,6,1,2,1,0,0,세종,세종,1,1,0,0,0,0,1,127.2799,36.4694,세종세종,0,승용차없음,1,1,0,229,0,0
2016-02-28,1,6,1,1,0,0,0,경북,경산시,1,7,6,1,1,4,2,128.8415,35.7914,경북경산시,0,이륜차승용차,0,1,0,52,0,0
2016-02-16,0,1,1,4,0,3,0,인천,서구,1,9,5,2,0,0,2,126.6703,37.4827,인천서구,1,승용차승용차,0,0,0,97,0,0
2016-02-10,0,2,1,1,0,0,0,서울,광진구,1,6,0,0,0,6,1,127.0803,37.5373,서울광진구,0,원동기장치자전거없음,0,0,0,183,0,0
2016-02-07,1,6,1,1,0,0,0,대구,동구,1,7,0,1,2,0,5,128.6438,35.9425,대구동구,0,승용차자전거,0,1,0,26,0,0
2016-02-17,1,2,1,3,2,0,0,전북,전주시,1,6,0,0,0,1,1,127.1334,35.8078,전북전주시,1,화물차없음,0,0,0,11,0,0
2016-02-24,1,2,1,2,0,1,0,서울,동작구,1,9,5,0,0,0,2,126.9596,37.4969,서울동작구,0,승용차승용차,0,0,0,93,0,0
2016-02-23,1,1,1,1,0,0,0,서울,금천구,1,7,0,1,1,0,4,126.8772,37.4841,서울금천구,0,승용차이륜차,0,0,0,109,0,0
2016-02-25,0,3,1,1,0,0,0,부산,기장군,1,6,0,0,0,0,1,129.1951,35.2537,부산기장군,0,승용차없음,0,0,0,85,0,0
2016-03-04,1,4,1,1,0,0,0,서울,노원구,1,7,6,1,1,0,4,127.0891,37.6223,서울노원구,0,승용차이륜차,0,0,0,18,0,0
2016-03-08,1,1,1,1,0,0,0,울산,울주군,1,10,0,1,2,2,1,129.2335,35.5991,울산울주군,0,승합차없음,0,0,0,17,0,0
2016-03-07,1,0,1,1,0,0,0,전남,화순군,1,1,0,0,0,9,1,126.9374,35.0,전남화순군,0,농기계없음,0,0,0,88,0,0
2016-02-08,0,0,1,2,1,0,0,경기,고양시,1,10,0,0,0,0,1,126.7962,37.6779,경기고양시,0,승용차없음,0,1,0,40,0,0
2016-02-17,0,2,1,2,1,0,0,울산,북구,1,5,0,0,0,1,3,129.3851,35.5431,울산북구,0,화물차화물차,0,0,0,158,0,0
2016-02-18,0,3,1,3,2,0,0,충북,청주시,1,10,0,1,2,0,1,127.5228,36.7358,충북청주시,1,승용차없음,0,0,0,83,0,0
2016-02-18,0,3,1,3,2,0,0,경남,거제시,1,9,5,0,0,0,2,128.6811,34.9097,경남거제시,1,승용차승용차,0,0,0,15,0,0
2016-02-24,1,2,1,3,2,0,0,경기,파주시,1,9,5,0,0,0,9,126.8555,37.8076,경기파주시,1,승용차건설기계,0,0,0,175,0,0
2016-02-29,1,0,1,2,1,0,0,전남,완도군,1,6,0,0,0,0,1,126.5838,34.1945,전남완도군,0,승용차없음,0,0,0,141,0,0
2016-02-26,0,4,1,2,1,0,0,충남,서산시,1,11,0,1,1,0,1,126.4679,36.7974,충남서산시,0,승용차없음,0,0,0,69,0,0
2016-03-01,1,1,1,1,0,0,0,충남,예산군,1,9,5,0,0,7,6,126.8252,36.7413,충남예산군,0,자전거승합차,0,1,0,187,0,0
2016-03-01,1,1,1,1,0,0,0,서울,동대문구,1,1,0,0,0,0,3,127.0566,37.5886,서울동대문구,0,승용차화물차,0,1,0,201,0,0
2016-03-07,0,0,1,2,1,0,0,강원,원주시,1,5,0,0,0,0,2,127.9685,37.3175,강원원주시,0,승용차승용차,0,0,0,36,0,0
2016-03-07,1,0,1,1,0,0,0,경북,안동시,1,10,0,0,0,0,1,128.632,36.4807,경북안동시,0,승용차없음,0,0,0,66,0,0
2016-03-06,0,6,2,2,0,0,0,경북,청송군,1,9,5,0,0,2,3,129.0654,36.361,경북청송군,0,승합차화물차,0,1,0,203,0,0
2016-03-05,1,5,1,7,3,3,0,전남,광양시,1,9,5,0,0,0,2,127.6744,34.9556,전남광양시,1,승용차승용차,0,1,0,130,0,0
2016-03-02,0,2,1,1,0,0,0,충남,당진시,1,10,0,0,0,0,1,126.6782,36.935,충남당진시,0,승용차없음,0,0,0,46,0,0
2016-03-05,0,5,1,1,0,0,0,경북,경산시,1,1,0,0,0,0,2,128.8374,35.9212,경북경산시,0,승용차승용차,0,1,0,52,0,0
2016-02-15,1,0,1,2,0,1,0,부산,강서구,1,5,0,0,0,1,3,128.7779,35.0159,부산강서구,0,화물차화물차,0,0,0,206,0,0
2016-02-14,1,6,1,2,1,0,0,서울,송파구,1,1,0,1,2,0,9,127.0757,37.5041,서울송파구,0,승용차건설기계,0,1,0,156,0,0
2016-02-19,0,4,1,1,0,0,0,경남,양산시,1,7,3,1,2,0,4,129.0363,35.3486,경남양산시,0,승용차이륜차,0,0,0,49,0,0
2016-02-19,1,4,1,1,0,0,0,전남,순천시,1,7,6,1,1,4,2,127.525,34.9457,전남순천시,0,이륜차승용차,0,0,0,27,0,0
2016-02-08,1,0,1,4,3,0,0,경북,김천시,1,6,0,0,0,0,1,128.1367,35.9811,경북김천시,1,승용차없음,0,1,0,76,0,0
2016-02-15,1,0,1,10,6,3,0,전남,강진군,1,7,0,0,0,2,6,126.7315,34.5913,전남강진군,2,승합차승합차,0,0,0,121,0,0
2016-02-23,0,1,1,3,1,1,0,경남,진주시,1,7,3,0,0,0,2,128.1054,35.1527,경남진주시,0,승용차승용차,0,0,0,42,0,0
2016-03-08,1,1,1,1,0,0,0,전북,부안군,1,10,0,0,0,4,1,126.6813,35.6452,전북부안군,0,이륜차없음,0,0,0,185,0,0
2016-03-07,0,0,1,1,0,0,0,경기,남양주시,1,1,6,1,1,2,4,127.2025,37.6987,경기남양주시,0,승합차이륜차,0,0,0,70,0,0
2016-03-05,0,5,1,1,0,0,0,부산,북구,1,1,5,0,0,7,2,129.0134,35.2597,부산북구,0,자전거승용차,0,1,0,118,0,0
2016-03-13,0,6,2,2,0,0,0,서울,중구,1,7,6,1,1,4,2,126.9981,37.5666,서울중구,0,이륜차승용차,0,1,0,8,0,0
2016-02-14,0,6,2,10,0,8,0,강원,속초시,1,9,5,1,2,0,6,128.5277,38.2036,강원속초시,2,승용차승합차,0,1,0,104,0,0
2016-02-13,1,5,1,1,0,0,0,강원,평창군,1,10,0,0,0,0,1,128.5946,37.6722,강원평창군,0,승용차없음,0,1,0,24,0,0
2016-03-13,1,6,1,3,0,2,0,전북,군산시,1,9,5,0,0,1,3,126.7077,35.9565,전북군산시,0,화물차화물차,0,1,0,166,0,0
2016-03-20,0,6,1,1,0,0,0,경북,영천시,1,10,0,1,1,0,1,128.9297,35.9488,경북영천시,0,승용차없음,0,1,0,5,0,0
2016-03-19,1,5,1,1,0,0,0,충남,아산시,1,10,0,0,0,0,1,126.8639,36.7482,충남아산시,0,승용차없음,0,1,0,53,0,0
2016-03-18,0,4,1,1,0,0,0,부산,강서구,1,5,0,1,2,0,11,128.8731,35.0889,부산강서구,0,승용차특수차,0,0,0,206,0,0
2016-03-17,1,3,1,1,0,0,0,전남,화순군,1,7,7,1,1,4,2,126.8883,34.964,전남화순군,0,이륜차승용차,0,0,0,88,0,0
2016-03-24,1,3,1,1,0,0,0,경남,창원시(통합),1,1,0,1,2,3,5,128.7046,35.1351,경남창원시(통합),0,건설기계자전거,0,0,0,86,0,0
2016-03-22,1,1,1,1,0,0,0,경기,화성시,1,10,0,0,0,4,1,126.9194,37.0709,경기화성시,0,이륜차없음,0,0,0,50,0,0
2016-03-27,1,6,1,2,0,1,0,전남,구례군,1,6,0,1,1,1,1,127.5451,35.1595,전남구례군,0,화물차없음,0,1,0,161,0,0
2016-03-30,0,2,1,1,0,0,0,경남,창원시(통합),1,5,6,1,1,6,2,128.6653,35.246,경남창원시(통합),0,원동기장치자전거승용차,0,0,0,86,0,0
2016-03-31,0,3,1,2,0,1,0,경기,성남시,1,9,0,0,0,0,2,127.1273,37.3666,경기성남시,0,승용차승용차,0,0,0,95,0,0
2016-04-07,1,3,1,2,0,1,0,경기,이천시,1,9,0,1,1,0,3,127.3868,37.2087,경기이천시,0,승용차화물차,0,0,0,41,0,0
2016-04-07,1,3,1,1,0,0,0,경기,포천시,1,1,4,0,0,1,3,127.2139,37.7875,경기포천시,0,화물차화물차,0,0,0,171,0,0
2016-04-07,1,3,1,1,0,0,0,충남,보령시,1,11,0,0,0,0,1,126.5433,36.4924,충남보령시,0,승용차없음,0,0,0,136,0,0
2016-04-06,0,2,1,1,0,0,0,경기,화성시,1,7,0,0,0,1,7,126.8769,37.1698,경기화성시,0,화물차원동기장치자전거,0,0,0,50,0,0
2016-03-11,0,4,1,1,0,0,0,경남,양산시,1,7,7,1,1,0,4,129.019,35.3385,경남양산시,0,승용차이륜차,0,0,0,49,0,0
2016-03-11,0,4,1,1,0,0,0,대구,남구,1,9,5,0,0,6,2,128.5917,35.8325,대구남구,0,원동기장치자전거승용차,0,0,0,145,0,0
2016-03-14,1,0,1,4,2,1,0,강원,양양군,1,5,2,0,0,2,2,128.643,38.0652,강원양양군,1,승합차승용차,0,0,0,164,0,0
2016-03-16,1,2,1,1,0,0,0,충북,청주시,1,7,0,0,0,2,5,127.4863,36.6366,충북청주시,0,승합차자전거,0,0,0,83,0,0
2016-03-22,1,1,1,1,0,0,0,제주,서귀포시,1,1,0,0,0,0,3,126.6161,33.2514,제주서귀포시,0,승용차화물차,0,0,0,62,0,0
2016-03-22,1,1,1,1,0,0,0,전남,진도군,1,5,0,0,0,1,8,126.1912,34.399,전남진도군,0,화물차농기계,0,0,0,71,0,0
2016-03-22,1,1,1,1,0,0,0,경기,고양시,1,1,0,0,3,2,5,126.7489,37.6809,경기고양시,0,승합차자전거,0,0,0,40,0,0
2016-03-25,1,4,1,1,0,0,0,충북,제천시,1,10,0,0,0,0,1,128.2162,36.9147,충북제천시,0,승용차없음,0,0,0,103,0,0
2016-04-01,1,4,1,1,0,0,0,충남,아산시,1,7,6,1,1,1,7,127.0129,36.7898,충남아산시,0,화물차원동기장치자전거,0,0,0,53,0,0
2016-03-29,1,1,1,1,0,0,0,서울,강남구,1,7,6,1,1,4,2,127.1018,37.4873,서울강남구,0,이륜차승용차,0,0,0,89,0,0
2016-04-08,1,4,1,3,1,1,0,전남,담양군,1,7,6,1,1,4,2,126.8941,35.2795,전남담양군,0,이륜차승용차,0,0,0,181,0,0
2016-04-06,1,2,1,1,0,0,0,울산,남구,1,10,0,0,0,4,1,129.2816,35.5464,울산남구,0,이륜차없음,0,0,0,213,0,0
2016-03-19,0,5,1,1,0,0,0,충남,당진시,1,7,5,0,0,1,2,126.5862,36.9872,충남당진시,0,화물차승용차,0,1,0,46,0,0
2016-03-19,1,5,1,1,0,0,0,충남,서산시,1,9,5,0,0,0,3,126.448,36.8455,충남서산시,0,승용차화물차,0,1,0,69,0,0
2016-03-20,1,6,2,3,0,1,0,경기,시흥시,1,6,0,0,0,1,1,126.7684,37.4162,경기시흥시,1,화물차없음,0,1,0,73,0,0
2016-03-17,0,3,1,1,0,0,0,대구,동구,1,10,0,0,0,4,1,128.6662,35.9565,대구동구,0,이륜차없음,0,0,0,26,0,0
2016-03-24,0,3,1,1,0,0,0,인천,남구,1,1,0,1,1,6,2,126.69,37.4465,인천남동구,0,원동기장치자전거승용차,0,0,0,29,0,0
2016-03-23,0,2,1,3,0,2,0,서울,서초구,1,1,0,0,0,0,6,127.0358,37.4827,서울서초구,0,승용차승합차,0,0,0,214,0,0
2016-03-30,0,2,1,1,0,0,0,경기,광명시,1,10,0,0,0,4,1,126.8531,37.4537,경기광명시,0,이륜차없음,0,0,0,81,0,0
2016-03-30,1,2,1,1,0,0,0,강원,양구군,1,10,0,0,0,3,1,128.108,38.2599,강원양구군,0,건설기계없음,0,0,0,115,0,0
2016-03-30,1,2,1,2,1,0,0,경북,구미시,1,7,2,0,0,0,4,128.3274,36.2852,경북구미시,0,승용차이륜차,0,0,0,144,0,0
2016-04-05,1,1,1,1,0,0,0,충북,청주시,1,10,0,0,0,2,1,127.668,36.6173,충북청주시,0,승합차없음,0,0,0,83,0,0
2016-04-06,1,2,1,1,0,0,0,충남,천안시,1,7,3,0,0,2,4,127.3043,36.7516,충남천안시,0,승합차이륜차,0,0,0,63,0,0
2016-03-10,0,3,1,1,0,0,0,충남,예산군,1,6,0,0,0,0,1,126.8412,36.7125,충남예산군,0,승용차없음,0,0,0,187,0,0
2016-03-09,1,2,1,2,0,1,0,경기,고양시,1,5,0,0,0,1,9,126.7424,37.6472,경기고양시,0,화물차건설기계,0,0,0,40,0,0
2016-03-15,0,1,1,1,0,0,0,경기,과천시,1,7,0,0,0,0,4,126.9977,37.4293,경기과천시,0,승용차이륜차,0,0,0,227,0,0
2016-03-22,0,1,1,1,0,0,0,세종,세종,1,1,5,1,2,7,2,127.3051,36.603,세종세종,0,자전거승용차,1,0,0,229,0,0
2016-03-25,0,4,1,1,0,0,0,경기,안산시,1,1,0,0,0,4,1,126.8589,37.3041,경기안산시,0,이륜차없음,0,0,0,2,0,0
2016-03-22,1,1,1,2,0,1,0,전남,담양군,1,7,6,1,1,6,2,126.9722,35.3185,전남담양군,0,원동기장치자전거승용차,0,0,0,181,0,0
2016-03-28,1,0,2,2,0,0,0,대구,수성구,1,10,0,0,0,4,1,128.6594,35.852,대구수성구,0,이륜차없음,0,0,0,37,0,0
2016-03-25,1,4,1,1,0,0,0,대구,동구,1,7,0,1,1,0,4,128.6393,35.8751,대구동구,0,승용차이륜차,0,0,0,26,0,0
2016-04-05,0,1,1,2,0,1,0,충북,청주시,1,5,0,0,0,4,2,127.3741,36.6236,충북청주시,0,이륜차승용차,0,0,0,83,0,0