발생년월일,주야,요일,사망자수,사상자수,중상자수,경상자수,부상신고자수,발생지시도,발생지시군구,사고유형_대분류,사고유형_중분류,법규위반,도로형태_대분류,도로형태,당사자종별_1당_대분류,당사자종별_2당_대분류,경도,위도,발생지,사고피해정도,사고차량타입,도시여부,주말/공휴일,인구수,발생지번호,보행자의위치,무단횡단여부
2016-04-07,0,3,1,2,1,0,0,충남,공주시,1,6,0,0,0,1,1,127.1998,36.4422,충남공주시,0,화물차없음,0,0,0,19,0,0
2016-03-09,1,2,1,1,0,0,0,충북,진천군,1,1,0,1,2,4,3,127.4745,36.8776,충북진천군,0,이륜차화물차,0,0,0,60,0,0
2016-03-14,1,0,1,1,0,0,0,경기,파주시,1,7,8,1,1,1,3,126.7668,37.7371,경기파주시,0,화물차화물차,0,0,0,175,0,0
2016-04-28,0,3,1,1,0,0,0,광주,광산구,1,5,0,0,0,0,3,126.8404,35.1953,광주광산구,0,승용차화물차,0,0,0,135,0,0
2016-04-26,1,1,1,2,1,0,0,경기,시흥시,1,7,8,1,1,1,9,126.6967,37.3317,경기시흥시,0,화물차건설기계,0,0,0,73,0,0
2016-04-30,1,5,1,1,0,0,0,경기,김포시,1,10,0,0,0,0,1,126.6528,37.6424,경기김포시,0,승용차없음,0,1,0,47,0,0
2016-04-11,0,0,1,1,0,0,0,경기,용인시,1,6,0,1,2,0,1,127.1047,37.244,경기용인시,0,승용차없음,0,0,0,51,0,0
2016-04-10,1,6,1,1,0,0,0,부산,사하구,1,5,0,0,0,1,3,128.9917,35.0842,부산사하구,0,화물차화물차,0,1,0,25,0,0
2016-04-11,0,0,1,1,0,0,0,경기,용인시,1,9,0,1,2,0,9,127.2166,37.2333,경기용인시,0,승용차건설기계,0,0,0,51,0,0
2016-04-09,1,5,1,1,0,0,0,충북,제천시,1,1,0,0,0,2,2,128.1376,36.9289,충북제천시,0,승합차승용차,0,1,0,103,0,0
2016-04-08,1,4,1,2,1,0,0,경북,김천시,1,7,0,0,0,4,3,128.189,36.1016,경북김천시,0,이륜차화물차,0,0,0,76,0,0
2016-04-15,0,4,1,2,1,0,0,충북,음성군,1,9,5,0,0,1,3,127.6912,37.1147,충북음성군,0,화물차화물차,0,0,0,110,0,0
2016-04-13,0,2,1,1,0,0,0,경기,성남시,1,1,0,1,1,0,5,127.1216,37.3824,경기성남시,0,승용차자전거,0,1,0,95,0,0
2016-04-17,1,6,1,2,0,1,0,경기,성남시,1,5,2,1,2,0,2,127.1516,37.4299,경기성남시,0,승용차승용차,0,1,0,95,0,0
2016-04-16,1,5,1,1,0,0,0,충남,아산시,1,5,0,0,0,0,3,127.0076,36.8001,충남아산시,0,승용차화물차,0,1,0,53,0,0
2016-04-24,1,6,1,2,1,0,0,충북,충주시,1,7,6,1,1,6,2,127.917,36.9988,충북충주시,0,원동기장치자전거승용차,0,1,0,6,0,0
2016-04-24,0,6,1,1,0,0,0,경남,창원시(통합),1,6,0,1,2,0,1,128.5596,35.1734,경남창원시(통합),0,승용차없음,0,1,0,86,0,0
2016-04-23,0,5,1,1,0,0,0,울산,울주군,1,6,0,0,0,0,1,129.2968,35.4417,울산울주군,0,승용차없음,0,1,0,17,0,0
2016-05-03,0,1,2,3,1,0,0,인천,강화군,1,5,0,0,0,1,8,126.463,37.7779,인천강화군,1,화물차농기계,0,0,0,92,0,0
2016-04-30,0,5,1,1,0,0,0,경기,군포시,1,1,9,0,0,2,4,126.9467,37.3734,경기군포시,0,승합차이륜차,0,1,0,126,0,0
2016-04-11,0,0,1,1,0,0,0,경기,수원시,1,1,0,0,0,0,5,127.0154,37.3196,경기수원시,0,승용차자전거,0,0,0,99,0,0
2016-04-10,1,6,2,4,1,1,0,전남,영암군,1,7,6,1,1,0,2,126.4374,34.7655,전남영암군,1,승용차승용차,0,1,0,16,0,0
2016-06-14,0,1,1,1,0,0,0,경북,경산시,1,5,0,1,1,0,5,128.752,35.8063,경북경산시,0,승용차자전거,0,0,0,52,0,0
2016-06-18,0,5,1,1,0,0,0,경기,화성시,1,7,3,1,2,1,7,127.0273,37.208,경기화성시,0,화물차원동기장치자전거,0,1,0,50,0,0
2016-06-26,0,6,1,1,0,0,0,충북,영동군,1,10,0,0,0,7,1,127.739,36.1331,충북영동군,0,자전거없음,0,1,0,75,0,0
2016-06-25,0,5,1,1,0,0,0,광주,북구,1,10,0,0,0,0,1,126.8768,35.1929,광주북구,0,승용차없음,0,1,0,137,0,0
2016-07-03,0,6,1,3,1,1,0,대전,중구,1,7,6,1,1,1,2,127.4052,36.3285,대전중구,0,화물차승용차,0,1,0,39,0,0
2016-07-06,1,2,1,2,1,0,0,경기,이천시,1,7,5,0,0,1,2,127.4757,37.3049,경기이천시,0,화물차승용차,0,0,0,41,0,0
2016-07-04,1,0,1,2,0,0,1,경북,청송군,1,1,8,1,1,0,7,128.8983,36.2703,경북청송군,0,승용차원동기장치자전거,0,0,0,203,0,0
2016-07-11,1,0,1,1,0,0,0,경북,군위군,1,5,0,1,2,1,5,128.7179,36.1726,경북군위군,0,화물차자전거,0,0,0,170,0,0
2016-07-08,1,4,1,1,0,0,0,경기,성남시,1,7,2,0,0,1,5,127.1518,37.4221,경기성남시,0,화물차자전거,0,0,0,95,0,0
2016-07-08,1,4,1,1,0,0,0,충남,태안군,1,10,0,0,0,9,1,126.2538,36.7763,충남태안군,0,농기계없음,0,0,0,169,0,0
2016-07-07,1,3,1,1,0,0,0,충남,아산시,1,5,0,0,0,6,6,127.0569,36.7696,충남아산시,0,원동기장치자전거승합차,0,0,0,53,0,0
2016-07-07,1,3,1,2,1,0,0,경북,청송군,1,5,0,0,0,0,3,128.907,36.1931,경북청송군,0,승용차화물차,0,0,0,203,0,0
2016-07-15,1,4,1,2,1,0,0,경남,양산시,1,7,0,0,0,3,4,129.048,35.3792,경남양산시,0,건설기계이륜차,0,0,0,49,0,0
2016-07-15,0,4,1,1,0,0,0,경북,성주군,1,10,0,0,0,1,1,128.1753,35.838,경북성주군,0,화물차없음,0,0,0,168,0,0
2016-07-21,1,3,1,3,2,0,0,경기,성남시,1,1,4,0,0,0,3,127.1424,37.444,경기성남시,1,승용차화물차,0,0,0,95,0,0
2016-07-21,1,3,1,1,0,0,0,충남,천안시,1,1,5,1,2,4,9,127.1329,36.8262,충남천안시,0,이륜차건설기계,0,0,0,63,0,0
2016-07-20,1,2,1,1,0,0,0,경기,안산시,1,10,0,0,0,7,1,126.7935,37.3239,경기안산시,0,자전거없음,0,0,0,2,0,0
2016-06-06,1,0,1,1,0,0,0,전남,영광군,1,10,0,1,1,4,1,126.4325,35.2131,전남영광군,0,이륜차없음,0,1,0,127,0,0
2016-06-10,1,4,1,2,1,0,0,충북,충주시,1,7,0,1,2,0,7,127.9596,37.0781,충북충주시,0,승용차원동기장치자전거,0,0,0,6,0,0
2016-06-11,1,5,1,1,0,0,0,충남,부여군,1,7,0,0,0,4,9,126.942,36.2323,충남부여군,0,이륜차건설기계,0,1,0,129,0,0
2016-06-17,1,4,1,1,0,0,0,서울,동작구,1,1,0,2,4,7,1,126.9519,37.5153,서울동작구,0,자전거없음,0,0,0,93,0,0
2016-06-24,0,4,1,1,0,0,0,서울,강남구,1,1,0,0,0,4,1,127.0855,37.49,서울강남구,0,이륜차없음,0,0,0,89,0,0
2016-06-25,1,5,1,1,0,0,0,경남,밀양시,1,6,0,0,0,0,1,128.651,35.4882,경남밀양시,0,승용차없음,0,1,0,177,0,0
2016-07-05,1,1,1,1,0,0,0,경남,함안군,1,7,3,1,2,4,2,128.3909,35.3199,경남함안군,0,이륜차승용차,0,0,0,117,0,0
2016-07-03,1,6,1,1,0,0,0,경기,동두천시,1,7,6,1,1,2,4,127.0523,37.8959,경기동두천시,0,승합차이륜차,0,1,0,94,0,0
2016-07-07,0,3,1,1,0,0,0,충북,단양군,1,9,5,0,0,4,2,128.3904,37.003,충북단양군,0,이륜차승용차,0,0,0,204,0,0
2016-09-09,1,4,1,2,0,1,0,전북,군산시,1,9,8,1,1,4,2,126.736,35.9775,전북군산시,0,이륜차승용차,0,0,0,166,0,0
2016-12-05,0,0,1,1,0,0,0,경남,함안군,1,6,0,0,0,0,1,128.4982,35.338,경남함안군,0,승용차없음,0,0,0,117,0,0
2016-12-10,0,5,1,1,0,0,0,서울,강북구,1,9,6,1,1,4,6,127.0474,37.6265,서울강북구,0,이륜차승합차,0,1,0,200,0,0
2016-12-09,0,4,1,1,0,0,0,경북,구미시,1,1,0,2,4,0,9,128.3441,36.2581,경북구미시,0,승용차건설기계,0,0,0,144,0,0
2016-12-21,0,2,1,1,0,0,0,경기,군포시,1,7,6,1,1,0,4,126.939,37.343,경기군포시,0,승용차이륜차,0,0,0,126,0,0
2016-09-30,1,4,1,1,0,0,0,충북,단양군,1,7,3,0,0,0,4,128.3638,36.9907,충북단양군,0,승용차이륜차,0,0,0,204,0,0
2016-11-11,1,4,1,1,0,0,0,경남,밀양시,1,6,0,0,0,1,1,128.8574,35.5465,경남밀양시,0,화물차없음,0,0,0,177,0,0
2016-11-06,1,6,1,1,0,0,0,전남,장성군,1,5,0,0,0,9,8,126.6449,35.2361,전남장성군,0,농기계농기계,0,1,0,146,0,0
2016-11-07,0,0,1,1,0,0,0,경기,포천시,1,5,0,0,0,0,4,127.1384,37.8207,경기포천시,0,승용차이륜차,0,0,0,171,0,0
2016-11-18,1,4,1,1,0,0,0,울산,남구,1,1,0,1,2,4,3,129.3393,35.5143,울산남구,0,이륜차화물차,0,0,0,213,0,0
2016-11-14,1,0,1,3,0,2,0,충북,충주시,1,9,0,0,0,1,2,127.7939,37.0423,충북충주시,0,화물차승용차,0,0,0,6,0,0
2016-11-23,0,2,1,1,0,0,0,충북,청주시,1,6,0,0,0,1,1,127.3071,36.6347,충북청주시,0,화물차없음,0,0,0,83,0,0
2016-11-26,1,5,1,1,0,0,0,대구,달성군,1,7,9,1,1,7,2,128.4395,35.7014,대구달성군,0,자전거승용차,0,1,0,30,0,0
2016-11-22,0,1,1,1,0,0,0,경기,고양시,1,1,6,1,1,1,4,126.753,37.6944,경기고양시,0,화물차이륜차,0,0,0,40,0,0
2016-10-30,1,6,1,1,0,0,0,경북,구미시,1,1,3,0,0,0,4,128.3332,36.1358,경북구미시,0,승용차이륜차,0,1,0,144,0,0
2016-10-31,0,0,1,1,0,0,0,충남,천안시,1,5,0,0,0,0,3,127.1696,36.8785,충남천안시,0,승용차화물차,0,0,0,63,0,0
2016-10-31,1,0,1,1,0,0,0,전남,담양군,1,1,0,1,2,1,5,126.9799,35.3196,전남담양군,0,화물차자전거,0,0,0,181,0,0
2016-11-05,1,5,1,1,0,0,0,대구,동구,1,6,0,0,0,7,1,128.6647,35.9846,대구동구,0,자전거없음,0,1,0,26,0,0
2016-11-02,1,2,1,1,0,0,0,광주,광산구,1,5,0,0,0,0,5,126.6797,35.1835,광주광산구,0,승용차자전거,0,0,0,135,0,0
2016-12-11,1,6,1,1,0,0,0,경북,경주시,1,10,0,0,0,0,1,129.1953,35.9169,경북경주시,0,승용차없음,0,1,0,100,0,0
2016-04-18,1,0,1,1,0,0,0,경남,창원시(통합),1,1,0,1,1,6,1,128.6172,35.2601,경남창원시(통합),0,원동기장치자전거없음,0,0,0,86,0,0
2016-04-21,1,3,1,1,0,0,0,대전,대덕구,1,10,0,0,0,7,1,127.4573,36.3557,대전대덕구,0,자전거없음,0,0,0,77,0,0
2016-04-23,1,5,1,1,0,0,0,경기,가평군,1,5,0,0,0,0,9,127.3768,37.7739,경기가평군,0,승용차건설기계,0,1,0,176,0,0
2016-04-29,0,4,1,1,0,0,0,전남,영암군,1,10,0,0,0,4,1,126.3882,34.7436,전남영암군,0,이륜차없음,0,0,0,16,0,0
2016-04-29,1,4,1,2,0,1,0,부산,금정구,1,9,5,0,0,0,9,129.1304,35.2371,부산금정구,0,승용차건설기계,0,0,0,96,0,0
2016-05-05,1,3,1,4,3,0,0,대구,수성구,1,7,6,1,1,0,2,128.6244,35.8398,대구수성구,1,승용차승용차,0,1,0,37,0,0
2016-04-10,1,6,1,1,0,0,0,서울,용산구,1,9,0,0,0,6,6,126.9829,37.5348,서울용산구,0,원동기장치자전거승합차,0,1,0,134,0,0
2016-04-09,1,5,1,1,0,0,0,경남,합천군,1,7,7,1,1,6,2,128.1232,35.5649,경남합천군,0,원동기장치자전거승용차,0,1,0,133,0,0
2016-04-14,0,3,1,1,0,0,0,전남,진도군,1,1,5,0,0,1,3,126.2829,34.3946,전남진도군,0,화물차화물차,0,0,0,71,0,0
2016-04-12,1,1,1,3,0,2,0,충북,청주시,1,5,2,0,0,1,3,127.4426,36.602,충북청주시,0,화물차화물차,0,0,0,83,0,0
2016-04-12,0,1,2,6,4,0,0,충북,충주시,1,1,0,0,0,1,2,127.9682,37.0934,충북충주시,2,화물차승용차,0,0,0,6,0,0
2016-04-16,0,5,1,1,0,0,0,경북,예천군,1,10,0,0,0,4,1,128.4932,36.7031,경북예천군,0,이륜차없음,0,1,0,55,0,0
2016-04-16,1,5,1,3,2,0,0,부산,북구,1,6,0,0,0,0,1,129.0341,35.2097,부산북구,1,승용차없음,0,1,0,118,0,0
2016-04-26,1,1,1,1,0,0,0,충남,부여군,1,5,0,0,0,1,3,126.8271,36.324,충남부여군,0,화물차화물차,0,0,0,129,0,0
2016-04-24,0,6,1,5,2,2,0,충남,서산시,1,9,5,0,0,0,2,126.4359,36.7694,충남서산시,1,승용차승용차,0,1,0,69,0,0
2016-04-25,1,0,1,1,0,0,0,충남,논산시,1,10,0,0,0,4,1,127.0701,36.1717,충남논산시,0,이륜차없음,0,0,0,61,0,0
2016-04-23,0,5,1,1,0,0,0,전남,순천시,1,6,0,0,0,2,1,127.3428,34.8672,전남순천시,0,승합차없음,0,1,0,27,0,0
2016-04-11,1,0,1,1,0,0,0,대구,북구,1,7,0,0,0,0,5,128.551,35.9324,대구북구,0,승용차자전거,0,0,0,112,0,0
2016-04-14,1,3,1,1,0,0,0,광주,광산구,1,10,0,0,0,4,1,126.7304,35.1537,광주광산구,0,이륜차없음,0,0,0,135,0,0
2016-04-13,0,2,1,1,0,0,0,경남,양산시,1,9,5,0,0,0,6,128.9791,35.3245,경남양산시,0,승용차승합차,0,1,0,49,0,0
2016-04-12,1,1,1,1,0,0,0,경북,안동시,1,10,0,0,0,4,1,128.7724,36.7131,경북안동시,0,이륜차없음,0,0,0,66,0,0
2016-04-19,0,1,2,5,2,1,0,경기,포천시,1,5,0,0,0,0,3,127.2122,37.8824,경기포천시,1,승용차화물차,0,0,0,171,0,0
2016-04-25,0,0,1,1,0,0,0,전남,구례군,1,10,0,0,0,1,1,127.6188,35.1773,전남구례군,0,화물차없음,0,0,0,161,0,0
2016-04-28,1,3,1,2,0,1,0,전북,고창군,1,9,5,0,0,1,3,126.5923,35.5323,전북고창군,0,화물차화물차,0,0,0,219,0,0
2016-05-01,1,6,1,1,0,0,0,충남,서산시,1,9,0,0,0,0,8,126.509,36.7465,충남서산시,0,승용차농기계,0,1,0,69,0,0
2016-04-05,0,1,1,1,0,0,0,경기,광명시,1,7,0,1,1,5,4,126.8333,37.4637,경기광명시,0,특수차이륜차,0,0,0,81,0,0
2016-07-06,1,2,1,1,0,0,0,전북,정읍시,1,10,0,1,2,4,1,126.8925,35.6043,전북정읍시,0,이륜차없음,0,0,0,12,0,0
2016-07-20,0,2,1,1,0,0,0,경기,포천시,1,1,0,0,0,1,5,127.213,37.8808,경기포천시,0,화물차자전거,0,0,0,171,0,0
2016-07-21,0,3,1,1,0,0,0,경기,성남시,1,11,0,2,4,7,1,127.1187,37.4324,경기성남시,0,자전거없음,0,0,0,95,0,0
2016-06-06,1,0,1,1,0,0,0,전남,순천시,1,7,0,1,2,0,5,127.2021,35.0925,전남순천시,0,승용차자전거,0,1,0,27,0,0
2016-06-07,1,1,1,2,1,0,0,세종,세종,1,7,7,1,2,4,9,127.1909,36.6634,세종세종,0,이륜차건설기계,1,0,0,229,0,0
2016-06-14,1,1,1,1,0,0,0,서울,성동구,1,1,4,2,4,1,1,127.0327,37.5491,서울성동구,0,화물차없음,0,0,0,84,0,0
2016-06-23,1,3,1,1,0,0,0,경남,창원시(통합),1,9,0,1,2,0,7,128.4863,35.1151,경남창원시(통합),0,승용차원동기장치자전거,0,0,0,86,0,0
2016-06-21,1,1,1,1,0,0,0,충남,천안시,1,1,0,0,0,9,1,127.1287,36.9386,충남천안시,0,농기계없음,0,0,0,63,0,0
2016-06-27,1,0,1,1,0,0,0,전남,무안군,1,10,0,0,0,4,1,126.4196,34.9943,전남무안군,0,이륜차없음,0,0,0,101,0,0
2016-06-26,0,6,1,1,0,0,0,경기,구리시,1,1,0,2,4,2,1,127.1408,37.6223,경기구리시,0,승합차없음,0,1,0,165,0,0
2016-06-26,0,6,1,2,0,1,0,서울,구로구,1,5,0,0,0,1,3,126.839,37.4906,서울구로구,0,화물차화물차,0,1,0,79,0,0
2016-07-03,1,6,1,8,4,3,0,대구,수성구,1,7,6,1,1,0,2,128.6171,35.8095,대구수성구,2,승용차승용차,0,1,0,37,0,0
2016-07-04,0,0,1,1,0,0,0,경기,파주시,1,10,0,0,0,6,1,126.7596,37.7165,경기파주시,0,원동기장치자전거없음,0,0,0,175,0,0
2016-07-10,0,6,1,2,1,0,0,강원,횡성군,1,9,5,0,0,0,2,127.9712,37.484,강원횡성군,0,승용차승용차,0,1,0,31,0,0
2016-07-20,1,2,1,1,0,0,0,경남,고성군,1,7,3,1,1,1,11,128.3674,35.0575,경남고성군,0,화물차특수차,0,0,0,87,0,0
2016-07-20,1,2,1,1,0,0,0,경북,군위군,1,1,0,1,1,1,8,128.7353,36.1734,경북군위군,0,화물차농기계,0,0,0,170,0,0
2016-07-20,0,2,1,1,0,0,0,경북,칠곡군,1,1,0,0,0,0,2,128.3875,36.0078,경북칠곡군,0,승용차승용차,0,0,0,21,0,0
2016-07-14,1,3,1,2,1,0,0,충남,부여군,1,9,5,0,0,0,2,126.8906,36.2656,충남부여군,0,승용차승용차,0,0,0,129,0,0
2016-07-13,1,2,1,1,0,0,0,경북,봉화군,1,6,0,1,2,1,1,128.7524,36.8241,경북봉화군,0,화물차없음,0,0,0,149,0,0
2016-06-08,1,2,1,2,0,1,0,경남,창원시(통합),1,7,0,1,2,0,2,128.7046,35.2151,경남창원시(통합),0,승용차승용차,0,0,0,86,0,0
2016-06-07,0,1,1,1,0,0,0,전북,순창군,1,7,8,1,2,6,2,127.234,35.4546,전북순창군,0,원동기장치자전거승용차,0,0,0,131,0,0
2016-06-12,0,6,1,1,0,0,0,강원,홍천군,1,10,0,0,0,1,1,128.0259,37.8068,강원홍천군,0,화물차없음,0,1,0,82,0,0
2016-06-20,0,0,1,1,0,0,0,경기,양주시,1,5,3,0,0,1,2,127.0741,37.8115,경기양주시,0,화물차승용차,0,0,0,59,0,0
2016-06-23,1,3,1,1,0,0,0,경남,거제시,1,1,0,1,1,1,4,128.7299,34.8715,경남거제시,0,화물차이륜차,0,0,0,15,0,0
2016-06-27,0,0,1,1,0,0,0,충남,아산시,1,10,0,2,4,0,1,127.0468,36.881,충남아산시,0,승용차없음,0,0,0,53,0,0
2016-06-25,1,5,1,1,0,0,0,경북,영양군,1,5,0,0,0,4,3,129.0925,36.6367,경북영양군,0,이륜차화물차,0,1,0,128,0,0
2016-07-14,1,3,1,2,1,0,0,경북,상주시,1,7,7,1,1,4,4,128.0943,36.4068,경북상주시,0,이륜차이륜차,0,0,0,58,0,0
2016-08-05,0,4,1,2,1,0,0,광주,서구,1,5,0,0,0,1,3,126.8592,35.1212,광주서구,0,화물차화물차,0,0,0,222,0,0
2016-08-09,0,1,1,1,0,0,0,부산,기장군,1,10,0,0,0,4,1,129.2086,35.2075,부산기장군,0,이륜차없음,0,0,0,85,0,0
2016-08-08,0,0,2,3,1,0,0,전남,보성군,1,6,2,0,0,0,1,127.3267,34.8312,전남보성군,1,승용차없음,0,0,0,122,0,0
2016-08-08,1,0,1,1,0,0,0,인천,서구,1,1,3,0,0,3,7,126.6644,37.506,인천서구,0,건설기계원동기장치자전거,0,0,0,97,0,0
2016-08-07,1,6,1,1,0,0,0,인천,동구,1,10,0,0,0,4,1,126.642,37.4733,인천동구,0,이륜차없음,0,1,0,207,0,0
2016-08-10,1,2,1,1,0,0,0,강원,철원군,1,6,0,0,0,1,1,127.2429,38.1641,강원철원군,0,화물차없음,0,0,0,184,0,0
2016-08-15,0,0,2,2,0,0,0,충북,제천시,1,6,0,0,0,4,1,128.1974,36.9327,충북제천시,0,이륜차없음,0,1,0,103,0,0
2016-08-16,1,1,1,1,0,0,0,강원,홍천군,1,6,0,0,0,1,1,128.1691,37.8207,강원홍천군,0,화물차없음,0,0,0,82,0,0
2016-08-21,0,6,1,1,0,0,0,경기,연천군,1,10,0,0,0,1,1,127.0372,38.1313,경기연천군,0,화물차없음,0,1,0,106,0,0
2016-08-22,1,0,1,1,0,0,0,대전,서구,1,7,3,0,0,0,2,127.3633,36.3616,대전서구,0,승용차승용차,0,0,0,4,0,0
2016-08-19,1,4,1,1,0,0,0,전남,구례군,1,10,0,0,0,6,1,127.4602,35.2231,전남구례군,0,원동기장치자전거없음,0,0,0,161,0,0
2016-08-25,1,3,1,1,0,0,0,전남,나주시,1,9,0,1,2,1,5,126.8453,35.0477,전남나주시,0,화물차자전거,0,0,0,33,0,0
2016-09-10,0,5,1,1,0,0,0,경기,고양시,1,1,5,0,0,0,4,126.9045,37.6198,경기고양시,0,승용차이륜차,0,1,0,40,0,0
2016-09-07,1,2,1,1,0,0,0,강원,속초시,1,7,0,0,3,7,2,128.5835,38.2019,강원속초시,0,자전거승용차,0,0,0,104,0,0
2016-09-12,0,0,2,2,0,0,0,충남,천안시,1,1,6,1,1,4,2,127.1444,36.8253,충남천안시,0,이륜차승용차,0,0,0,63,0,0
2016-07-23,1,5,1,2,1,0,0,강원,강릉시,1,1,0,1,2,0,1,128.8274,37.7799,강원강릉시,0,승용차없음,0,1,0,194,0,0
2016-07-24,1,6,1,1,0,0,0,충북,음성군,1,7,7,1,1,1,4,127.694,36.9351,충북음성군,0,화물차이륜차,0,1,0,110,0,0
2016-07-25,1,0,1,1,0,0,0,강원,인제군,1,10,0,0,0,9,1,128.189,38.0773,강원인제군,0,농기계없음,0,0,0,124,0,0
2016-07-28,1,3,1,1,0,0,0,충북,충주시,1,10,0,0,0,4,1,127.7456,37.1096,충북충주시,0,이륜차없음,0,0,0,6,0,0
2016-07-26,1,1,1,1,0,0,0,전남,장성군,1,7,7,1,1,0,4,126.6165,35.2349,전남장성군,0,승용차이륜차,0,0,0,146,0,0
2016-08-04,1,3,1,1,0,0,0,전북,전주시,1,7,6,1,1,7,2,127.1394,35.8213,전북전주시,0,자전거승용차,0,0,0,11,0,0
2016-08-10,0,2,1,4,1,2,0,충남,예산군,1,5,0,0,0,1,8,126.8427,36.6741,충남예산군,1,화물차농기계,0,0,0,187,0,0
2016-08-05,0,4,1,2,1,0,0,전남,해남군,1,9,0,0,0,0,3,126.6053,34.5617,전남해남군,0,승용차화물차,0,0,0,119,0,0
2016-08-13,0,5,1,1,0,0,0,강원,영월군,1,5,0,0,0,0,8,128.4851,37.1849,강원영월군,0,승용차농기계,0,1,0,114,0,0
2016-04-12,1,1,1,2,0,1,0,경남,합천군,1,7,5,0,0,4,2,128.0157,35.456,경남합천군,0,이륜차승용차,0,0,0,133,0,0
2016-04-11,1,0,1,12,2,7,2,경북,칠곡군,1,6,0,0,0,2,1,128.3887,36.0126,경북칠곡군,2,승합차없음,0,0,0,21,0,0
2016-04-09,1,5,1,1,0,0,0,충남,금산군,1,10,0,0,0,9,1,127.529,36.2428,충남금산군,0,농기계없음,0,1,0,68,0,0
2016-04-11,0,0,1,1,0,0,0,전북,고창군,1,7,0,1,1,0,5,126.6949,35.4383,전북고창군,0,승용차자전거,0,0,0,219,0,0
2016-04-16,1,5,1,8,7,0,0,강원,삼척시,1,9,5,0,0,0,6,129.0623,37.2651,강원삼척시,2,승용차승합차,0,1,0,78,0,0
2016-04-20,1,2,1,1,0,0,0,경북,김천시,1,7,6,1,1,4,2,128.1341,36.1173,경북김천시,0,이륜차승용차,0,0,0,76,0,0
2016-04-29,0,4,1,1,0,0,0,충남,천안시,1,6,0,0,0,0,1,127.1963,36.8008,충남천안시,0,승용차없음,0,0,0,63,0,0
2016-04-26,0,1,1,1,0,0,0,울산,동구,1,6,0,0,0,4,1,129.4091,35.5299,울산동구,0,이륜차없음,0,0,0,225,0,0
2016-05-02,0,0,1,1,0,0,0,충북,진천군,1,1,6,1,1,4,2,127.5156,36.9152,충북진천군,0,이륜차승용차,0,0,0,60,0,0
2016-05-06,0,4,1,1,0,0,0,강원,강릉시,1,9,6,1,1,0,4,128.8251,37.8839,강원강릉시,0,승용차이륜차,0,1,0,194,0,0
2016-05-05,1,3,1,1,0,0,0,경기,부천시,1,7,0,1,1,0,5,126.8208,37.4677,경기부천시,0,승용차자전거,0,1,0,65,0,0
2016-05-07,1,5,1,1,0,0,0,강원,춘천시,1,7,0,1,1,0,7,127.7322,37.9222,강원춘천시,0,승용차원동기장치자전거,0,1,0,111,0,0
2016-04-12,1,1,1,1,0,0,0,전북,남원시,1,10,0,0,0,9,1,127.2657,35.4207,전북남원시,0,농기계없음,0,0,0,193,0,0
2016-04-11,0,0,1,1,0,0,0,경북,포항시,1,7,0,1,1,1,5,129.5551,35.99,경북포항시,0,화물차자전거,0,0,0,160,0,0
2016-04-10,0,6,1,1,0,0,0,경기,광주시,1,5,0,0,0,0,2,127.1999,37.4112,경기광주시,0,승용차승용차,0,1,0,9,0,0
2016-04-09,1,5,1,1,0,0,0,대구,동구,1,7,0,0,0,1,4,128.6877,35.8737,대구동구,0,화물차이륜차,0,1,0,26,0,0
2016-04-09,1,5,1,2,0,1,0,인천,중구,1,7,6,1,1,0,2,126.5376,37.5008,인천중구,0,승용차승용차,0,1,0,72,0,0
2016-04-13,1,2,1,1,0,0,0,경기,포천시,1,9,5,0,0,4,2,127.1249,37.9349,경기포천시,0,이륜차승용차,0,1,0,171,0,0
2016-04-12,1,1,1,1,0,0,0,전남,보성군,1,7,0,0,0,1,4,127.19,34.7616,전남보성군,0,화물차이륜차,0,0,0,122,0,0
2016-04-18,1,0,1,1,0,0,0,전남,장흥군,1,5,0,1,2,6,3,126.9013,34.6975,전남장흥군,0,원동기장치자전거화물차,0,0,0,56,0,0
2016-04-27,1,2,1,2,1,0,0,충북,진천군,1,7,6,1,1,4,3,127.437,36.8597,충북진천군,0,이륜차화물차,0,0,0,60,0,0
2016-05-05,0,3,1,1,0,0,0,경북,경주시,1,1,0,0,0,0,5,129.2469,35.8924,경북경주시,0,승용차자전거,0,1,0,100,0,0
2016-04-12,0,1,1,4,3,0,0,부산,사하구,1,7,6,2,4,0,2,128.9558,35.0966,부산사하구,1,승용차승용차,0,0,0,25,0,0
2016-04-13,1,2,1,1,0,0,0,경기,파주시,1,9,6,1,1,2,7,126.8394,37.9219,경기파주시,0,승합차원동기장치자전거,0,1,0,175,0,0
2016-06-11,1,5,1,1,0,0,0,경북,칠곡군,1,5,0,0,0,0,4,128.5385,36.0857,경북칠곡군,0,승용차이륜차,0,1,0,21,0,0
2016-06-10,0,4,1,1,0,0,0,경기,오산시,1,10,0,1,1,5,1,127.0559,37.1895,경기오산시,0,특수차없음,0,0,0,143,0,0
2016-06-09,0,3,1,1,0,0,0,경북,안동시,1,10,0,0,0,1,1,128.6074,36.6067,경북안동시,0,화물차없음,0,0,0,66,0,0
2016-06-16,1,3,1,2,0,1,0,대전,유성구,1,9,0,1,2,2,3,127.3843,36.4479,대전유성구,0,승합차화물차,0,0,0,148,0,0