발생년월일,주야,요일,사망자수,사상자수,중상자수,경상자수,부상신고자수,발생지시도,발생지시군구,사고유형_대분류,사고유형_중분류,법규위반,도로형태_대분류,도로형태,당사자종별_1당_대분류,당사자종별_2당_대분류,경도,위도,발생지,사고피해정도,사고차량타입,도시여부,주말/공휴일,인구수,발생지번호,보행자의위치,무단횡단여부
2016-06-21,1,1,1,1,0,0,0,경기,포천시,1,7,0,0,0,5,7,127.2266,37.7787,경기포천시,0,특수차원동기장치자전거,0,0,0,171,0,0
2016-06-20,1,0,1,1,0,0,0,경기,안성시,1,7,5,0,0,0,3,127.2443,37.0201,경기안성시,0,승용차화물차,0,0,0,23,0,0
2016-06-23,1,3,1,1,0,0,0,충남,아산시,1,1,0,0,0,0,7,127.0687,36.8945,충남아산시,0,승용차원동기장치자전거,0,0,0,53,0,0
2016-06-24,1,4,1,1,0,0,0,경북,경산시,1,10,0,0,0,0,1,128.7823,35.8727,경북경산시,0,승용차없음,0,0,0,52,0,0
2016-06-23,1,3,1,1,0,0,0,충남,부여군,1,10,0,0,0,5,1,127.0383,36.2646,충남부여군,0,특수차없음,0,0,0,129,0,0
2016-06-29,1,2,1,3,0,2,0,경기,평택시,1,7,5,1,2,0,2,127.1322,36.9932,경기평택시,0,승용차승용차,0,0,0,14,0,0
2016-06-27,1,0,1,1,0,0,0,경북,칠곡군,1,1,7,1,1,4,2,128.308,36.0578,경북칠곡군,0,이륜차승용차,0,0,0,21,0,0
2016-07-02,1,5,1,1,0,0,0,충북,영동군,1,1,6,1,1,1,4,127.7716,36.1774,충북영동군,0,화물차이륜차,0,1,0,75,0,0
2016-07-02,1,5,1,9,3,5,0,강원,삼척시,1,5,2,0,0,0,2,129.1201,37.4548,강원삼척시,2,승용차승용차,0,1,0,78,0,0
2016-07-03,0,6,1,3,1,0,1,대구,달서구,1,7,6,1,1,4,2,128.492,35.8513,대구달서구,0,이륜차승용차,0,1,0,20,0,0
2016-07-04,0,0,4,4,0,0,0,강원,정선군,1,10,0,0,0,0,1,128.69,37.3022,강원정선군,1,승용차없음,0,0,0,198,0,0
2016-07-13,1,2,1,1,0,0,0,서울,서대문구,1,7,0,1,2,7,2,126.9127,37.5703,서울서대문구,0,자전거승용차,0,0,0,195,0,0
2016-07-13,0,2,1,1,0,0,0,경기,안성시,1,1,0,0,0,0,2,127.3393,37.0284,경기안성시,0,승용차승용차,0,0,0,23,0,0
2016-07-13,1,2,1,1,0,0,0,경북,상주시,1,7,0,1,1,6,3,128.1947,36.4998,경북상주시,0,원동기장치자전거화물차,0,0,0,58,0,0
2016-07-13,1,2,1,3,1,1,0,충남,태안군,1,9,5,0,0,0,2,126.1768,36.7624,충남태안군,0,승용차승용차,0,0,0,169,0,0
2016-07-12,1,1,2,7,5,0,0,경북,칠곡군,1,10,0,0,0,2,1,128.506,36.0503,경북칠곡군,2,승합차없음,0,0,0,21,0,0
2016-07-11,1,0,2,8,5,1,0,강원,정선군,1,9,5,0,0,1,2,128.645,37.4312,강원정선군,2,화물차승용차,0,0,0,198,0,0
2016-07-12,0,1,1,1,0,0,0,제주,서귀포시,1,10,0,1,2,1,1,126.5684,33.266,제주서귀포시,0,화물차없음,0,0,0,62,0,0
2016-07-02,0,5,1,1,0,0,0,대구,중구,1,1,0,0,3,0,3,128.6084,35.873,대구중구,0,승용차화물차,0,1,0,178,0,0
2016-06-09,1,3,1,2,0,1,0,충남,예산군,1,5,0,0,0,1,4,126.8251,36.7421,충남예산군,0,화물차이륜차,0,0,0,187,0,0
2016-06-09,1,3,1,9,4,4,0,경남,창원시(통합),1,1,6,1,2,0,2,128.5634,35.2107,경남창원시(통합),2,승용차승용차,0,0,0,86,0,0
2016-06-04,0,5,1,2,1,0,0,경기,화성시,1,5,0,0,0,0,7,126.8152,37.0957,경기화성시,0,승용차원동기장치자전거,0,1,0,50,0,0
2016-06-16,1,3,1,1,0,0,0,충북,청주시,1,10,0,0,0,4,1,127.4992,36.5733,충북청주시,0,이륜차없음,0,0,0,83,0,0
2016-06-19,0,6,1,1,0,0,0,서울,양천구,1,7,7,1,1,1,4,126.8348,37.5369,서울양천구,0,화물차이륜차,0,1,0,140,0,0
2016-06-19,0,6,1,2,1,0,0,경기,용인시,1,10,0,0,0,2,1,127.1486,37.2763,경기용인시,0,승합차없음,0,1,0,51,0,0
2016-06-26,0,6,1,1,0,0,0,경남,김해시,1,1,0,1,1,1,4,128.9757,35.237,경남김해시,0,화물차이륜차,0,1,0,13,0,0
2016-12-10,1,5,1,1,0,0,0,경북,고령군,1,7,0,1,1,6,2,128.2259,35.6802,경북고령군,0,원동기장치자전거승용차,0,1,0,220,0,0
2016-12-06,0,1,1,1,0,0,0,경기,부천시,1,1,6,1,2,0,5,126.7513,37.4974,경기부천시,0,승용차자전거,0,0,0,65,0,0
2016-11-08,0,1,1,1,0,0,0,경남,창원시(통합),1,7,0,1,2,6,2,128.6942,35.19,경남창원시(통합),0,원동기장치자전거승용차,0,0,0,86,0,0
2016-11-08,1,1,1,1,0,0,0,경북,안동시,1,7,0,1,1,1,8,128.7035,36.6727,경북안동시,0,화물차농기계,0,0,0,66,0,0
2016-11-12,1,5,1,1,0,0,0,울산,남구,1,7,6,1,1,7,2,129.3434,35.5201,울산남구,0,자전거승용차,0,1,0,213,0,0
2016-11-12,1,5,1,1,0,0,0,전남,담양군,1,7,7,1,1,6,3,126.9844,35.3233,전남담양군,0,원동기장치자전거화물차,0,1,0,181,0,0
2016-11-15,1,1,1,2,0,1,0,서울,영등포구,1,7,6,1,1,0,4,126.9294,37.5292,서울영등포구,0,승용차이륜차,0,0,0,150,0,0
2016-11-19,0,5,2,3,1,0,0,대전,유성구,1,9,5,0,0,0,2,127.3839,36.4243,대전유성구,1,승용차승용차,0,1,0,148,0,0
2016-11-15,1,1,1,1,0,0,0,전남,해남군,1,10,0,0,0,6,1,126.5605,34.5354,전남해남군,0,원동기장치자전거없음,0,0,0,119,0,0
2016-11-14,0,0,1,2,1,0,0,대전,중구,1,7,7,1,1,1,3,127.3809,36.2903,대전중구,0,화물차화물차,0,0,0,39,0,0
2016-11-26,0,5,1,1,0,0,0,경북,의성군,1,10,0,0,0,1,1,128.6662,36.4296,경북의성군,0,화물차없음,0,1,0,105,0,0
2016-11-26,0,5,1,1,0,0,0,전남,담양군,1,10,0,0,0,0,1,127.0994,35.2087,전남담양군,0,승용차없음,0,1,0,181,0,0
2016-11-26,0,5,1,3,1,1,0,대전,서구,1,1,3,0,0,1,2,127.3456,36.2586,대전서구,0,화물차승용차,0,1,0,4,0,0
2016-10-29,1,5,1,2,0,1,0,전남,나주시,1,9,5,0,0,4,2,126.7037,35.0753,전남나주시,0,이륜차승용차,0,1,0,33,0,0
2016-10-28,0,4,1,3,2,0,0,경북,포항시,1,5,0,0,0,0,6,129.3585,36.0539,경북포항시,1,승용차승합차,0,0,0,160,0,0
2016-10-31,1,0,1,1,0,0,0,경기,평택시,1,5,0,0,0,1,5,127.0842,37.0364,경기평택시,0,화물차자전거,0,0,0,14,0,0
2016-11-05,1,5,1,2,0,1,0,경기,가평군,1,9,5,0,0,4,2,127.4928,37.6281,경기가평군,0,이륜차승용차,0,1,0,176,0,0
2016-12-07,0,2,1,2,1,0,0,부산,북구,1,1,3,0,0,4,2,129.0124,35.2579,부산북구,0,이륜차승용차,0,0,0,118,0,0
2016-12-12,1,0,1,1,0,0,0,충남,서산시,1,7,8,1,1,0,4,126.4485,36.7722,충남서산시,0,승용차이륜차,0,0,0,69,0,0
2016-12-08,1,3,1,1,0,0,0,광주,광산구,1,5,0,0,0,5,3,126.7307,35.159,광주광산구,0,특수차화물차,0,0,0,135,0,0
2016-12-18,0,6,1,1,0,0,0,제주,제주시,1,1,3,0,0,2,4,126.4733,33.4798,제주제주시,0,승합차이륜차,0,1,0,90,0,0
2016-12-19,1,0,1,1,0,0,0,울산,남구,1,10,0,0,0,4,1,129.344,35.5399,울산남구,0,이륜차없음,0,0,0,213,0,0
2016-04-13,1,2,1,3,2,0,0,전남,보성군,1,9,5,0,0,1,2,127.3568,34.8289,전남보성군,1,화물차승용차,0,1,0,122,0,0
2016-04-18,0,0,1,1,0,0,0,경남,남해군,1,10,0,1,1,4,1,127.8926,34.7705,경남남해군,0,이륜차없음,0,0,0,197,0,0
2016-04-25,1,0,1,1,0,0,0,전북,익산시,1,7,0,0,0,1,5,127.0447,35.9838,전북익산시,0,화물차자전거,0,0,0,125,0,0
2016-04-25,0,0,1,1,0,0,0,경북,문경시,1,10,0,0,0,6,1,128.0143,36.6786,경북문경시,0,원동기장치자전거없음,0,0,0,74,0,0
2016-04-26,0,1,1,1,0,0,0,경북,청도군,1,6,0,1,2,0,1,128.8861,35.7139,경북청도군,0,승용차없음,0,0,0,3,0,0
2016-04-28,0,3,1,1,0,0,0,충북,제천시,1,10,0,1,1,4,1,128.1656,36.9093,충북제천시,0,이륜차없음,0,0,0,103,0,0
2016-04-30,0,5,1,1,0,0,0,경기,수원시,1,1,6,1,1,0,2,126.97,37.291,경기수원시,0,승용차승용차,0,1,0,99,0,0
2016-04-30,0,5,1,3,1,1,0,전남,순천시,1,1,7,1,1,0,4,127.5251,34.9431,전남순천시,0,승용차이륜차,0,1,0,27,0,0
2016-04-06,1,2,1,1,0,0,0,경기,양평군,1,1,0,0,0,0,4,127.4377,37.5137,경기양평군,0,승용차이륜차,0,0,0,48,0,0
2016-04-14,0,3,1,1,0,0,0,서울,관악구,1,7,10,0,0,0,5,126.9086,37.4768,서울관악구,0,승용차자전거,0,0,0,188,0,0
2016-04-19,0,1,1,1,0,0,0,울산,남구,1,5,0,0,0,0,7,129.3162,35.5498,울산남구,0,승용차원동기장치자전거,0,0,0,213,0,0
2016-04-28,0,3,1,1,0,0,0,경기,의정부시,1,5,0,0,0,4,9,127.084,37.7475,경기의정부시,0,이륜차건설기계,0,0,0,64,0,0
2016-04-27,0,2,1,1,0,0,0,충남,태안군,1,10,0,0,0,1,1,126.3265,36.7138,충남태안군,0,화물차없음,0,0,0,169,0,0
2016-05-02,1,0,1,1,0,0,0,충북,충주시,1,10,0,0,0,6,1,127.8619,36.9687,충북충주시,0,원동기장치자전거없음,0,0,0,6,0,0
2016-04-30,1,5,1,1,0,0,0,충북,괴산군,1,10,0,0,0,4,1,127.7141,36.6667,충북괴산군,0,이륜차없음,0,1,0,179,0,0
2016-04-17,1,6,1,1,0,0,0,서울,성동구,1,10,0,0,3,4,1,127.0429,37.5572,서울성동구,0,이륜차없음,0,1,0,84,0,0
2016-04-09,1,5,1,1,0,0,0,경북,봉화군,1,7,0,0,0,1,4,128.881,36.9054,경북봉화군,0,화물차이륜차,0,1,0,149,0,0
2016-04-15,0,4,1,1,0,0,0,충남,아산시,1,1,6,1,1,0,7,127.0629,36.9272,충남아산시,0,승용차원동기장치자전거,0,0,0,53,0,0
2016-04-22,1,4,1,6,3,2,0,충남,서산시,1,9,6,1,1,0,6,126.4595,36.8415,충남서산시,1,승용차승합차,0,0,0,69,0,0
2016-04-22,0,4,1,1,0,0,0,전북,익산시,1,5,2,0,0,0,7,126.9203,35.9197,전북익산시,0,승용차원동기장치자전거,0,0,0,125,0,0
2016-04-21,1,3,1,1,0,0,0,충북,충주시,1,7,0,0,0,1,3,127.7921,36.9761,충북충주시,0,화물차화물차,0,0,0,6,0,0
2016-04-25,0,0,1,2,0,1,0,전남,장성군,1,5,4,0,0,0,8,126.8141,35.3379,전남장성군,0,승용차농기계,0,0,0,146,0,0
2016-04-22,1,4,1,1,0,0,0,전북,남원시,1,10,0,0,0,9,1,127.4569,35.4109,전북남원시,0,농기계없음,0,0,0,193,0,0
2016-04-22,1,4,1,2,0,1,0,경기,고양시,1,5,0,0,0,1,3,126.8088,37.5968,경기고양시,0,화물차화물차,0,0,0,40,0,0
2016-05-02,1,0,1,1,0,0,0,전남,담양군,1,10,0,0,0,0,1,127.0321,35.2036,전남담양군,0,승용차없음,0,0,0,181,0,0
2016-05-02,0,0,1,1,0,0,0,전북,전주시,1,7,0,0,0,7,6,127.1377,35.8325,전북전주시,0,자전거승합차,0,0,0,11,0,0
2016-04-05,0,1,1,2,0,1,0,경기,남양주시,1,5,0,0,0,0,9,127.2177,37.755,경기남양주시,0,승용차건설기계,0,0,0,70,0,0
2016-04-05,1,1,1,2,1,0,0,경북,영천시,1,9,5,0,0,6,3,128.9877,35.9846,경북영천시,0,원동기장치자전거화물차,0,0,0,5,0,0
2016-04-11,1,0,1,1,0,0,0,경북,군위군,1,1,0,0,0,4,1,128.5669,36.2214,경북군위군,0,이륜차없음,0,0,0,170,0,0
2016-05-17,0,1,1,1,0,0,0,인천,남동구,1,7,0,0,0,0,3,126.7074,37.3901,인천남동구,0,승용차화물차,0,0,0,29,0,0
2016-05-17,1,1,1,1,0,0,0,인천,옹진군,1,1,0,0,0,1,8,124.6823,37.9425,인천옹진군,0,화물차농기계,0,0,0,186,0,0
2016-05-16,1,0,1,1,0,0,0,경북,의성군,1,10,0,0,0,1,1,128.357,36.4016,경북의성군,0,화물차없음,0,0,0,105,0,0
2016-05-14,1,5,1,1,0,0,0,충북,보은군,1,10,0,0,0,4,1,127.7743,36.4567,충북보은군,0,이륜차없음,0,1,0,32,0,0
2016-05-20,0,4,1,1,0,0,0,경남,김해시,1,10,0,0,0,7,1,128.9096,35.2289,경남김해시,0,자전거없음,0,0,0,13,0,0
2016-05-17,0,1,1,2,0,1,0,광주,서구,1,5,0,0,0,1,3,126.8366,35.1617,광주서구,0,화물차화물차,0,0,0,222,0,0
2016-05-24,1,1,1,1,0,0,0,전남,강진군,1,7,7,1,1,6,3,126.8194,34.5701,전남강진군,0,원동기장치자전거화물차,0,0,0,121,0,0
2016-05-23,1,0,1,1,0,0,0,전북,남원시,1,7,0,0,0,4,2,127.4477,35.4236,전북남원시,0,이륜차승용차,0,0,0,193,0,0
2016-05-22,0,6,1,1,0,0,0,경북,구미시,1,10,0,1,1,0,1,128.3988,36.1362,경북구미시,0,승용차없음,0,1,0,144,0,0
2016-05-29,1,6,1,1,0,0,0,전북,군산시,1,10,0,0,0,0,1,126.5622,35.9507,전북군산시,0,승용차없음,0,1,0,166,0,0
2016-05-30,1,0,1,1,0,0,0,제주,제주시,1,5,0,0,0,0,4,126.6636,33.537,제주제주시,0,승용차이륜차,0,0,0,90,0,0
2016-05-06,1,4,1,2,1,0,0,경남,합천군,1,9,5,0,0,4,6,128.1239,35.6713,경남합천군,0,이륜차승합차,0,1,0,133,0,0
2016-05-07,0,5,1,3,0,2,0,경기,남양주시,1,9,6,1,1,4,6,127.1619,37.6984,경기남양주시,0,이륜차승합차,0,1,0,70,0,0
2016-05-05,1,3,1,1,0,0,0,경남,산청군,1,7,7,1,1,0,4,127.9282,35.2698,경남산청군,0,승용차이륜차,0,1,0,224,0,0
2016-05-05,1,3,1,3,0,2,0,경북,영덕군,1,9,5,0,0,1,3,129.1953,36.4797,경북영덕군,0,화물차화물차,0,1,0,54,0,0
2016-05-10,0,1,1,2,1,0,0,충남,서산시,1,6,0,0,0,0,1,126.4937,36.7349,충남서산시,0,승용차없음,0,0,0,69,0,0
2016-05-14,1,5,1,2,0,1,0,서울,서초구,1,9,5,1,2,4,2,126.9911,37.4744,서울서초구,0,이륜차승용차,0,1,0,214,0,0
2016-05-10,0,1,1,2,1,0,0,경기,파주시,1,11,0,0,0,6,1,126.7221,37.7313,경기파주시,0,원동기장치자전거없음,0,0,0,175,0,0
2016-05-17,1,1,1,1,0,0,0,충남,논산시,1,7,3,0,0,0,2,127.0702,36.1867,충남논산시,0,승용차승용차,0,0,0,61,0,0
2016-05-17,1,1,1,1,0,0,0,경북,영천시,1,5,0,1,2,1,5,128.9182,35.9657,경북영천시,0,화물차자전거,0,0,0,5,0,0
2016-05-15,1,6,1,6,4,1,0,전남,영암군,1,7,6,1,1,0,2,126.4177,34.7577,전남영암군,1,승용차승용차,0,1,0,16,0,0
2016-05-20,1,4,1,1,0,0,0,경북,봉화군,1,10,0,0,0,4,1,128.9625,36.8063,경북봉화군,0,이륜차없음,0,0,0,149,0,0
2016-05-28,0,5,1,1,0,0,0,인천,부평구,1,9,6,1,1,0,7,126.7316,37.5116,인천부평구,0,승용차원동기장치자전거,0,1,0,44,0,0
2016-07-02,1,5,1,1,0,0,0,경북,예천군,1,10,0,0,0,1,1,128.3065,36.5045,경북예천군,0,화물차없음,0,1,0,55,0,0
2016-07-03,0,6,1,1,0,0,0,서울,종로구,1,5,3,1,1,4,2,127.0014,37.5857,서울종로구,0,이륜차승용차,0,1,0,116,0,0
2016-07-08,0,4,1,1,0,0,0,서울,영등포구,1,7,0,1,1,0,4,126.899,37.5012,서울영등포구,0,승용차이륜차,0,0,0,150,0,0
2016-07-13,0,2,1,1,0,0,0,경기,양평군,1,9,0,0,0,0,7,127.5676,37.4165,경기양평군,0,승용차원동기장치자전거,0,0,0,48,0,0
2016-07-14,1,3,1,1,0,0,0,경남,창원시(통합),1,7,0,1,1,1,2,128.5284,35.2668,경남창원시(통합),0,화물차승용차,0,0,0,86,0,0
2016-07-11,1,0,1,2,1,0,0,전남,영암군,1,5,0,0,0,0,4,126.6598,34.7865,전남영암군,0,승용차이륜차,0,0,0,16,0,0
2016-07-11,1,0,1,1,0,0,0,대전,대덕구,1,7,6,1,1,7,2,127.4314,36.3614,대전대덕구,0,자전거승용차,0,0,0,77,0,0
2016-07-01,1,4,1,1,0,0,0,전남,보성군,1,1,4,1,1,1,1,127.3507,34.8463,전남보성군,0,화물차없음,0,0,0,122,0,0
2016-06-29,0,2,1,1,0,0,0,서울,강북구,1,5,0,0,0,6,6,127.0383,37.6138,서울강북구,0,원동기장치자전거승합차,0,0,0,200,0,0
2016-06-08,1,2,1,1,0,0,0,강원,강릉시,1,7,6,1,1,1,7,128.8916,37.7652,강원강릉시,0,화물차원동기장치자전거,0,0,0,194,0,0
2016-06-13,1,0,1,1,0,0,0,경남,의령군,1,7,6,1,1,4,6,128.2576,35.3163,경남의령군,0,이륜차승합차,0,0,0,189,0,0
2016-06-10,1,4,1,2,0,1,0,경기,양주시,1,9,5,0,0,0,3,126.9308,37.6984,경기양주시,0,승용차화물차,0,0,0,59,0,0
2016-06-10,1,4,1,1,0,0,0,경기,시흥시,1,9,8,1,1,1,4,126.8049,37.4146,경기시흥시,0,화물차이륜차,0,0,0,73,0,0
2016-06-10,1,4,1,4,0,0,3,강원,원주시,1,9,3,0,0,1,2,127.9542,37.4038,강원원주시,0,화물차승용차,0,0,0,36,0,0
2016-06-17,1,4,1,1,0,0,0,경북,영덕군,1,11,0,0,0,0,1,129.3955,36.559,경북영덕군,0,승용차없음,0,0,0,54,0,0
2016-06-16,1,3,1,1,0,0,0,경남,거창군,1,5,0,0,0,1,4,128.0077,35.7116,경남거창군,0,화물차이륜차,0,0,0,154,0,0
2016-06-28,1,1,1,1,0,0,0,충북,청주시,1,7,0,1,2,1,5,127.3706,36.6254,충북청주시,0,화물차자전거,0,0,0,83,0,0
2016-06-27,1,0,1,1,0,0,0,대전,대덕구,1,7,0,0,0,6,3,127.4221,36.3794,대전대덕구,0,원동기장치자전거화물차,0,0,0,77,0,0
2016-06-26,0,6,1,2,0,1,0,경기,고양시,1,7,9,0,0,0,4,126.7877,37.6367,경기고양시,0,승용차이륜차,0,1,0,40,0,0
2016-07-08,0,4,1,1,0,0,0,울산,북구,1,7,5,0,0,0,4,129.3985,35.522,울산북구,0,승용차이륜차,0,0,0,158,0,0
2016-07-11,0,0,1,1,0,0,0,부산,동래구,1,7,0,1,1,0,4,129.0994,35.2027,부산동래구,0,승용차이륜차,0,0,0,216,0,0
2016-07-11,0,0,1,1,0,0,0,경기,포천시,1,10,0,1,2,4,1,127.2101,37.8102,경기포천시,0,이륜차없음,0,0,0,171,0,0
2016-07-11,1,0,1,1,0,0,0,경북,영주시,1,10,0,0,0,6,1,128.6186,36.7895,경북영주시,0,원동기장치자전거없음,0,0,0,113,0,0
2016-07-11,1,0,1,1,0,0,0,경북,구미시,1,7,7,1,1,4,2,128.3484,36.1228,경북구미시,0,이륜차승용차,0,0,0,144,0,0
2016-07-11,0,0,1,1,0,0,0,부산,사하구,1,11,0,0,0,7,1,128.9562,35.0815,부산사하구,0,자전거없음,0,0,0,25,0,0
2016-07-11,0,0,1,2,1,0,0,광주,서구,1,7,5,0,0,4,4,126.8573,35.1446,광주서구,0,이륜차이륜차,0,0,0,222,0,0
2016-07-17,1,6,1,1,0,0,0,경북,칠곡군,1,10,0,0,0,4,1,128.384,36.0205,경북칠곡군,0,이륜차없음,0,1,0,21,0,0
2016-09-11,1,6,1,1,0,0,0,인천,부평구,1,7,8,1,1,0,7,126.7321,37.4948,인천부평구,0,승용차원동기장치자전거,0,1,0,44,0,0
2016-09-11,1,6,1,1,0,0,0,서울,노원구,1,7,0,0,0,0,5,127.0762,37.618,서울노원구,0,승용차자전거,0,1,0,18,0,0
2016-09-08,1,3,1,2,1,0,0,경기,고양시,1,1,0,1,2,4,2,126.8823,37.5912,경기고양시,0,이륜차승용차,0,0,0,40,0,0
2016-09-12,1,0,1,1,0,0,0,충남,청양군,1,10,0,0,0,4,1,126.7956,36.4508,충남청양군,0,이륜차없음,0,0,0,174,0,0
2016-07-23,1,5,1,1,0,0,0,경북,울진군,1,7,0,0,0,0,7,129.4249,36.6472,경북울진군,0,승용차원동기장치자전거,0,1,0,208,0,0
2016-07-22,1,4,1,1,0,0,0,부산,북구,1,1,0,0,0,7,1,129.017,35.213,부산북구,0,자전거없음,0,0,0,118,0,0
2016-07-23,1,5,1,1,0,0,0,경기,안산시,1,7,0,0,0,1,5,126.8128,37.3334,경기안산시,0,화물차자전거,0,1,0,2,0,0
2016-07-23,1,5,1,1,0,0,0,충북,괴산군,1,9,5,0,0,4,2,127.9854,36.7652,충북괴산군,0,이륜차승용차,0,1,0,179,0,0
2016-07-27,1,2,1,1,0,0,0,인천,연수구,1,6,0,0,0,4,1,126.6354,37.3736,인천연수구,0,이륜차없음,0,0,0,35,0,0
2016-07-27,1,2,1,1,0,0,0,충남,부여군,1,1,0,1,2,3,3,127.007,36.2576,충남부여군,0,건설기계화물차,0,0,0,129,0,0
2016-07-27,1,2,1,1,0,0,0,경북,의성군,1,1,5,0,0,6,3,128.6758,36.4183,경북의성군,0,원동기장치자전거화물차,0,0,0,105,0,0
2016-08-04,0,3,1,1,0,0,0,전남,장흥군,1,10,0,0,0,0,1,126.88,34.7836,전남장흥군,0,승용차없음,0,0,0,56,0,0
2016-08-03,0,2,1,1,0,0,0,경기,고양시,1,10,0,0,0,6,1,126.844,37.6947,경기고양시,0,원동기장치자전거없음,0,0,0,40,0,0
2016-08-04,1,3,1,1,0,0,0,경기,광주시,1,7,3,1,2,7,2,127.2629,37.4138,경기광주시,0,자전거승용차,0,0,0,9,0,0
2016-08-04,1,3,1,1,0,0,0,경기,안성시,1,5,0,0,0,1,3,127.4877,37.1039,경기안성시,0,화물차화물차,0,0,0,23,0,0
2016-08-13,1,5,1,1,0,0,0,서울,용산구,1,10,0,1,2,0,1,126.9717,37.5425,서울용산구,0,승용차없음,0,1,0,134,0,0
2016-08-14,1,6,1,1,0,0,0,전남,장흥군,1,6,0,1,2,1,1,126.8864,34.7059,전남장흥군,0,화물차없음,0,1,0,56,0,0
2016-08-12,0,4,1,2,1,0,0,충남,예산군,1,1,10,0,0,0,2,126.7398,36.6909,충남예산군,0,승용차승용차,0,0,0,187,0,0
2016-08-11,0,3,1,1,0,0,0,경북,경주시,1,7,0,0,0,0,2,129.2743,35.9866,경북경주시,0,승용차승용차,0,0,0,100,0,0
2016-08-21,0,6,1,1,0,0,0,경기,이천시,1,10,0,0,0,4,1,127.5096,37.2983,경기이천시,0,이륜차없음,0,1,0,41,0,0
2016-08-20,0,5,1,1,0,0,0,서울,영등포구,1,10,0,0,0,4,1,126.8945,37.5244,서울영등포구,0,이륜차없음,0,1,0,150,0,0
2016-08-24,1,2,1,1,0,0,0,서울,영등포구,1,7,0,0,0,2,4,126.9012,37.507,서울영등포구,0,승합차이륜차,0,0,0,150,0,0
2016-08-29,1,0,1,3,1,1,0,세종,세종,1,7,7,1,1,1,9,127.2951,36.5297,세종세종,0,화물차건설기계,1,0,0,229,0,0
2016-09-06,1,1,1,6,0,5,0,서울,금천구,1,7,0,0,0,0,6,126.921,37.4508,서울금천구,1,승용차승합차,0,0,0,109,0,0
2016-09-10,1,5,1,2,1,0,0,전남,고흥군,1,7,0,0,0,1,3,127.2679,34.697,전남고흥군,0,화물차화물차,0,1,0,191,0,0
2016-09-07,1,2,1,1,0,0,0,전남,무안군,1,7,6,1,1,4,2,126.4602,34.8146,전남무안군,0,이륜차승용차,0,0,0,101,0,0
2016-09-09,1,4,1,2,0,0,1,충북,충주시,1,5,5,0,0,1,9,127.692,37.0445,충북충주시,0,화물차건설기계,0,0,0,6,0,0
2016-09-09,1,4,1,3,0,2,0,전남,순천시,1,7,6,1,1,0,2,127.422,35.0894,전남순천시,0,승용차승용차,0,0,0,27,0,0
2016-07-25,0,0,2,2,0,0,0,전남,완도군,1,10,0,0,0,9,1,126.6927,34.2993,전남완도군,0,농기계없음,0,0,0,141,0,0
2016-07-23,0,5,1,4,1,2,0,강원,춘천시,1,9,5,0,0,0,2,127.7147,37.8465,강원춘천시,1,승용차승용차,0,1,0,111,0,0
2016-07-22,1,4,1,1,0,0,0,경기,오산시,1,6,0,0,0,0,1,127.0405,37.1764,경기오산시,0,승용차없음,0,0,0,143,0,0
2016-07-28,1,3,1,2,1,0,0,충남,서산시,1,7,6,1,1,4,6,126.5362,36.6842,충남서산시,0,이륜차승합차,0,0,0,69,0,0
2016-04-15,0,4,1,1,0,0,0,경기,성남시,1,6,0,0,0,4,1,127.1162,37.337,경기성남시,0,이륜차없음,0,0,0,95,0,0
2016-04-14,0,3,1,1,0,0,0,대전,서구,1,1,0,0,0,4,3,127.371,36.3193,대전서구,0,이륜차화물차,0,0,0,4,0,0
2016-04-16,1,5,1,2,1,0,0,강원,철원군,1,9,5,0,0,1,2,127.4331,38.2211,강원철원군,0,화물차승용차,0,1,0,184,0,0
2016-04-22,1,4,1,1,0,0,0,경기,화성시,1,10,0,0,0,4,1,127.0521,37.2274,경기화성시,0,이륜차없음,0,0,0,50,0,0
2016-04-21,1,3,1,2,1,0,0,경기,포천시,1,9,5,0,0,0,3,127.1898,37.8613,경기포천시,0,승용차화물차,0,0,0,171,0,0
2016-04-22,1,4,1,4,2,1,0,충북,옥천군,1,9,5,0,0,1,3,127.7338,36.2745,충북옥천군,1,화물차화물차,0,0,0,142,0,0
2016-08-22,1,0,2,3,1,0,0,경남,산청군,1,9,5,0,0,0,11,128.0124,35.3382,경남산청군,1,승용차특수차,0,0,0,224,0,0
2016-04-30,0,5,1,5,2,2,0,경기,양평군,1,10,0,0,0,1,1,127.5651,37.4798,경기양평군,1,화물차없음,0,1,0,48,0,0
2016-04-28,1,3,1,1,0,0,0,충북,청주시,1,1,0,1,1,1,5,127.4658,36.6673,충북청주시,0,화물차자전거,0,0,0,83,0,0
2016-04-06,1,2,1,1,0,0,0,서울,성동구,1,1,0,0,0,7,1,127.071,37.5582,서울성동구,0,자전거없음,0,0,0,84,0,0
2016-04-06,0,2,1,1,0,0,0,경남,양산시,1,7,6,1,1,0,4,129.1655,35.4112,경남양산시,0,승용차이륜차,0,0,0,49,0,0
2016-04-09,0,5,1,1,0,0,0,경북,안동시,1,10,0,0,0,4,1,128.7665,36.6407,경북안동시,0,이륜차없음,0,1,0,66,0,0
2016-04-15,1,4,1,1,0,0,0,경기,포천시,1,5,2,0,0,1,4,127.2471,37.8041,경기포천시,0,화물차이륜차,0,0,0,171,0,0