발생년월일,주야,요일,사망자수,사상자수,중상자수,경상자수,부상신고자수,발생지시도,발생지시군구,사고유형_대분류,사고유형_중분류,법규위반,도로형태_대분류,도로형태,당사자종별_1당_대분류,당사자종별_2당_대분류,경도,위도,발생지,사고피해정도,사고차량타입,도시여부,주말/공휴일,인구수,발생지번호,보행자의위치,무단횡단여부
2016-11-12,0,5,1,1,0,0,0,전북,남원시,1,5,0,1,1,6,2,127.3855,35.4161,전북남원시,0,원동기장치자전거승용차,0,1,0,193,0,0
2016-11-17,1,3,1,1,0,0,0,전남,순천시,1,11,0,0,0,1,1,127.4508,34.9647,전남순천시,0,화물차없음,0,0,0,27,0,0
2016-11-26,1,5,1,1,0,0,0,경북,구미시,1,1,6,1,1,4,2,128.3563,36.12,경북구미시,0,이륜차승용차,0,1,0,144,0,0
2016-11-20,0,6,1,1,0,0,0,인천,남구,1,7,6,1,1,1,7,126.6894,37.4579,인천남동구,0,화물차원동기장치자전거,0,1,0,29,0,0
2016-11-25,1,4,1,1,0,0,0,서울,양천구,1,1,0,0,0,2,1,126.8412,37.5152,서울양천구,0,승합차없음,0,0,0,140,0,0
2016-11-23,1,2,2,3,0,1,0,제주,서귀포시,1,5,3,0,0,0,8,126.8557,33.3498,제주서귀포시,1,승용차농기계,0,0,0,62,0,0
2016-11-20,0,6,1,1,0,0,0,경남,김해시,1,7,6,1,1,4,2,128.912,35.2456,경남김해시,0,이륜차승용차,0,1,0,13,0,0
2016-11-20,0,6,1,1,0,0,0,대전,대덕구,1,10,0,1,2,0,1,127.4326,36.3592,대전대덕구,0,승용차없음,0,1,0,77,0,0
2016-11-24,1,3,1,3,1,1,0,전남,영광군,1,9,5,0,0,0,4,126.4763,35.2829,전남영광군,0,승용차이륜차,0,0,0,127,0,0
2016-10-31,1,0,1,2,1,0,0,전남,여수시,1,7,0,0,0,1,4,127.6118,34.701,전남여수시,0,화물차이륜차,0,0,0,102,0,0
2016-10-31,0,0,1,1,0,0,0,서울,강서구,1,10,0,0,0,4,1,126.8627,37.5298,서울강서구,0,이륜차없음,0,0,0,43,0,0
2016-12-05,1,0,1,1,0,0,0,강원,화천군,1,11,0,0,0,1,1,127.5553,38.1798,강원화천군,0,화물차없음,0,0,0,218,0,0
2016-12-05,1,0,1,1,0,0,0,제주,서귀포시,1,10,0,0,0,9,1,126.1811,33.2774,제주서귀포시,0,농기계없음,0,0,0,62,0,0
2016-12-08,1,3,1,1,0,0,0,경북,포항시,1,9,0,0,0,1,2,129.4171,36.1161,경북포항시,0,화물차승용차,0,0,0,160,0,0
2016-12-05,1,0,1,2,1,0,0,경남,진주시,1,9,5,0,0,0,2,128.1287,35.175,경남진주시,0,승용차승용차,0,0,0,42,0,0
2016-12-08,1,3,1,1,0,0,0,울산,울주군,1,9,3,0,0,0,2,129.2564,35.527,울산울주군,0,승용차승용차,0,0,0,17,0,0
2016-12-16,1,4,1,1,0,0,0,충남,금산군,1,9,5,0,0,1,9,127.3608,36.1544,충남금산군,0,화물차건설기계,0,0,0,68,0,0
2016-11-05,0,5,1,1,0,0,0,충남,논산시,1,10,3,0,0,4,1,127.106,36.1786,충남논산시,0,이륜차없음,0,1,0,61,0,0
2016-11-19,1,5,1,1,0,0,0,경북,상주시,1,7,0,0,0,1,5,128.181,36.422,경북상주시,0,화물차자전거,0,1,0,58,0,0
2016-04-19,0,1,1,1,0,0,0,강원,속초시,1,6,0,0,0,1,1,128.531,38.1838,강원속초시,0,화물차없음,0,0,0,104,0,0
2016-04-24,0,6,1,1,0,0,0,경북,경주시,1,5,0,1,2,0,5,129.2143,35.8551,경북경주시,0,승용차자전거,0,1,0,100,0,0
2016-04-25,0,0,1,1,0,0,0,대전,유성구,1,10,0,0,0,4,1,127.3314,36.3668,대전유성구,0,이륜차없음,0,0,0,148,0,0
2016-04-24,1,6,1,2,1,0,0,서울,은평구,1,6,0,1,1,0,1,126.9264,37.6023,서울은평구,0,승용차없음,0,1,0,139,0,0
2016-04-27,1,2,1,2,0,1,0,강원,삼척시,1,5,0,0,0,1,3,129.3313,37.2592,강원삼척시,0,화물차화물차,0,0,0,78,0,0
2016-05-01,1,6,1,1,0,0,0,경기,시흥시,1,6,0,0,0,4,1,126.66,37.3264,경기시흥시,0,이륜차없음,0,1,0,73,0,0
2016-04-05,1,1,1,1,0,0,0,경북,예천군,1,1,0,0,0,9,1,128.5349,36.7369,경북예천군,0,농기계없음,0,0,0,55,0,0
2016-04-11,1,0,1,1,0,0,0,경남,거창군,1,10,0,0,0,1,1,127.9117,35.6526,경남거창군,0,화물차없음,0,0,0,154,0,0
2016-04-08,1,4,1,1,0,0,0,광주,남구,1,1,0,0,0,4,1,126.913,35.0917,광주남구,0,이륜차없음,0,0,0,190,0,0
2016-04-12,0,1,1,1,0,0,0,경기,용인시,1,10,0,0,0,4,1,127.0934,37.3363,경기용인시,0,이륜차없음,0,0,0,51,0,0
2016-04-16,0,5,1,1,0,0,0,경북,경주시,1,6,0,0,0,0,1,129.2738,35.9866,경북경주시,0,승용차없음,0,1,0,100,0,0
2016-04-15,1,4,1,1,0,0,0,충북,음성군,1,7,2,0,0,0,4,127.6825,37.0526,충북음성군,0,승용차이륜차,0,0,0,110,0,0
2016-04-23,0,5,1,1,0,0,0,제주,서귀포시,1,6,0,0,0,0,1,126.8111,33.3709,제주서귀포시,0,승용차없음,0,1,0,62,0,0
2016-04-23,1,5,1,3,0,1,1,서울,송파구,1,9,2,1,1,0,2,127.1063,37.4927,서울송파구,0,승용차승용차,0,1,0,156,0,0
2016-04-28,0,3,1,3,2,0,0,경기,시흥시,1,9,6,1,1,0,2,126.731,37.3502,경기시흥시,1,승용차승용차,0,0,0,73,0,0
2016-04-28,1,3,1,2,0,1,0,경기,평택시,1,1,0,1,1,0,2,126.9796,37.0237,경기평택시,0,승용차승용차,0,0,0,14,0,0
2016-04-30,0,5,1,1,0,0,0,경기,화성시,1,7,0,0,0,6,3,126.8166,37.1085,경기화성시,0,원동기장치자전거화물차,0,1,0,50,0,0
2016-05-01,1,6,1,1,0,0,0,경남,진주시,1,10,0,0,0,4,1,128.1421,35.1575,경남진주시,0,이륜차없음,0,1,0,42,0,0
2016-04-06,0,2,1,2,0,1,0,인천,계양구,1,1,6,1,1,0,4,126.7226,37.5279,인천계양구,0,승용차이륜차,0,0,0,7,0,0
2016-04-14,1,3,1,1,0,0,0,전북,부안군,1,6,0,1,2,6,1,126.7477,35.7165,전북부안군,0,원동기장치자전거없음,0,0,0,185,0,0
2016-04-11,0,0,1,1,0,0,0,경기,남양주시,1,9,6,1,1,1,4,127.1856,37.6655,경기남양주시,0,화물차이륜차,0,0,0,70,0,0
2016-04-17,0,6,1,3,2,0,0,경기,남양주시,1,9,5,2,4,0,2,127.1995,37.6727,경기남양주시,1,승용차승용차,0,1,0,70,0,0
2016-04-17,1,6,1,1,0,0,0,제주,제주시,1,10,0,0,0,0,1,126.2301,33.3237,제주제주시,0,승용차없음,0,1,0,90,0,0
2016-04-17,1,6,1,1,0,0,0,인천,남동구,1,9,6,1,1,4,2,126.7388,37.4455,인천남동구,0,이륜차승용차,0,1,0,29,0,0
2016-04-16,0,5,1,3,0,2,0,경기,고양시,1,5,0,0,0,1,3,126.8474,37.6666,경기고양시,0,화물차화물차,0,1,0,40,0,0
2016-04-19,0,1,1,1,0,0,0,충남,논산시,1,7,5,0,0,7,2,127.0982,36.209,충남논산시,0,자전거승용차,0,0,0,61,0,0
2016-04-26,1,1,1,1,0,0,0,전남,여수시,1,7,8,1,1,4,2,127.64,34.7719,전남여수시,0,이륜차승용차,0,0,0,102,0,0
2016-05-15,0,6,1,1,0,0,0,경기,수원시,1,1,2,1,2,0,4,126.9818,37.2947,경기수원시,0,승용차이륜차,0,1,0,99,0,0
2016-06-01,1,2,1,1,0,0,0,경남,고성군,1,7,2,1,1,2,5,128.352,34.9896,경남고성군,0,승합차자전거,0,0,0,87,0,0
2016-05-06,1,4,1,1,0,0,0,서울,강동구,1,6,0,0,0,4,1,127.1536,37.568,서울강동구,0,이륜차없음,0,1,0,91,0,0
2016-05-10,0,1,1,1,0,0,0,서울,성북구,1,10,0,0,0,6,1,127.0183,37.6026,서울성북구,0,원동기장치자전거없음,0,0,0,167,0,0
2016-05-13,1,4,1,1,0,0,0,경기,용인시,1,7,7,1,1,4,3,127.3118,37.1488,경기용인시,0,이륜차화물차,0,0,0,51,0,0
2016-05-13,0,4,1,2,0,1,0,전남,보성군,1,5,0,0,0,0,8,127.324,34.8636,전남보성군,0,승용차농기계,0,0,0,122,0,0
2016-05-15,1,6,1,1,0,0,0,전남,담양군,1,10,0,1,1,9,1,126.959,35.1969,전남담양군,0,농기계없음,0,1,0,181,0,0
2016-05-15,1,6,1,1,0,0,0,전북,정읍시,1,1,0,0,0,4,1,126.9906,35.605,전북정읍시,0,이륜차없음,0,1,0,12,0,0
2016-05-19,1,3,1,1,0,0,0,경남,하동군,1,6,0,0,0,1,1,127.8166,35.0369,경남하동군,0,화물차없음,0,0,0,172,0,0
2016-05-25,1,2,1,1,0,0,0,경남,거제시,1,9,0,1,1,4,2,128.6156,34.817,경남거제시,0,이륜차승용차,0,0,0,15,0,0
2016-06-01,1,2,1,1,0,0,0,충남,보령시,1,10,0,0,0,9,1,126.6493,36.413,충남보령시,0,농기계없음,0,0,0,136,0,0
2016-06-01,0,2,1,2,0,0,1,서울,마포구,1,7,6,1,1,4,2,126.9183,37.5526,서울마포구,0,이륜차승용차,0,0,0,159,0,0
2016-05-30,1,0,1,2,0,1,0,경북,칠곡군,1,7,5,0,0,2,11,128.3881,35.9639,경북칠곡군,0,승합차특수차,0,0,0,21,0,0
2016-05-30,1,0,1,6,5,0,0,전북,고창군,1,7,6,1,1,0,2,126.5412,35.4552,전북고창군,1,승용차승용차,0,0,0,219,0,0
2016-05-29,0,6,1,1,0,0,0,경기,광주시,1,5,0,0,0,0,3,127.1998,37.4025,경기광주시,0,승용차화물차,0,1,0,9,0,0
2016-05-30,1,0,1,6,1,4,0,경남,함양군,1,5,0,1,1,1,6,127.7892,35.5811,경남함양군,1,화물차승합차,0,0,0,108,0,0
2016-05-29,0,6,1,1,0,0,0,강원,인제군,1,11,0,0,0,3,1,128.1247,37.9586,강원인제군,0,건설기계없음,0,1,0,124,0,0
2016-05-04,1,2,1,1,0,0,0,전남,함평군,1,5,0,0,0,1,7,126.5159,35.0583,전남함평군,0,화물차원동기장치자전거,0,0,0,157,0,0
2016-05-08,1,6,1,1,0,0,0,경기,가평군,1,1,0,0,0,4,1,127.5066,37.816,경기가평군,0,이륜차없음,0,1,0,176,0,0
2016-05-08,1,6,1,1,0,0,0,충북,청주시,1,10,0,0,0,4,1,127.5385,36.5637,충북청주시,0,이륜차없음,0,1,0,83,0,0
2016-05-14,1,5,1,1,0,0,0,전남,나주시,1,7,0,1,1,7,2,126.7181,35.04,전남나주시,0,자전거승용차,0,1,0,33,0,0
2016-05-14,0,5,1,1,0,0,0,대구,달성군,1,7,2,1,1,0,4,128.4578,35.6986,대구달성군,0,승용차이륜차,0,1,0,30,0,0
2016-05-11,1,2,1,2,1,0,0,충남,서산시,1,7,2,1,1,1,2,126.5559,36.7434,충남서산시,0,화물차승용차,0,0,0,69,0,0
2016-05-14,1,5,1,1,0,0,0,전북,익산시,1,7,9,0,0,7,2,126.9783,35.9381,전북익산시,0,자전거승용차,0,1,0,125,0,0
2016-05-14,1,5,1,1,0,0,0,경남,하동군,1,11,0,0,0,6,1,127.7841,35.083,경남하동군,0,원동기장치자전거없음,0,1,0,172,0,0
2016-05-15,1,6,2,3,1,0,0,서울,성북구,1,7,0,0,0,4,3,127.0437,37.6185,서울성북구,1,이륜차화물차,0,1,0,167,0,0
2016-05-15,0,6,1,1,0,0,0,경기,고양시,1,10,0,0,3,4,1,126.8464,37.6249,경기고양시,0,이륜차없음,0,1,0,40,0,0
2016-05-15,1,6,1,1,0,0,0,충북,보은군,1,10,0,0,0,9,1,127.7303,36.5779,충북보은군,0,농기계없음,0,1,0,32,0,0
2016-05-20,1,4,1,1,0,0,0,경기,고양시,1,6,0,0,0,0,1,126.7788,37.6301,경기고양시,0,승용차없음,0,0,0,40,0,0
2016-05-26,0,3,1,1,0,0,0,울산,남구,1,7,6,1,1,4,2,129.3308,35.5296,울산남구,0,이륜차승용차,0,0,0,213,0,0
2016-07-20,1,2,1,1,0,0,0,충남,당진시,1,7,7,1,1,1,4,126.6855,36.9753,충남당진시,0,화물차이륜차,0,0,0,46,0,0
2016-07-21,1,3,1,1,0,0,0,충남,아산시,1,10,6,1,1,0,1,127.011,36.7771,충남아산시,0,승용차없음,0,0,0,53,0,0
2016-07-01,1,4,1,1,0,0,0,경기,이천시,1,9,5,0,0,6,3,127.5458,37.0942,경기이천시,0,원동기장치자전거화물차,0,0,0,41,0,0
2016-07-01,1,4,1,1,0,0,0,경기,시흥시,1,7,6,1,1,0,7,126.742,37.3433,경기시흥시,0,승용차원동기장치자전거,0,0,0,73,0,0
2016-06-30,1,3,1,1,0,0,0,경기,고양시,1,7,6,1,1,3,4,126.743,37.6727,경기고양시,0,건설기계이륜차,0,0,0,40,0,0
2016-06-06,1,0,1,1,0,0,0,전북,전주시,1,7,6,1,2,4,2,127.1592,35.8302,전북전주시,0,이륜차승용차,0,1,0,11,0,0
2016-06-10,0,4,1,4,2,1,0,강원,속초시,1,5,0,0,0,1,2,128.5786,38.1925,강원속초시,1,화물차승용차,0,0,0,104,0,0
2016-06-10,1,4,1,1,0,0,0,충북,괴산군,1,10,0,0,0,4,1,127.8767,36.8702,충북괴산군,0,이륜차없음,0,0,0,179,0,0
2016-06-11,1,5,1,1,0,0,0,경남,김해시,1,10,0,1,1,1,1,128.871,35.3137,경남김해시,0,화물차없음,0,1,0,13,0,0
2016-06-13,0,0,1,1,0,0,0,충남,당진시,1,7,5,1,1,9,2,126.5271,37.0344,충남당진시,0,농기계승용차,0,0,0,46,0,0
2016-06-21,0,1,1,1,0,0,0,대구,북구,1,10,0,0,0,4,1,128.5389,35.9234,대구북구,0,이륜차없음,0,0,0,112,0,0
2016-06-21,0,1,1,2,1,0,0,서울,관악구,1,9,5,0,0,4,4,126.9206,37.4898,서울관악구,0,이륜차이륜차,0,0,0,188,0,0
2016-08-17,1,2,1,2,1,0,0,서울,금천구,1,7,0,1,1,1,4,126.9027,37.4646,서울금천구,0,화물차이륜차,0,0,0,109,0,0
2016-08-16,1,1,1,2,1,0,0,경남,통영시,1,9,5,0,0,0,2,128.3945,34.9631,경남통영시,0,승용차승용차,0,0,0,212,0,0
2016-08-25,1,3,1,3,0,2,0,광주,북구,1,5,0,1,2,0,2,126.9453,35.2268,광주북구,0,승용차승용차,0,0,0,137,0,0
2016-08-23,1,1,1,1,0,0,0,강원,강릉시,1,10,0,0,0,1,1,128.7723,37.6026,강원강릉시,0,화물차없음,0,0,0,194,0,0
2016-08-24,1,2,1,1,0,0,0,전북,남원시,1,10,0,2,4,6,1,127.2831,35.3921,전북남원시,0,원동기장치자전거없음,0,0,0,193,0,0
2016-08-23,1,1,1,1,0,0,0,경기,남양주시,1,7,0,1,1,0,4,127.3372,37.6562,경기남양주시,0,승용차이륜차,0,0,0,70,0,0
2016-08-23,0,1,1,1,0,0,0,충남,공주시,1,1,0,0,0,4,1,127.187,36.4063,충남공주시,0,이륜차없음,0,0,0,19,0,0
2016-08-28,0,6,1,3,2,0,0,부산,진구,1,9,5,2,0,1,2,129.0531,35.1701,부산진구,1,화물차승용차,0,1,0,231,0,0
2016-08-27,1,5,1,1,0,0,0,충남,태안군,1,10,0,0,0,1,1,126.1925,36.8234,충남태안군,0,화물차없음,0,1,0,169,0,0
2016-09-09,1,4,2,2,0,0,0,경기,부천시,1,7,6,1,1,4,2,126.7783,37.4944,경기부천시,0,이륜차승용차,0,0,0,65,0,0
2016-09-13,1,1,1,1,0,0,0,제주,제주시,1,7,10,0,0,6,2,126.532,33.5135,제주제주시,0,원동기장치자전거승용차,0,0,0,90,0,0
2016-07-21,0,3,1,3,2,0,0,대구,중구,1,7,5,1,1,4,3,128.5877,35.8739,대구중구,1,이륜차화물차,0,0,0,178,0,0
2016-07-23,0,5,1,1,0,0,0,전북,전주시,1,7,9,0,0,7,2,127.1293,35.8399,전북전주시,0,자전거승용차,0,1,0,11,0,0
2016-07-24,0,6,1,2,1,0,0,경남,창원시(통합),1,10,0,0,0,0,1,128.6405,35.2295,경남창원시(통합),0,승용차없음,0,1,0,86,0,0
2016-07-23,1,5,1,1,0,0,0,충북,제천시,1,7,5,0,0,7,2,128.1956,37.1482,충북제천시,0,자전거승용차,0,1,0,103,0,0
2016-07-28,1,3,1,1,0,0,0,충북,음성군,1,7,7,1,1,1,4,127.6472,37.1019,충북음성군,0,화물차이륜차,0,0,0,110,0,0
2016-07-28,1,3,1,1,0,0,0,서울,노원구,1,10,0,0,0,0,1,127.0868,37.6756,서울노원구,0,승용차없음,0,0,0,18,0,0
2016-08-04,0,3,1,1,0,0,0,경기,수원시,1,6,0,0,0,4,1,127.0176,37.2505,경기수원시,0,이륜차없음,0,0,0,99,0,0
2016-08-13,1,5,1,1,0,0,0,경남,김해시,1,7,0,1,1,3,4,128.8046,35.3274,경남김해시,0,건설기계이륜차,0,1,0,13,0,0
2016-08-15,0,0,1,1,0,0,0,경기,가평군,1,6,0,0,0,0,1,127.3594,37.8055,경기가평군,0,승용차없음,0,1,0,176,0,0
2016-08-22,1,0,1,1,0,0,0,전남,보성군,1,7,0,1,1,1,4,127.3507,34.8462,전남보성군,0,화물차이륜차,0,0,0,122,0,0
2016-08-26,1,4,1,2,0,1,0,충남,서산시,1,9,6,1,1,5,2,126.4643,36.8565,충남서산시,0,특수차승용차,0,0,0,69,0,0
2016-08-26,0,4,1,1,0,0,0,전남,목포시,1,1,0,0,0,1,6,126.4277,34.8139,전남목포시,0,화물차승합차,0,0,0,153,0,0
2016-08-29,1,0,1,3,0,2,0,전북,완주군,1,9,5,0,0,2,3,127.1555,35.7365,전북완주군,0,승합차화물차,0,0,0,28,0,0
2016-08-28,1,6,1,1,0,0,0,울산,중구,1,6,0,1,2,6,1,129.3432,35.5682,울산중구,0,원동기장치자전거없음,0,1,0,205,0,0
2016-09-10,0,5,1,1,0,0,0,경기,수원시,1,7,0,1,1,7,2,127.0185,37.2501,경기수원시,0,자전거승용차,0,1,0,99,0,0
2016-09-09,0,4,1,1,0,0,0,충남,서산시,1,5,0,0,0,0,5,126.4363,36.7942,충남서산시,0,승용차자전거,0,0,0,69,0,0
2016-09-08,0,3,1,1,0,0,0,전남,영암군,1,11,0,0,0,6,1,126.604,34.7879,전남영암군,0,원동기장치자전거없음,0,0,0,16,0,0
2016-07-19,1,1,1,1,0,0,0,경남,거제시,1,6,0,0,0,1,1,128.688,34.9832,경남거제시,0,화물차없음,0,0,0,15,0,0
2016-07-23,0,5,1,1,0,0,0,충북,청주시,1,9,0,1,1,4,2,127.6554,36.6335,충북청주시,0,이륜차승용차,0,1,0,83,0,0
2016-07-27,0,2,1,1,0,0,0,전남,순천시,1,10,0,0,0,0,1,127.5597,34.895,전남순천시,0,승용차없음,0,0,0,27,0,0
2016-07-25,0,0,1,1,0,0,0,울산,남구,1,7,5,0,0,0,3,129.3098,35.5163,울산남구,0,승용차화물차,0,0,0,213,0,0
2016-07-26,0,1,1,2,1,0,0,경기,양주시,1,9,5,0,0,0,2,127.0293,37.7843,경기양주시,0,승용차승용차,0,0,0,59,0,0
2016-07-30,1,5,1,1,0,0,0,부산,동래구,1,7,9,0,3,7,2,129.096,35.1979,부산동래구,0,자전거승용차,0,1,0,216,0,0
2016-07-30,0,5,1,2,1,0,0,강원,원주시,1,5,0,0,0,0,3,127.7771,37.2947,강원원주시,0,승용차화물차,0,1,0,36,0,0
2016-08-04,0,3,1,2,1,0,0,서울,성동구,1,10,0,0,0,4,1,127.0437,37.5381,서울성동구,0,이륜차없음,0,0,0,84,0,0
2016-08-04,0,3,1,1,0,0,0,경남,밀양시,1,10,0,0,0,7,1,128.9513,35.4624,경남밀양시,0,자전거없음,0,0,0,177,0,0
2016-08-09,0,1,1,1,0,0,0,충남,예산군,1,10,0,0,0,4,1,126.757,36.7603,충남예산군,0,이륜차없음,0,0,0,187,0,0
2016-08-11,1,3,1,1,0,0,0,전남,목포시,1,1,2,1,2,2,3,126.3588,34.7652,전남목포시,0,승합차화물차,0,0,0,153,0,0
2016-08-06,0,5,1,1,0,0,0,경기,김포시,1,10,0,0,0,4,1,126.6381,37.6731,경기김포시,0,이륜차없음,0,1,0,47,0,0
2016-08-07,0,6,1,2,1,0,0,경기,안성시,1,1,0,0,0,4,1,127.233,37.0135,경기안성시,0,이륜차없음,0,1,0,23,0,0
2016-08-14,1,6,1,2,1,0,0,전북,전주시,1,1,0,0,0,0,2,127.0611,35.8738,전북전주시,0,승용차승용차,0,1,0,11,0,0
2016-08-15,1,0,1,1,0,0,0,전북,정읍시,1,11,0,0,0,9,1,126.7338,35.5795,전북정읍시,0,농기계없음,0,1,0,12,0,0
2016-08-16,1,1,1,1,0,0,0,제주,서귀포시,1,10,0,0,0,0,1,126.8684,33.3686,제주서귀포시,0,승용차없음,0,0,0,62,0,0
2016-05-25,0,2,1,1,0,0,0,전북,전주시,1,10,0,0,0,0,1,127.1252,35.833,전북전주시,0,승용차없음,0,0,0,11,0,0
2016-05-24,0,1,1,1,0,0,0,충북,청주시,1,1,0,0,0,0,5,127.4757,36.6577,충북청주시,0,승용차자전거,0,0,0,83,0,0
2016-05-21,0,5,1,1,0,0,0,인천,강화군,1,9,5,0,0,1,4,126.4634,37.7634,인천강화군,0,화물차이륜차,0,1,0,92,0,0
2016-05-22,0,6,1,1,0,0,0,인천,서구,1,10,5,0,0,4,1,126.6729,37.5165,인천서구,0,이륜차없음,0,1,0,97,0,0
2016-05-28,1,5,1,2,0,1,0,전남,영암군,1,7,0,1,1,6,2,126.6189,34.7895,전남영암군,0,원동기장치자전거승용차,0,1,0,16,0,0
2016-05-04,1,2,1,1,0,0,0,서울,동작구,1,7,0,1,1,0,4,126.9225,37.4999,서울동작구,0,승용차이륜차,0,0,0,93,0,0
2016-05-14,1,5,1,1,0,0,0,전북,전주시,1,9,0,1,1,4,2,127.1986,35.779,전북전주시,0,이륜차승용차,0,1,0,11,0,0
2016-05-14,1,5,1,2,1,0,0,강원,영월군,1,10,0,2,4,0,1,128.1895,37.3097,강원영월군,0,승용차없음,0,1,0,114,0,0
2016-05-12,0,3,1,1,0,0,0,경기,화성시,1,10,0,0,0,0,1,126.9438,37.2148,경기화성시,0,승용차없음,0,0,0,50,0,0
2016-05-21,1,5,1,1,0,0,0,경기,평택시,1,10,0,0,0,0,1,126.9453,37.004,경기평택시,0,승용차없음,0,1,0,14,0,0
2016-05-21,1,5,1,2,1,0,0,전남,고흥군,1,10,0,0,0,1,1,127.3163,34.6539,전남고흥군,0,화물차없음,0,1,0,191,0,0
2016-05-21,1,5,1,1,0,0,0,전남,완도군,1,10,0,0,0,1,1,126.9163,34.364,전남완도군,0,화물차없음,0,1,0,141,0,0
2016-05-19,1,3,1,1,0,0,0,충남,홍성군,1,7,10,0,0,4,2,126.6445,36.5531,충남홍성군,0,이륜차승용차,0,0,0,38,0,0
2016-05-24,1,1,1,8,3,4,0,경기,파주시,1,9,5,0,0,1,2,126.8131,37.888,경기파주시,2,화물차승용차,0,0,0,175,0,0
2016-05-23,1,0,1,1,0,0,0,강원,속초시,1,7,0,1,2,7,3,128.5578,38.1896,강원속초시,0,자전거화물차,0,0,0,104,0,0
2016-05-22,1,6,1,1,0,0,0,충남,부여군,1,7,0,1,1,1,5,126.9705,36.2215,충남부여군,0,화물차자전거,0,1,0,129,0,0
2016-05-23,1,0,1,1,0,0,0,경기,양평군,1,10,0,2,4,0,1,127.529,37.505,경기양평군,0,승용차없음,0,0,0,48,0,0
2016-05-28,1,5,1,2,1,0,0,충남,천안시,1,7,0,1,1,0,4,127.1711,36.754,충남천안시,0,승용차이륜차,0,1,0,63,0,0
2016-05-26,1,3,1,1,0,0,0,경북,안동시,1,7,0,0,0,4,3,128.5771,36.6012,경북안동시,0,이륜차화물차,0,0,0,66,0,0
2016-05-06,0,4,1,1,0,0,0,부산,북구,1,6,0,0,0,6,1,129.0047,35.207,부산북구,0,원동기장치자전거없음,0,1,0,118,0,0
2016-05-04,1,2,1,1,0,0,0,충남,서천군,1,1,0,0,0,1,1,126.4994,36.158,충남서천군,0,화물차없음,0,0,0,10,0,0
2016-05-09,0,0,1,1,0,0,0,전북,완주군,1,10,0,0,0,0,1,127.1562,35.8846,전북완주군,0,승용차없음,0,0,0,28,0,0
2016-05-14,1,5,1,1,0,0,0,경북,상주시,1,10,0,2,4,9,1,128.1393,36.5743,경북상주시,0,농기계없음,0,1,0,58,0,0
2016-05-16,1,0,1,1,0,0,0,경기,이천시,1,7,0,0,0,4,3,127.5444,37.1058,경기이천시,0,이륜차화물차,0,0,0,41,0,0
2016-05-15,1,6,1,1,0,0,0,전북,김제시,1,7,0,1,1,1,7,126.9106,35.8677,전북김제시,0,화물차원동기장치자전거,0,1,0,34,0,0
2016-05-19,0,3,1,7,0,6,0,경기,안산시,1,5,6,1,1,0,4,126.859,37.3318,경기안산시,1,승용차이륜차,0,0,0,2,0,0
2016-05-21,1,5,1,1,0,0,0,경기,고양시,1,6,0,0,0,6,1,126.838,37.6301,경기고양시,0,원동기장치자전거없음,0,1,0,40,0,0
2016-05-22,0,6,1,1,0,0,0,서울,은평구,1,6,0,0,0,6,1,126.8899,37.5847,서울은평구,0,원동기장치자전거없음,0,1,0,139,0,0
2016-05-21,0,5,1,1,0,0,0,서울,강북구,1,10,0,0,0,4,1,127.0391,37.6323,서울강북구,0,이륜차없음,0,1,0,200,0,0
2016-05-29,1,6,1,1,0,0,0,경북,상주시,1,5,0,1,2,6,2,128.1608,36.4059,경북상주시,0,원동기장치자전거승용차,0,1,0,58,0,0
2016-05-29,0,6,1,1,0,0,0,세종,세종,1,10,0,0,0,0,1,127.3595,36.5404,세종세종,0,승용차없음,1,1,0,229,0,0
2016-06-04,1,5,1,3,0,2,0,울산,남구,1,7,5,0,0,0,11,129.3423,35.5052,울산남구,0,승용차특수차,0,1,0,213,0,0
2016-05-05,1,3,1,1,0,0,0,대전,유성구,1,1,0,1,2,0,5,127.341,36.3528,대전유성구,0,승용차자전거,0,1,0,148,0,0
2016-05-04,0,2,1,3,0,2,0,전북,고창군,1,7,0,1,1,1,2,126.6094,35.4793,전북고창군,0,화물차승용차,0,0,0,219,0,0
2016-05-10,1,1,1,1,0,0,0,경북,김천시,1,10,0,0,0,1,1,128.1205,36.1056,경북김천시,0,화물차없음,0,0,0,76,0,0
2016-05-08,1,6,1,2,1,0,0,경북,구미시,1,10,0,0,0,6,1,128.4174,36.151,경북구미시,0,원동기장치자전거없음,0,1,0,144,0,0
2016-05-13,1,4,1,1,0,0,0,서울,노원구,1,5,0,1,2,0,5,127.071,37.6648,서울노원구,0,승용차자전거,0,0,0,18,0,0
2016-05-16,0,0,1,1,0,0,0,경기,안성시,1,7,0,1,1,7,2,127.2709,37.0042,경기안성시,0,자전거승용차,0,0,0,23,0,0
2016-05-24,1,1,2,4,0,2,0,경기,시흥시,1,9,5,0,0,2,2,126.8047,37.4143,경기시흥시,1,승합차승용차,0,0,0,73,0,0
2016-05-27,1,4,1,1,0,0,0,인천,연수구,1,7,0,1,2,0,5,126.6369,37.3902,인천연수구,0,승용차자전거,0,0,0,35,0,0
2016-05-29,1,6,1,1,0,0,0,전북,완주군,1,5,0,0,0,0,7,127.1814,35.9462,전북완주군,0,승용차원동기장치자전거,0,1,0,28,0,0