발생년월일,주야,요일,사망자수,사상자수,중상자수,경상자수,부상신고자수,발생지시도,발생지시군구,사고유형_대분류,사고유형_중분류,법규위반,도로형태_대분류,도로형태,당사자종별_1당_대분류,당사자종별_2당_대분류,경도,위도,발생지,사고피해정도,사고차량타입,도시여부,주말/공휴일,인구수,발생지번호,보행자의위치,무단횡단여부
2016-05-29,0,6,1,4,2,1,0,경남,진주시,1,7,2,0,0,0,3,128.0883,35.3111,경남진주시,1,승용차화물차,0,1,0,42,0,0
2016-05-29,1,6,1,1,0,0,0,충남,아산시,1,5,5,0,0,7,2,127.0007,36.7832,충남아산시,0,자전거승용차,0,1,0,53,0,0
2016-06-04,1,5,1,1,0,0,0,경기,남양주시,1,6,0,1,2,0,1,127.1103,37.6458,경기남양주시,0,승용차없음,0,1,0,70,0,0
2016-06-04,1,5,1,3,1,1,0,경남,하동군,1,7,0,1,1,0,2,127.9024,35.0259,경남하동군,0,승용차승용차,0,1,0,172,0,0
2016-05-10,1,1,1,2,1,0,0,강원,속초시,1,7,5,0,0,0,2,128.6016,38.1814,강원속초시,0,승용차승용차,0,0,0,104,0,0
2016-05-14,1,5,1,1,0,0,0,충북,청주시,1,7,6,1,1,0,4,127.4353,36.6443,충북청주시,0,승용차이륜차,0,1,0,83,0,0
2016-05-11,0,2,1,1,0,0,0,전북,군산시,1,10,0,0,0,0,1,126.8231,35.9234,전북군산시,0,승용차없음,0,0,0,166,0,0
2016-05-12,1,3,1,2,0,1,0,경남,창녕군,1,7,0,1,1,2,4,128.4596,35.3916,경남창녕군,0,승합차이륜차,0,0,0,211,0,0
2016-05-24,0,1,1,1,0,0,0,전북,김제시,1,7,5,0,0,7,3,126.9421,35.9089,전북김제시,0,자전거화물차,0,0,0,34,0,0
2016-05-23,0,0,1,2,1,0,0,충남,예산군,1,9,8,1,1,1,2,126.8395,36.7067,충남예산군,0,화물차승용차,0,0,0,187,0,0
2016-06-03,0,4,1,1,0,0,0,서울,강남구,1,7,6,1,2,0,4,127.057,37.5199,서울강남구,0,승용차이륜차,0,0,0,89,0,0
2016-06-04,0,5,1,1,0,0,0,전북,익산시,1,10,0,0,0,4,1,126.935,36.089,전북익산시,0,이륜차없음,0,1,0,125,0,0
2016-06-04,1,5,1,3,2,0,0,강원,양양군,1,9,5,1,2,0,2,128.6891,38.0348,강원양양군,1,승용차승용차,0,1,0,164,0,0
2016-07-29,1,4,1,1,0,0,0,제주,서귀포시,1,10,0,1,1,9,1,126.3004,33.2866,제주서귀포시,0,농기계없음,0,0,0,62,0,0
2016-07-25,1,0,1,1,0,0,0,경남,합천군,1,10,0,0,0,3,1,128.3056,35.55,경남합천군,0,건설기계없음,0,0,0,133,0,0
2016-07-31,1,6,1,1,0,0,0,경남,창녕군,1,9,0,0,0,1,4,128.4083,35.6019,경남창녕군,0,화물차이륜차,0,1,0,211,0,0
2016-08-06,1,5,1,3,1,0,1,충남,부여군,1,7,5,0,0,1,3,126.8809,36.2135,충남부여군,0,화물차화물차,0,1,0,129,0,0
2016-08-05,0,4,1,4,2,1,0,전남,목포시,1,9,8,1,1,0,2,126.359,34.7549,전남목포시,1,승용차승용차,0,0,0,153,0,0
2016-08-10,1,2,1,1,0,0,0,경북,상주시,1,7,7,0,0,6,3,128.1538,36.4708,경북상주시,0,원동기장치자전거화물차,0,0,0,58,0,0
2016-08-06,1,5,1,2,1,0,0,전남,신안군,1,11,0,0,0,4,1,125.9922,34.6968,전남신안군,0,이륜차없음,0,1,0,132,0,0
2016-08-12,1,4,1,1,0,0,0,경기,화성시,1,5,3,0,0,4,3,126.939,37.1925,경기화성시,0,이륜차화물차,0,0,0,50,0,0
2016-08-25,1,3,1,2,0,1,0,경북,경주시,1,1,0,0,0,0,4,129.2256,35.8337,경북경주시,0,승용차이륜차,0,0,0,100,0,0
2016-08-22,0,0,1,1,0,0,0,경북,예천군,1,7,0,1,1,1,8,128.5551,36.7012,경북예천군,0,화물차농기계,0,0,0,55,0,0
2016-08-22,1,0,1,1,0,0,0,충남,홍성군,1,9,5,0,0,0,3,126.5246,36.5837,충남홍성군,0,승용차화물차,0,0,0,38,0,0
2016-08-28,1,6,1,1,0,0,0,전북,순창군,1,7,6,1,1,4,2,127.1478,35.3682,전북순창군,0,이륜차승용차,0,1,0,131,0,0
2016-07-23,1,5,1,1,0,0,0,경북,의성군,1,5,0,0,0,0,8,128.6662,36.4292,경북의성군,0,승용차농기계,0,1,0,105,0,0
2016-07-23,0,5,1,1,0,0,0,경북,칠곡군,1,6,0,1,2,0,1,128.4055,35.9886,경북칠곡군,0,승용차없음,0,1,0,21,0,0
2016-07-23,0,5,1,1,0,0,0,서울,강동구,1,10,5,0,0,4,1,127.1653,37.5543,서울강동구,0,이륜차없음,0,1,0,91,0,0
2016-07-28,1,3,1,1,0,0,0,충남,부여군,1,7,5,0,0,4,3,126.7787,36.2067,충남부여군,0,이륜차화물차,0,0,0,129,0,0
2016-07-27,0,2,1,1,0,0,0,경기,고양시,1,5,0,0,0,0,3,126.7361,37.6504,경기고양시,0,승용차화물차,0,0,0,40,0,0
2016-07-27,1,2,1,1,0,0,0,전북,순창군,1,7,5,1,2,2,2,127.1457,35.3745,전북순창군,0,승합차승용차,0,0,0,131,0,0
2016-07-31,0,6,1,1,0,0,0,부산,북구,1,9,5,0,3,6,6,129.0035,35.2097,부산북구,0,원동기장치자전거승합차,0,1,0,118,0,0
2016-07-30,1,5,1,1,0,0,0,충북,충주시,1,7,7,1,1,0,3,127.9666,36.9005,충북충주시,0,승용차화물차,0,1,0,6,0,0
2016-07-30,0,5,1,1,0,0,0,충북,제천시,1,6,0,0,0,4,1,127.9945,37.1234,충북제천시,0,이륜차없음,0,1,0,103,0,0
2016-08-13,0,5,1,2,1,0,0,경기,수원시,1,10,0,0,0,6,1,127.0506,37.2651,경기수원시,0,원동기장치자전거없음,0,1,0,99,0,0
2016-08-13,1,5,1,1,0,0,0,충남,홍성군,1,7,7,1,1,0,4,126.6623,36.5734,충남홍성군,0,승용차이륜차,0,1,0,38,0,0
2016-08-16,1,1,2,2,0,0,0,경북,성주군,1,5,0,1,2,2,8,128.2704,35.9711,경북성주군,0,승합차농기계,0,0,0,168,0,0
2016-08-23,0,1,1,1,0,0,0,경기,광주시,1,7,6,0,3,1,5,127.2695,37.4157,경기광주시,0,화물차자전거,0,0,0,9,0,0
2016-08-18,0,3,1,5,0,3,1,대구,수성구,1,7,0,0,0,0,2,128.6321,35.8253,대구수성구,1,승용차승용차,0,0,0,37,0,0
2016-08-18,1,3,1,1,0,0,0,충남,홍성군,1,10,0,0,0,9,1,126.6644,36.4927,충남홍성군,0,농기계없음,0,0,0,38,0,0
2016-08-15,0,0,1,1,0,0,0,충남,당진시,1,10,0,0,0,0,1,126.6658,36.9026,충남당진시,0,승용차없음,0,1,0,46,0,0
2016-08-20,0,5,1,1,0,0,0,전북,정읍시,1,10,0,0,0,1,1,126.9214,35.6376,전북정읍시,0,화물차없음,0,1,0,12,0,0
2016-08-19,1,4,1,1,0,0,0,충남,홍성군,1,10,0,0,0,0,1,126.6266,36.5293,충남홍성군,0,승용차없음,0,0,0,38,0,0
2016-09-08,1,3,1,4,3,0,0,대전,동구,1,7,6,1,2,0,2,127.4762,36.3316,대전동구,1,승용차승용차,0,0,0,80,0,0
2016-09-11,1,6,1,1,0,0,0,경기,파주시,1,7,6,1,1,4,6,126.7494,37.7115,경기파주시,0,이륜차승합차,0,1,0,175,0,0
2016-09-14,0,2,2,4,0,2,0,경북,영덕군,1,9,5,0,0,4,2,129.416,36.6302,경북영덕군,1,이륜차승용차,0,1,0,54,0,0
2016-09-15,1,3,1,1,0,0,0,경북,청도군,1,10,0,0,0,4,1,128.7719,35.6558,경북청도군,0,이륜차없음,0,1,0,3,0,0
2016-09-15,1,3,1,1,0,0,0,경기,고양시,1,1,0,0,0,7,1,126.6985,37.6686,경기고양시,0,자전거없음,0,1,0,40,0,0
2016-09-18,1,6,1,2,0,1,0,전북,순창군,1,10,0,0,0,0,1,127.1201,35.4377,전북순창군,0,승용차없음,0,1,0,131,0,0
2016-09-14,1,2,1,1,0,0,0,경남,창녕군,1,1,0,1,1,0,7,128.4829,35.5401,경남창녕군,0,승용차원동기장치자전거,0,1,0,211,0,0
2016-09-19,0,0,1,1,0,0,0,강원,화천군,1,7,0,1,2,1,5,127.7063,38.0981,강원화천군,0,화물차자전거,0,0,0,218,0,0
2016-07-22,0,4,1,1,0,0,0,부산,기장군,1,10,0,0,0,0,1,129.1453,35.3647,부산기장군,0,승용차없음,0,0,0,85,0,0
2016-07-22,1,4,1,1,0,0,0,충북,진천군,1,7,6,1,1,4,6,127.4413,36.8695,충북진천군,0,이륜차승합차,0,0,0,60,0,0
2016-07-26,1,1,1,3,2,0,0,인천,강화군,1,7,6,1,1,1,6,126.5233,37.6292,인천강화군,1,화물차승합차,0,0,0,92,0,0
2016-07-26,0,1,1,1,0,0,0,충북,제천시,1,9,5,0,0,4,2,128.0962,37.1888,충북제천시,0,이륜차승용차,0,0,0,103,0,0
2016-07-31,0,6,1,1,0,0,0,대전,동구,1,7,6,0,0,6,5,127.4487,36.3358,대전동구,0,원동기장치자전거자전거,0,1,0,80,0,0
2016-08-05,0,4,1,2,0,1,0,전북,전주시,1,1,3,0,0,1,2,127.0714,35.8679,전북전주시,0,화물차승용차,0,0,0,11,0,0
2016-08-05,0,4,1,1,0,0,0,경북,경산시,1,10,0,0,0,4,1,128.7493,35.8242,경북경산시,0,이륜차없음,0,0,0,52,0,0
2016-08-09,0,1,1,1,0,0,0,경북,군위군,1,9,0,1,1,0,4,128.6654,36.196,경북군위군,0,승용차이륜차,0,0,0,170,0,0
2016-08-09,1,1,1,9,6,2,0,전남,순천시,1,1,6,1,1,0,3,127.4219,35.0894,전남순천시,2,승용차화물차,0,0,0,27,0,0
2016-08-08,1,0,1,2,1,0,0,제주,서귀포시,1,10,0,0,0,1,1,126.4472,33.2699,제주서귀포시,0,화물차없음,0,0,0,62,0,0
2016-08-13,1,5,1,6,3,2,0,충북,단양군,1,7,8,1,1,1,2,128.3372,36.9911,충북단양군,1,화물차승용차,0,1,0,204,0,0
2016-11-02,1,2,1,1,0,0,0,경북,경주시,1,7,0,0,0,0,7,129.2904,35.7658,경북경주시,0,승용차원동기장치자전거,0,0,0,100,0,0
2016-12-08,1,3,1,1,0,0,0,대구,달성군,1,5,0,0,0,1,11,128.4573,35.6446,대구달성군,0,화물차특수차,0,0,0,30,0,0
2016-12-10,0,5,1,1,0,0,0,세종,세종,1,5,0,1,2,4,3,127.1664,36.7298,세종세종,0,이륜차화물차,1,1,0,229,0,0
2016-12-09,1,4,1,1,0,0,0,충북,청주시,1,5,3,0,0,1,3,127.3814,36.6212,충북청주시,0,화물차화물차,0,0,0,83,0,0
2016-12-05,0,0,1,1,0,0,0,서울,노원구,1,7,5,1,1,4,6,127.0848,37.6232,서울노원구,0,이륜차승합차,0,0,0,18,0,0
2016-05-27,1,4,1,1,0,0,0,대구,달서구,1,1,0,0,0,6,1,128.5452,35.8165,대구달서구,0,원동기장치자전거없음,0,0,0,20,0,0
2016-06-02,1,3,1,1,0,0,0,경기,고양시,1,1,4,0,0,2,1,126.7843,37.6644,경기고양시,0,승합차없음,0,0,0,40,0,0
2016-06-02,0,3,1,1,0,0,0,경북,의성군,1,6,0,0,0,1,1,128.8007,36.3082,경북의성군,0,화물차없음,0,0,0,105,0,0
2016-06-03,0,4,1,1,0,0,0,충남,천안시,1,6,0,1,1,0,1,127.1844,36.8553,충남천안시,0,승용차없음,0,0,0,63,0,0
2016-05-05,0,3,1,1,0,0,0,대구,달서구,1,1,0,0,0,0,3,128.5135,35.86,대구달서구,0,승용차화물차,0,1,0,20,0,0
2016-05-07,1,5,1,1,0,0,0,충남,논산시,1,7,5,0,0,4,2,127.2241,36.128,충남논산시,0,이륜차승용차,0,1,0,61,0,0
2016-05-13,1,4,1,1,0,0,0,전북,남원시,1,10,0,0,0,4,1,127.2411,35.3845,전북남원시,0,이륜차없음,0,0,0,193,0,0
2016-05-12,0,3,1,1,0,0,0,경기,평택시,1,10,0,1,1,1,1,127.0634,37.1096,경기평택시,0,화물차없음,0,0,0,14,0,0
2016-05-11,1,2,1,1,0,0,0,경기,화성시,1,6,0,0,0,0,1,126.7331,37.0739,경기화성시,0,승용차없음,0,0,0,50,0,0
2016-05-20,1,4,1,5,0,4,0,전남,해남군,1,5,0,0,0,4,2,126.6491,34.5735,전남해남군,1,이륜차승용차,0,0,0,119,0,0
2016-05-22,1,6,1,2,0,0,1,충남,공주시,1,10,0,1,1,9,1,127.0804,36.3828,충남공주시,0,농기계없음,0,1,0,19,0,0
2016-05-22,1,6,1,1,0,0,0,전남,해남군,1,10,0,0,0,6,1,126.6999,34.4453,전남해남군,0,원동기장치자전거없음,0,1,0,119,0,0
2016-05-22,1,6,1,1,0,0,0,충북,음성군,1,10,0,0,0,1,1,127.7023,36.9448,충북음성군,0,화물차없음,0,1,0,110,0,0
2016-06-02,0,3,1,1,0,0,0,인천,남동구,1,6,0,2,4,4,1,126.7071,37.466,인천남동구,0,이륜차없음,0,0,0,29,0,0
2016-05-09,1,0,1,1,0,0,0,강원,강릉시,1,10,0,1,1,4,1,128.8382,37.8693,강원강릉시,0,이륜차없음,0,0,0,194,0,0
2016-05-07,1,5,1,5,0,4,0,강원,원주시,1,9,0,1,1,0,2,127.916,37.3145,강원원주시,1,승용차승용차,0,1,0,36,0,0
2016-05-20,1,4,1,1,0,0,0,충남,논산시,1,10,0,0,0,4,1,127.0878,36.1196,충남논산시,0,이륜차없음,0,0,0,61,0,0
2016-05-18,0,2,1,1,0,0,0,경북,성주군,1,6,0,0,0,1,1,128.3401,35.8906,경북성주군,0,화물차없음,0,0,0,168,0,0
2016-05-23,0,0,1,1,0,0,0,전북,남원시,1,10,0,0,0,0,1,127.2762,35.3144,전북남원시,0,승용차없음,0,0,0,193,0,0
2016-05-22,1,6,1,2,1,0,0,인천,남동구,1,5,3,0,0,4,4,126.7368,37.4232,인천남동구,0,이륜차이륜차,0,1,0,29,0,0
2016-05-22,1,6,1,1,0,0,0,충북,음성군,1,5,5,0,0,0,4,127.6077,37.0322,충북음성군,0,승용차이륜차,0,1,0,110,0,0
2016-05-26,0,3,1,3,2,0,0,인천,옹진군,1,9,5,0,0,0,2,126.4736,37.2526,인천옹진군,1,승용차승용차,0,0,0,186,0,0
2016-05-25,1,2,1,1,0,0,0,인천,남동구,1,7,6,1,1,7,2,126.7239,37.404,인천남동구,0,자전거승용차,0,0,0,29,0,0
2016-05-26,0,3,1,2,0,1,0,전남,장흥군,1,7,5,0,0,9,2,126.8193,34.8005,전남장흥군,0,농기계승용차,0,0,0,56,0,0
2016-06-03,1,4,1,1,0,0,0,경기,안성시,1,5,0,1,2,0,5,127.2675,37.0177,경기안성시,0,승용차자전거,0,0,0,23,0,0
2016-06-03,0,4,1,1,0,0,0,강원,양양군,1,10,0,0,0,0,1,128.4144,38.0925,강원양양군,0,승용차없음,0,0,0,164,0,0
2016-05-06,0,4,1,2,1,0,0,충남,천안시,1,6,0,0,0,6,1,127.2183,36.7473,충남천안시,0,원동기장치자전거없음,0,1,0,63,0,0
2016-05-07,1,5,1,2,1,0,0,충남,청양군,1,5,0,0,0,3,8,126.7997,36.3802,충남청양군,0,건설기계농기계,0,1,0,174,0,0
2016-06-03,0,4,1,2,0,1,0,충북,청주시,1,9,7,1,1,4,3,127.4638,36.645,충북청주시,0,이륜차화물차,0,0,0,83,0,0
2016-06-03,1,4,1,1,0,0,0,전북,무주군,1,9,5,0,0,1,4,127.7904,35.9894,전북무주군,0,화물차이륜차,0,0,0,182,0,0
2016-06-03,1,4,1,1,0,0,0,충북,충주시,1,10,0,0,0,6,1,127.8045,36.9825,충북충주시,0,원동기장치자전거없음,0,0,0,6,0,0
2016-06-03,0,4,1,1,0,0,0,전북,완주군,1,1,5,0,0,6,2,127.1726,35.9314,전북완주군,0,원동기장치자전거승용차,0,0,0,28,0,0
2016-05-09,1,0,1,1,0,0,0,경북,칠곡군,1,7,7,1,1,1,4,128.4112,35.9831,경북칠곡군,0,화물차이륜차,0,0,0,21,0,0
2016-05-09,1,0,1,1,0,0,0,전북,완주군,1,7,0,0,0,1,4,127.1254,35.9367,전북완주군,0,화물차이륜차,0,0,0,28,0,0
2016-05-11,1,2,1,1,0,0,0,전남,함평군,1,9,0,1,1,3,5,126.6236,35.1925,전남함평군,0,건설기계자전거,0,0,0,157,0,0
2016-05-12,1,3,1,2,1,0,0,충남,아산시,1,9,5,0,0,5,2,126.9117,36.8945,충남아산시,0,특수차승용차,0,0,0,53,0,0
2016-05-15,0,6,1,1,0,0,0,경기,가평군,1,1,0,0,0,0,1,127.4888,37.7002,경기가평군,0,승용차없음,0,1,0,176,0,0
2016-05-20,1,4,1,1,0,0,0,대구,북구,1,5,0,0,0,0,4,128.5484,35.9164,대구북구,0,승용차이륜차,0,0,0,112,0,0
2016-05-19,1,3,1,2,1,0,0,경기,화성시,1,5,0,0,0,1,3,127.0282,37.2201,경기화성시,0,화물차화물차,0,0,0,50,0,0
2016-06-05,1,6,1,1,0,0,0,경북,영주시,1,10,0,0,0,0,1,128.612,36.8147,경북영주시,0,승용차없음,0,1,0,113,0,0
2016-06-03,1,4,1,2,1,0,0,전북,군산시,1,7,0,0,0,0,7,126.7237,35.9761,전북군산시,0,승용차원동기장치자전거,0,0,0,166,0,0
2016-06-03,0,4,1,1,0,0,0,전남,해남군,1,7,6,1,1,1,4,126.5681,34.6367,전남해남군,0,화물차이륜차,0,0,0,119,0,0
2016-06-03,1,4,1,1,0,0,0,경남,함안군,1,7,9,0,0,9,11,128.503,35.3135,경남함안군,0,농기계특수차,0,0,0,117,0,0
2016-05-04,1,2,1,1,0,0,0,경기,성남시,1,10,0,0,0,6,1,127.1118,37.4631,경기성남시,0,원동기장치자전거없음,0,0,0,95,0,0
2016-05-11,1,2,1,1,0,0,0,서울,서대문구,1,7,0,0,0,2,5,126.9359,37.5872,서울서대문구,0,승합차자전거,0,0,0,195,0,0
2016-06-26,1,6,1,1,0,0,0,경기,화성시,1,9,7,1,1,0,4,126.8954,37.1672,경기화성시,0,승용차이륜차,0,1,0,50,0,0
2016-06-30,1,3,1,2,0,1,0,전남,순천시,1,7,6,1,1,0,9,127.595,34.8968,전남순천시,0,승용차건설기계,0,0,0,27,0,0
2016-06-30,1,3,1,1,0,0,0,전북,정읍시,1,5,3,1,2,7,3,126.9191,35.6788,전북정읍시,0,자전거화물차,0,0,0,12,0,0
2016-07-04,1,0,1,1,0,0,0,충북,음성군,1,7,5,0,0,1,5,127.7453,36.9204,충북음성군,0,화물차자전거,0,0,0,110,0,0
2016-07-03,1,6,2,4,2,0,0,경기,포천시,1,9,5,0,0,0,2,127.3846,38.0326,경기포천시,1,승용차승용차,0,1,0,171,0,0
2016-07-03,1,6,1,1,0,0,0,경남,김해시,1,7,0,1,2,7,2,128.9054,35.2296,경남김해시,0,자전거승용차,0,1,0,13,0,0
2016-07-08,0,4,1,1,0,0,0,경북,상주시,1,5,0,0,0,2,8,128.1413,36.5037,경북상주시,0,승합차농기계,0,0,0,58,0,0
2016-07-09,0,5,1,1,0,0,0,경기,이천시,1,5,0,1,2,6,2,127.4538,37.2897,경기이천시,0,원동기장치자전거승용차,0,1,0,41,0,0
2016-07-09,0,5,1,1,0,0,0,경기,부천시,1,7,6,1,1,1,4,126.7892,37.5318,경기부천시,0,화물차이륜차,0,1,0,65,0,0
2016-07-09,1,5,1,1,0,0,0,인천,부평구,1,7,0,0,0,0,5,126.7142,37.4909,인천부평구,0,승용차자전거,0,1,0,44,0,0
2016-07-08,1,4,1,1,0,0,0,충북,충주시,1,1,0,1,2,6,3,127.8746,37.0743,충북충주시,0,원동기장치자전거화물차,0,0,0,6,0,0
2016-07-07,0,3,1,1,0,0,0,전남,나주시,1,10,0,0,0,9,1,126.7638,35.0432,전남나주시,0,농기계없음,0,0,0,33,0,0
2016-08-22,0,0,1,2,0,1,0,경기,양주시,1,7,0,1,1,6,3,126.9624,37.9035,경기양주시,0,원동기장치자전거화물차,0,0,0,59,0,0
2016-08-27,1,5,1,1,0,0,0,경남,창원시(통합),1,1,0,0,0,6,2,128.5044,35.2343,경남창원시(통합),0,원동기장치자전거승용차,0,1,0,86,0,0
2016-09-12,1,0,2,3,1,0,0,경북,경주시,1,1,5,1,2,0,3,129.1962,35.8447,경북경주시,1,승용차화물차,0,0,0,100,0,0
2016-09-09,0,4,1,1,0,0,0,전북,정읍시,1,7,2,1,2,0,5,126.7827,35.558,전북정읍시,0,승용차자전거,0,0,0,12,0,0
2016-09-14,1,2,1,1,0,0,0,강원,양구군,1,6,0,0,0,4,1,128.0247,38.088,강원양구군,0,이륜차없음,0,1,0,115,0,0
2016-07-18,0,0,1,2,0,0,1,서울,강서구,1,7,6,1,1,6,2,126.8268,37.5598,서울강서구,0,원동기장치자전거승용차,0,0,0,43,0,0
2016-07-19,1,1,1,1,0,0,0,강원,횡성군,1,10,0,0,0,9,1,128.02,37.4741,강원횡성군,0,농기계없음,0,0,0,31,0,0
2016-07-24,0,6,1,1,0,0,0,경기,이천시,1,6,0,1,2,0,1,127.4059,37.3034,경기이천시,0,승용차없음,0,1,0,41,0,0
2016-07-24,0,6,1,2,1,0,0,충남,천안시,1,10,0,1,2,4,1,127.2434,36.74,충남천안시,0,이륜차없음,0,1,0,63,0,0
2016-07-27,1,2,1,2,1,0,0,전북,익산시,1,5,0,1,2,1,3,126.9642,36.0613,전북익산시,0,화물차화물차,0,0,0,125,0,0
2016-07-26,1,1,1,3,1,1,0,충남,태안군,1,7,8,1,1,0,9,126.3582,36.4917,충남태안군,0,승용차건설기계,0,0,0,169,0,0
2016-07-31,0,6,1,1,0,0,0,전남,광양시,1,7,6,1,2,4,2,127.5817,34.9728,전남광양시,0,이륜차승용차,0,1,0,130,0,0
2016-08-01,1,0,1,1,0,0,0,경남,합천군,1,6,0,0,0,1,1,128.1215,35.6626,경남합천군,0,화물차없음,0,0,0,133,0,0
2016-07-31,0,6,1,2,1,0,0,서울,서초구,1,6,2,2,4,0,1,126.9886,37.4618,서울서초구,0,승용차없음,0,1,0,214,0,0
2016-08-04,1,3,1,1,0,0,0,전북,군산시,1,10,0,0,0,7,1,126.8332,36.003,전북군산시,0,자전거없음,0,0,0,166,0,0
2016-08-09,1,1,1,1,0,0,0,경북,의성군,1,7,7,1,1,0,4,128.4507,36.3527,경북의성군,0,승용차이륜차,0,0,0,105,0,0
2016-08-14,1,6,1,27,8,18,0,전남,여수시,1,9,0,0,0,1,2,127.7488,34.763,전남여수시,2,화물차승용차,0,1,0,102,0,0
2016-08-16,0,1,1,3,1,0,1,경기,남양주시,1,7,6,1,1,0,4,127.2375,37.5554,경기남양주시,0,승용차이륜차,0,0,0,70,0,0
2016-08-21,0,6,1,2,1,0,0,충남,예산군,1,10,0,0,0,0,1,126.6636,36.6871,충남예산군,0,승용차없음,0,1,0,187,0,0
2016-08-19,1,4,1,1,0,0,0,충남,서산시,1,9,5,0,0,0,9,126.4301,36.761,충남서산시,0,승용차건설기계,0,0,0,69,0,0
2016-08-28,0,6,1,1,0,0,0,서울,성북구,1,6,0,0,0,2,1,126.9987,37.6088,서울성북구,0,승합차없음,0,1,0,167,0,0
2016-08-26,1,4,1,1,0,0,0,부산,연제구,1,1,10,1,2,0,7,129.0769,35.1803,부산연제구,0,승용차원동기장치자전거,0,0,0,221,0,0
2016-09-15,1,3,1,2,1,0,0,경남,밀양시,1,6,0,0,0,0,1,128.7902,35.4128,경남밀양시,0,승용차없음,0,1,0,177,0,0
2016-09-17,1,5,1,1,0,0,0,부산,사상구,1,7,3,0,0,0,3,128.9666,35.139,부산사상구,0,승용차화물차,0,1,0,120,0,0
2016-07-28,0,3,1,1,0,0,0,충북,청주시,1,10,0,0,0,9,1,127.5236,36.6974,충북청주시,0,농기계없음,0,0,0,83,0,0
2016-08-04,1,3,1,1,0,0,0,경북,경주시,1,7,0,0,0,6,2,129.2587,35.9821,경북경주시,0,원동기장치자전거승용차,0,0,0,100,0,0
2016-08-02,1,1,1,1,0,0,0,전북,장수군,1,10,0,2,4,9,1,127.5209,35.569,전북장수군,0,농기계없음,0,0,0,155,0,0
2016-08-09,1,1,1,1,0,0,0,전남,나주시,1,7,7,1,1,1,7,126.719,34.9428,전남나주시,0,화물차원동기장치자전거,0,0,0,33,0,0
2016-08-09,1,1,1,1,0,0,0,전북,김제시,1,7,8,1,2,6,9,126.9862,35.8778,전북김제시,0,원동기장치자전거건설기계,0,0,0,34,0,0
2016-08-07,0,6,1,1,0,0,0,강원,횡성군,1,1,4,0,0,1,1,128.2206,37.5506,강원횡성군,0,화물차없음,0,1,0,31,0,0
2016-08-06,1,5,1,1,0,0,0,충북,괴산군,1,5,0,0,0,0,4,127.6326,36.7754,충북괴산군,0,승용차이륜차,0,1,0,179,0,0
2016-11-21,1,0,1,1,0,0,0,경기,화성시,1,5,0,0,0,1,9,126.8143,37.1057,경기화성시,0,화물차건설기계,0,0,0,50,0,0
2016-11-23,1,2,1,2,1,0,0,경북,영천시,1,5,0,0,0,1,3,128.9804,35.9373,경북영천시,0,화물차화물차,0,0,0,5,0,0
2016-11-23,0,2,1,2,0,1,0,광주,광산구,1,5,0,0,0,0,3,126.8329,35.1756,광주광산구,0,승용차화물차,0,0,0,135,0,0
2016-11-24,1,3,1,1,0,0,0,서울,영등포구,1,7,0,1,2,3,5,126.9073,37.5252,서울영등포구,0,건설기계자전거,0,0,0,150,0,0
2016-11-02,1,2,1,2,0,1,0,서울,동작구,1,5,0,1,2,1,6,126.9487,37.502,서울동작구,0,화물차승합차,0,0,0,93,0,0
2016-11-02,0,2,1,1,0,0,0,충북,청주시,1,6,0,0,0,4,1,127.4893,36.6657,충북청주시,0,이륜차없음,0,0,0,83,0,0
2016-12-07,0,2,1,2,0,1,0,경북,영덕군,1,7,9,1,1,1,2,129.3746,36.269,경북영덕군,0,화물차승용차,0,0,0,54,0,0
2016-12-21,1,2,1,1,0,0,0,경남,고성군,1,6,0,0,0,0,1,128.3423,35.0122,경남고성군,0,승용차없음,0,0,0,87,0,0
2016-11-11,0,4,1,1,0,0,0,경북,영덕군,1,6,0,0,0,0,1,129.3793,36.3714,경북영덕군,0,승용차없음,0,0,0,54,0,0
2016-11-12,0,5,1,3,2,0,0,대구,달서구,1,7,6,1,1,4,2,128.567,35.8471,대구달서구,1,이륜차승용차,0,1,0,20,0,0
2016-11-12,1,5,1,1,0,0,0,경남,밀양시,1,7,0,0,0,0,4,128.7546,35.4525,경남밀양시,0,승용차이륜차,0,1,0,177,0,0
2016-11-17,1,3,1,1,0,0,0,경북,안동시,1,5,0,0,0,1,5,128.8796,36.4817,경북안동시,0,화물차자전거,0,0,0,66,0,0
2016-11-16,1,2,1,1,0,0,0,강원,동해시,1,7,0,0,0,0,3,129.0967,37.5397,강원동해시,0,승용차화물차,0,0,0,210,0,0
2016-11-26,0,5,1,1,0,0,0,경남,김해시,1,6,0,0,0,0,1,128.9518,35.3044,경남김해시,0,승용차없음,0,1,0,13,0,0
2016-11-26,1,5,1,3,0,2,0,전남,무안군,1,9,0,1,1,1,2,126.4223,34.869,전남무안군,0,화물차승용차,0,1,0,101,0,0
2016-11-21,0,0,1,1,0,0,0,경남,김해시,1,9,5,0,0,0,3,128.9773,35.2986,경남김해시,0,승용차화물차,0,0,0,13,0,0
2016-11-21,0,0,2,3,1,0,0,경기,포천시,1,5,0,0,0,1,9,127.3051,37.9543,경기포천시,1,화물차건설기계,0,0,0,171,0,0