발생년월일,주야,요일,사망자수,사상자수,중상자수,경상자수,부상신고자수,발생지시도,발생지시군구,사고유형_대분류,사고유형_중분류,법규위반,도로형태_대분류,도로형태,당사자종별_1당_대분류,당사자종별_2당_대분류,경도,위도,발생지,사고피해정도,사고차량타입,도시여부,주말/공휴일,인구수,발생지번호,보행자의위치,무단횡단여부
2016-03-05,0,5,1,3,1,1,0,경기,안산시,1,9,5,0,0,0,2,126.8368,37.3286,경기안산시,0,승용차승용차,0,1,0,2,0,0
2016-02-09,1,1,1,1,0,0,0,경기,양평군,1,10,0,0,0,4,1,127.6232,37.448,경기양평군,0,이륜차없음,0,1,0,48,0,0
2016-02-10,0,2,1,3,1,1,0,경기,광주시,1,6,2,0,0,0,1,127.2712,37.3877,경기광주시,0,승용차없음,0,0,0,9,0,0
2016-02-09,0,1,1,1,0,0,0,전북,고창군,1,10,0,1,2,1,1,126.6522,35.3784,전북고창군,0,화물차없음,0,1,0,219,0,0
2016-02-16,1,1,1,1,0,0,0,경북,봉화군,1,10,0,0,0,1,1,128.8839,36.8625,경북봉화군,0,화물차없음,0,0,0,149,0,0
2016-02-19,1,4,1,1,0,0,0,광주,동구,1,1,0,2,4,0,2,126.9292,35.1311,광주동구,0,승용차승용차,0,0,0,162,0,0
2016-02-25,1,3,1,1,0,0,0,경기,김포시,1,7,6,1,1,1,6,126.589,37.6946,경기김포시,0,화물차승합차,0,0,0,47,0,0
2016-02-26,0,4,1,17,9,7,0,경북,포항시,1,7,0,1,1,1,6,129.3461,36.1229,경북포항시,2,화물차승합차,0,0,0,160,0,0
2016-03-04,0,4,1,2,0,1,0,경북,울진군,1,7,0,0,0,0,2,129.4104,36.9913,경북울진군,0,승용차승용차,0,0,0,208,0,0
2016-02-08,1,0,1,7,4,2,0,경북,경주시,1,1,5,0,0,1,2,129.0998,35.8476,경북경주시,2,화물차승용차,0,1,0,100,0,0
2016-02-17,0,2,1,1,0,0,0,서울,노원구,1,9,5,0,0,0,2,127.0975,37.6298,서울노원구,0,승용차승용차,0,0,0,18,0,0
2016-02-22,1,0,1,1,0,0,0,경북,성주군,1,9,0,0,0,1,5,128.3898,35.9009,경북성주군,0,화물차자전거,0,0,0,168,0,0
2016-02-22,0,0,1,1,0,0,0,경남,합천군,1,6,0,0,0,0,1,128.167,35.7017,경남합천군,0,승용차없음,0,0,0,133,0,0
2016-02-29,0,0,1,2,0,1,0,인천,서구,1,7,6,1,1,0,6,126.6554,37.5918,인천서구,0,승용차승합차,0,0,0,97,0,0
2016-02-27,0,5,1,1,0,0,0,충북,진천군,1,5,0,2,4,0,3,127.5478,36.9161,충북진천군,0,승용차화물차,0,1,0,60,0,0
2016-03-10,0,3,1,1,0,0,0,경북,안동시,1,10,0,0,0,0,1,128.895,36.5493,경북안동시,0,승용차없음,0,0,0,66,0,0
2016-03-11,1,4,1,7,6,0,0,경기,안산시,1,7,8,1,1,2,11,126.6058,37.2394,경기안산시,2,승합차특수차,0,0,0,2,0,0
2016-02-23,0,1,1,2,0,1,0,경북,김천시,1,9,5,0,0,1,2,128.1679,36.1756,경북김천시,0,화물차승용차,0,0,0,76,0,0
2016-02-20,0,5,1,3,2,0,0,강원,춘천시,1,6,0,0,0,0,1,127.7857,37.7553,강원춘천시,1,승용차없음,0,1,0,111,0,0
2016-02-21,1,6,1,1,0,0,0,전남,장흥군,1,10,0,0,0,9,1,126.964,34.5171,전남장흥군,0,농기계없음,0,1,0,56,0,0
2016-03-02,1,2,1,2,0,1,0,대전,중구,1,7,6,1,1,6,6,127.4476,36.3067,대전중구,0,원동기장치자전거승합차,0,0,0,39,0,0
2016-03-03,0,3,1,1,0,0,0,충북,청주시,1,10,0,1,2,0,1,127.4799,36.6321,충북청주시,0,승용차없음,0,0,0,83,0,0
2016-03-03,1,3,1,1,0,0,0,전남,나주시,1,6,0,0,0,1,1,126.7522,34.9337,전남나주시,0,화물차없음,0,0,0,33,0,0
2016-03-03,1,3,1,1,0,0,0,경북,청도군,1,10,0,0,0,4,1,128.6067,35.6544,경북청도군,0,이륜차없음,0,0,0,3,0,0
2016-03-02,1,2,1,6,1,3,1,서울,강남구,1,7,6,1,1,0,2,127.0727,37.4914,서울강남구,1,승용차승용차,0,0,0,89,0,0
2016-03-01,1,1,1,1,0,0,0,경남,남해군,1,10,0,0,0,4,1,127.83,34.8159,경남남해군,0,이륜차없음,0,1,0,197,0,0
2016-02-16,1,1,1,1,0,0,0,경남,고성군,1,10,0,0,0,0,1,128.2387,34.9885,경남고성군,0,승용차없음,0,0,0,87,0,0
2016-03-02,1,2,1,3,1,1,0,경남,의령군,1,7,2,1,1,0,4,128.2786,35.3372,경남의령군,0,승용차이륜차,0,0,0,189,0,0
2016-03-01,0,1,1,3,0,2,0,전남,나주시,1,5,0,0,0,0,3,126.782,35.0376,전남나주시,0,승용차화물차,0,1,0,33,0,0
2016-03-02,1,2,1,1,0,0,0,경남,진주시,1,1,0,0,0,6,1,128.1184,35.2248,경남진주시,0,원동기장치자전거없음,0,0,0,42,0,0
2016-03-01,0,1,1,2,1,0,0,경남,남해군,1,9,5,0,0,0,3,128.0107,34.8655,경남남해군,0,승용차화물차,0,1,0,197,0,0
2016-03-01,0,1,1,1,0,0,0,경기,안양시,1,5,6,1,1,2,4,126.9577,37.3702,경기안양시,0,승합차이륜차,0,1,0,151,0,0
2016-02-13,0,5,1,1,0,0,0,경기,안양시,1,6,0,0,0,0,1,126.9228,37.4073,경기안양시,0,승용차없음,0,1,0,151,0,0
2016-03-08,1,1,1,2,0,1,0,경남,사천시,1,5,0,0,0,0,2,128.0531,34.9981,경남사천시,0,승용차승용차,0,0,0,57,0,0
2016-02-15,1,0,1,3,0,2,0,충남,공주시,1,9,6,1,1,3,2,127.125,36.472,충남공주시,0,건설기계승용차,0,0,0,19,0,0
2016-02-15,1,0,1,1,0,0,0,경북,포항시,1,7,0,1,1,4,3,129.3616,35.9737,경북포항시,0,이륜차화물차,0,0,0,160,0,0
2016-02-12,0,4,1,4,0,3,0,전북,고창군,1,7,6,1,1,0,2,126.7109,35.4348,전북고창군,1,승용차승용차,0,0,0,219,0,0
2016-02-14,0,6,1,1,0,0,0,경남,창원시(통합),1,10,0,0,0,4,1,128.6893,35.1919,경남창원시(통합),0,이륜차없음,0,1,0,86,0,0
2016-04-25,0,0,1,2,1,0,0,경남,창녕군,1,5,0,0,0,0,2,128.5097,35.4511,경남창녕군,0,승용차승용차,0,0,0,211,0,0
2016-12-01,1,3,1,2,0,1,0,경기,의왕시,1,5,0,0,0,1,3,126.8426,37.4014,경기의왕시,0,화물차화물차,0,0,0,199,0,0
2016-10-12,0,2,1,2,0,1,0,경북,군위군,1,5,0,0,0,1,3,128.5718,36.2608,경북군위군,0,화물차화물차,0,0,0,170,0,0
2016-01-29,1,4,2,2,0,0,0,울산,울주군,1,5,0,0,0,1,3,129.1313,35.5758,울산울주군,0,화물차화물차,0,0,0,17,0,0
2016-01-29,0,4,1,1,0,0,0,충남,천안시,1,9,5,0,0,4,3,127.1341,36.9287,충남천안시,0,이륜차화물차,0,0,0,63,0,0
2016-01-27,1,2,1,3,0,2,0,경기,안산시,1,7,6,1,1,4,2,126.8418,37.3146,경기안산시,0,이륜차승용차,0,0,0,2,0,0
2016-01-28,0,3,1,1,0,0,0,부산,중구,1,1,0,0,0,1,2,129.038,35.0991,부산중구,0,화물차승용차,0,0,0,228,0,0
2016-01-27,1,2,1,1,0,0,0,경북,군위군,1,6,0,1,2,0,1,128.7159,36.1742,경북군위군,0,승용차없음,0,0,0,170,0,0
2016-02-10,0,2,1,4,3,0,0,서울,광진구,1,7,6,1,1,0,2,127.0765,37.5643,서울광진구,1,승용차승용차,0,0,0,183,0,0
2016-02-11,1,3,1,1,0,0,0,충남,금산군,1,10,0,1,1,9,1,127.5772,36.066,충남금산군,0,농기계없음,0,0,0,68,0,0
2016-02-09,0,1,1,1,0,0,0,충남,논산시,1,5,3,0,0,0,5,127.07,36.213,충남논산시,0,승용차자전거,0,1,0,61,0,0
2016-01-04,0,0,3,3,0,0,0,인천,서구,1,6,0,0,0,0,1,126.6484,37.5547,인천서구,1,승용차없음,0,0,0,97,0,0
2016-02-04,1,3,1,1,0,0,0,전북,장수군,1,5,0,0,0,0,3,127.5484,35.7348,전북장수군,0,승용차화물차,0,0,0,155,0,0
2016-05-08,1,6,1,4,1,1,1,경기,평택시,1,5,0,0,0,0,6,126.9849,37.0355,경기평택시,1,승용차승합차,0,1,0,14,0,0
2016-06-28,1,1,1,1,0,0,0,대전,대덕구,1,5,0,2,4,1,3,127.4183,36.4264,대전대덕구,0,화물차화물차,0,0,0,77,0,0
2016-06-02,0,3,1,1,0,0,0,전남,함평군,1,5,4,0,0,0,3,126.5795,35.0655,전남함평군,0,승용차화물차,0,0,0,157,0,0
2016-07-01,1,4,1,1,0,0,0,충북,음성군,1,1,0,0,0,1,3,127.687,37.1202,충북음성군,0,화물차화물차,0,0,0,110,0,0
2016-12-02,1,4,1,2,0,1,0,경남,창녕군,1,5,0,0,0,1,3,128.5094,35.4945,경남창녕군,0,화물차화물차,0,0,0,211,0,0
2016-11-10,0,3,1,2,0,1,0,충북,괴산군,1,5,0,0,0,0,3,127.9576,36.836,충북괴산군,0,승용차화물차,0,0,0,179,0,0
2016-11-29,1,1,1,1,0,0,0,전북,완주군,1,5,0,0,0,1,2,127.0356,35.8297,전북완주군,0,화물차승용차,0,0,0,28,0,0
2016-08-22,1,0,1,1,0,0,0,경기,성남시,1,6,0,0,0,0,1,127.1016,37.4076,경기성남시,0,승용차없음,0,0,0,95,0,0
2016-09-08,0,3,2,2,0,0,0,경기,고양시,1,5,0,0,0,5,2,126.8343,37.668,경기고양시,0,특수차승용차,0,0,0,40,0,0
2016-08-18,0,3,1,2,0,1,0,충북,충주시,1,5,0,0,0,1,3,127.8461,36.9814,충북충주시,0,화물차화물차,0,0,0,6,0,0
2016-05-13,0,4,1,2,0,1,0,충북,충주시,1,1,0,0,0,1,3,127.8357,37.0246,충북충주시,0,화물차화물차,0,0,0,6,0,0
2016-06-30,0,3,1,1,0,0,0,경북,성주군,1,5,0,0,0,1,3,128.2588,36.0067,경북성주군,0,화물차화물차,0,0,0,168,0,0
2016-06-28,0,1,3,6,2,1,0,경기,광주시,1,1,0,0,0,0,9,127.3202,37.3543,경기광주시,2,승용차건설기계,0,0,0,9,0,0
2016-06-07,0,1,1,2,0,1,0,충남,서천군,1,5,0,0,0,1,3,126.6289,36.1285,충남서천군,0,화물차화물차,0,0,0,10,0,0
2016-01-22,0,4,1,1,0,0,0,대구,북구,1,7,0,1,1,1,7,128.565,35.8959,대구북구,0,화물차원동기장치자전거,0,0,0,112,0,0
2016-01-27,0,2,1,1,0,0,0,경남,거창군,1,5,0,0,0,1,8,127.9172,35.7588,경남거창군,0,화물차농기계,0,0,0,154,0,0
2016-02-03,1,2,1,1,0,0,0,전남,완도군,1,10,0,0,0,9,1,126.8011,34.3966,전남완도군,0,농기계없음,0,0,0,141,0,0
2016-02-03,1,2,1,5,2,2,0,경기,고양시,1,7,6,1,1,2,2,126.7907,37.6532,경기고양시,1,승합차승용차,0,0,0,40,0,0
2016-01-31,1,6,1,1,0,0,0,부산,사상구,1,11,0,0,0,3,1,128.9725,35.1366,부산사상구,0,건설기계없음,0,1,0,120,0,0
2016-11-12,0,5,1,3,0,2,0,충남,금산군,1,9,0,0,0,0,3,127.536,36.0854,충남금산군,0,승용차화물차,0,1,0,68,0,0
2016-01-09,0,5,2,2,0,0,0,강원,원주시,1,1,2,1,2,0,2,127.9441,37.3348,강원원주시,0,승용차승용차,0,1,0,36,0,0
2016-01-08,1,4,1,1,0,0,0,대구,북구,1,7,4,0,0,1,5,128.5662,35.8902,대구북구,0,화물차자전거,0,0,0,112,0,0
2016-01-06,1,2,1,1,0,0,0,경기,이천시,1,10,0,0,0,6,1,127.457,37.3346,경기이천시,0,원동기장치자전거없음,0,0,0,41,0,0
2016-01-16,1,5,1,2,0,1,0,충북,음성군,1,1,0,0,0,0,2,127.6329,36.8613,충북음성군,0,승용차승용차,0,1,0,110,0,0
2016-01-22,0,4,1,1,0,0,0,경북,칠곡군,1,1,0,0,0,4,1,128.4123,36.0377,경북칠곡군,0,이륜차없음,0,0,0,21,0,0
2016-01-18,1,0,1,3,1,1,0,광주,광산구,1,6,0,0,0,1,1,126.7595,35.0981,광주광산구,0,화물차없음,0,0,0,135,0,0
2016-01-28,0,3,1,1,0,0,0,서울,강서구,1,5,4,0,0,1,3,126.8157,37.5864,서울강서구,0,화물차화물차,0,0,0,43,0,0
2016-01-28,1,3,1,1,0,0,0,전북,임실군,1,7,0,1,1,1,3,127.2956,35.5273,전북임실군,0,화물차화물차,0,0,0,152,0,0
2016-02-03,1,2,1,1,0,0,0,경북,김천시,1,7,0,1,1,1,4,128.1194,36.1828,경북김천시,0,화물차이륜차,0,0,0,76,0,0
2016-02-03,1,2,1,1,0,0,0,경남,창원시(통합),1,7,6,1,2,4,2,128.6379,35.2133,경남창원시(통합),0,이륜차승용차,0,0,0,86,0,0
2016-02-10,1,2,1,4,0,3,0,충남,예산군,1,7,6,1,1,0,2,126.8505,36.7238,충남예산군,1,승용차승용차,0,0,0,187,0,0
2016-02-06,0,5,1,2,0,1,0,경북,포항시,1,5,0,1,2,0,3,129.3824,36.0024,경북포항시,0,승용차화물차,0,1,0,160,0,0
2016-06-22,0,2,1,2,0,1,0,충북,영동군,1,5,0,0,0,1,3,127.9008,36.2202,충북영동군,0,화물차화물차,0,0,0,75,0,0
2016-06-22,1,2,2,8,2,2,2,충북,보은군,1,5,0,0,0,5,3,127.6271,36.4755,충북보은군,2,특수차화물차,0,0,0,32,0,0
2016-09-21,0,2,1,3,2,0,0,전북,김제시,1,6,0,0,0,0,1,126.8406,35.8408,전북김제시,1,승용차없음,0,0,0,34,0,0
2016-10-01,1,5,1,8,3,4,0,경북,문경시,1,5,0,0,0,3,3,128.1116,36.6938,경북문경시,2,건설기계화물차,0,1,0,74,0,0
2016-11-02,1,2,1,3,1,1,0,충북,청주시,1,5,0,0,0,0,3,127.4319,36.5517,충북청주시,0,승용차화물차,0,0,0,83,0,0
2016-03-03,1,3,1,1,0,0,0,경기,광명시,1,5,0,0,0,0,9,126.8812,37.4276,경기광명시,0,승용차건설기계,0,0,0,81,0,0
2016-01-15,0,4,1,1,0,0,0,경기,평택시,1,7,0,0,0,2,2,127.1663,36.975,경기평택시,0,승합차승용차,0,0,0,14,0,0
2016-02-27,1,5,1,6,1,4,0,경기,이천시,1,7,2,0,0,0,6,127.3877,37.2804,경기이천시,1,승용차승합차,0,1,0,41,0,0
2016-02-07,0,6,1,8,0,7,0,인천,연수구,1,5,0,0,0,0,2,126.5473,37.4261,인천연수구,1,승용차승용차,0,1,0,35,0,0
2016-04-04,1,0,1,1,0,0,0,인천,남구,1,5,0,0,0,1,3,126.6345,37.4452,인천남동구,0,화물차화물차,0,0,0,29,0,0
2016-03-21,1,0,1,1,0,0,0,전북,남원시,1,10,0,1,1,9,1,127.616,35.4604,전북남원시,0,농기계없음,0,0,0,193,0,0
2016-10-14,0,4,1,1,0,0,0,대구,북구,1,6,0,0,0,0,1,128.5275,35.9172,대구북구,0,승용차없음,0,0,0,112,0,0
2016-02-24,1,2,1,2,0,1,0,경남,함안군,1,5,0,0,0,1,3,128.5403,35.2875,경남함안군,0,화물차화물차,0,0,0,117,0,0
2016-01-11,1,0,1,7,0,6,0,전남,무안군,1,5,0,0,0,2,2,126.4991,34.9059,전남무안군,1,승합차승용차,0,0,0,101,0,0
2016-05-04,1,2,1,1,0,0,0,충남,당진시,1,5,0,0,0,1,3,126.6247,36.855,충남당진시,0,화물차화물차,0,0,0,46,0,0
2016-11-12,0,5,2,5,2,1,0,충남,천안시,1,1,6,2,4,1,3,127.1791,36.8493,충남천안시,1,화물차화물차,0,1,0,63,0,0
2016-10-05,0,2,1,5,1,3,0,경기,성남시,1,1,0,0,0,1,2,127.1255,37.4273,경기성남시,1,화물차승용차,0,0,0,95,0,0
2016-07-19,0,1,1,1,0,0,0,충남,서산시,1,5,3,0,0,1,3,126.5698,36.8024,충남서산시,0,화물차화물차,0,0,0,69,0,0
2016-05-07,1,5,1,11,3,7,0,충남,논산시,1,5,0,2,4,0,2,127.0806,36.1028,충남논산시,2,승용차승용차,0,1,0,61,0,0
2016-03-11,1,4,1,10,4,5,0,경북,문경시,1,5,3,0,0,0,2,128.1322,36.664,경북문경시,2,승용차승용차,0,0,0,74,0,0
2016-06-03,1,4,1,4,1,2,0,대구,북구,1,5,0,0,0,1,3,128.5775,35.9083,대구북구,1,화물차화물차,0,0,0,112,0,0
2016-09-12,0,0,1,3,1,1,0,대전,동구,1,9,5,0,0,1,2,127.4628,36.2937,대전동구,0,화물차승용차,0,0,0,80,0,0
2016-09-04,1,6,1,3,1,1,0,경남,김해시,1,6,0,0,0,1,1,128.8931,35.2252,경남김해시,0,화물차없음,0,1,0,13,0,0
2016-07-22,0,4,1,1,0,0,0,충북,영동군,1,5,0,0,0,1,3,127.8537,36.2475,충북영동군,0,화물차화물차,0,0,0,75,0,0
2016-08-30,0,1,1,2,0,1,0,경북,칠곡군,1,5,0,0,0,1,3,128.4817,35.9269,경북칠곡군,0,화물차화물차,0,0,0,21,0,0
2016-05-28,0,5,1,1,0,0,0,경기,화성시,1,1,0,0,0,0,3,126.8207,37.1169,경기화성시,0,승용차화물차,0,1,0,50,0,0
2016-06-30,0,3,2,4,1,1,0,경기,평택시,1,1,0,0,0,1,3,126.8476,36.9546,경기평택시,1,화물차화물차,0,0,0,14,0,0
2016-06-15,0,2,1,2,0,1,0,경기,화성시,1,5,0,0,0,0,3,126.8827,37.2456,경기화성시,0,승용차화물차,0,0,0,50,0,0
2016-06-02,1,3,1,5,0,4,0,인천,남구,1,5,0,2,4,1,3,126.6531,37.4369,인천남동구,1,화물차화물차,0,0,0,29,0,0
2016-05-12,0,3,1,5,0,4,0,충북,충주시,1,9,0,0,0,1,3,127.8553,36.9366,충북충주시,1,화물차화물차,0,0,0,6,0,0
2016-05-16,1,0,4,6,2,0,0,경남,함안군,1,5,3,0,0,2,6,128.5762,35.2893,경남함안군,2,승합차승합차,0,0,0,117,0,0
2016-10-08,0,5,1,1,0,0,0,충북,청주시,1,5,0,0,0,1,3,127.4488,36.7238,충북청주시,0,화물차화물차,0,1,0,83,0,0
2016-09-09,1,4,1,2,1,0,0,경기,안산시,1,5,0,0,0,1,2,126.8637,37.3412,경기안산시,0,화물차승용차,0,0,0,2,0,0
2016-06-20,1,0,1,1,0,0,0,경북,칠곡군,1,1,0,0,0,1,3,128.5468,36.0079,경북칠곡군,0,화물차화물차,0,0,0,21,0,0
2016-05-16,0,0,1,1,0,0,0,경남,양산시,1,6,0,0,0,0,1,129.0275,35.3268,경남양산시,0,승용차없음,0,0,0,49,0,0
2016-05-18,0,2,1,1,0,0,0,충북,단양군,1,6,0,0,0,1,1,128.3095,36.9506,충북단양군,0,화물차없음,0,0,0,204,0,0
2016-01-02,1,5,1,3,2,0,0,충남,논산시,1,6,0,0,0,0,1,127.2196,36.2109,충남논산시,1,승용차없음,0,1,0,61,0,0
2016-01-09,1,5,2,2,0,0,0,경기,파주시,1,7,6,1,1,0,3,126.8116,37.7422,경기파주시,0,승용차화물차,0,1,0,175,0,0
2016-01-08,0,4,1,1,0,0,0,서울,마포구,1,6,0,0,0,4,1,126.8792,37.5783,서울마포구,0,이륜차없음,0,0,0,159,0,0
2016-01-06,0,2,1,4,0,2,1,경기,용인시,1,7,5,0,0,0,6,127.2032,37.1494,경기용인시,0,승용차승합차,0,0,0,51,0,0
2016-01-17,0,6,1,3,2,0,0,충북,보은군,1,1,0,0,0,0,3,127.787,36.511,충북보은군,1,승용차화물차,0,1,0,32,0,0
2016-01-18,0,0,1,1,0,0,0,경기,포천시,1,7,0,0,0,6,3,127.1814,37.8712,경기포천시,0,원동기장치자전거화물차,0,0,0,171,0,0
2016-01-16,0,5,1,1,0,0,0,부산,금정구,1,6,0,0,0,0,1,129.0916,35.2497,부산금정구,0,승용차없음,0,1,0,96,0,0
2016-01-15,0,4,1,1,0,0,0,전남,보성군,1,10,0,0,0,0,1,127.1391,34.8299,전남보성군,0,승용차없음,0,0,0,122,0,0
2016-01-21,0,3,1,3,0,2,0,전남,여수시,1,9,5,0,0,0,2,127.7351,34.7307,전남여수시,0,승용차승용차,0,0,0,102,0,0
2016-05-28,1,5,1,1,0,0,0,경기,광주시,1,5,0,0,0,1,9,127.3183,37.3605,경기광주시,0,화물차건설기계,0,1,0,9,0,0
2016-11-15,1,1,1,2,0,1,0,충남,천안시,1,1,0,0,0,1,3,127.1684,36.7952,충남천안시,0,화물차화물차,0,0,0,63,0,0
2016-01-04,1,0,1,1,0,0,0,경기,파주시,1,7,3,0,0,7,3,126.8135,37.7414,경기파주시,0,자전거화물차,0,0,0,175,0,0
2016-01-01,1,4,1,1,0,0,0,전남,화순군,1,7,6,1,1,6,2,126.9816,35.0557,전남화순군,0,원동기장치자전거승용차,0,1,0,88,0,0
2016-01-01,1,4,1,2,0,1,0,전남,해남군,1,9,5,0,0,4,2,126.4344,34.5787,전남해남군,0,이륜차승용차,0,1,0,119,0,0
2016-01-07,1,3,1,3,2,0,0,강원,춘천시,1,7,5,0,0,0,3,127.6699,37.963,강원춘천시,1,승용차화물차,0,0,0,111,0,0
2016-01-12,1,1,1,1,0,0,0,충남,논산시,1,5,0,0,0,0,5,127.2421,36.1339,충남논산시,0,승용차자전거,0,0,0,61,0,0
2016-01-18,1,0,1,1,0,0,0,경북,구미시,1,7,0,1,2,0,5,128.4256,36.1066,경북구미시,0,승용차자전거,0,0,0,144,0,0
2016-01-24,1,6,1,1,0,0,0,경남,창원시(통합),1,5,0,1,2,0,7,128.6427,35.237,경남창원시(통합),0,승용차원동기장치자전거,0,1,0,86,0,0
2016-01-30,1,5,1,4,2,1,0,전남,나주시,1,9,5,0,0,0,3,126.6981,35.025,전남나주시,1,승용차화물차,0,1,0,33,0,0
2016-01-31,0,6,1,3,2,0,0,전북,정읍시,1,11,2,0,0,0,1,126.8769,35.5853,전북정읍시,1,승용차없음,0,1,0,12,0,0
2016-01-31,1,6,1,5,2,2,0,경북,칠곡군,1,10,0,0,0,0,1,128.3937,35.9833,경북칠곡군,1,승용차없음,0,1,0,21,0,0
2016-01-31,0,6,1,1,0,0,0,충남,서천군,1,5,0,0,0,0,3,126.712,36.0131,충남서천군,0,승용차화물차,0,1,0,10,0,0
2016-02-06,1,5,1,1,0,0,0,서울,송파구,1,5,0,2,4,1,2,127.1004,37.5026,서울송파구,0,화물차승용차,0,1,0,156,0,0
2016-02-05,1,4,1,1,0,0,0,충남,천안시,1,1,6,1,1,3,5,127.1587,36.7812,충남천안시,0,건설기계자전거,0,0,0,63,0,0
2016-02-07,1,6,1,3,2,0,0,경남,고성군,1,6,0,1,2,0,1,128.2472,34.9865,경남고성군,1,승용차없음,0,1,0,87,0,0
2016-05-20,1,4,1,4,1,2,0,경기,광주시,1,5,0,0,0,1,2,127.3187,37.3586,경기광주시,1,화물차승용차,0,0,0,9,0,0
2016-01-19,1,1,1,1,0,0,0,서울,영등포구,1,10,0,0,0,0,1,126.9022,37.5343,서울영등포구,0,승용차없음,0,0,0,150,0,0
2016-01-19,0,1,1,3,0,2,0,서울,마포구,1,9,3,0,0,0,2,126.9009,37.5518,서울마포구,0,승용차승용차,0,0,0,159,0,0
2016-02-02,1,1,1,2,1,0,0,충남,공주시,1,5,0,0,0,1,8,127.1389,36.3509,충남공주시,0,화물차농기계,0,0,0,19,0,0
2016-02-04,0,3,1,2,1,0,0,경북,포항시,1,10,0,0,0,0,1,129.398,36.1288,경북포항시,0,승용차없음,0,0,0,160,0,0
2016-01-31,0,6,1,1,0,0,0,경북,경주시,1,1,0,1,1,2,5,129.2117,35.8399,경북경주시,0,승합차자전거,0,1,0,100,0,0
2016-02-01,0,0,1,2,1,0,0,경기,동두천시,1,9,5,0,0,0,2,127.0453,37.899,경기동두천시,0,승용차승용차,0,0,0,94,0,0
2016-01-30,1,5,1,1,0,0,0,강원,원주시,1,10,0,1,2,4,1,127.9348,37.3523,강원원주시,0,이륜차없음,0,1,0,36,0,0
2016-01-18,1,0,1,7,1,5,0,경남,밀양시,1,7,3,0,0,1,2,128.7754,35.4796,경남밀양시,1,화물차승용차,0,0,0,177,0,0
2016-02-22,0,0,1,4,3,0,0,강원,평창군,1,5,0,0,0,0,2,128.5317,37.6452,강원평창군,1,승용차승용차,0,0,0,24,0,0
2016-12-09,0,4,1,8,2,5,0,경기,여주시,1,7,3,0,0,1,3,127.5871,37.2442,경기여주시,2,화물차화물차,0,0,0,22,0,0
2016-09-12,0,0,2,4,2,0,0,경기,광주시,1,1,0,0,0,0,2,127.2981,37.4249,경기광주시,1,승용차승용차,0,0,0,9,0,0
2016-01-11,1,0,1,1,0,0,0,경북,경주시,1,5,0,0,0,5,2,129.1971,35.763,경북경주시,0,특수차승용차,0,0,0,100,0,0
2016-02-01,1,0,1,2,0,1,0,경북,군위군,1,5,0,0,0,1,3,128.5581,36.2384,경북군위군,0,화물차화물차,0,0,0,170,0,0
2016-04-20,0,2,1,3,2,0,0,전남,장성군,1,1,0,0,0,0,1,126.8137,35.3441,전남장성군,1,승용차없음,0,0,0,146,0,0
2016-01-04,1,0,1,1,0,0,0,경남,창원시(통합),1,6,0,0,0,7,1,128.6909,35.1599,경남창원시(통합),0,자전거없음,0,0,0,86,0,0
2016-01-09,1,5,1,2,1,0,0,경남,함양군,1,10,0,2,4,1,1,127.6384,35.3668,경남함양군,0,화물차없음,0,1,0,108,0,0
2016-01-07,0,3,1,2,0,1,0,부산,수영구,1,9,5,0,0,6,2,129.1091,35.1432,부산수영구,0,원동기장치자전거승용차,0,0,0,45,0,0
2016-01-05,0,1,1,4,3,0,0,경기,고양시,1,7,5,0,0,0,2,126.8788,37.6317,경기고양시,1,승용차승용차,0,0,0,40,0,0
2016-01-16,0,5,1,1,0,0,0,서울,동대문구,1,5,0,0,0,4,3,127.0703,37.607,서울동대문구,0,이륜차화물차,0,1,0,201,0,0
2016-01-16,1,5,1,1,0,0,0,경남,창원시(통합),1,9,0,1,2,0,5,128.6893,35.2222,경남창원시(통합),0,승용차자전거,0,1,0,86,0,0
2016-01-19,0,1,1,3,2,0,0,충남,당진시,1,9,5,0,0,1,2,126.6824,36.9442,충남당진시,1,화물차승용차,0,0,0,46,0,0
2016-09-08,1,3,1,4,0,3,0,경북,구미시,1,5,0,0,0,1,3,128.3579,36.1188,경북구미시,1,화물차화물차,0,0,0,144,0,0
2016-01-08,0,4,1,2,1,0,0,경북,경주시,1,1,2,0,0,0,2,129.2513,35.9847,경북경주시,0,승용차승용차,0,0,0,100,0,0
2016-01-13,1,2,1,1,0,0,0,경기,수원시,1,5,0,0,0,1,3,126.9506,37.2896,경기수원시,0,화물차화물차,0,0,0,99,0,0
2016-10-24,1,0,1,14,1,12,0,경기,용인시,1,7,0,0,0,2,6,127.1039,37.266,경기용인시,2,승합차승합차,0,0,0,51,0,0
2016-05-13,0,4,1,3,0,2,0,충북,충주시,1,5,3,0,0,1,3,127.8459,37.0138,충북충주시,0,화물차화물차,0,0,0,6,0,0
2016-01-31,1,6,1,3,2,0,0,경북,경주시,1,1,0,0,0,2,2,129.2208,35.9878,경북경주시,1,승합차승용차,0,1,0,100,0,0
2016-01-31,0,6,1,2,1,0,0,경기,양주시,1,9,5,0,0,0,3,126.9651,37.7122,경기양주시,0,승용차화물차,0,1,0,59,0,0