발생년월일,주야,요일,사망자수,사상자수,중상자수,경상자수,부상신고자수,발생지시도,발생지시군구,사고유형_대분류,사고유형_중분류,법규위반,도로형태_대분류,도로형태,당사자종별_1당_대분류,당사자종별_2당_대분류,경도,위도,발생지,사고피해정도,사고차량타입,도시여부,주말/공휴일,인구수,발생지번호,보행자의위치,무단횡단여부
2016-01-31,0,6,1,1,0,0,0,충북,청주시,1,9,7,1,1,1,4,127.4654,36.6601,충북청주시,0,화물차이륜차,0,1,0,83,0,0
2016-01-31,0,6,1,2,1,0,0,세종,세종,1,10,0,0,0,6,1,127.2784,36.5021,세종세종,0,원동기장치자전거없음,1,1,0,229,0,0
2016-02-06,0,5,1,2,1,0,0,부산,사하구,1,5,0,0,0,1,3,128.9908,35.0641,부산사하구,0,화물차화물차,0,1,0,25,0,0
2016-02-05,1,4,1,2,1,0,0,대구,달성군,1,5,0,1,2,1,9,128.4173,35.6614,대구달성군,0,화물차건설기계,0,0,0,30,0,0
2016-02-04,1,3,1,1,0,0,0,경기,양주시,1,11,0,0,0,0,1,126.9572,37.8179,경기양주시,0,승용차없음,0,0,0,59,0,0
2016-02-04,0,3,1,1,0,0,0,서울,마포구,1,1,0,1,2,6,1,126.9127,37.564,서울마포구,0,원동기장치자전거없음,0,0,0,159,0,0
2016-02-26,0,4,1,8,1,5,1,충남,서천군,1,7,0,0,0,0,3,126.6002,36.1702,충남서천군,1,승용차화물차,0,0,0,10,0,0
2016-01-23,0,5,1,1,0,0,0,충남,당진시,1,6,0,0,0,0,1,126.624,36.8548,충남당진시,0,승용차없음,0,1,0,46,0,0
2016-01-09,0,5,1,1,0,0,0,대구,달성군,1,10,0,0,0,4,1,128.4989,35.8091,대구달성군,0,이륜차없음,0,1,0,30,0,0
2016-01-06,0,2,1,3,1,1,0,인천,연수구,1,7,5,1,1,0,2,126.6392,37.4019,인천연수구,0,승용차승용차,0,0,0,35,0,0
2016-01-13,1,2,1,1,0,0,0,충남,예산군,1,7,7,1,1,4,2,126.8357,36.694,충남예산군,0,이륜차승용차,0,0,0,187,0,0
2016-01-12,1,1,1,1,0,0,0,전남,진도군,1,1,0,0,0,1,4,126.3314,34.4415,전남진도군,0,화물차이륜차,0,0,0,71,0,0
2016-01-10,0,6,1,1,0,0,0,충남,천안시,1,7,0,0,0,0,2,127.2377,36.786,충남천안시,0,승용차승용차,0,1,0,63,0,0
2016-07-14,0,3,1,1,0,0,0,경기,의정부시,1,10,0,0,0,0,1,127.044,37.7019,경기의정부시,0,승용차없음,0,0,0,64,0,0
2016-06-19,0,6,1,3,1,1,0,경북,예천군,1,5,0,0,0,0,3,128.555,36.6919,경북예천군,0,승용차화물차,0,1,0,55,0,0
2016-07-04,1,0,1,1,0,0,0,경북,예천군,1,10,0,0,0,0,1,128.5755,36.7265,경북예천군,0,승용차없음,0,0,0,55,0,0
2016-07-01,1,4,1,1,0,0,0,전북,남원시,1,6,0,0,0,0,1,127.3762,35.3174,전북남원시,0,승용차없음,0,0,0,193,0,0
2016-02-02,1,1,1,2,0,1,0,경북,상주시,1,5,0,0,0,1,9,128.201,36.4789,경북상주시,0,화물차건설기계,0,0,0,58,0,0
2016-05-07,1,5,1,4,2,1,0,경남,김해시,1,1,2,0,0,1,2,128.9822,35.2661,경남김해시,1,화물차승용차,0,1,0,13,0,0
2016-03-23,0,2,1,2,1,0,0,경북,군위군,1,5,0,0,0,1,3,128.5746,36.264,경북군위군,0,화물차화물차,0,0,0,170,0,0
2016-12-03,1,5,1,1,0,0,0,경기,하남시,1,10,0,0,0,0,1,127.1557,37.5131,경기하남시,0,승용차없음,0,1,0,67,0,0
2016-12-27,1,1,1,1,0,0,0,경북,경산시,1,6,0,0,0,1,1,128.7946,35.9538,경북경산시,0,화물차없음,0,0,0,52,0,0
2016-11-26,0,5,1,1,0,0,0,경기,광주시,1,10,0,0,0,5,1,127.25,37.4638,경기광주시,0,특수차없음,0,1,0,9,0,0
2016-01-19,1,1,1,1,0,0,0,경기,양평군,1,10,0,0,0,0,1,127.3964,37.4886,경기양평군,0,승용차없음,0,0,0,48,0,0
2016-01-19,1,1,1,1,0,0,0,충북,청주시,1,10,0,0,0,0,1,127.5144,36.6579,충북청주시,0,승용차없음,0,0,0,83,0,0
2016-01-23,0,5,1,2,0,1,0,충남,보령시,1,9,5,0,0,0,3,126.5729,36.3519,충남보령시,0,승용차화물차,0,1,0,136,0,0
2016-01-29,0,4,1,1,0,0,0,강원,동해시,1,10,0,0,0,0,1,129.0802,37.5978,강원동해시,0,승용차없음,0,0,0,210,0,0
2016-01-30,0,5,1,6,5,0,0,서울,영등포구,1,7,2,0,0,0,3,126.8881,37.5423,서울영등포구,1,승용차화물차,0,1,0,150,0,0
2016-01-28,1,3,1,1,0,0,0,대전,서구,1,5,0,1,1,1,7,127.3683,36.3622,대전서구,0,화물차원동기장치자전거,0,0,0,4,0,0
2016-02-03,0,2,1,2,0,1,0,경남,진주시,1,10,0,0,0,0,1,127.9936,35.2627,경남진주시,0,승용차없음,0,0,0,42,0,0
2016-02-07,1,6,2,13,4,7,0,경기,평택시,1,7,6,1,1,2,3,127.0634,37.0926,경기평택시,2,승합차화물차,0,1,0,14,0,0
2016-01-31,0,6,1,1,0,0,0,경북,봉화군,1,6,0,0,0,1,1,128.8777,36.9116,경북봉화군,0,화물차없음,0,1,0,149,0,0
2016-01-21,0,3,1,2,1,0,0,경기,안성시,1,5,0,0,0,1,3,127.1892,36.9345,경기안성시,0,화물차화물차,0,0,0,23,0,0
2016-12-15,0,3,1,2,0,0,1,인천,남구,1,5,0,0,0,1,9,126.6321,37.4464,인천남동구,0,화물차건설기계,0,0,0,29,0,0
2016-12-26,0,0,1,2,0,1,0,경남,산청군,1,1,0,0,0,0,3,127.8602,35.4223,경남산청군,0,승용차화물차,0,0,0,224,0,0
2016-12-09,1,4,2,4,2,0,0,충남,보령시,1,5,0,0,0,0,3,126.5875,36.452,충남보령시,1,승용차화물차,0,0,0,136,0,0
2016-10-27,0,3,2,3,0,1,0,경남,김해시,1,1,0,0,0,1,3,128.8012,35.2205,경남김해시,1,화물차화물차,0,0,0,13,0,0
2016-03-30,1,2,1,1,0,0,0,전남,무안군,1,5,0,0,0,1,11,126.4993,34.9039,전남무안군,0,화물차특수차,0,0,0,101,0,0
2016-01-16,0,5,2,2,0,0,0,대구,수성구,1,10,0,1,2,6,1,128.6338,35.8285,대구수성구,0,원동기장치자전거없음,0,1,0,37,0,0
2016-01-22,1,4,1,4,3,0,0,전남,진도군,1,9,5,0,0,0,2,126.2717,34.4686,전남진도군,1,승용차승용차,0,0,0,71,0,0
2016-01-19,1,1,1,17,2,13,1,전북,전주시,1,5,0,2,4,0,3,127.0624,35.8738,전북전주시,2,승용차화물차,0,0,0,11,0,0
2016-01-22,1,4,1,1,0,0,0,경남,김해시,1,10,0,0,0,6,1,128.7924,35.2914,경남김해시,0,원동기장치자전거없음,0,0,0,13,0,0
2016-01-27,1,2,1,1,0,0,0,경기,남양주시,1,10,0,0,0,0,1,127.2509,37.6486,경기남양주시,0,승용차없음,0,0,0,70,0,0
2016-02-03,0,2,1,1,0,0,0,경기,수원시,1,5,0,0,0,1,3,126.9821,37.3205,경기수원시,0,화물차화물차,0,0,0,99,0,0
2016-01-30,1,5,1,4,2,1,0,충북,옥천군,1,5,0,0,0,1,2,127.5189,36.3472,충북옥천군,1,화물차승용차,0,1,0,142,0,0
2016-02-23,0,1,3,3,0,0,0,전북,전주시,1,7,4,0,0,1,2,127.1921,35.8232,전북전주시,1,화물차승용차,0,0,0,11,0,0
2016-05-26,0,3,1,2,0,1,0,경남,창녕군,1,5,0,0,0,1,3,128.4719,35.557,경남창녕군,0,화물차화물차,0,0,0,211,0,0
2016-05-12,1,3,1,3,1,1,0,경북,칠곡군,1,5,0,0,0,1,2,128.5322,36.0263,경북칠곡군,0,화물차승용차,0,0,0,21,0,0
2016-01-30,1,5,2,3,0,1,0,충북,충주시,1,5,3,2,4,1,3,127.7197,37.0878,충북충주시,1,화물차화물차,0,1,0,6,0,0
2016-02-21,0,6,1,1,0,0,0,충남,천안시,1,1,0,0,0,0,2,127.2046,36.7662,충남천안시,0,승용차승용차,0,1,0,63,0,0
2016-04-20,0,2,1,1,0,0,0,전북,정읍시,1,6,0,0,0,0,1,126.8943,35.6297,전북정읍시,0,승용차없음,0,0,0,12,0,0
2016-04-25,1,0,1,2,1,0,0,경남,진주시,1,10,0,0,0,0,1,128.258,35.2085,경남진주시,0,승용차없음,0,0,0,42,0,0
2016-08-16,0,1,1,2,0,1,0,경남,창녕군,1,1,0,0,0,1,3,128.4558,35.6082,경남창녕군,0,화물차화물차,0,0,0,211,0,0
2016-01-02,0,5,1,2,1,0,0,제주,제주시,1,6,0,0,0,0,1,126.3248,33.4618,제주제주시,0,승용차없음,0,1,0,90,0,0
2016-01-07,0,3,1,1,0,0,0,전남,영광군,1,5,0,0,0,0,7,126.5087,35.2763,전남영광군,0,승용차원동기장치자전거,0,0,0,127,0,0
2016-01-06,1,2,1,1,0,0,0,광주,서구,1,10,0,0,0,4,1,126.8631,35.1237,광주서구,0,이륜차없음,0,0,0,222,0,0
2016-01-12,0,1,1,6,2,3,0,경남,창원시(통합),1,5,0,0,0,0,4,128.5869,35.2123,경남창원시(통합),1,승용차이륜차,0,0,0,86,0,0
2016-01-12,0,1,1,4,3,0,0,전남,광양시,1,5,0,0,0,6,6,127.5826,34.9769,전남광양시,1,원동기장치자전거승합차,0,0,0,130,0,0
2016-01-10,0,6,1,1,0,0,0,전북,완주군,1,10,0,0,0,6,1,127.034,35.8327,전북완주군,0,원동기장치자전거없음,0,1,0,28,0,0
2016-01-17,0,6,2,2,0,0,0,제주,서귀포시,1,5,0,0,0,0,7,126.7825,33.4029,제주서귀포시,0,승용차원동기장치자전거,0,1,0,62,0,0
2016-01-17,0,6,1,2,0,1,0,경북,경주시,1,1,0,0,0,0,5,129.2719,35.9851,경북경주시,0,승용차자전거,0,1,0,100,0,0
2016-01-22,1,4,1,1,0,0,0,강원,고성군,1,10,0,0,0,0,1,128.5217,38.2868,강원고성군,0,승용차없음,0,0,0,217,0,0
2016-07-18,0,0,1,2,1,0,0,충남,서천군,1,7,0,0,0,0,9,126.6166,36.1531,충남서천군,0,승용차건설기계,0,0,0,10,0,0
2016-01-05,1,1,1,1,0,0,0,전남,무안군,1,11,0,0,0,0,1,126.3035,35.0919,전남무안군,0,승용차없음,0,0,0,101,0,0
2016-01-13,0,2,1,1,0,0,0,경기,파주시,1,6,0,0,0,6,1,126.7348,37.7348,경기파주시,0,원동기장치자전거없음,0,0,0,175,0,0
2016-01-16,0,5,1,1,0,0,0,충북,제천시,1,7,6,1,1,1,3,128.175,37.1581,충북제천시,0,화물차화물차,0,1,0,103,0,0
2016-01-15,0,4,2,3,1,0,0,경기,고양시,1,1,5,0,0,0,2,126.8435,37.6096,경기고양시,1,승용차승용차,0,0,0,40,0,0
2016-01-15,0,4,1,1,0,0,0,경북,성주군,1,6,0,0,0,0,1,128.2684,35.9717,경북성주군,0,승용차없음,0,0,0,168,0,0
2016-01-13,0,2,1,2,0,1,0,전북,군산시,1,9,5,0,0,0,3,126.7528,36.0146,전북군산시,0,승용차화물차,0,0,0,166,0,0
2016-01-20,1,2,1,5,0,4,0,충북,청주시,1,5,0,1,2,1,3,127.5117,36.6622,충북청주시,1,화물차화물차,0,0,0,83,0,0
2016-01-20,0,2,2,3,0,1,0,경북,포항시,1,5,0,0,0,0,3,129.3803,35.998,경북포항시,1,승용차화물차,0,0,0,160,0,0
2016-01-26,1,1,1,1,0,0,0,경남,진주시,1,7,6,1,1,0,7,128.0802,35.1836,경남진주시,0,승용차원동기장치자전거,0,0,0,42,0,0
2016-01-25,0,0,1,1,0,0,0,경남,김해시,1,7,0,1,1,1,2,128.7265,35.3068,경남김해시,0,화물차승용차,0,0,0,13,0,0
2016-01-26,0,1,1,1,0,0,0,경기,군포시,1,5,0,1,2,4,11,126.935,37.3361,경기군포시,0,이륜차특수차,0,0,0,126,0,0
2016-01-29,0,4,1,1,0,0,0,대전,유성구,1,1,5,0,0,0,3,127.3905,36.4368,대전유성구,0,승용차화물차,0,0,0,148,0,0
2016-02-11,1,3,1,1,0,0,0,전남,강진군,1,1,0,0,0,6,1,126.8168,34.6466,전남강진군,0,원동기장치자전거없음,0,0,0,121,0,0
2016-06-20,0,0,1,3,2,0,0,경기,양주시,1,5,0,0,0,1,3,126.9578,37.7018,경기양주시,1,화물차화물차,0,0,0,59,0,0
2016-05-17,0,1,1,1,0,0,0,경남,사천시,1,5,0,0,0,1,3,127.9534,35.0526,경남사천시,0,화물차화물차,0,0,0,57,0,0
2016-05-18,1,2,1,1,0,0,0,경기,성남시,1,1,0,0,0,1,3,127.0986,37.4069,경기성남시,0,화물차화물차,0,0,0,95,0,0
2016-10-24,1,0,1,1,0,0,0,경북,김천시,1,5,0,0,0,1,3,128.0024,36.1953,경북김천시,0,화물차화물차,0,0,0,76,0,0
2016-10-15,0,5,1,1,0,0,0,충남,천안시,1,6,4,0,0,4,1,127.1734,36.7628,충남천안시,0,이륜차없음,0,1,0,63,0,0
2016-07-17,1,6,4,43,13,26,0,강원,평창군,1,5,0,0,0,2,2,128.3935,37.5736,강원평창군,2,승합차승용차,0,1,0,24,0,0
2016-01-07,1,3,2,11,2,3,4,인천,중구,1,5,0,0,0,2,2,126.5338,37.5155,인천중구,2,승합차승용차,0,0,0,72,0,0
2016-04-15,1,4,1,6,1,4,0,충남,천안시,1,7,0,0,0,1,2,127.117,36.6807,충남천안시,1,화물차승용차,0,0,0,63,0,0
2016-01-25,0,0,1,1,0,0,0,경남,창원시(통합),1,6,0,0,0,1,1,128.7034,35.2864,경남창원시(통합),0,화물차없음,0,0,0,86,0,0
2016-10-15,1,5,1,3,2,0,0,경북,성주군,1,10,0,0,0,0,1,128.2908,35.8995,경북성주군,1,승용차없음,0,1,0,168,0,0
2016-11-11,0,4,1,1,0,0,0,경기,평택시,1,1,0,0,0,6,2,126.9897,37.0148,경기평택시,0,원동기장치자전거승용차,0,0,0,14,0,0
2016-01-10,0,6,1,1,0,0,0,전북,전주시,1,7,0,1,1,0,5,127.1104,35.8508,전북전주시,0,승용차자전거,0,1,0,11,0,0
2016-01-08,1,4,1,2,0,1,0,충남,당진시,1,9,5,0,0,0,3,126.6456,36.9107,충남당진시,0,승용차화물차,0,0,0,46,0,0
2016-01-06,0,2,1,1,0,0,0,충남,천안시,1,5,0,0,0,1,3,127.153,36.8575,충남천안시,0,화물차화물차,0,0,0,63,0,0
2016-01-07,0,3,1,4,1,2,0,전북,전주시,1,7,0,1,1,0,2,127.106,35.8136,전북전주시,1,승용차승용차,0,0,0,11,0,0
2016-01-10,1,6,1,1,0,0,0,인천,서구,1,6,0,1,2,0,1,126.6615,37.5033,인천서구,0,승용차없음,0,1,0,97,0,0
2016-01-10,1,6,1,1,0,0,0,경북,문경시,1,7,0,0,0,6,2,128.0776,36.759,경북문경시,0,원동기장치자전거승용차,0,1,0,74,0,0
2016-01-17,0,6,1,5,4,0,0,전남,광양시,1,9,5,1,2,2,2,127.7044,34.9295,전남광양시,1,승합차승용차,0,1,0,130,0,0
2016-01-14,0,3,1,1,0,0,0,충북,괴산군,1,6,0,0,0,0,1,127.714,36.6671,충북괴산군,0,승용차없음,0,0,0,179,0,0
2016-01-20,0,2,1,1,0,0,0,경기,고양시,1,9,5,1,2,0,7,126.8973,37.706,경기고양시,0,승용차원동기장치자전거,0,0,0,40,0,0
2016-01-21,0,3,1,1,0,0,0,인천,서구,1,6,0,0,0,0,1,126.6565,37.5528,인천서구,0,승용차없음,0,0,0,97,0,0
2016-10-03,1,0,1,2,1,0,0,전남,순천시,1,5,0,0,0,1,7,127.4132,34.8651,전남순천시,0,화물차원동기장치자전거,0,1,0,27,0,0
2016-11-05,0,5,1,1,0,0,0,경기,용인시,1,9,6,1,1,0,4,127.2128,37.2625,경기용인시,0,승용차이륜차,0,1,0,51,0,0
2016-11-08,0,1,1,1,0,0,0,전남,구례군,1,9,5,0,0,6,2,127.4772,35.2107,전남구례군,0,원동기장치자전거승용차,0,0,0,161,0,0
2016-11-07,1,0,1,1,0,0,0,경남,밀양시,1,11,0,0,0,1,1,128.7983,35.4931,경남밀양시,0,화물차없음,0,0,0,177,0,0
2016-11-17,0,3,2,2,0,0,0,경기,시흥시,1,7,6,1,1,4,2,126.742,37.3433,경기시흥시,0,이륜차승용차,0,0,0,73,0,0
2016-11-13,0,6,1,1,0,0,0,경기,부천시,1,7,6,1,1,4,2,126.7623,37.521,경기부천시,0,이륜차승용차,0,1,0,65,0,0
2016-11-15,1,1,1,1,0,0,0,전남,나주시,1,9,5,0,0,1,4,126.5874,34.9681,전남나주시,0,화물차이륜차,0,0,0,33,0,0
2016-11-26,0,5,1,1,0,0,0,전북,전주시,1,10,0,0,0,0,1,127.0949,35.8313,전북전주시,0,승용차없음,0,1,0,11,0,0
2016-11-23,0,2,1,1,0,0,0,충북,청주시,1,10,0,1,1,0,1,127.496,36.6161,충북청주시,0,승용차없음,0,0,0,83,0,0
2016-11-01,1,1,1,1,0,0,0,충남,금산군,1,1,0,0,0,6,1,127.4912,36.1007,충남금산군,0,원동기장치자전거없음,0,0,0,68,0,0
2016-10-29,1,5,1,1,0,0,0,충북,청주시,1,10,0,0,0,9,1,127.5739,36.6533,충북청주시,0,농기계없음,0,1,0,83,0,0
2016-11-03,0,3,1,2,0,1,0,전북,군산시,1,1,6,1,1,4,6,126.7157,35.964,전북군산시,0,이륜차승합차,0,0,0,166,0,0
2016-11-02,1,2,3,14,6,5,0,충남,보령시,1,9,6,1,1,0,6,126.5868,36.3403,충남보령시,2,승용차승합차,0,0,0,136,0,0
2016-12-09,1,4,1,3,2,0,0,전북,정읍시,1,5,0,1,2,1,9,126.8176,35.5864,전북정읍시,1,화물차건설기계,0,0,0,12,0,0
2016-12-07,0,2,1,1,0,0,0,경기,시흥시,1,6,0,1,2,4,1,126.7327,37.3491,경기시흥시,0,이륜차없음,0,0,0,73,0,0
2016-12-06,1,1,1,3,1,1,0,전북,남원시,1,9,5,0,0,0,3,127.3569,35.4048,전북남원시,0,승용차화물차,0,0,0,193,0,0
2016-12-17,0,5,1,1,0,0,0,경기,양평군,1,1,5,0,0,0,7,127.6055,37.487,경기양평군,0,승용차원동기장치자전거,0,1,0,48,0,0
2016-12-15,1,3,1,1,0,0,0,충남,예산군,1,5,0,0,0,4,2,126.6916,36.7284,충남예산군,0,이륜차승용차,0,0,0,187,0,0
2016-12-16,0,4,1,1,0,0,0,광주,광산구,1,1,0,0,0,2,2,126.8409,35.2052,광주광산구,0,승합차승용차,0,0,0,135,0,0
2016-12-13,0,1,1,1,0,0,0,강원,양양군,1,6,0,2,4,2,1,128.5886,38.0723,강원양양군,0,승합차없음,0,0,0,164,0,0
2016-12-16,1,4,1,1,0,0,0,부산,사하구,1,1,0,0,0,0,5,128.9568,35.0584,부산사하구,0,승용차자전거,0,0,0,25,0,0
2016-11-11,0,4,1,2,0,1,0,경기,용인시,1,5,0,0,0,0,9,127.1398,37.3284,경기용인시,0,승용차건설기계,0,0,0,51,0,0
2016-11-19,0,5,1,3,1,1,0,부산,기장군,1,7,6,1,1,0,2,129.1845,35.3169,부산기장군,0,승용차승용차,0,1,0,85,0,0
2016-11-17,1,3,1,2,0,1,0,경기,화성시,1,7,6,1,1,0,4,127.1074,37.2092,경기화성시,0,승용차이륜차,0,0,0,50,0,0
2016-12-17,1,5,1,1,0,0,0,대전,대덕구,1,1,6,1,1,7,2,127.4259,36.3846,대전대덕구,0,자전거승용차,0,1,0,77,0,0
2016-12-20,1,1,1,1,0,0,0,부산,진구,1,1,0,0,0,4,1,129.0516,35.167,부산진구,0,이륜차없음,0,0,0,231,0,0
2016-12-14,0,2,1,2,0,1,0,충남,예산군,1,1,0,0,0,1,2,126.8813,36.6058,충남예산군,0,화물차승용차,0,0,0,187,0,0
2016-12-13,1,1,1,1,0,0,0,경기,파주시,1,1,0,0,0,6,3,126.8783,37.7389,경기파주시,0,원동기장치자전거화물차,0,0,0,175,0,0
2016-10-02,1,6,1,2,1,0,0,경남,거제시,1,10,0,0,0,0,1,128.641,34.7749,경남거제시,0,승용차없음,0,1,0,15,0,0
2016-10-06,0,3,1,1,0,0,0,충남,아산시,1,10,2,2,4,0,1,126.9092,36.7918,충남아산시,0,승용차없음,0,0,0,53,0,0
2016-11-17,0,3,1,1,0,0,0,경남,김해시,1,10,0,0,0,4,1,128.8926,35.2275,경남김해시,0,이륜차없음,0,0,0,13,0,0
2016-11-18,0,4,1,3,1,1,0,부산,해운대구,1,5,6,1,1,0,2,129.1209,35.2134,부산해운대구,0,승용차승용차,0,0,0,1,0,0
2016-11-23,1,2,1,1,0,0,0,충남,서천군,1,7,8,1,1,7,2,126.6899,36.0103,충남서천군,0,자전거승용차,0,0,0,10,0,0
2016-11-20,1,6,1,1,0,0,0,경북,영주시,1,7,5,0,0,0,4,128.525,36.8817,경북영주시,0,승용차이륜차,0,1,0,113,0,0
2016-11-20,1,6,1,3,0,2,0,경기,성남시,1,10,0,0,0,0,1,127.1058,37.4111,경기성남시,0,승용차없음,0,1,0,95,0,0
2016-12-05,1,0,1,1,0,0,0,울산,중구,1,10,0,1,1,4,1,129.3033,35.5535,울산중구,0,이륜차없음,0,0,0,205,0,0
2016-12-05,0,0,1,1,0,0,0,경기,여주시,1,10,0,1,2,0,1,127.6189,37.4114,경기여주시,0,승용차없음,0,0,0,22,0,0
2016-12-10,1,5,1,2,0,1,0,경기,김포시,1,9,0,0,0,1,9,126.7259,37.6327,경기김포시,0,화물차건설기계,0,1,0,47,0,0
2016-12-15,1,3,1,4,0,3,0,광주,북구,1,5,0,0,0,0,3,126.8856,35.1728,광주북구,1,승용차화물차,0,0,0,137,0,0
2016-12-16,1,4,1,1,0,0,0,전북,고창군,1,7,0,1,2,3,5,126.6718,35.5131,전북고창군,0,건설기계자전거,0,0,0,219,0,0
2016-12-13,1,1,1,1,0,0,0,전남,영광군,1,10,0,0,0,4,1,126.5393,35.21,전남영광군,0,이륜차없음,0,0,0,127,0,0
2016-11-10,1,3,1,1,0,0,0,경남,거제시,1,10,0,0,0,3,1,128.5967,34.8405,경남거제시,0,건설기계없음,0,0,0,15,0,0
2016-11-07,0,0,1,2,0,1,0,광주,동구,1,7,6,1,1,2,7,126.9293,35.1494,광주동구,0,승합차원동기장치자전거,0,0,0,162,0,0
2016-11-05,1,5,1,2,1,0,0,전남,신안군,1,7,5,0,0,0,2,126.325,34.8607,전남신안군,0,승용차승용차,0,1,0,132,0,0
2016-11-05,1,5,1,1,0,0,0,서울,동대문구,1,10,0,0,0,4,1,127.0654,37.5912,서울동대문구,0,이륜차없음,0,1,0,201,0,0
2016-10-25,0,1,1,1,0,0,0,경기,김포시,1,1,0,0,0,1,1,126.7163,37.6139,경기김포시,0,화물차없음,0,0,0,47,0,0
2016-10-24,0,0,1,1,0,0,0,전북,전주시,1,1,6,1,1,2,5,127.1364,35.7969,전북전주시,0,승합차자전거,0,0,0,11,0,0
2016-10-06,0,3,1,2,0,1,0,서울,구로구,1,9,5,0,0,4,2,126.8293,37.4972,서울구로구,0,이륜차승용차,0,0,0,79,0,0
2016-10-02,0,6,1,2,1,0,0,강원,동해시,1,6,0,0,0,0,1,129.1256,37.5099,강원동해시,0,승용차없음,0,1,0,210,0,0
2016-09-18,1,6,1,3,2,0,0,서울,중구,1,7,3,1,2,0,2,126.9693,37.5595,서울중구,1,승용차승용차,0,1,0,8,0,0
2016-09-15,0,3,1,1,0,0,0,경북,청도군,1,6,0,0,0,0,1,128.5842,35.6533,경북청도군,0,승용차없음,0,1,0,3,0,0
2016-09-20,0,1,2,2,0,0,0,전북,완주군,1,5,0,1,1,0,3,127.0795,35.9194,전북완주군,0,승용차화물차,0,0,0,28,0,0
2016-09-29,0,3,1,1,0,0,0,충남,아산시,1,5,0,0,0,0,5,127.0147,36.7569,충남아산시,0,승용차자전거,0,0,0,53,0,0
2016-09-25,1,6,1,1,0,0,0,경기,여주시,1,10,0,0,0,4,1,127.6575,37.2892,경기여주시,0,이륜차없음,0,1,0,22,0,0
2016-09-23,0,4,1,1,0,0,0,대구,서구,1,6,0,0,0,4,1,128.5276,35.8655,대구서구,0,이륜차없음,0,0,0,107,0,0
2016-09-25,0,6,1,1,0,0,0,경남,창원시(통합),1,10,0,0,0,0,1,128.6679,35.2724,경남창원시(통합),0,승용차없음,0,1,0,86,0,0
2016-08-30,0,1,1,1,0,0,0,부산,중구,1,6,0,0,0,4,1,129.0322,35.1128,부산중구,0,이륜차없음,0,0,0,228,0,0
2016-09-03,0,5,1,1,0,0,0,경기,용인시,1,6,0,1,2,1,1,127.251,37.3471,경기용인시,0,화물차없음,0,1,0,51,0,0
2016-09-05,1,0,1,1,0,0,0,충남,서산시,1,10,0,0,0,4,1,126.3929,36.8119,충남서산시,0,이륜차없음,0,0,0,69,0,0
2016-08-30,1,1,1,1,0,0,0,충북,괴산군,1,7,0,0,0,4,3,127.6475,36.8138,충북괴산군,0,이륜차화물차,0,0,0,179,0,0
2016-10-14,0,4,1,2,1,0,0,전남,무안군,1,10,0,0,0,1,1,126.3332,35.0881,전남무안군,0,화물차없음,0,0,0,101,0,0
2016-10-08,1,5,1,5,3,1,0,경기,양평군,1,1,0,0,0,0,2,127.4438,37.5115,경기양평군,1,승용차승용차,0,1,0,48,0,0
2016-10-13,1,3,1,1,0,0,0,경기,평택시,1,5,0,0,0,0,2,127.0653,37.0753,경기평택시,0,승용차승용차,0,0,0,14,0,0
2016-10-19,0,2,1,1,0,0,0,경기,고양시,1,7,6,1,1,0,4,126.8759,37.5804,경기고양시,0,승용차이륜차,0,0,0,40,0,0
2016-10-25,0,1,1,2,1,0,0,충북,음성군,1,7,0,1,1,4,3,127.4651,36.9795,충북음성군,0,이륜차화물차,0,0,0,110,0,0
2016-10-21,0,4,1,3,1,1,0,전북,정읍시,1,5,0,0,0,1,8,126.8694,35.6849,전북정읍시,0,화물차농기계,0,0,0,12,0,0
2016-10-06,0,3,1,1,0,0,0,경북,울릉군,1,10,0,1,2,4,1,130.8608,37.5352,인천서구,0,이륜차없음,0,0,0,97,0,0
2016-09-14,0,2,1,1,0,0,0,대구,수성구,1,10,0,1,1,0,1,128.6271,35.8667,대구수성구,0,승용차없음,0,1,0,37,0,0
2016-09-14,0,2,1,1,0,0,0,제주,제주시,1,6,0,0,0,4,1,126.4572,33.4913,제주제주시,0,이륜차없음,0,1,0,90,0,0
2016-10-19,1,2,1,1,0,0,0,전남,여수시,1,10,0,0,0,9,1,127.5555,34.8094,전남여수시,0,농기계없음,0,0,0,102,0,0
2016-10-21,1,4,1,1,0,0,0,경남,창원시(통합),1,10,0,0,0,0,1,128.735,35.1225,경남창원시(통합),0,승용차없음,0,0,0,86,0,0
2016-10-19,1,2,1,2,1,0,0,충북,청주시,1,7,5,0,0,1,2,127.4935,36.6662,충북청주시,0,화물차승용차,0,0,0,83,0,0
2016-10-14,0,4,1,4,0,3,0,경기,김포시,1,1,0,0,0,0,7,126.7904,37.5884,경기김포시,1,승용차원동기장치자전거,0,0,0,47,0,0
2016-10-22,1,5,1,2,0,1,0,경기,광명시,1,7,6,1,1,0,7,126.8896,37.4506,경기광명시,0,승용차원동기장치자전거,0,1,0,81,0,0
2016-10-05,1,2,1,2,1,0,0,충북,진천군,1,9,5,1,2,6,3,127.4937,36.9002,충북진천군,0,원동기장치자전거화물차,0,0,0,60,0,0
2016-10-06,1,3,1,1,0,0,0,강원,속초시,1,7,0,1,1,7,2,128.5862,38.2082,강원속초시,0,자전거승용차,0,0,0,104,0,0