발생년월일,주야,요일,사망자수,사상자수,중상자수,경상자수,부상신고자수,발생지시도,발생지시군구,사고유형_대분류,사고유형_중분류,법규위반,도로형태_대분류,도로형태,당사자종별_1당_대분류,당사자종별_2당_대분류,경도,위도,발생지,사고피해정도,사고차량타입,도시여부,주말/공휴일,인구수,발생지번호,보행자의위치,무단횡단여부
2016-10-02,1,6,1,1,0,0,0,광주,동구,1,1,6,1,1,6,2,126.9424,35.0919,광주동구,0,원동기장치자전거승용차,0,1,0,162,0,0
2016-10-03,0,0,1,1,0,0,0,서울,은평구,1,7,0,1,1,7,3,126.9161,37.6092,서울은평구,0,자전거화물차,0,1,0,139,0,0
2016-10-05,0,2,1,2,0,1,0,경남,거제시,1,7,6,1,1,0,4,128.6421,34.8963,경남거제시,0,승용차이륜차,0,0,0,15,0,0
2016-09-30,0,4,1,1,0,0,0,인천,남동구,1,5,0,0,0,0,2,126.7149,37.4304,인천남동구,0,승용차승용차,0,0,0,29,0,0
2016-10-01,0,5,1,1,0,0,0,대전,중구,1,7,0,1,2,0,5,127.4097,36.3474,대전중구,0,승용차자전거,0,1,0,39,0,0
2016-10-04,0,1,1,1,0,0,0,경북,경산시,1,10,0,0,0,4,1,128.8671,35.7637,경북경산시,0,이륜차없음,0,0,0,52,0,0
2016-09-16,1,4,1,3,0,2,0,부산,동래구,1,10,0,0,0,4,1,129.0829,35.2119,부산동래구,0,이륜차없음,0,1,0,216,0,0
2016-09-26,1,0,1,2,1,0,0,제주,서귀포시,1,9,5,0,0,0,3,126.4091,33.2953,제주서귀포시,0,승용차화물차,0,0,0,62,0,0
2016-09-29,1,3,1,1,0,0,0,충남,청양군,1,7,8,1,1,1,5,126.953,36.3511,충남청양군,0,화물차자전거,0,0,0,174,0,0
2016-09-02,1,4,1,1,0,0,0,경기,성남시,1,9,0,0,0,0,2,127.1445,37.3748,경기성남시,0,승용차승용차,0,0,0,95,0,0
2016-09-02,0,4,1,1,0,0,0,경북,예천군,1,6,0,0,0,2,1,128.2891,36.5996,경북예천군,0,승합차없음,0,0,0,55,0,0
2016-08-30,1,1,1,1,0,0,0,충남,천안시,1,7,0,1,2,1,5,127.1234,36.878,충남천안시,0,화물차자전거,0,0,0,63,0,0
2016-09-03,1,5,1,1,0,0,0,강원,평창군,1,10,0,0,0,4,1,128.3892,37.3126,강원평창군,0,이륜차없음,0,1,0,24,0,0
2016-09-16,0,4,1,1,0,0,0,서울,동작구,1,1,9,1,1,7,2,126.9255,37.5126,서울동작구,0,자전거승용차,0,1,0,93,0,0
2016-12-19,1,0,1,2,0,0,1,서울,송파구,1,9,6,1,1,1,4,127.128,37.502,서울송파구,0,화물차이륜차,0,0,0,156,0,0
2016-12-16,0,4,1,3,1,1,0,경남,창원시(통합),1,7,0,0,0,4,4,128.6787,35.2433,경남창원시(통합),0,이륜차이륜차,0,0,0,86,0,0
2016-10-25,1,1,2,3,0,1,0,경기,여주시,1,9,0,1,1,0,2,127.5737,37.2341,경기여주시,1,승용차승용차,0,0,0,22,0,0
2016-08-15,0,0,1,2,0,1,0,제주,제주시,1,7,8,1,1,0,2,126.4564,33.493,제주제주시,0,승용차승용차,0,1,0,90,0,0
2016-03-30,1,2,1,1,0,0,0,경북,구미시,1,10,0,0,0,4,1,128.3551,36.1011,경북구미시,0,이륜차없음,0,0,0,144,0,0
2016-07-16,1,5,1,1,0,0,0,경기,부천시,1,7,0,1,1,0,4,126.7823,37.5266,경기부천시,0,승용차이륜차,0,1,0,65,0,0
2016-08-23,0,1,1,1,0,0,0,충남,천안시,1,5,0,0,0,0,3,127.2328,36.9239,충남천안시,0,승용차화물차,0,0,0,63,0,0
2016-08-27,0,5,1,2,0,1,0,강원,춘천시,1,6,0,0,0,0,1,127.7319,37.8707,강원춘천시,0,승용차없음,0,1,0,111,0,0
2016-08-25,0,3,1,1,0,0,0,경기,의정부시,1,7,0,1,2,4,2,127.0416,37.733,경기의정부시,0,이륜차승용차,0,0,0,64,0,0
2016-09-07,0,2,1,2,0,1,0,충남,천안시,1,6,0,0,0,0,1,127.2642,36.7565,충남천안시,0,승용차없음,0,0,0,63,0,0
2016-10-06,0,3,1,2,1,0,0,충북,청주시,1,7,2,1,1,0,3,127.3535,36.6451,충북청주시,0,승용차화물차,0,0,0,83,0,0
2016-10-22,0,5,1,1,0,0,0,경기,양주시,1,10,0,0,0,4,1,127.0567,37.7796,경기양주시,0,이륜차없음,0,1,0,59,0,0
2016-05-10,1,1,1,2,1,0,0,경남,사천시,1,10,0,0,0,0,1,128.0815,35.0748,경남사천시,0,승용차없음,0,0,0,57,0,0
2016-09-29,1,3,1,1,0,0,0,경북,구미시,1,7,6,1,2,0,5,128.4127,36.1371,경북구미시,0,승용차자전거,0,0,0,144,0,0
2016-07-28,0,3,1,1,0,0,0,경기,용인시,1,6,0,0,0,0,1,127.0585,37.3277,경기용인시,0,승용차없음,0,0,0,51,0,0
2016-08-16,0,1,1,1,0,0,0,경기,용인시,1,1,0,0,0,0,2,127.1066,37.2298,경기용인시,0,승용차승용차,0,0,0,51,0,0
2016-09-03,0,5,2,3,1,0,0,경북,포항시,1,5,0,0,0,0,2,129.1364,36.058,경북포항시,1,승용차승용차,0,1,0,160,0,0
2016-01-02,0,5,1,1,0,0,0,경남,거제시,1,9,5,0,0,1,6,128.6097,34.8878,경남거제시,0,화물차승합차,0,1,0,15,0,0
2016-01-02,1,5,1,1,0,0,0,서울,강서구,1,7,6,1,1,4,6,126.8445,37.558,서울강서구,0,이륜차승합차,0,1,0,43,0,0
2016-01-09,0,5,1,1,0,0,0,강원,원주시,1,6,0,0,0,2,1,127.9767,37.3093,강원원주시,0,승합차없음,0,1,0,36,0,0
2016-01-07,0,3,1,1,0,0,0,서울,양천구,1,7,6,1,2,7,5,126.8699,37.5267,서울양천구,0,자전거자전거,0,0,0,140,0,0
2016-05-19,1,3,2,6,2,2,0,인천,부평구,1,5,0,0,0,2,3,126.7241,37.5239,인천부평구,1,승합차화물차,0,0,0,44,0,0
2016-12-03,0,5,1,3,1,1,0,경북,김천시,1,5,0,0,0,1,3,128.0858,36.1343,경북김천시,0,화물차화물차,0,1,0,76,0,0
2016-11-27,1,6,1,2,0,0,1,서울,서초구,1,5,0,0,0,0,3,127.0468,37.4565,서울서초구,0,승용차화물차,0,1,0,214,0,0
2016-09-03,0,5,5,5,0,0,0,대구,달성군,1,10,2,0,0,0,1,128.4367,35.7189,대구달성군,2,승용차없음,0,1,0,30,0,0
2016-10-13,0,3,1,1,0,0,0,경북,경산시,1,10,0,0,0,0,1,128.8257,35.9635,경북경산시,0,승용차없음,0,0,0,52,0,0
2016-10-10,1,0,1,3,1,1,0,인천,중구,1,5,0,1,2,1,2,126.6304,37.4689,인천중구,0,화물차승용차,0,0,0,72,0,0
2016-10-10,1,0,1,1,0,0,0,경기,여주시,1,7,0,0,0,0,8,127.6286,37.3343,경기여주시,0,승용차농기계,0,0,0,22,0,0
2016-10-20,1,3,2,5,3,0,0,경기,안성시,1,5,0,0,0,0,3,127.2012,37.0515,경기안성시,1,승용차화물차,0,0,0,23,0,0
2016-10-06,0,3,1,1,0,0,0,충남,공주시,1,6,0,0,0,1,1,127.1187,36.5426,충남공주시,0,화물차없음,0,0,0,19,0,0
2016-10-01,1,5,1,1,0,0,0,부산,사하구,1,7,0,2,4,0,4,128.9608,35.1021,부산사하구,0,승용차이륜차,0,1,0,25,0,0
2016-10-07,1,4,1,1,0,0,0,부산,진구,1,7,0,0,0,1,5,129.0702,35.1748,부산진구,0,화물차자전거,0,0,0,231,0,0
2016-09-30,1,4,1,2,0,0,1,경북,경주시,1,9,5,0,0,0,3,129.1172,35.9883,경북경주시,0,승용차화물차,0,0,0,100,0,0
2016-09-30,1,4,1,1,0,0,0,경기,부천시,1,7,5,0,0,7,6,126.7755,37.4912,경기부천시,0,자전거승합차,0,0,0,65,0,0
2016-10-01,1,5,1,1,0,0,0,경북,칠곡군,1,1,0,0,0,7,1,128.4956,35.9028,경북칠곡군,0,자전거없음,0,1,0,21,0,0
2016-10-01,0,5,1,1,0,0,0,경남,창원시(통합),1,9,5,0,0,0,7,128.6988,35.1274,경남창원시(통합),0,승용차원동기장치자전거,0,1,0,86,0,0
2016-09-24,0,5,1,1,0,0,0,서울,마포구,1,9,6,1,1,0,4,126.9419,37.5479,서울마포구,0,승용차이륜차,0,1,0,159,0,0
2016-09-04,1,6,1,1,0,0,0,전북,익산시,1,10,0,0,0,4,1,127.0889,36.0708,전북익산시,0,이륜차없음,0,1,0,125,0,0
2016-12-21,0,2,1,1,0,0,0,광주,서구,1,1,0,0,0,2,1,126.8753,35.1363,광주서구,0,승합차없음,0,0,0,222,0,0
2016-12-24,1,5,1,6,0,4,1,경기,가평군,1,9,5,0,0,1,6,127.4686,37.6794,경기가평군,1,화물차승합차,0,1,0,176,0,0
2016-04-02,1,5,1,1,0,0,0,충남,아산시,1,1,0,0,0,4,1,126.8669,36.8053,충남아산시,0,이륜차없음,0,1,0,53,0,0
2016-08-09,1,1,4,6,2,0,0,충북,음성군,1,7,5,1,2,0,2,127.6979,36.9288,충북음성군,2,승용차승용차,0,0,0,110,0,0
2016-11-08,1,1,1,2,0,1,0,충남,태안군,1,7,2,1,1,0,4,126.1914,36.7587,충남태안군,0,승용차이륜차,0,0,0,169,0,0
2016-11-13,0,6,1,1,0,0,0,경기,화성시,1,6,0,1,1,6,1,127.0601,37.2214,경기화성시,0,원동기장치자전거없음,0,1,0,50,0,0
2016-06-04,1,5,1,1,0,0,0,대구,서구,1,7,6,1,1,4,2,128.5375,35.8686,대구서구,0,이륜차승용차,0,1,0,107,0,0
2016-06-13,0,0,1,1,0,0,0,경기,평택시,1,6,0,1,1,0,1,127.0545,36.9786,경기평택시,0,승용차없음,0,0,0,14,0,0
2016-08-21,1,6,1,1,0,0,0,경기,이천시,1,6,0,1,1,0,1,127.4598,37.2825,경기이천시,0,승용차없음,0,1,0,41,0,0
2016-09-15,1,3,1,2,1,0,0,충남,태안군,1,10,0,0,0,6,1,126.4134,36.4188,충남태안군,0,원동기장치자전거없음,0,1,0,169,0,0
2016-08-08,0,0,1,1,0,0,0,전남,해남군,1,10,0,0,0,0,1,126.6034,34.5596,전남해남군,0,승용차없음,0,0,0,119,0,0
2016-08-17,1,2,1,3,1,1,0,대구,달서구,1,1,2,1,1,0,2,128.5185,35.8039,대구달서구,0,승용차승용차,0,0,0,20,0,0
2016-08-16,1,1,1,1,0,0,0,경남,함안군,1,10,0,1,2,4,1,128.3094,35.3098,경남함안군,0,이륜차없음,0,0,0,117,0,0
2016-11-25,0,4,1,3,0,2,0,충북,음성군,1,5,0,0,0,1,3,127.4548,36.9857,충북음성군,0,화물차화물차,0,0,0,110,0,0
2016-10-28,1,4,1,1,0,0,0,충북,청주시,1,10,0,0,0,1,1,127.6251,36.6352,충북청주시,0,화물차없음,0,0,0,83,0,0
2016-11-26,0,5,1,2,0,1,0,경북,안동시,1,9,0,0,0,1,3,128.7007,36.5994,경북안동시,0,화물차화물차,0,1,0,66,0,0
2016-01-12,1,1,1,1,0,0,0,경기,가평군,1,6,0,0,0,0,1,127.498,37.6748,경기가평군,0,승용차없음,0,0,0,176,0,0
2016-01-14,1,3,2,2,0,0,0,경북,의성군,1,10,0,0,0,1,1,128.5107,36.496,경북의성군,0,화물차없음,0,0,0,105,0,0
2016-01-15,1,4,1,1,0,0,0,경북,문경시,1,7,5,0,0,6,6,128.2619,36.6643,경북문경시,0,원동기장치자전거승합차,0,0,0,74,0,0
2016-01-15,1,4,1,3,1,1,0,전북,정읍시,1,9,5,0,0,0,2,127.0242,35.6098,전북정읍시,0,승용차승용차,0,0,0,12,0,0
2016-01-15,0,4,1,1,0,0,0,경기,광명시,1,6,0,0,0,0,1,126.8762,37.4743,경기광명시,0,승용차없음,0,0,0,81,0,0
2016-01-21,1,3,1,5,1,3,0,경북,김천시,1,5,0,0,0,0,3,128.273,36.0659,경북김천시,1,승용차화물차,0,0,0,76,0,0
2016-01-19,0,1,1,4,2,1,0,경기,이천시,1,9,5,0,0,0,2,127.4895,37.2865,경기이천시,1,승용차승용차,0,0,0,41,0,0
2016-01-30,1,5,1,1,0,0,0,충남,서산시,1,6,0,0,0,1,1,126.3853,36.9499,충남서산시,0,화물차없음,0,1,0,69,0,0
2016-01-31,1,6,1,1,0,0,0,서울,구로구,1,1,5,0,0,7,2,126.8239,37.481,서울구로구,0,자전거승용차,0,1,0,79,0,0
2016-02-06,1,5,1,1,0,0,0,서울,동작구,1,1,0,0,0,6,2,126.9402,37.5089,서울동작구,0,원동기장치자전거승용차,0,1,0,93,0,0
2016-01-19,1,1,1,8,2,5,0,전북,정읍시,1,1,0,0,0,1,2,126.8656,35.6024,전북정읍시,2,화물차승용차,0,0,0,12,0,0
2016-07-24,0,6,1,1,0,0,0,경남,양산시,1,7,0,0,0,0,2,129.0072,35.2941,경남양산시,0,승용차승용차,0,1,0,49,0,0
2016-12-04,0,6,1,1,0,0,0,경북,구미시,1,1,0,0,0,0,1,128.3708,36.102,경북구미시,0,승용차없음,0,1,0,144,0,0
2016-12-04,1,6,1,1,0,0,0,경남,합천군,1,5,0,0,0,0,8,128.1244,35.6499,경남합천군,0,승용차농기계,0,1,0,133,0,0
2016-11-27,1,6,1,1,0,0,0,경기,안산시,1,1,0,1,2,0,6,126.8326,37.3126,경기안산시,0,승용차승합차,0,1,0,2,0,0
2016-11-26,1,5,1,4,2,1,0,서울,강동구,1,1,0,0,0,0,2,127.1213,37.5398,서울강동구,1,승용차승용차,0,1,0,91,0,0
2016-12-04,1,6,3,4,1,0,0,전남,영암군,1,6,0,0,0,0,1,126.4302,34.7627,전남영암군,1,승용차없음,0,1,0,16,0,0
2016-12-24,1,5,1,1,0,0,0,경기,김포시,1,10,0,0,0,4,1,126.6007,37.6859,경기김포시,0,이륜차없음,0,1,0,47,0,0
2016-12-25,0,6,1,1,0,0,0,제주,제주시,1,7,6,0,3,0,5,126.5405,33.4875,제주제주시,0,승용차자전거,0,1,0,90,0,0
2016-12-01,1,3,1,1,0,0,0,부산,강서구,1,7,7,1,1,0,4,128.8731,35.0875,부산강서구,0,승용차이륜차,0,0,0,206,0,0
2016-12-02,0,4,1,2,0,1,0,경북,경주시,1,5,0,0,0,1,3,129.2256,35.8719,경북경주시,0,화물차화물차,0,0,0,100,0,0
2016-12-01,1,3,1,2,0,1,0,경남,통영시,1,5,0,1,2,1,2,128.4228,34.8428,경남통영시,0,화물차승용차,0,0,0,212,0,0
2016-11-28,0,0,1,1,0,0,0,인천,부평구,1,7,6,1,1,4,2,126.7292,37.4873,인천부평구,0,이륜차승용차,0,0,0,44,0,0
2016-11-28,0,0,1,1,0,0,0,경남,진주시,1,7,0,0,0,4,3,127.9511,35.1639,경남진주시,0,이륜차화물차,0,0,0,42,0,0
2016-11-28,0,0,1,1,0,0,0,경북,의성군,1,10,0,0,0,1,1,128.338,36.4885,경북의성군,0,화물차없음,0,0,0,105,0,0
2016-12-01,0,3,1,2,0,1,0,충남,홍성군,1,5,0,0,0,1,8,126.6642,36.6268,충남홍성군,0,화물차농기계,0,0,0,38,0,0
2016-12-31,1,5,1,1,0,0,0,대구,동구,1,7,0,0,3,0,5,128.631,35.9008,대구동구,0,승용차자전거,0,1,0,26,0,0
2016-12-29,1,3,2,5,2,1,0,대구,달서구,1,7,0,1,1,0,3,128.4825,35.8349,대구달서구,1,승용차화물차,0,0,0,20,0,0
2016-12-29,1,3,1,4,1,2,0,전북,순창군,1,7,5,0,0,0,2,127.2579,35.4624,전북순창군,1,승용차승용차,0,0,0,131,0,0
2016-12-31,1,5,1,1,0,0,0,인천,남동구,1,7,6,1,1,0,4,126.7251,37.4556,인천남동구,0,승용차이륜차,0,1,0,29,0,0
2016-12-27,1,1,1,1,0,0,0,대전,동구,1,7,4,0,3,7,2,127.4236,36.3371,대전동구,0,자전거승용차,0,0,0,80,0,0
2016-12-24,1,5,1,1,0,0,0,경기,가평군,1,10,0,0,0,0,1,127.388,37.6814,경기가평군,0,승용차없음,0,1,0,176,0,0
2016-12-02,1,4,1,1,0,0,0,대구,남구,1,5,0,0,0,4,12,128.5634,35.8447,대구남구,0,이륜차기타,0,0,0,145,0,0
2016-12-02,1,4,1,1,0,0,0,부산,강서구,1,10,6,1,2,1,1,128.8555,35.127,부산강서구,0,화물차없음,0,0,0,206,0,0
2016-04-24,1,6,1,2,1,0,0,서울,강북구,1,7,6,1,1,1,7,127.0281,37.6218,서울강북구,0,화물차원동기장치자전거,0,1,0,200,0,0
2016-07-03,0,6,1,2,1,0,0,경북,경주시,1,10,0,1,2,2,1,129.2477,35.9332,경북경주시,0,승합차없음,0,1,0,100,0,0
2016-08-28,0,6,1,1,0,0,0,부산,영도구,1,1,0,0,0,0,4,129.0368,35.0949,부산영도구,0,승용차이륜차,0,1,0,173,0,0
2016-07-19,0,1,1,2,1,0,0,충북,진천군,1,1,5,0,0,0,2,127.4397,36.7782,충북진천군,0,승용차승용차,0,0,0,60,0,0
2016-12-09,0,4,1,1,0,0,0,충북,음성군,1,1,0,0,0,4,6,127.4944,37.0078,충북음성군,0,이륜차승합차,0,0,0,110,0,0
2016-10-19,0,2,1,1,0,0,0,강원,인제군,1,10,0,0,0,4,1,128.199,38.1069,강원인제군,0,이륜차없음,0,0,0,124,0,0
2016-09-23,0,4,1,3,2,0,0,울산,중구,1,9,0,0,0,0,2,129.3405,35.5515,울산중구,1,승용차승용차,0,0,0,205,0,0
2016-10-04,1,1,1,4,2,1,0,충북,청주시,1,7,2,0,0,0,2,127.4902,36.6061,충북청주시,1,승용차승용차,0,0,0,83,0,0
2016-10-07,1,4,1,1,0,0,0,경북,성주군,1,10,0,0,0,4,1,128.186,35.8885,경북성주군,0,이륜차없음,0,0,0,168,0,0
2016-01-15,0,4,1,1,0,0,0,경기,김포시,1,9,0,0,0,1,3,126.691,37.6546,경기김포시,0,화물차화물차,0,0,0,47,0,0
2016-10-30,1,6,1,1,0,0,0,서울,금천구,1,7,6,1,1,1,4,126.8975,37.4537,서울금천구,0,화물차이륜차,0,1,0,109,0,0
2016-07-26,0,1,1,2,0,1,0,전북,완주군,1,9,5,1,2,6,2,127.0904,35.9196,전북완주군,0,원동기장치자전거승용차,0,0,0,28,0,0
2016-08-01,0,0,1,4,1,2,0,충남,홍성군,1,7,5,0,0,0,6,126.6218,36.4948,충남홍성군,1,승용차승합차,0,0,0,38,0,0
2016-08-04,0,3,1,3,1,1,0,충북,청주시,1,9,0,0,0,1,2,127.2809,36.6392,충북청주시,0,화물차승용차,0,0,0,83,0,0
2016-09-05,1,0,1,4,3,0,0,강원,태백시,1,9,5,1,1,3,2,128.9951,37.2614,강원태백시,1,건설기계승용차,0,0,0,215,0,0
2016-10-24,1,0,1,1,0,0,0,경남,의령군,1,10,0,0,0,4,1,128.2732,35.3413,경남의령군,0,이륜차없음,0,0,0,189,0,0
2016-12-16,0,4,1,1,0,0,0,서울,광진구,1,10,0,0,0,4,1,127.0784,37.5674,서울광진구,0,이륜차없음,0,0,0,183,0,0
2016-01-08,1,4,1,1,0,0,0,강원,고성군,1,10,0,1,1,0,1,128.4428,38.3944,강원고성군,0,승용차없음,0,0,0,217,0,0
2016-01-12,1,1,1,1,0,0,0,전북,남원시,1,10,0,0,0,6,1,127.4502,35.3986,전북남원시,0,원동기장치자전거없음,0,0,0,193,0,0
2016-01-11,1,0,1,7,4,2,0,강원,태백시,1,9,5,0,0,1,6,129.0033,37.1279,강원태백시,2,화물차승합차,0,0,0,215,0,0
2016-01-18,1,0,1,3,2,0,0,경북,성주군,1,1,0,2,4,0,3,128.324,35.9118,경북성주군,1,승용차화물차,0,0,0,168,0,0
2016-01-18,1,0,1,1,0,0,0,경기,포천시,1,11,0,0,0,0,1,127.1231,37.9606,경기포천시,0,승용차없음,0,0,0,171,0,0
2016-01-18,0,0,1,1,0,0,0,대전,동구,1,1,0,0,0,0,1,127.4635,36.2981,대전동구,0,승용차없음,0,0,0,80,0,0
2016-01-14,0,3,1,1,0,0,0,경기,광주시,1,5,0,0,0,0,4,127.1524,37.3597,경기광주시,0,승용차이륜차,0,0,0,9,0,0
2016-01-15,1,4,1,1,0,0,0,전남,영암군,1,10,0,0,0,4,1,126.4742,34.7622,전남영암군,0,이륜차없음,0,0,0,16,0,0
2016-01-21,1,3,1,1,0,0,0,경기,안성시,1,11,0,0,0,1,1,127.4716,37.0856,경기안성시,0,화물차없음,0,0,0,23,0,0
2016-01-22,0,4,1,1,0,0,0,경북,칠곡군,1,5,4,0,0,0,2,128.4023,35.9438,경북칠곡군,0,승용차승용차,0,0,0,21,0,0
2016-01-24,1,6,1,1,0,0,0,경기,양평군,1,6,0,0,0,0,1,127.6672,37.5561,경기양평군,0,승용차없음,0,1,0,48,0,0
2016-01-29,0,4,1,1,0,0,0,경남,김해시,1,5,0,0,0,0,9,128.817,35.167,경남김해시,0,승용차건설기계,0,0,0,13,0,0
2016-01-29,1,4,1,2,0,1,0,충남,태안군,1,9,5,2,4,1,6,126.4138,36.4178,충남태안군,0,화물차승합차,0,0,0,169,0,0
2016-01-27,1,2,1,1,0,0,0,전북,남원시,1,10,0,0,0,0,1,127.4376,35.4256,전북남원시,0,승용차없음,0,0,0,193,0,0
2016-02-02,0,1,1,1,0,0,0,경북,경주시,1,1,0,0,0,1,3,129.2412,35.9896,경북경주시,0,화물차화물차,0,0,0,100,0,0
2016-01-01,1,4,1,67,4,62,0,전남,곡성군,1,5,3,0,0,2,6,127.2203,35.2278,전남곡성군,2,승합차승합차,0,1,0,147,0,0
2016-12-27,0,1,1,1,0,0,0,전북,김제시,1,1,0,0,0,2,7,126.8747,35.7878,전북김제시,0,승합차원동기장치자전거,0,0,0,34,0,0
2016-11-28,0,0,1,1,0,0,0,경북,김천시,1,1,0,0,0,4,1,128.1156,36.1681,경북김천시,0,이륜차없음,0,0,0,76,0,0
2016-11-28,1,0,1,1,0,0,0,경남,양산시,1,9,0,0,0,0,5,129.0206,35.3137,경남양산시,0,승용차자전거,0,0,0,49,0,0
2016-11-29,0,1,1,1,0,0,0,경기,성남시,1,1,7,1,1,2,5,127.1309,37.4332,경기성남시,0,승합차자전거,0,0,0,95,0,0
2016-12-03,1,5,1,1,0,0,0,전북,남원시,1,10,0,0,0,4,1,127.6277,35.4881,전북남원시,0,이륜차없음,0,1,0,193,0,0
2016-12-02,1,4,1,1,0,0,0,충남,서산시,1,7,7,1,1,4,9,126.523,36.6953,충남서산시,0,이륜차건설기계,0,0,0,69,0,0
2016-12-04,0,6,1,1,0,0,0,경기,파주시,1,10,0,0,0,0,1,126.6902,37.7675,경기파주시,0,승용차없음,0,1,0,175,0,0
2016-12-04,0,6,1,1,0,0,0,강원,삼척시,1,10,0,0,0,0,1,129.0635,37.2826,강원삼척시,0,승용차없음,0,1,0,78,0,0
2016-12-29,1,3,1,1,0,0,0,경남,양산시,1,10,0,0,0,9,1,129.118,35.325,경남양산시,0,농기계없음,0,0,0,49,0,0
2016-12-30,1,4,1,2,1,0,0,경북,상주시,1,7,6,1,1,0,2,128.1592,36.4187,경북상주시,0,승용차승용차,0,0,0,58,0,0
2016-12-23,0,4,1,1,0,0,0,충남,천안시,1,9,5,0,0,0,6,127.1312,36.8391,충남천안시,0,승용차승합차,0,0,0,63,0,0
2016-12-28,0,2,1,1,0,0,0,경남,김해시,1,9,6,1,1,6,2,128.8798,35.2334,경남김해시,0,원동기장치자전거승용차,0,0,0,13,0,0
2016-12-21,1,2,1,1,0,0,0,경북,군위군,1,9,5,0,0,0,3,128.751,36.1329,경북군위군,0,승용차화물차,0,0,0,170,0,0
2016-12-25,0,6,1,2,1,0,0,경북,영천시,1,6,0,0,0,0,1,128.7503,36.084,경북영천시,0,승용차없음,0,1,0,5,0,0
2016-12-27,0,1,1,2,1,0,0,경기,평택시,1,9,5,0,0,0,2,127.1007,36.9805,경기평택시,0,승용차승용차,0,0,0,14,0,0
2016-12-20,0,1,1,1,0,0,0,부산,기장군,1,6,0,0,0,4,1,129.2091,35.2102,부산기장군,0,이륜차없음,0,0,0,85,0,0
2016-11-28,1,0,1,1,0,0,0,충북,음성군,1,7,0,1,2,4,8,127.5928,36.9974,충북음성군,0,이륜차농기계,0,0,0,110,0,0
2016-11-30,1,2,1,2,0,1,0,충북,청주시,1,7,5,0,0,0,9,127.6777,36.6125,충북청주시,0,승용차건설기계,0,0,0,83,0,0
2016-12-04,0,6,1,2,1,0,0,경북,경주시,1,5,0,0,0,1,5,129.0432,35.8874,경북경주시,0,화물차자전거,0,1,0,100,0,0
2016-12-04,0,6,1,3,2,0,0,서울,서대문구,1,1,6,1,1,6,2,126.936,37.5819,서울서대문구,1,원동기장치자전거승용차,0,1,0,195,0,0
2016-12-18,0,6,1,1,0,0,0,경남,거창군,1,5,0,0,0,0,5,127.9191,35.7202,경남거창군,0,승용차자전거,0,1,0,154,0,0
2016-03-28,1,0,1,1,0,0,0,충남,청양군,1,7,8,1,1,4,9,126.9365,36.33,충남청양군,0,이륜차건설기계,0,0,0,174,0,0
2016-04-15,1,4,1,1,0,0,0,전남,무안군,1,1,0,0,0,1,4,126.5123,34.855,전남무안군,0,화물차이륜차,0,0,0,101,0,0
2016-06-14,0,1,1,1,0,0,0,강원,춘천시,1,5,0,0,0,0,3,127.7423,37.9072,강원춘천시,0,승용차화물차,0,0,0,111,0,0
2016-12-05,1,0,1,1,0,0,0,충북,음성군,1,7,7,1,1,0,5,127.5447,36.9159,충북음성군,0,승용차자전거,0,0,0,110,0,0
2016-09-27,1,1,1,1,0,0,0,경북,청송군,1,6,0,0,0,4,1,129.0494,36.2952,경북청송군,0,이륜차없음,0,0,0,203,0,0
2016-01-03,0,6,1,3,2,0,0,경남,진주시,1,5,0,1,2,0,6,128.0927,35.1912,경남진주시,1,승용차승합차,0,1,0,42,0,0
2016-03-10,1,3,1,1,0,0,0,전북,김제시,1,10,0,1,2,0,1,126.8972,35.8258,전북김제시,0,승용차없음,0,0,0,34,0,0
2016-06-30,0,3,1,1,0,0,0,경남,고성군,1,6,0,0,0,0,1,128.3636,35.051,경남고성군,0,승용차없음,0,0,0,87,0,0
2016-11-04,0,4,1,1,0,0,0,인천,강화군,1,7,0,0,0,0,7,126.2792,37.7859,인천강화군,0,승용차원동기장치자전거,0,0,0,92,0,0
2016-10-15,1,5,1,2,1,0,0,전북,익산시,1,1,0,0,0,1,11,126.9905,35.951,전북익산시,0,화물차특수차,0,1,0,125,0,0
2016-04-02,0,5,1,3,2,0,0,전북,정읍시,1,10,0,0,0,0,1,126.9319,35.6633,전북정읍시,1,승용차없음,0,1,0,12,0,0
2016-03-20,0,6,1,1,0,0,0,경기,남양주시,1,1,0,0,0,1,2,127.2545,37.6044,경기남양주시,0,화물차승용차,0,1,0,70,0,0
2016-04-11,1,0,1,1,0,0,0,경북,영천시,1,6,0,0,0,0,1,128.8883,36.0192,경북영천시,0,승용차없음,0,0,0,5,0,0
2016-05-11,0,2,1,2,0,1,0,충남,당진시,1,5,0,0,0,1,3,126.6849,36.8738,충남당진시,0,화물차화물차,0,0,0,46,0,0
2016-12-29,1,3,1,2,1,0,0,대구,북구,1,7,0,1,1,4,5,128.5824,35.8798,대구북구,0,이륜차자전거,0,0,0,112,0,0
2016-12-21,0,2,1,2,1,0,0,전남,해남군,1,9,2,1,2,0,2,126.644,34.4938,전남해남군,0,승용차승용차,0,0,0,119,0,0
2016-12-02,1,4,1,1,0,0,0,충남,보령시,1,5,0,0,0,0,9,126.5541,36.3542,충남보령시,0,승용차건설기계,0,0,0,136,0,0