발생년월일,주야,요일,사망자수,사상자수,중상자수,경상자수,부상신고자수,발생지시도,발생지시군구,사고유형_대분류,사고유형_중분류,법규위반,도로형태_대분류,도로형태,당사자종별_1당_대분류,당사자종별_2당_대분류,경도,위도,발생지,사고피해정도,사고차량타입,도시여부,주말/공휴일,인구수,발생지번호,보행자의위치,무단횡단여부
2015-01-09,1,4,1,1,0,0,0,인천,계양구,1,8,6,1,1,2,7,126.6948,37.5249,인천계양구,0,승합차원동기장치자전거,0,0,0,7,0,0
2015-01-09,1,4,1,1,0,0,0,경남,함양군,1,6,0,0,0,1,1,127.6907,35.4824,경남함양군,0,화물차없음,0,0,0,108,0,0
2015-01-09,0,4,1,1,0,0,0,경기,고양시,1,5,0,1,1,2,4,126.9012,37.715,경기고양시,0,승합차이륜차,0,0,0,40,0,0
2015-01-10,0,5,1,1,0,0,0,경기,가평군,1,6,0,0,0,2,1,127.4017,37.7186,경기가평군,0,승합차없음,0,1,0,176,0,0
2015-01-10,0,5,1,1,0,0,0,대구,수성구,1,6,0,0,0,6,1,128.6377,35.8207,대구수성구,0,원동기장치자전거없음,0,1,0,37,0,0
2015-01-10,0,5,1,2,1,0,0,광주,남구,1,6,0,0,0,1,1,126.8726,35.1138,광주남구,0,화물차없음,0,1,0,190,0,0
2015-01-10,1,5,1,3,1,1,0,충남,천안시,1,9,5,0,0,0,2,127.3341,36.769,충남천안시,0,승용차승용차,0,1,0,63,0,0
2015-01-11,0,6,1,2,0,0,1,경기,용인시,1,11,0,0,0,0,1,127.1033,37.3344,경기용인시,0,승용차없음,0,1,0,51,0,0
2015-01-11,0,6,1,1,0,0,0,서울,성북구,1,5,0,0,0,4,6,127.0551,37.6126,서울성북구,0,이륜차승합차,0,1,0,167,0,0
2015-01-11,0,6,1,5,1,3,0,경기,성남시,1,5,0,0,0,0,11,127.0708,37.4296,경기성남시,1,승용차특수차,0,1,0,95,0,0
2015-01-11,1,6,1,1,0,0,0,대전,유성구,1,6,0,0,0,2,1,127.3801,36.4094,대전유성구,0,승합차없음,0,1,0,148,0,0
2015-01-11,1,6,1,1,0,0,0,경남,거창군,1,10,0,0,0,0,1,127.852,35.7219,경남거창군,0,승용차없음,0,1,0,154,0,0
2015-01-11,1,6,2,5,0,3,0,충남,당진시,1,9,5,0,0,2,2,126.7094,36.8025,충남당진시,1,승합차승용차,0,1,0,46,0,0
2015-01-11,1,6,1,1,0,0,0,경북,고령군,1,6,0,0,0,1,1,128.3713,35.7602,경북고령군,0,화물차없음,0,1,0,220,0,0
2015-01-11,1,6,1,5,3,1,0,강원,영월군,1,8,0,0,0,0,2,128.4606,37.1934,강원영월군,1,승용차승용차,0,1,0,114,0,0
2015-01-11,0,6,2,5,1,2,0,강원,태백시,1,9,5,0,0,0,2,129.037,37.0958,강원태백시,1,승용차승용차,0,1,0,215,0,0
2015-01-12,1,0,1,1,0,0,0,전남,여수시,1,10,0,0,0,9,1,127.5605,34.6592,전남여수시,0,농기계없음,0,0,0,102,0,0
2015-01-12,0,0,1,1,0,0,0,대구,중구,1,6,0,0,0,4,1,128.5876,35.8726,대구중구,0,이륜차없음,0,0,0,178,0,0
2015-01-12,0,0,1,1,0,0,0,경기,남양주시,1,5,0,0,0,1,3,127.1348,37.6782,경기남양주시,0,화물차화물차,0,0,0,70,0,0
2015-01-13,0,1,1,2,0,1,0,경북,영천시,1,5,0,0,0,1,3,128.9465,35.9222,경북영천시,0,화물차화물차,0,0,0,5,0,0
2015-01-13,1,1,1,1,0,0,0,서울,관악구,1,5,0,1,2,6,6,126.9435,37.4831,서울관악구,0,원동기장치자전거승합차,0,0,0,188,0,0
2015-01-13,1,1,1,2,1,0,0,충북,괴산군,1,8,5,0,0,0,11,127.7339,36.8653,충북괴산군,0,승용차특수차,0,0,0,179,0,0
2015-01-13,1,1,1,1,0,0,0,경북,경주시,1,1,0,0,0,6,3,129.3033,35.7724,경북경주시,0,원동기장치자전거화물차,0,0,0,100,0,0
2015-01-13,1,1,1,9,5,3,0,울산,남구,1,5,0,1,2,1,3,129.3005,35.5185,울산남구,2,화물차화물차,0,0,0,213,0,0
2015-01-13,1,1,1,1,0,0,0,경북,고령군,1,6,0,0,0,4,1,128.2803,35.7714,경북고령군,0,이륜차없음,0,0,0,220,0,0
2015-01-13,1,1,1,2,0,0,1,충북,괴산군,1,8,5,0,0,5,3,127.7348,36.7227,충북괴산군,0,특수차화물차,0,0,0,179,0,0
2015-01-13,1,1,1,3,2,0,0,충북,옥천군,1,10,0,0,0,1,1,127.7625,36.3338,충북옥천군,1,화물차없음,0,0,0,142,0,0
2015-01-13,0,1,1,1,0,0,0,경북,경주시,1,1,0,1,2,1,5,129.2155,35.8445,경북경주시,0,화물차자전거,0,0,0,100,0,0
2015-01-13,0,1,2,5,3,0,0,전북,순창군,1,8,6,1,1,0,3,127.1492,35.3716,전북순창군,1,승용차화물차,0,0,0,131,0,0
2015-01-13,0,1,1,1,0,0,0,경기,양주시,1,6,0,0,0,0,1,127.0754,37.7997,경기양주시,0,승용차없음,0,0,0,59,0,0
2015-01-13,0,1,1,1,0,0,0,전남,해남군,1,5,0,2,4,4,3,126.4983,34.6232,전남해남군,0,이륜차화물차,0,0,0,119,0,0
2015-01-14,0,2,1,1,0,0,0,전남,여수시,1,9,5,0,0,0,2,127.6471,34.7738,전남여수시,0,승용차승용차,0,0,0,102,0,0
2015-01-14,0,2,1,2,1,0,0,전남,장흥군,1,6,0,1,1,0,1,126.9804,34.54,전남장흥군,0,승용차없음,0,0,0,56,0,0
2015-01-14,0,2,1,1,0,0,0,서울,강동구,1,8,10,1,2,6,3,127.1286,37.5239,서울강동구,0,원동기장치자전거화물차,0,0,0,91,0,0
2015-01-14,0,2,1,2,1,0,0,강원,동해시,1,6,2,0,0,0,1,129.1193,37.5303,강원동해시,0,승용차없음,0,0,0,210,0,0
2015-01-14,1,2,1,1,0,0,0,경남,김해시,1,5,0,1,2,1,2,128.7669,35.2786,경남김해시,0,화물차승용차,0,0,0,13,0,0
2015-01-14,1,2,1,1,0,0,0,강원,홍천군,1,10,0,0,0,1,1,128.1824,37.8178,강원홍천군,0,화물차없음,0,0,0,82,0,0
2015-01-15,0,3,1,2,1,0,0,경북,경산시,1,5,0,0,0,1,3,128.7885,35.8768,경북경산시,0,화물차화물차,0,0,0,52,0,0
2015-01-15,1,3,1,2,0,1,0,경기,화성시,1,1,0,0,0,1,9,126.8971,37.2771,경기화성시,0,화물차건설기계,0,0,0,50,0,0
2015-01-15,1,3,1,2,1,0,0,세종,세종,1,10,0,0,0,0,1,127.3722,36.5313,세종세종,0,승용차없음,1,0,0,229,0,0
2015-01-15,1,3,1,1,0,0,0,충남,태안군,1,6,0,0,0,0,1,126.339,36.7592,충남태안군,0,승용차없음,0,0,0,169,0,0
2015-01-15,1,3,1,1,0,0,0,충남,태안군,1,11,0,1,1,1,1,126.4146,36.4296,충남태안군,0,화물차없음,0,0,0,169,0,0
2015-01-15,0,3,1,1,0,0,0,경기,양평군,1,9,5,0,0,0,4,127.605,37.4989,경기양평군,0,승용차이륜차,0,0,0,48,0,0
2015-01-15,0,3,1,1,0,0,0,제주,서귀포시,1,5,0,0,0,0,5,126.7277,33.2818,제주서귀포시,0,승용차자전거,0,0,0,62,0,0
2015-01-16,0,4,1,2,1,0,0,경기,안산시,1,8,6,1,1,0,4,126.8525,37.309,경기안산시,0,승용차이륜차,0,0,0,2,0,0
2015-01-16,1,4,1,1,0,0,0,인천,서구,1,8,6,1,1,6,11,126.6417,37.4991,인천서구,0,원동기장치자전거특수차,0,0,0,97,0,0
2015-01-16,1,4,1,1,0,0,0,경남,창원시(통합),1,8,0,1,1,4,6,128.5698,35.2029,경남창원시(통합),0,이륜차승합차,0,0,0,86,0,0
2015-01-16,1,4,1,1,0,0,0,경기,수원시,1,10,0,1,1,4,1,127.0093,37.3017,경기수원시,0,이륜차없음,0,0,0,99,0,0
2015-01-16,1,4,1,1,0,0,0,서울,영등포구,1,8,3,0,3,4,3,126.9096,37.5189,서울영등포구,0,이륜차화물차,0,0,0,150,0,0
2015-01-16,0,4,1,1,0,0,0,경북,포항시,1,1,0,0,0,0,2,129.29,36.0362,경북포항시,0,승용차승용차,0,0,0,160,0,0
2015-01-16,0,4,1,1,0,0,0,광주,북구,1,8,5,0,0,7,4,126.9038,35.1615,광주북구,0,자전거이륜차,0,0,0,137,0,0
2015-01-17,0,5,1,2,0,1,0,충북,청주시,1,1,0,0,0,0,2,127.4308,36.4796,충북청주시,0,승용차승용차,0,1,0,83,0,0
2015-01-17,0,5,1,1,0,0,0,인천,남동구,1,6,0,0,0,7,1,126.7256,37.4125,인천남동구,0,자전거없음,0,1,0,29,0,0
2015-01-17,0,5,1,2,1,0,0,경남,함양군,1,9,5,0,0,1,6,127.785,35.6266,경남함양군,0,화물차승합차,0,1,0,108,0,0
2015-01-17,0,5,1,1,0,0,0,경북,문경시,1,6,0,0,0,0,1,128.0335,36.6684,경북문경시,0,승용차없음,0,1,0,74,0,0
2015-01-17,0,5,1,2,1,0,0,대구,서구,1,8,6,1,1,4,4,128.5329,35.8686,대구서구,0,이륜차이륜차,0,1,0,107,0,0
2015-01-18,0,6,1,2,1,0,0,서울,용산구,1,1,6,1,1,0,1,126.9872,37.5347,서울용산구,0,승용차없음,0,1,0,134,0,0
2015-01-18,1,6,1,1,0,0,0,경기,김포시,1,6,0,0,0,0,1,126.6189,37.671,경기김포시,0,승용차없음,0,1,0,47,0,0
2015-01-18,1,6,1,1,0,0,0,강원,철원군,1,5,0,0,0,0,5,127.4288,38.2455,강원철원군,0,승용차자전거,0,1,0,184,0,0
2015-01-19,0,0,1,1,0,0,0,경기,화성시,1,5,0,0,0,1,3,126.9091,37.2527,경기화성시,0,화물차화물차,0,0,0,50,0,0
2015-01-19,1,0,1,1,0,0,0,경북,청도군,1,11,0,0,0,4,1,128.7846,35.7222,경북청도군,0,이륜차없음,0,0,0,3,0,0
2015-01-19,1,0,1,1,0,0,0,충남,논산시,1,5,4,0,0,1,2,127.09,36.1976,충남논산시,0,화물차승용차,0,0,0,61,0,0
2015-01-19,0,0,4,6,1,1,0,강원,인제군,1,6,0,0,0,0,1,128.0658,37.9457,강원인제군,2,승용차없음,0,0,0,124,0,0
2015-01-20,0,1,1,1,0,0,0,경기,고양시,1,6,0,0,0,0,1,126.7394,37.65,경기고양시,0,승용차없음,0,0,0,40,0,0
2015-01-20,0,1,2,4,1,1,0,대구,달서구,1,6,0,0,0,0,1,128.5646,35.8515,대구달서구,1,승용차없음,0,0,0,20,0,0
2015-01-20,1,1,1,4,2,1,0,경기,평택시,1,9,5,0,0,0,2,127.0816,37.1105,경기평택시,1,승용차승용차,0,0,0,14,0,0
2015-01-20,1,1,1,1,0,0,0,경북,영천시,1,5,0,0,0,1,5,128.924,35.9627,경북영천시,0,화물차자전거,0,0,0,5,0,0
2015-01-20,1,1,1,2,0,1,0,충남,서산시,1,9,5,0,0,1,3,126.509,36.7956,충남서산시,0,화물차화물차,0,0,0,69,0,0
2015-01-20,1,1,1,3,1,1,0,경북,영주시,1,10,0,0,0,0,1,128.6672,37.0415,경북영주시,0,승용차없음,0,0,0,113,0,0
2015-01-20,1,1,1,4,3,0,0,경북,경산시,1,8,6,1,1,1,2,128.8412,35.7914,경북경산시,1,화물차승용차,0,0,0,52,0,0
2015-01-20,0,1,1,1,0,0,0,경북,김천시,1,5,0,0,0,4,3,128.1098,36.0881,경북김천시,0,이륜차화물차,0,0,0,76,0,0
2015-01-21,0,2,1,4,3,0,0,강원,원주시,1,8,2,1,1,0,6,127.9441,37.3347,강원원주시,1,승용차승합차,0,0,0,36,0,0
2015-01-21,0,2,1,1,0,0,0,경기,성남시,1,10,0,1,2,0,1,127.1021,37.428,경기성남시,0,승용차없음,0,0,0,95,0,0
2015-01-21,0,2,1,1,0,0,0,경기,이천시,1,10,0,1,1,0,1,127.4925,37.275,경기이천시,0,승용차없음,0,0,0,41,0,0
2015-01-21,0,2,1,2,1,0,0,경남,창원시(통합),1,1,0,0,0,0,1,128.6679,35.2189,경남창원시(통합),0,승용차없음,0,0,0,86,0,0
2015-01-21,1,2,2,4,1,1,0,전북,부안군,1,8,10,1,1,0,3,126.7219,35.7231,전북부안군,1,승용차화물차,0,0,0,185,0,0
2015-01-21,1,2,1,2,1,0,0,울산,북구,1,8,6,1,1,1,3,129.3478,35.6297,울산북구,0,화물차화물차,0,0,0,158,0,0
2015-01-21,1,2,1,1,0,0,0,경북,영천시,1,6,0,0,0,1,1,128.8915,35.9332,경북영천시,0,화물차없음,0,0,0,5,0,0
2015-01-21,0,2,1,2,1,0,0,충남,서산시,1,5,0,1,2,1,3,126.576,36.69,충남서산시,0,화물차화물차,0,0,0,69,0,0
2015-01-21,0,2,1,2,1,0,0,경기,남양주시,1,5,0,0,0,1,2,127.2286,37.5679,경기남양주시,0,화물차승용차,0,0,0,70,0,0
2015-01-21,0,2,1,2,1,0,0,전북,전주시,1,8,7,1,1,0,2,127.123,35.818,전북전주시,0,승용차승용차,0,0,0,11,0,0
2015-01-22,0,3,1,1,0,0,0,경기,안산시,1,5,0,1,1,1,7,126.835,37.2823,경기안산시,0,화물차원동기장치자전거,0,0,0,2,0,0
2015-01-22,1,3,1,2,0,1,0,강원,동해시,1,8,6,1,1,0,2,129.1405,37.4803,강원동해시,0,승용차승용차,0,0,0,210,0,0
2015-01-22,1,3,1,1,0,0,0,충남,천안시,1,8,5,0,0,0,3,127.2652,36.7261,충남천안시,0,승용차화물차,0,0,0,63,0,0
2015-01-22,1,3,1,1,0,0,0,경북,상주시,1,1,0,0,0,1,5,128.177,36.4194,경북상주시,0,화물차자전거,0,0,0,58,0,0
2015-01-22,0,3,1,1,0,0,0,충북,보은군,1,5,0,1,2,0,3,127.7356,36.4399,충북보은군,0,승용차화물차,0,0,0,32,0,0
2015-01-23,0,4,1,1,0,0,0,경기,평택시,1,5,0,1,2,0,3,126.8619,36.968,경기평택시,0,승용차화물차,0,0,0,14,0,0
2015-01-23,1,4,1,1,0,0,0,경기,수원시,1,8,6,1,1,2,5,127.0071,37.2986,경기수원시,0,승합차자전거,0,0,0,99,0,0
2015-01-23,1,4,1,1,0,0,0,전남,담양군,1,1,6,1,1,7,3,126.974,35.2225,전남담양군,0,자전거화물차,0,0,0,181,0,0
2015-01-23,1,4,1,2,0,1,0,대구,달서구,1,1,0,0,0,1,3,128.5608,35.828,대구달서구,0,화물차화물차,0,0,0,20,0,0
2015-01-23,1,4,1,1,0,0,0,충남,공주시,1,6,0,0,0,1,1,127.0778,36.3751,충남공주시,0,화물차없음,0,0,0,19,0,0
2015-01-23,1,4,1,2,0,1,0,충남,태안군,1,9,6,1,1,4,3,126.2816,36.7729,충남태안군,0,이륜차화물차,0,0,0,169,0,0
2015-01-24,0,5,1,2,1,0,0,충남,공주시,1,8,5,0,0,0,6,127.1369,36.4577,충남공주시,0,승용차승합차,0,1,0,19,0,0
2015-01-24,0,5,1,1,0,0,0,충북,청주시,1,6,0,0,0,0,1,127.7014,36.6714,충북청주시,0,승용차없음,0,1,0,83,0,0
2015-01-24,0,5,1,1,0,0,0,경북,포항시,1,1,0,0,0,0,9,129.3489,36.0459,경북포항시,0,승용차건설기계,0,1,0,160,0,0
2015-01-24,0,5,1,1,0,0,0,경기,광주시,1,6,0,0,0,1,1,127.1906,37.42,경기광주시,0,화물차없음,0,1,0,9,0,0
2015-01-24,1,5,1,3,2,0,0,충남,금산군,1,8,0,1,1,0,4,127.3764,36.224,충남금산군,1,승용차이륜차,0,1,0,68,0,0
2015-01-24,0,5,1,1,0,0,0,경북,구미시,1,5,0,0,0,0,5,128.3226,36.2692,경북구미시,0,승용차자전거,0,1,0,144,0,0
2015-01-25,0,6,1,1,0,0,0,전북,전주시,1,5,0,0,0,0,12,127.07,35.8651,전북전주시,0,승용차기타,0,1,0,11,0,0
2015-01-25,0,6,1,1,0,0,0,전북,장수군,1,6,0,2,4,0,1,127.5311,35.5681,전북장수군,0,승용차없음,0,1,0,155,0,0
2015-01-25,1,6,1,6,4,1,0,충북,청주시,1,8,0,0,0,0,2,127.5547,36.5675,충북청주시,1,승용차승용차,0,1,0,83,0,0
2015-01-25,0,6,1,2,1,0,0,경북,성주군,1,5,0,0,0,1,7,128.3889,35.8815,경북성주군,0,화물차원동기장치자전거,0,1,0,168,0,0
2015-01-25,0,6,1,1,0,0,0,경북,경주시,1,6,0,1,2,0,1,129.3228,35.7215,경북경주시,0,승용차없음,0,1,0,100,0,0
2015-01-26,1,0,1,3,1,1,0,경기,용인시,1,8,0,1,1,0,2,127.0886,37.2741,경기용인시,0,승용차승용차,0,0,0,51,0,0
2015-01-26,1,0,1,1,0,0,0,충남,공주시,1,6,0,0,0,0,1,127.1667,36.4483,충남공주시,0,승용차없음,0,0,0,19,0,0
2015-01-26,0,0,1,1,0,0,0,세종,세종,1,5,0,0,0,0,2,127.2476,36.663,세종세종,0,승용차승용차,1,0,0,229,0,0
2015-01-27,0,1,1,1,0,0,0,전북,전주시,1,6,0,1,1,0,1,127.1693,35.8364,전북전주시,0,승용차없음,0,0,0,11,0,0
2015-01-27,0,1,1,2,0,1,0,서울,동대문구,1,6,0,0,0,4,1,127.0646,37.5698,서울동대문구,0,이륜차없음,0,0,0,201,0,0
2015-01-27,1,1,3,4,1,0,0,전남,순천시,1,10,0,0,0,1,1,127.5121,35.0208,전남순천시,1,화물차없음,0,0,0,27,0,0
2015-01-27,0,1,1,1,0,0,0,경남,합천군,1,5,0,0,0,1,3,128.1931,35.6071,경남합천군,0,화물차화물차,0,0,0,133,0,0
2015-01-28,0,2,1,3,2,0,0,제주,서귀포시,1,1,8,1,1,2,8,126.4307,33.2384,제주서귀포시,1,승합차농기계,0,0,0,62,0,0
2015-01-28,0,2,1,1,0,0,0,광주,북구,1,1,0,0,0,4,3,126.9198,35.1656,광주북구,0,이륜차화물차,0,0,0,137,0,0
2015-01-28,0,2,1,1,0,0,0,경남,밀양시,1,6,0,0,0,1,1,128.6708,35.4186,경남밀양시,0,화물차없음,0,0,0,177,0,0
2015-01-29,0,3,1,2,1,0,0,전남,장성군,1,9,5,0,0,0,2,126.7935,35.2783,전남장성군,0,승용차승용차,0,0,0,146,0,0
2015-01-29,0,3,1,1,0,0,0,서울,구로구,1,5,0,0,0,0,3,126.8449,37.5043,서울구로구,0,승용차화물차,0,0,0,79,0,0
2015-01-29,1,3,1,2,0,1,0,경기,이천시,1,1,6,1,1,0,2,127.4248,37.2232,경기이천시,0,승용차승용차,0,0,0,41,0,0
2015-01-29,1,3,1,1,0,0,0,경북,포항시,1,11,0,0,0,0,1,129.4545,35.9897,경북포항시,0,승용차없음,0,0,0,160,0,0
2015-01-29,1,3,1,2,0,1,0,서울,동대문구,1,5,0,1,2,0,2,127.0572,37.571,서울동대문구,0,승용차승용차,0,0,0,201,0,0
2015-01-29,1,3,1,1,0,0,0,제주,제주시,1,6,0,0,0,4,1,126.6639,33.542,제주제주시,0,이륜차없음,0,0,0,90,0,0
2015-01-29,1,3,1,1,0,0,0,제주,제주시,1,6,0,0,0,0,1,126.6167,33.4206,제주제주시,0,승용차없음,0,0,0,90,0,0
2015-01-29,0,3,1,1,0,0,0,경남,하동군,1,5,0,0,0,1,3,127.8072,34.9978,경남하동군,0,화물차화물차,0,0,0,172,0,0
2015-01-29,0,3,1,4,3,0,0,전남,강진군,1,9,5,0,0,0,2,126.7138,34.5762,전남강진군,1,승용차승용차,0,0,0,121,0,0
2015-01-29,0,3,1,2,1,0,0,서울,광진구,1,1,6,1,1,0,6,127.1079,37.5492,서울광진구,0,승용차승합차,0,0,0,183,0,0
2015-01-29,0,3,1,1,0,0,0,전남,순천시,1,5,0,1,2,0,4,127.5215,34.9628,전남순천시,0,승용차이륜차,0,0,0,27,0,0
2015-01-30,1,4,1,1,0,0,0,광주,북구,1,8,6,1,2,4,2,126.8987,35.1922,광주북구,0,이륜차승용차,0,0,0,137,0,0
2015-01-30,1,4,1,2,1,0,0,경북,문경시,1,6,0,0,0,0,1,128.1387,36.7496,경북문경시,0,승용차없음,0,0,0,74,0,0
2015-01-30,1,4,1,1,0,0,0,경남,창원시(통합),1,9,5,1,1,2,3,128.6373,35.213,경남창원시(통합),0,승합차화물차,0,0,0,86,0,0
2015-01-31,0,5,1,5,4,0,0,대전,중구,1,9,6,1,1,0,2,127.417,36.3231,대전중구,1,승용차승용차,0,1,0,39,0,0
2015-01-31,1,5,1,1,0,0,0,충북,청주시,1,1,0,0,0,0,2,127.337,36.7189,충북청주시,0,승용차승용차,0,1,0,83,0,0
2015-01-31,1,5,1,3,1,1,0,경북,칠곡군,1,1,0,0,0,1,2,128.3969,36.0681,경북칠곡군,0,화물차승용차,0,1,0,21,0,0
2015-01-31,1,5,1,1,0,0,0,충남,예산군,1,8,8,1,1,1,6,126.75,36.6657,충남예산군,0,화물차승합차,0,1,0,187,0,0
2015-01-31,1,5,1,3,1,1,0,충북,음성군,1,6,0,0,0,1,1,127.6954,37.1174,충북음성군,0,화물차없음,0,1,0,110,0,0
2015-01-31,1,5,1,2,1,0,0,경북,경주시,1,1,0,0,0,0,1,129.1088,35.8623,경북경주시,0,승용차없음,0,1,0,100,0,0
2015-01-31,0,5,1,6,4,1,0,전남,목포시,1,8,6,1,1,0,2,126.4149,34.8013,전남목포시,1,승용차승용차,0,1,0,153,0,0
2015-02-01,0,6,2,4,1,1,0,인천,중구,1,8,3,1,2,0,2,126.4767,37.4414,인천중구,1,승용차승용차,0,1,0,72,0,0
2015-02-01,0,6,1,2,1,0,0,경북,경주시,1,6,0,0,0,0,1,129.0396,35.9015,경북경주시,0,승용차없음,0,1,0,100,0,0
2015-02-01,1,6,1,1,0,0,0,전북,완주군,1,9,0,1,2,4,2,127.098,35.899,전북완주군,0,이륜차승용차,0,1,0,28,0,0
2015-02-02,1,0,1,1,0,0,0,경남,창녕군,1,10,0,0,0,6,1,128.3912,35.5136,경남창녕군,0,원동기장치자전거없음,0,0,0,211,0,0
2015-02-02,0,0,1,1,0,0,0,충남,아산시,1,1,0,0,0,0,4,127.1019,36.7923,충남아산시,0,승용차이륜차,0,0,0,53,0,0
2015-02-02,0,0,1,1,0,0,0,대구,북구,1,1,0,0,0,4,1,128.5799,35.9475,대구북구,0,이륜차없음,0,0,0,112,0,0
2015-02-03,0,1,1,1,0,0,0,충남,당진시,1,11,0,0,0,6,1,126.7869,36.8933,충남당진시,0,원동기장치자전거없음,0,0,0,46,0,0
2015-02-03,0,1,4,5,0,1,0,경북,구미시,1,1,0,0,0,0,2,128.3477,36.1445,경북구미시,1,승용차승용차,0,0,0,144,0,0
2015-02-03,0,1,1,1,0,0,0,충북,충주시,1,6,0,0,0,0,1,127.9471,37.0166,충북충주시,0,승용차없음,0,0,0,6,0,0
2015-02-03,1,1,1,4,2,1,0,울산,북구,1,5,0,0,0,1,3,129.3803,35.5351,울산북구,1,화물차화물차,0,0,0,158,0,0
2015-02-03,1,1,1,3,2,0,0,대구,동구,1,6,0,0,0,0,1,128.6572,35.9115,대구동구,1,승용차없음,0,0,0,26,0,0
2015-02-03,1,1,1,1,0,0,0,충북,충주시,1,6,0,0,0,0,1,127.9725,36.8805,충북충주시,0,승용차없음,0,0,0,6,0,0
2015-02-03,1,1,1,2,1,0,0,인천,강화군,1,10,0,0,0,1,1,126.2923,37.7892,인천강화군,0,화물차없음,0,0,0,92,0,0
2015-02-03,0,1,1,1,0,0,0,충남,공주시,1,11,0,0,0,9,1,127.0144,36.3789,충남공주시,0,농기계없음,0,0,0,19,0,0
2015-02-03,0,1,1,1,0,0,0,부산,중구,1,6,0,0,0,4,1,129.0285,35.1126,부산중구,0,이륜차없음,0,0,0,228,0,0
2015-02-04,1,2,1,1,0,0,0,경기,용인시,1,1,0,0,0,0,9,127.201,37.135,경기용인시,0,승용차건설기계,0,0,0,51,0,0
2015-02-04,1,2,1,1,0,0,0,경북,상주시,1,8,0,1,1,1,8,128.153,36.4695,경북상주시,0,화물차농기계,0,0,0,58,0,0
2015-02-04,0,2,1,8,3,4,0,충남,천안시,1,5,0,1,2,0,2,127.1553,36.8498,충남천안시,2,승용차승용차,0,0,0,63,0,0
2015-02-04,0,2,1,3,2,0,0,경남,밀양시,1,9,5,0,0,2,2,128.7553,35.4794,경남밀양시,1,승합차승용차,0,0,0,177,0,0
2015-02-05,1,3,1,2,1,0,0,충남,태안군,1,11,0,0,0,1,1,126.1668,36.6886,충남태안군,0,화물차없음,0,0,0,169,0,0
2015-02-05,1,3,1,2,1,0,0,전남,강진군,1,9,5,0,0,0,2,126.796,34.6442,전남강진군,0,승용차승용차,0,0,0,121,0,0
2015-02-05,0,3,1,1,0,0,0,대구,북구,1,1,0,1,1,0,5,128.5783,35.8899,대구북구,0,승용차자전거,0,0,0,112,0,0
2015-02-06,0,4,1,1,0,0,0,전남,해남군,1,11,0,0,0,1,1,126.3414,34.6017,전남해남군,0,화물차없음,0,0,0,119,0,0
2015-02-06,1,4,1,2,0,1,0,전남,광양시,1,8,5,0,0,0,2,127.7172,35.0077,전남광양시,0,승용차승용차,0,0,0,130,0,0
2015-02-06,1,4,1,1,0,0,0,충남,부여군,1,8,0,1,2,1,5,126.9126,36.2815,충남부여군,0,화물차자전거,0,0,0,129,0,0
2015-02-06,1,4,1,8,3,4,0,광주,북구,1,5,0,0,0,0,3,126.915,35.1829,광주북구,2,승용차화물차,0,0,0,137,0,0
2015-02-06,1,4,1,1,0,0,0,충남,천안시,1,10,0,0,0,4,1,127.1201,36.7288,충남천안시,0,이륜차없음,0,0,0,63,0,0
2015-02-06,1,4,1,3,0,1,1,울산,울주군,1,9,5,0,0,0,2,129.2044,35.7086,울산울주군,0,승용차승용차,0,0,0,17,0,0
2015-02-06,0,4,1,1,0,0,0,경기,용인시,1,10,0,0,0,6,1,127.225,37.2213,경기용인시,0,원동기장치자전거없음,0,0,0,51,0,0
2015-02-07,0,5,1,2,0,1,0,경북,구미시,1,5,0,1,2,1,3,128.3729,36.1195,경북구미시,0,화물차화물차,0,1,0,144,0,0
2015-02-07,0,5,1,1,0,0,0,서울,영등포구,1,8,0,1,2,7,3,126.9166,37.5175,서울영등포구,0,자전거화물차,0,1,0,150,0,0
2015-02-07,0,5,1,1,0,0,0,충남,천안시,1,1,0,0,0,0,3,127.1007,36.7528,충남천안시,0,승용차화물차,0,1,0,63,0,0
2015-02-07,1,5,1,1,0,0,0,경기,군포시,1,10,0,0,0,4,1,126.9284,37.3552,경기군포시,0,이륜차없음,0,1,0,126,0,0
2015-02-07,1,5,1,1,0,0,0,대구,동구,1,1,0,0,0,4,1,128.7064,35.8663,대구동구,0,이륜차없음,0,1,0,26,0,0
2015-02-07,1,5,1,1,0,0,0,대전,대덕구,1,1,0,0,0,1,5,127.4259,36.3824,대전대덕구,0,화물차자전거,0,1,0,77,0,0
2015-02-07,1,5,1,1,0,0,0,충북,괴산군,1,9,5,0,0,0,6,127.7914,36.8037,충북괴산군,0,승용차승합차,0,1,0,179,0,0
2015-02-07,0,5,1,1,0,0,0,강원,횡성군,1,11,0,0,0,1,1,128.1651,37.4243,강원횡성군,0,화물차없음,0,1,0,31,0,0
2015-02-08,0,6,2,5,3,0,0,전남,광양시,1,6,0,0,0,0,1,127.5986,34.9751,전남광양시,1,승용차없음,0,1,0,130,0,0
2015-02-08,0,6,1,1,0,0,0,경남,김해시,1,6,0,0,0,0,1,128.9829,35.2426,경남김해시,0,승용차없음,0,1,0,13,0,0
2015-02-08,0,6,2,4,2,0,0,부산,동구,1,5,0,0,0,0,11,129.042,35.1112,부산동구,1,승용차특수차,0,1,0,209,0,0