발생년월일,주야,요일,사망자수,사상자수,중상자수,경상자수,부상신고자수,발생지시도,발생지시군구,사고유형_대분류,사고유형_중분류,법규위반,도로형태_대분류,도로형태,당사자종별_1당_대분류,당사자종별_2당_대분류,경도,위도,발생지,사고피해정도,사고차량타입,도시여부,주말/공휴일,인구수,발생지번호,보행자의위치,무단횡단여부
2015-02-08,1,6,1,1,0,0,0,서울,강남구,1,8,0,1,1,0,5,127.0494,37.4886,서울강남구,0,승용차자전거,0,1,0,89,0,0
2015-02-08,1,6,1,1,0,0,0,충남,당진시,1,10,0,0,0,0,1,126.722,36.9308,충남당진시,0,승용차없음,0,1,0,46,0,0
2015-02-08,1,6,1,3,0,2,0,경기,성남시,1,5,0,0,0,0,2,127.1031,37.3755,경기성남시,0,승용차승용차,0,1,0,95,0,0
2015-02-08,0,6,1,1,0,0,0,충북,충주시,1,11,0,0,0,0,1,127.855,36.9646,충북충주시,0,승용차없음,0,1,0,6,0,0
2015-02-08,0,6,1,3,0,2,0,충남,아산시,1,8,6,1,1,0,2,127.0171,36.7839,충남아산시,0,승용차승용차,0,1,0,53,0,0
2015-02-09,0,0,1,2,1,0,0,충남,예산군,1,1,0,0,0,0,1,126.6718,36.6892,충남예산군,0,승용차없음,0,0,0,187,0,0
2015-02-09,0,0,1,1,0,0,0,충북,청주시,1,6,0,0,0,0,1,127.5085,36.5983,충북청주시,0,승용차없음,0,0,0,83,0,0
2015-02-09,0,0,1,2,0,1,0,경북,김천시,1,5,0,0,0,1,3,128.0152,36.1735,경북김천시,0,화물차화물차,0,0,0,76,0,0
2015-02-09,1,0,1,3,0,1,1,충남,공주시,1,1,0,0,0,0,3,127.1149,36.5953,충남공주시,0,승용차화물차,0,0,0,19,0,0
2015-02-09,1,0,1,1,0,0,0,전북,완주군,1,6,0,0,0,1,1,127.0287,35.8149,전북완주군,0,화물차없음,0,0,0,28,0,0
2015-02-09,1,0,1,1,0,0,0,충북,옥천군,1,8,7,1,1,0,3,127.7788,36.3433,충북옥천군,0,승용차화물차,0,0,0,142,0,0
2015-02-09,1,0,1,3,0,2,0,경기,화성시,1,9,5,0,0,0,3,126.7217,37.1981,경기화성시,0,승용차화물차,0,0,0,50,0,0
2015-02-09,1,0,1,4,3,0,0,경기,성남시,1,5,0,0,0,0,2,127.0988,37.4241,경기성남시,1,승용차승용차,0,0,0,95,0,0
2015-02-09,1,0,1,1,0,0,0,전남,광양시,1,11,0,0,0,1,1,127.5646,35.0611,전남광양시,0,화물차없음,0,0,0,130,0,0
2015-02-09,0,0,1,2,1,0,0,경남,통영시,1,8,0,1,1,0,2,128.3657,34.9036,경남통영시,0,승용차승용차,0,0,0,212,0,0
2015-02-09,0,0,1,1,0,0,0,경북,고령군,1,11,0,0,0,0,1,128.2999,35.7295,경북고령군,0,승용차없음,0,0,0,220,0,0
2015-02-10,0,1,1,1,0,0,0,전북,익산시,1,6,0,0,0,1,1,126.993,36.1099,전북익산시,0,화물차없음,0,0,0,125,0,0
2015-02-10,0,1,1,1,0,0,0,경기,용인시,1,5,0,1,1,1,3,127.1044,37.2574,경기용인시,0,화물차화물차,0,0,0,51,0,0
2015-02-10,1,1,1,3,1,0,1,경북,구미시,1,1,5,0,0,0,6,128.4404,36.0896,경북구미시,0,승용차승합차,0,0,0,144,0,0
2015-02-10,1,1,1,1,0,0,0,충북,보은군,1,9,5,0,0,6,3,127.7447,36.4214,충북보은군,0,원동기장치자전거화물차,0,0,0,32,0,0
2015-02-10,1,1,1,1,0,0,0,경남,김해시,1,5,0,1,2,1,3,128.8387,35.2046,경남김해시,0,화물차화물차,0,0,0,13,0,0
2015-02-10,1,1,1,1,0,0,0,대구,달서구,1,1,0,1,1,3,5,128.4782,35.8444,대구달서구,0,건설기계자전거,0,0,0,20,0,0
2015-02-10,0,1,2,2,0,0,0,경남,창원시(통합),1,6,0,0,0,0,1,128.5917,35.1995,경남창원시(통합),0,승용차없음,0,0,0,86,0,0
2015-02-10,0,1,2,3,1,0,0,경북,경주시,1,6,0,0,0,0,1,129.1914,35.9982,경북경주시,1,승용차없음,0,0,0,100,0,0
2015-02-11,0,2,1,1,0,0,0,경남,하동군,1,8,5,0,0,1,2,127.776,34.958,경남하동군,0,화물차승용차,0,0,0,172,0,0
2015-02-11,1,2,1,2,1,0,0,경기,포천시,1,8,6,1,1,0,2,127.3004,37.9415,경기포천시,0,승용차승용차,0,0,0,171,0,0
2015-02-11,1,2,1,4,1,2,0,울산,북구,1,1,5,0,0,0,6,129.3789,35.5572,울산북구,1,승용차승합차,0,0,0,158,0,0
2015-02-11,1,2,1,37,18,18,0,인천,서구,1,5,0,0,0,0,2,126.5911,37.5477,인천서구,2,승용차승용차,0,0,0,97,0,0
2015-02-11,1,2,1,24,4,19,0,인천,서구,1,5,0,0,0,0,2,126.5947,37.5488,인천서구,2,승용차승용차,0,0,0,97,0,0
2015-02-11,1,2,1,1,0,0,0,충남,홍성군,1,1,0,0,0,6,1,126.6921,36.5041,충남홍성군,0,원동기장치자전거없음,0,0,0,38,0,0
2015-02-11,1,2,1,3,1,1,0,강원,춘천시,1,8,5,0,0,1,3,127.6452,37.9979,강원춘천시,0,화물차화물차,0,0,0,111,0,0
2015-02-12,0,3,1,2,1,0,0,경기,광주시,1,5,0,0,0,0,3,127.1906,37.4195,경기광주시,0,승용차화물차,0,0,0,9,0,0
2015-02-12,1,3,1,1,0,0,0,경기,김포시,1,6,0,1,1,0,1,126.6928,37.6363,경기김포시,0,승용차없음,0,0,0,47,0,0
2015-02-12,0,3,1,2,1,0,0,대전,서구,1,9,5,0,0,1,2,127.32,36.2882,대전서구,0,화물차승용차,0,0,0,4,0,0
2015-02-12,0,3,1,1,0,0,0,부산,강서구,1,5,0,1,1,0,3,128.887,35.0946,부산강서구,0,승용차화물차,0,0,0,206,0,0
2015-02-12,0,3,1,1,0,0,0,경북,봉화군,1,11,0,1,1,1,1,128.7962,36.8345,경북봉화군,0,화물차없음,0,0,0,149,0,0
2015-02-13,0,4,1,1,0,0,0,대구,수성구,1,1,0,0,0,0,2,128.6292,35.8264,대구수성구,0,승용차승용차,0,0,0,37,0,0
2015-02-13,1,4,1,3,0,2,0,전남,목포시,1,5,0,0,0,1,3,126.394,34.8348,전남목포시,0,화물차화물차,0,0,0,153,0,0
2015-02-13,1,4,1,1,0,0,0,전남,함평군,1,6,0,1,1,0,1,126.5016,35.0254,전남함평군,0,승용차없음,0,0,0,157,0,0
2015-02-13,1,4,1,2,1,0,0,경북,영천시,1,8,5,0,0,0,2,128.9486,35.9657,경북영천시,0,승용차승용차,0,0,0,5,0,0
2015-02-13,1,4,1,1,0,0,0,경기,안산시,1,1,6,0,0,7,2,126.8614,37.3027,경기안산시,0,자전거승용차,0,0,0,2,0,0
2015-02-13,1,4,1,2,0,1,0,충북,청주시,1,1,0,0,0,2,3,127.4647,36.5835,충북청주시,0,승합차화물차,0,0,0,83,0,0
2015-02-13,1,4,1,1,0,0,0,경북,경산시,1,5,0,0,0,1,11,128.7335,35.7753,경북경산시,0,화물차특수차,0,0,0,52,0,0
2015-02-13,1,4,1,1,0,0,0,경남,함안군,1,10,0,0,0,3,1,128.3571,35.2767,경남함안군,0,건설기계없음,0,0,0,117,0,0
2015-02-13,1,4,1,1,0,0,0,경기,파주시,1,9,6,1,1,2,5,126.7495,37.7233,경기파주시,0,승합차자전거,0,0,0,175,0,0
2015-02-13,1,4,1,1,0,0,0,경북,영주시,1,8,0,1,1,4,3,128.6091,36.8219,경북영주시,0,이륜차화물차,0,0,0,113,0,0
2015-02-14,0,5,1,1,0,0,0,대구,달서구,1,1,0,0,3,1,5,128.5447,35.8412,대구달서구,0,화물차자전거,0,1,0,20,0,0
2015-02-14,1,5,1,3,1,1,0,인천,중구,1,9,6,1,1,3,2,126.5498,37.4954,인천중구,0,건설기계승용차,0,1,0,72,0,0
2015-02-14,0,5,1,2,1,0,0,전남,신안군,1,1,5,0,0,1,3,126.2387,34.8496,전남신안군,0,화물차화물차,0,1,0,132,0,0
2015-02-14,0,5,1,1,0,0,0,충북,단양군,1,10,0,0,0,0,1,128.3428,36.9719,충북단양군,0,승용차없음,0,1,0,204,0,0
2015-02-14,0,5,1,2,1,0,0,전북,군산시,1,8,2,0,0,0,2,126.5194,35.8989,전북군산시,0,승용차승용차,0,1,0,166,0,0
2015-02-15,0,6,1,1,0,0,0,경북,칠곡군,1,6,0,0,0,0,1,128.4241,35.9832,경북칠곡군,0,승용차없음,0,1,0,21,0,0
2015-02-15,1,6,1,1,0,0,0,충북,청주시,1,6,0,0,0,0,1,127.4166,36.4632,충북청주시,0,승용차없음,0,1,0,83,0,0
2015-02-15,1,6,1,1,0,0,0,전북,군산시,1,1,4,2,4,3,9,126.7344,35.9703,전북군산시,0,건설기계건설기계,0,1,0,166,0,0
2015-02-15,0,6,1,1,0,0,0,경기,포천시,1,1,0,1,2,1,5,127.1633,37.8111,경기포천시,0,화물차자전거,0,1,0,171,0,0
2015-02-15,0,6,1,1,0,0,0,경기,연천군,1,5,0,0,0,1,5,127.0762,38.084,경기연천군,0,화물차자전거,0,1,0,106,0,0
2015-02-15,0,6,1,2,1,0,0,충북,충주시,1,1,5,0,0,4,2,127.8283,36.9779,충북충주시,0,이륜차승용차,0,1,0,6,0,0
2015-02-15,0,6,1,1,0,0,0,광주,광산구,1,6,0,1,1,0,1,126.7761,35.1374,광주광산구,0,승용차없음,0,1,0,135,0,0
2015-02-15,0,6,1,1,0,0,0,전북,전주시,1,6,0,1,2,0,1,127.0991,35.8021,전북전주시,0,승용차없음,0,1,0,11,0,0
2015-02-16,0,0,1,3,1,1,0,광주,서구,1,6,0,0,0,0,1,126.884,35.1644,광주서구,0,승용차없음,0,0,0,222,0,0
2015-02-16,0,0,1,1,0,0,0,경북,포항시,1,1,0,0,0,1,11,129.3816,36.0011,경북포항시,0,화물차특수차,0,0,0,160,0,0
2015-02-16,1,0,2,2,0,0,0,경기,의정부시,1,9,5,0,0,2,3,127.0696,37.7388,경기의정부시,0,승합차화물차,0,0,0,64,0,0
2015-02-16,0,0,1,2,0,1,0,경기,남양주시,1,5,0,0,0,0,2,127.2382,37.6303,경기남양주시,0,승용차승용차,0,0,0,70,0,0
2015-02-17,0,1,1,1,0,0,0,경북,안동시,1,6,0,0,0,5,1,128.8555,36.502,경북안동시,0,특수차없음,0,0,0,66,0,0
2015-02-17,1,1,1,1,0,0,0,서울,노원구,1,5,0,1,2,1,5,127.0542,37.6708,서울노원구,0,화물차자전거,0,0,0,18,0,0
2015-02-17,1,1,1,2,0,1,0,전남,강진군,1,8,2,1,1,0,3,126.7876,34.6303,전남강진군,0,승용차화물차,0,0,0,121,0,0
2015-02-17,1,1,1,2,0,1,0,충남,천안시,1,8,0,0,0,1,3,127.188,36.8749,충남천안시,0,화물차화물차,0,0,0,63,0,0
2015-02-17,1,1,1,1,0,0,0,전북,부안군,1,8,6,1,1,4,2,126.7218,35.723,전북부안군,0,이륜차승용차,0,0,0,185,0,0
2015-02-17,1,1,2,13,4,7,0,제주,제주시,1,1,2,1,1,2,2,126.4464,33.4815,제주제주시,2,승합차승용차,0,0,0,90,0,0
2015-02-17,0,1,1,2,1,0,0,강원,원주시,1,5,3,1,2,1,3,127.9823,37.3905,강원원주시,0,화물차화물차,0,0,0,36,0,0
2015-02-17,0,1,1,1,0,0,0,경남,양산시,1,8,6,1,1,0,2,129.0283,35.3294,경남양산시,0,승용차승용차,0,0,0,49,0,0
2015-02-18,0,2,1,4,3,0,0,충남,아산시,1,8,5,0,0,0,2,127.041,36.7725,충남아산시,1,승용차승용차,0,1,0,53,0,0
2015-02-18,1,2,1,1,0,0,0,경남,양산시,1,6,0,2,4,0,1,129.0105,35.3347,경남양산시,0,승용차없음,0,1,0,49,0,0
2015-02-18,1,2,1,1,0,0,0,대전,동구,1,10,0,0,0,0,1,127.4651,36.2623,대전동구,0,승용차없음,0,1,0,80,0,0
2015-02-18,0,2,1,1,0,0,0,전북,정읍시,1,1,5,0,0,7,2,126.7833,35.5609,전북정읍시,0,자전거승용차,0,1,0,12,0,0
2015-02-18,0,2,1,1,0,0,0,경기,광주시,1,9,5,0,0,0,4,127.256,37.4049,경기광주시,0,승용차이륜차,0,1,0,9,0,0
2015-02-19,0,3,1,2,0,0,1,강원,인제군,1,5,0,0,0,0,9,128.2388,38.1386,강원인제군,0,승용차건설기계,0,1,0,124,0,0
2015-02-19,0,3,1,1,0,0,0,전남,광양시,1,5,0,0,0,0,3,127.7565,34.9651,전남광양시,0,승용차화물차,0,1,0,130,0,0
2015-02-19,0,3,1,2,1,0,0,서울,성동구,1,5,0,0,0,0,2,127.0223,37.5555,서울성동구,0,승용차승용차,0,1,0,84,0,0
2015-02-19,0,3,1,1,0,0,0,충남,홍성군,1,6,0,0,0,0,1,126.6429,36.5902,충남홍성군,0,승용차없음,0,1,0,38,0,0
2015-02-19,1,3,1,3,2,0,0,경북,경주시,1,6,0,0,0,0,1,129.4158,35.7163,경북경주시,1,승용차없음,0,1,0,100,0,0
2015-02-19,1,3,1,31,7,21,2,서울,강북구,1,5,6,1,1,0,6,127.0279,37.6217,서울강북구,2,승용차승합차,0,1,0,200,0,0
2015-02-19,0,3,1,3,0,1,1,경북,경주시,1,6,0,0,0,0,1,129.1948,35.7271,경북경주시,0,승용차없음,0,1,0,100,0,0
2015-02-19,0,3,1,1,0,0,0,전북,진안군,1,9,0,1,1,1,7,127.4224,35.7856,전북진안군,0,화물차원동기장치자전거,0,1,0,192,0,0
2015-02-19,0,3,1,1,0,0,0,부산,남구,1,8,0,0,0,0,4,129.0771,35.1438,부산남구,0,승용차이륜차,0,1,0,180,0,0
2015-02-20,0,4,1,2,1,0,0,경북,울진군,1,1,5,0,0,1,2,129.4351,36.6686,경북울진군,0,화물차승용차,0,1,0,208,0,0
2015-02-20,0,4,2,6,3,1,0,경북,고령군,1,1,5,0,0,0,2,128.3538,35.7507,경북고령군,1,승용차승용차,0,1,0,220,0,0
2015-02-20,0,4,1,2,0,1,0,충북,청주시,1,1,6,1,1,0,2,127.4323,36.623,충북청주시,0,승용차승용차,0,1,0,83,0,0
2015-02-20,0,4,1,1,0,0,0,경북,안동시,1,5,0,0,0,6,3,128.5673,36.5813,경북안동시,0,원동기장치자전거화물차,0,1,0,66,0,0
2015-02-20,0,4,1,1,0,0,0,충남,예산군,1,6,0,1,2,0,1,126.8078,36.685,충남예산군,0,승용차없음,0,1,0,187,0,0
2015-02-21,1,5,1,1,0,0,0,광주,남구,1,8,6,1,1,0,3,126.8316,35.0795,광주남구,0,승용차화물차,0,1,0,190,0,0
2015-02-21,1,5,1,2,1,0,0,강원,고성군,1,8,5,0,0,0,2,128.5787,38.2323,강원고성군,0,승용차승용차,0,1,0,217,0,0
2015-02-21,1,5,1,7,5,0,1,제주,서귀포시,1,9,5,0,0,0,2,126.3718,33.2786,제주서귀포시,2,승용차승용차,0,1,0,62,0,0
2015-02-21,0,5,1,2,0,1,0,서울,영등포구,1,9,0,0,0,4,2,126.8801,37.5239,서울영등포구,0,이륜차승용차,0,1,0,150,0,0
2015-02-22,0,6,1,3,2,0,0,경기,시흥시,1,1,3,1,2,6,2,126.7883,37.4421,경기시흥시,1,원동기장치자전거승용차,0,1,0,73,0,0
2015-02-22,0,6,1,1,0,0,0,전남,담양군,1,1,0,1,2,1,1,127.0021,35.3235,전남담양군,0,화물차없음,0,1,0,181,0,0
2015-02-23,0,0,1,3,1,1,0,전남,고흥군,1,5,0,0,0,0,3,127.3679,34.6751,전남고흥군,0,승용차화물차,0,0,0,191,0,0
2015-02-23,0,0,1,2,1,0,0,전남,영암군,1,9,5,1,2,0,2,126.432,34.7746,전남영암군,0,승용차승용차,0,0,0,16,0,0
2015-02-23,1,0,1,1,0,0,0,충북,청주시,1,1,0,0,0,0,3,127.4712,36.7246,충북청주시,0,승용차화물차,0,0,0,83,0,0
2015-02-23,1,0,1,1,0,0,0,전북,군산시,1,1,5,1,2,7,3,126.7238,35.9759,전북군산시,0,자전거화물차,0,0,0,166,0,0
2015-02-23,1,0,1,3,1,1,0,경남,거창군,1,9,5,0,0,1,3,127.8542,35.7092,경남거창군,0,화물차화물차,0,0,0,154,0,0
2015-02-23,0,0,1,2,1,0,0,충남,서산시,1,5,0,1,2,1,2,126.5076,36.7483,충남서산시,0,화물차승용차,0,0,0,69,0,0
2015-02-24,1,1,1,1,0,0,0,경남,김해시,1,8,8,1,1,7,2,128.8827,35.2272,경남김해시,0,자전거승용차,0,0,0,13,0,0
2015-02-24,0,1,1,1,0,0,0,서울,광진구,1,9,5,1,1,0,7,127.1112,37.5531,서울광진구,0,승용차원동기장치자전거,0,0,0,183,0,0
2015-02-24,0,1,1,1,0,0,0,광주,광산구,1,6,0,0,0,6,1,126.7953,35.1789,광주광산구,0,원동기장치자전거없음,0,0,0,135,0,0
2015-02-25,0,2,1,1,0,0,0,서울,용산구,1,1,0,0,0,0,2,126.9769,37.5165,서울용산구,0,승용차승용차,0,0,0,134,0,0
2015-02-25,0,2,1,4,3,0,0,울산,북구,1,6,0,1,2,0,1,129.3608,35.5567,울산북구,1,승용차없음,0,0,0,158,0,0
2015-02-25,1,2,1,1,0,0,0,경기,고양시,1,1,6,1,1,7,2,126.7545,37.6742,경기고양시,0,자전거승용차,0,0,0,40,0,0
2015-02-25,1,2,1,2,1,0,0,충북,충주시,1,1,6,1,1,4,2,127.9129,36.9811,충북충주시,0,이륜차승용차,0,0,0,6,0,0
2015-02-25,0,2,1,1,0,0,0,전남,나주시,1,10,0,0,0,6,1,126.6114,34.9376,전남나주시,0,원동기장치자전거없음,0,0,0,33,0,0
2015-02-26,0,3,1,5,2,2,0,충북,음성군,1,1,0,0,0,1,3,127.6505,37.1437,충북음성군,1,화물차화물차,0,0,0,110,0,0
2015-02-26,0,3,1,2,1,0,0,충남,계룡시,1,5,0,0,0,0,4,127.2515,36.2797,충남계룡시,0,승용차이륜차,0,0,0,223,0,0
2015-02-26,1,3,1,1,0,0,0,경기,용인시,1,1,0,2,4,1,6,127.2308,37.2779,경기용인시,0,화물차승합차,0,0,0,51,0,0
2015-02-26,1,3,1,3,2,0,0,대전,동구,1,1,0,0,0,0,3,127.4821,36.3415,대전동구,1,승용차화물차,0,0,0,80,0,0
2015-02-26,1,3,1,2,1,0,0,강원,원주시,1,5,5,0,0,0,2,128.1153,37.2518,강원원주시,0,승용차승용차,0,0,0,36,0,0
2015-02-26,1,3,1,1,0,0,0,경기,수원시,1,5,3,0,0,0,7,127.0013,37.2702,경기수원시,0,승용차원동기장치자전거,0,0,0,99,0,0
2015-02-26,1,3,1,2,0,1,0,강원,고성군,1,5,0,1,2,6,2,128.5488,38.2814,강원고성군,0,원동기장치자전거승용차,0,0,0,217,0,0
2015-02-26,1,3,1,1,0,0,0,경북,경주시,1,1,0,0,0,0,5,129.2061,35.9929,경북경주시,0,승용차자전거,0,0,0,100,0,0
2015-02-26,0,3,1,1,0,0,0,충북,영동군,1,5,0,0,0,1,9,127.7535,36.1481,충북영동군,0,화물차건설기계,0,0,0,75,0,0
2015-02-27,0,4,1,1,0,0,0,경기,부천시,1,1,0,0,0,4,1,126.7932,37.481,경기부천시,0,이륜차없음,0,0,0,65,0,0
2015-02-27,1,4,1,1,0,0,0,경북,경산시,1,5,0,1,1,0,4,128.801,35.9,경북경산시,0,승용차이륜차,0,0,0,52,0,0
2015-02-27,1,4,1,1,0,0,0,대구,남구,1,1,0,1,1,1,5,128.5971,35.8451,대구남구,0,화물차자전거,0,0,0,145,0,0
2015-02-27,1,4,1,1,0,0,0,제주,제주시,1,5,0,0,0,6,3,126.5492,33.5048,제주제주시,0,원동기장치자전거화물차,0,0,0,90,0,0
2015-02-27,1,4,1,1,0,0,0,충남,태안군,1,5,0,0,0,0,8,126.3524,36.5362,충남태안군,0,승용차농기계,0,0,0,169,0,0
2015-02-27,1,4,1,2,1,0,0,충남,당진시,1,8,6,1,1,3,7,126.7653,36.7962,충남당진시,0,건설기계원동기장치자전거,0,0,0,46,0,0
2015-02-27,0,4,1,8,1,6,0,전북,남원시,1,10,0,0,0,0,1,127.4119,35.4076,전북남원시,1,승용차없음,0,0,0,193,0,0
2015-02-27,0,4,1,3,2,0,0,경기,가평군,1,5,0,0,0,0,2,127.3441,37.8219,경기가평군,1,승용차승용차,0,0,0,176,0,0
2015-02-28,1,5,1,1,0,0,0,충남,서산시,1,8,6,1,1,4,11,126.5123,36.7431,충남서산시,0,이륜차특수차,0,1,0,69,0,0
2015-02-28,1,5,1,2,1,0,0,대전,동구,1,6,0,0,0,0,1,127.5344,36.4011,대전동구,0,승용차없음,0,1,0,80,0,0
2015-02-28,0,5,1,2,1,0,0,경남,양산시,1,5,0,0,0,0,2,128.9954,35.3008,경남양산시,0,승용차승용차,0,1,0,49,0,0
2015-03-01,0,6,1,1,0,0,0,경기,고양시,1,1,0,0,0,5,1,126.8108,37.6314,경기고양시,0,특수차없음,0,1,0,40,0,0
2015-03-01,1,6,1,2,1,0,0,제주,제주시,1,6,0,0,0,0,1,126.2156,33.3748,제주제주시,0,승용차없음,0,1,0,90,0,0
2015-03-01,0,6,1,1,0,0,0,경남,김해시,1,6,0,2,4,4,1,128.8535,35.2154,경남김해시,0,이륜차없음,0,1,0,13,0,0
2015-03-01,0,6,1,1,0,0,0,경북,영주시,1,5,0,0,0,1,5,128.6881,36.8303,경북영주시,0,화물차자전거,0,1,0,113,0,0
2015-03-02,0,0,1,1,0,0,0,경기,용인시,1,5,0,0,0,0,3,127.2807,37.2277,경기용인시,0,승용차화물차,0,0,0,51,0,0
2015-03-02,1,0,1,1,0,0,0,경남,하동군,1,8,0,1,1,6,2,127.8122,35.1121,경남하동군,0,원동기장치자전거승용차,0,0,0,172,0,0
2015-03-02,1,0,1,1,0,0,0,경남,김해시,1,8,5,1,1,7,3,128.9273,35.223,경남김해시,0,자전거화물차,0,0,0,13,0,0
2015-03-02,1,0,1,2,1,0,0,경기,이천시,1,8,0,0,0,0,3,127.4309,37.2345,경기이천시,0,승용차화물차,0,0,0,41,0,0
2015-03-02,1,0,1,1,0,0,0,경북,울진군,1,6,0,1,1,4,1,129.3982,36.9671,경북울진군,0,이륜차없음,0,0,0,208,0,0
2015-03-02,1,0,1,1,0,0,0,충북,괴산군,1,10,0,0,0,9,1,128.0192,36.7465,충북괴산군,0,농기계없음,0,0,0,179,0,0
2015-03-03,1,1,1,1,0,0,0,충남,예산군,1,8,8,1,1,3,3,126.7942,36.721,충남예산군,0,건설기계화물차,0,0,0,187,0,0
2015-03-03,1,1,1,1,0,0,0,경북,안동시,1,1,0,1,1,7,2,128.7292,36.5633,경북안동시,0,자전거승용차,0,0,0,66,0,0
2015-03-03,1,1,1,1,0,0,0,경남,양산시,1,6,0,0,0,1,1,129.0211,35.3225,경남양산시,0,화물차없음,0,0,0,49,0,0
2015-03-03,0,1,1,3,1,1,0,대구,북구,1,5,0,0,3,1,2,128.5507,35.9164,대구북구,0,화물차승용차,0,0,0,112,0,0
2015-03-04,0,2,1,1,0,0,0,강원,인제군,1,6,0,1,1,0,1,128.0587,37.9184,강원인제군,0,승용차없음,0,0,0,124,0,0
2015-03-04,1,2,1,2,1,0,0,충남,태안군,1,8,6,1,1,0,6,126.2659,36.7596,충남태안군,0,승용차승합차,0,0,0,169,0,0
2015-03-04,1,2,1,4,3,0,0,전북,임실군,1,9,7,1,1,0,3,127.1944,35.5564,전북임실군,1,승용차화물차,0,0,0,152,0,0
2015-03-04,1,2,1,1,0,0,0,전북,전주시,1,8,3,1,2,1,7,127.1065,35.8357,전북전주시,0,화물차원동기장치자전거,0,0,0,11,0,0
2015-03-04,0,2,1,1,0,0,0,대구,달성군,1,8,0,1,1,0,4,128.4316,35.6274,대구달성군,0,승용차이륜차,0,0,0,30,0,0
2015-03-05,0,3,1,1,0,0,0,충남,천안시,1,8,0,1,2,0,5,127.1326,36.8073,충남천안시,0,승용차자전거,0,0,0,63,0,0
2015-03-05,0,3,1,1,0,0,0,인천,계양구,1,10,0,0,0,6,1,126.7476,37.5306,인천계양구,0,원동기장치자전거없음,0,0,0,7,0,0
2015-03-05,1,3,1,1,0,0,0,충남,홍성군,1,8,7,1,1,0,4,126.7199,36.6424,충남홍성군,0,승용차이륜차,0,0,0,38,0,0
2015-03-05,1,3,1,1,0,0,0,충남,아산시,1,5,0,0,0,4,2,126.9843,36.7771,충남아산시,0,이륜차승용차,0,0,0,53,0,0
2015-03-05,0,3,1,1,0,0,0,강원,횡성군,1,6,0,1,1,0,1,128.0775,37.4465,강원횡성군,0,승용차없음,0,0,0,31,0,0
2015-03-06,0,4,1,2,0,0,1,경남,창원시(통합),1,1,5,0,0,4,2,128.5763,35.2147,경남창원시(통합),0,이륜차승용차,0,0,0,86,0,0
2015-03-06,1,4,1,2,0,1,0,전북,익산시,1,9,5,0,0,0,3,127.0199,36.1074,전북익산시,0,승용차화물차,0,0,0,125,0,0
2015-03-06,1,4,1,2,0,1,0,충남,서천군,1,1,6,1,1,6,3,126.7162,36.0042,충남서천군,0,원동기장치자전거화물차,0,0,0,10,0,0
2015-03-06,0,4,1,1,0,0,0,전남,나주시,1,5,0,0,0,1,7,126.7267,35.0849,전남나주시,0,화물차원동기장치자전거,0,0,0,33,0,0
2015-03-06,0,4,1,3,0,2,0,경기,고양시,1,5,0,0,0,1,3,126.8292,37.6568,경기고양시,0,화물차화물차,0,0,0,40,0,0
2015-03-06,0,4,1,1,0,0,0,세종,세종,1,8,6,1,1,7,2,127.264,36.5038,세종세종,0,자전거승용차,1,0,0,229,0,0
2015-03-07,0,5,1,1,0,0,0,서울,강동구,1,1,0,0,0,0,1,127.12,37.5406,서울강동구,0,승용차없음,0,1,0,91,0,0
2015-03-07,1,5,1,1,0,0,0,경기,안산시,1,5,0,0,0,0,3,126.8267,37.3475,경기안산시,0,승용차화물차,0,1,0,2,0,0
2015-03-07,1,5,1,1,0,0,0,경기,수원시,1,1,5,0,0,1,2,126.969,37.2804,경기수원시,0,화물차승용차,0,1,0,99,0,0
2015-03-07,1,5,1,1,0,0,0,경북,성주군,1,1,0,2,4,6,3,128.2856,35.9274,경북성주군,0,원동기장치자전거화물차,0,1,0,168,0,0
2015-03-07,1,5,1,1,0,0,0,대전,중구,1,8,5,1,2,0,4,127.4271,36.3263,대전중구,0,승용차이륜차,0,1,0,39,0,0
2015-03-07,1,5,1,1,0,0,0,강원,강릉시,1,8,0,1,1,4,2,128.8311,37.8963,강원강릉시,0,이륜차승용차,0,1,0,194,0,0
2015-03-07,1,5,1,2,0,0,1,경북,청도군,1,9,6,1,1,5,3,128.6846,35.6863,경북청도군,0,특수차화물차,0,1,0,3,0,0
2015-03-07,1,5,1,1,0,0,0,경북,김천시,1,10,0,1,2,0,1,127.9958,36.0752,경북김천시,0,승용차없음,0,1,0,76,0,0
2015-03-07,0,5,1,1,0,0,0,경북,경주시,1,1,0,0,3,0,2,129.3136,35.7976,경북경주시,0,승용차승용차,0,1,0,100,0,0
2015-03-08,0,6,1,1,0,0,0,충북,보은군,1,5,3,0,0,1,2,127.7913,36.4557,충북보은군,0,화물차승용차,0,1,0,32,0,0
2015-03-08,1,6,1,1,0,0,0,대구,수성구,1,5,3,1,2,0,4,128.6168,35.8352,대구수성구,0,승용차이륜차,0,1,0,37,0,0
2015-03-08,1,6,1,3,2,0,0,인천,중구,1,8,7,1,1,1,2,126.5164,37.5173,인천중구,1,화물차승용차,0,1,0,72,0,0
2015-03-08,1,6,1,1,0,0,0,전남,나주시,1,1,0,0,0,6,1,126.8058,35.0158,전남나주시,0,원동기장치자전거없음,0,1,0,33,0,0