발생년월일,주야,요일,사망자수,사상자수,중상자수,경상자수,부상신고자수,발생지시도,발생지시군구,사고유형_대분류,사고유형_중분류,법규위반,도로형태_대분류,도로형태,당사자종별_1당_대분류,당사자종별_2당_대분류,경도,위도,발생지,사고피해정도,사고차량타입,도시여부,주말/공휴일,인구수,발생지번호,보행자의위치,무단횡단여부
2015-03-08,0,6,1,1,0,0,0,경북,칠곡군,1,10,0,0,0,1,1,128.3947,35.9798,경북칠곡군,0,화물차없음,0,1,0,21,0,0
2015-03-09,0,0,1,4,3,0,0,전북,전주시,1,6,0,1,2,0,1,127.129,35.7848,전북전주시,1,승용차없음,0,0,0,11,0,0
2015-03-09,1,0,1,1,0,0,0,경기,파주시,1,1,6,1,2,2,5,126.7542,37.7171,경기파주시,0,승합차자전거,0,0,0,175,0,0
2015-03-09,1,0,1,1,0,0,0,경기,수원시,1,8,6,1,1,4,3,127.0141,37.2625,경기수원시,0,이륜차화물차,0,0,0,99,0,0
2015-03-09,1,0,1,1,0,0,0,대전,중구,1,1,0,1,1,1,5,127.4047,36.3296,대전중구,0,화물차자전거,0,0,0,39,0,0
2015-03-09,1,0,1,1,0,0,0,울산,울주군,1,5,0,0,0,0,8,129.1753,35.5218,울산울주군,0,승용차농기계,0,0,0,17,0,0
2015-03-09,1,0,1,3,0,2,0,충남,태안군,1,9,5,0,0,0,9,126.2616,36.8018,충남태안군,0,승용차건설기계,0,0,0,169,0,0
2015-03-09,0,0,1,3,2,0,0,경기,여주시,1,5,0,1,1,1,3,127.5616,37.1879,경기여주시,1,화물차화물차,0,0,0,22,0,0
2015-03-09,0,0,1,1,0,0,0,전북,군산시,1,5,0,0,0,0,8,126.8373,35.9402,전북군산시,0,승용차농기계,0,0,0,166,0,0
2015-03-09,0,0,1,1,0,0,0,경남,김해시,1,1,0,0,0,0,3,128.7182,35.279,경남김해시,0,승용차화물차,0,0,0,13,0,0
2015-03-09,0,0,1,1,0,0,0,전남,곡성군,1,6,0,1,1,0,1,127.2971,35.2797,전남곡성군,0,승용차없음,0,0,0,147,0,0
2015-03-09,0,0,1,3,1,1,0,광주,광산구,1,9,5,0,0,0,2,126.7035,35.1616,광주광산구,0,승용차승용차,0,0,0,135,0,0
2015-03-10,0,1,1,1,0,0,0,경기,안산시,1,5,0,0,0,0,9,126.8442,37.2904,경기안산시,0,승용차건설기계,0,0,0,2,0,0
2015-03-10,1,1,1,1,0,0,0,경북,포항시,1,6,0,0,0,1,1,129.358,36.049,경북포항시,0,화물차없음,0,0,0,160,0,0
2015-03-10,1,1,1,1,0,0,0,부산,강서구,1,8,0,0,0,7,3,128.86,35.1336,부산강서구,0,자전거화물차,0,0,0,206,0,0
2015-03-10,0,1,1,1,0,0,0,전북,장수군,1,6,0,0,0,1,1,127.5101,35.6312,전북장수군,0,화물차없음,0,0,0,155,0,0
2015-03-10,0,1,1,1,0,0,0,울산,동구,1,8,2,1,1,0,4,129.4196,35.4873,울산동구,0,승용차이륜차,0,0,0,225,0,0
2015-03-11,0,2,1,1,0,0,0,서울,강남구,1,1,0,1,2,0,1,127.0753,37.4861,서울강남구,0,승용차없음,0,0,0,89,0,0
2015-03-11,0,2,1,5,3,1,0,전북,전주시,1,8,0,1,1,0,2,127.1149,35.813,전북전주시,1,승용차승용차,0,0,0,11,0,0
2015-03-11,0,2,1,3,2,0,0,전북,부안군,1,8,6,1,1,1,2,126.7374,35.7233,전북부안군,1,화물차승용차,0,0,0,185,0,0
2015-03-11,0,2,1,1,0,0,0,경기,고양시,1,1,2,0,0,0,4,126.7466,37.6958,경기고양시,0,승용차이륜차,0,0,0,40,0,0
2015-03-11,0,2,1,1,0,0,0,전남,해남군,1,6,0,1,1,0,1,126.6047,34.5657,전남해남군,0,승용차없음,0,0,0,119,0,0
2015-03-11,1,2,1,2,1,0,0,경북,경주시,1,1,0,1,1,1,2,129.2467,35.8923,경북경주시,0,화물차승용차,0,0,0,100,0,0
2015-03-11,0,2,1,1,0,0,0,전남,해남군,1,10,4,0,0,1,1,126.5161,34.3673,전남해남군,0,화물차없음,0,0,0,119,0,0
2015-03-12,0,3,1,2,1,0,0,전남,광양시,1,6,5,0,0,0,1,127.6645,34.9087,전남광양시,0,승용차없음,0,0,0,130,0,0
2015-03-12,1,3,1,2,0,1,0,전남,담양군,1,9,5,0,0,4,3,126.9331,35.3025,전남담양군,0,이륜차화물차,0,0,0,181,0,0
2015-03-12,1,3,1,1,0,0,0,전남,무안군,1,10,0,1,2,4,1,126.3218,35.0997,전남무안군,0,이륜차없음,0,0,0,101,0,0
2015-03-12,0,3,1,2,0,1,0,울산,중구,1,5,0,1,1,4,3,129.3104,35.5661,울산중구,0,이륜차화물차,0,0,0,205,0,0
2015-03-12,0,3,1,3,0,2,0,경기,김포시,1,8,6,1,2,0,2,126.6671,37.6589,경기김포시,0,승용차승용차,0,0,0,47,0,0
2015-03-13,0,4,1,1,0,0,0,경기,수원시,1,1,0,0,0,1,2,126.9959,37.3164,경기수원시,0,화물차승용차,0,0,0,99,0,0
2015-03-13,0,4,1,1,0,0,0,대구,서구,1,11,0,0,0,4,1,128.549,35.8625,대구서구,0,이륜차없음,0,0,0,107,0,0
2015-03-13,0,4,1,2,0,1,0,대구,수성구,1,5,0,1,2,0,2,128.617,35.8404,대구수성구,0,승용차승용차,0,0,0,37,0,0
2015-03-13,1,4,1,1,0,0,0,전남,순천시,1,8,0,1,1,6,2,127.5424,34.9171,전남순천시,0,원동기장치자전거승용차,0,0,0,27,0,0
2015-03-13,1,4,1,8,6,1,0,경남,진주시,1,6,0,0,0,1,1,128.096,35.2582,경남진주시,2,화물차없음,0,0,0,42,0,0
2015-03-13,0,4,1,2,1,0,0,경기,의정부시,1,9,5,0,0,2,7,127.0472,37.7244,경기의정부시,0,승합차원동기장치자전거,0,0,0,64,0,0
2015-03-14,0,5,1,1,0,0,0,경남,김해시,1,1,0,0,0,0,3,128.954,35.3163,경남김해시,0,승용차화물차,0,1,0,13,0,0
2015-03-14,1,5,1,2,1,0,0,경기,화성시,1,1,5,0,0,1,3,126.8751,37.1097,경기화성시,0,화물차화물차,0,1,0,50,0,0
2015-03-14,1,5,1,2,1,0,0,충북,음성군,1,1,6,1,1,4,2,127.4741,36.975,충북음성군,0,이륜차승용차,0,1,0,110,0,0
2015-03-14,1,5,1,1,0,0,0,강원,인제군,1,11,0,0,0,0,1,128.3967,37.9428,강원인제군,0,승용차없음,0,1,0,124,0,0
2015-03-14,0,5,1,1,0,0,0,전남,순천시,1,1,0,0,0,0,5,127.4935,34.9908,전남순천시,0,승용차자전거,0,1,0,27,0,0
2015-03-15,1,6,1,2,1,0,0,경기,성남시,1,5,6,1,1,0,6,127.1422,37.4067,경기성남시,0,승용차승합차,0,1,0,95,0,0
2015-03-15,1,6,1,2,1,0,0,경남,창원시(통합),1,11,0,0,0,1,1,128.5051,35.2631,경남창원시(통합),0,화물차없음,0,1,0,86,0,0
2015-03-15,1,6,1,4,0,3,0,광주,남구,1,5,0,0,0,0,2,126.902,35.1336,광주남구,1,승용차승용차,0,1,0,190,0,0
2015-03-15,1,6,1,6,1,4,0,경기,김포시,1,5,0,0,0,0,6,126.712,37.6253,경기김포시,1,승용차승합차,0,1,0,47,0,0
2015-03-15,1,6,1,1,0,0,0,경남,진주시,1,1,0,0,0,9,1,128.1488,35.1538,경남진주시,0,농기계없음,0,1,0,42,0,0
2015-03-15,1,6,1,2,1,0,0,전북,익산시,1,6,0,0,0,0,1,126.949,35.9942,전북익산시,0,승용차없음,0,1,0,125,0,0
2015-03-15,1,6,1,3,0,2,0,충남,서산시,1,5,0,0,0,4,2,126.5102,36.7842,충남서산시,0,이륜차승용차,0,1,0,69,0,0
2015-03-15,1,6,1,2,0,1,0,경기,양평군,1,6,0,0,0,0,1,127.7333,37.4736,경기양평군,0,승용차없음,0,1,0,48,0,0
2015-03-15,1,6,1,1,0,0,0,충남,홍성군,1,6,0,1,2,9,1,126.6025,36.5022,충남홍성군,0,농기계없음,0,1,0,38,0,0
2015-03-15,0,6,1,1,0,0,0,대구,동구,1,6,0,0,0,0,1,128.6777,35.9546,대구동구,0,승용차없음,0,1,0,26,0,0
2015-03-16,0,0,1,2,1,0,0,제주,제주시,1,6,0,1,1,0,1,126.4924,33.4938,제주제주시,0,승용차없음,0,0,0,90,0,0
2015-03-16,1,0,1,1,0,0,0,경북,안동시,1,1,0,1,1,0,5,128.7139,36.5616,경북안동시,0,승용차자전거,0,0,0,66,0,0
2015-03-16,1,0,1,1,0,0,0,전북,고창군,1,8,9,0,0,4,3,126.599,35.3398,전북고창군,0,이륜차화물차,0,0,0,219,0,0
2015-03-16,1,0,1,1,0,0,0,경기,평택시,1,1,0,0,0,1,2,126.9964,37.0236,경기평택시,0,화물차승용차,0,0,0,14,0,0
2015-03-16,1,0,1,1,0,0,0,경북,경주시,1,10,0,0,0,0,1,129.1691,35.9943,경북경주시,0,승용차없음,0,0,0,100,0,0
2015-03-16,0,0,1,1,0,0,0,충남,금산군,1,5,0,0,0,0,8,127.4901,36.0707,충남금산군,0,승용차농기계,0,0,0,68,0,0
2015-03-17,0,1,1,2,1,0,0,부산,남구,1,8,3,0,0,0,4,129.111,35.1117,부산남구,0,승용차이륜차,0,0,0,180,0,0
2015-03-17,0,1,1,1,0,0,0,전북,전주시,1,8,0,0,0,4,2,127.1406,35.8429,전북전주시,0,이륜차승용차,0,0,0,11,0,0
2015-03-17,0,1,1,4,0,3,0,서울,마포구,1,5,0,0,0,1,3,126.8616,37.5702,서울마포구,1,화물차화물차,0,0,0,159,0,0
2015-03-17,1,1,1,2,1,0,0,경기,안성시,1,5,0,0,0,1,3,127.4507,37.0863,경기안성시,0,화물차화물차,0,0,0,23,0,0
2015-03-17,1,1,1,1,0,0,0,경기,안성시,1,1,7,1,1,0,4,127.4301,37.0737,경기안성시,0,승용차이륜차,0,0,0,23,0,0
2015-03-17,1,1,1,1,0,0,0,경기,포천시,1,6,4,0,0,2,1,127.2097,37.8106,경기포천시,0,승합차없음,0,0,0,171,0,0
2015-03-17,1,1,1,2,1,0,0,전북,익산시,1,8,0,0,0,4,3,127.086,36.0587,전북익산시,0,이륜차화물차,0,0,0,125,0,0
2015-03-17,1,1,1,2,0,1,0,전남,보성군,1,5,0,1,1,6,5,127.0987,34.7879,전남보성군,0,원동기장치자전거자전거,0,0,0,122,0,0
2015-03-17,1,1,1,1,0,0,0,전북,전주시,1,8,3,0,0,7,6,127.1428,35.8121,전북전주시,0,자전거승합차,0,0,0,11,0,0
2015-03-17,0,1,1,1,0,0,0,전북,임실군,1,5,0,0,0,0,5,127.2764,35.6795,전북임실군,0,승용차자전거,0,0,0,152,0,0
2015-03-18,1,2,1,1,0,0,0,경남,통영시,1,10,0,0,0,0,1,128.3602,34.9211,경남통영시,0,승용차없음,0,0,0,212,0,0
2015-03-18,1,2,1,1,0,0,0,전남,영광군,1,10,0,0,0,6,1,126.4504,35.295,전남영광군,0,원동기장치자전거없음,0,0,0,127,0,0
2015-03-18,1,2,1,1,0,0,0,충남,공주시,1,6,0,0,0,0,1,127.1312,36.5007,충남공주시,0,승용차없음,0,0,0,19,0,0
2015-03-18,1,2,1,2,1,0,0,경북,경산시,1,10,0,1,2,1,1,128.7634,35.9603,경북경산시,0,화물차없음,0,0,0,52,0,0
2015-03-18,0,2,1,1,0,0,0,대구,수성구,1,1,5,0,0,7,2,128.6116,35.8352,대구수성구,0,자전거승용차,0,0,0,37,0,0
2015-03-19,1,3,1,6,5,0,0,경기,양평군,1,9,5,0,0,0,2,127.3579,37.5564,경기양평군,1,승용차승용차,0,0,0,48,0,0
2015-03-19,1,3,1,1,0,0,0,부산,수영구,1,6,0,0,0,0,1,129.1015,35.1516,부산수영구,0,승용차없음,0,0,0,45,0,0
2015-03-19,1,3,1,4,0,3,0,전북,군산시,1,8,6,1,1,4,2,126.7524,35.9986,전북군산시,1,이륜차승용차,0,0,0,166,0,0
2015-03-19,1,3,1,1,0,0,0,경북,의성군,1,8,2,0,0,1,4,128.3501,36.501,경북의성군,0,화물차이륜차,0,0,0,105,0,0
2015-03-19,0,3,1,1,0,0,0,경북,문경시,1,10,0,0,0,4,1,128.1076,36.7304,경북문경시,0,이륜차없음,0,0,0,74,0,0
2015-03-19,0,3,1,1,0,0,0,경북,봉화군,1,8,5,0,0,9,2,128.8646,36.9113,경북봉화군,0,농기계승용차,0,0,0,149,0,0
2015-03-19,0,3,1,1,0,0,0,경남,거창군,1,8,7,1,1,0,4,127.9259,35.7043,경남거창군,0,승용차이륜차,0,0,0,154,0,0
2015-03-20,0,4,1,2,1,0,0,경북,영덕군,1,5,0,1,2,1,9,129.3797,36.3542,경북영덕군,0,화물차건설기계,0,0,0,54,0,0
2015-03-20,0,4,1,1,0,0,0,경기,남양주시,1,6,0,0,0,0,1,127.1598,37.6558,경기남양주시,0,승용차없음,0,0,0,70,0,0
2015-03-20,1,4,1,1,0,0,0,경기,남양주시,1,9,0,0,0,4,3,127.1987,37.7554,경기남양주시,0,이륜차화물차,0,0,0,70,0,0
2015-03-20,1,4,1,1,0,0,0,전남,장성군,1,10,0,0,0,3,1,126.7613,35.349,전남장성군,0,건설기계없음,0,0,0,146,0,0
2015-03-20,1,4,1,2,1,0,0,충남,태안군,1,11,0,0,0,1,1,126.2297,36.901,충남태안군,0,화물차없음,0,0,0,169,0,0
2015-03-20,1,4,1,1,0,0,0,전남,완도군,1,11,0,0,0,0,1,126.7256,34.3124,전남완도군,0,승용차없음,0,0,0,141,0,0
2015-03-20,1,4,1,1,0,0,0,경북,김천시,1,8,3,0,0,4,6,127.9683,35.9831,경북김천시,0,이륜차승합차,0,0,0,76,0,0
2015-03-20,1,4,1,8,5,2,0,경북,구미시,1,5,3,0,0,1,2,128.2232,36.3061,경북구미시,2,화물차승용차,0,0,0,144,0,0
2015-03-20,1,4,1,16,7,8,0,충북,청주시,1,9,6,1,1,1,6,127.5149,36.6405,충북청주시,2,화물차승합차,0,0,0,83,0,0
2015-03-20,0,4,1,1,0,0,0,경북,포항시,1,8,0,0,0,0,3,129.4091,35.9661,경북포항시,0,승용차화물차,0,0,0,160,0,0
2015-03-21,0,5,1,1,0,0,0,경기,포천시,1,6,0,0,0,0,1,127.1302,37.8022,경기포천시,0,승용차없음,0,1,0,171,0,0
2015-03-21,1,5,1,1,0,0,0,강원,홍천군,1,6,0,0,0,4,1,127.9001,37.6018,강원홍천군,0,이륜차없음,0,1,0,82,0,0
2015-03-21,1,5,1,3,0,2,0,부산,금정구,1,5,0,0,0,0,2,129.1117,35.2148,부산금정구,0,승용차승용차,0,1,0,96,0,0
2015-03-21,0,5,1,1,0,0,0,전남,함평군,1,11,0,0,0,6,1,126.6046,35.2085,전남함평군,0,원동기장치자전거없음,0,1,0,157,0,0
2015-03-21,0,5,1,1,0,0,0,부산,사상구,1,10,0,0,0,4,1,128.9991,35.1531,부산사상구,0,이륜차없음,0,1,0,120,0,0
2015-03-22,0,6,1,1,0,0,0,서울,강북구,1,8,0,0,0,0,7,127.0268,37.6175,서울강북구,0,승용차원동기장치자전거,0,1,0,200,0,0
2015-03-22,0,6,1,3,1,1,0,경기,의정부시,1,6,0,1,2,6,1,127.048,37.7286,경기의정부시,0,원동기장치자전거없음,0,1,0,64,0,0
2015-03-22,0,6,1,3,1,0,1,경기,하남시,1,6,0,1,1,0,1,127.1923,37.5467,경기하남시,0,승용차없음,0,1,0,67,0,0
2015-03-22,0,6,1,1,0,0,0,경남,고성군,1,6,0,0,0,0,1,128.3326,34.9681,경남고성군,0,승용차없음,0,1,0,87,0,0
2015-03-22,0,6,1,2,1,0,0,강원,홍천군,1,5,0,0,0,4,3,127.9216,37.7129,강원홍천군,0,이륜차화물차,0,1,0,82,0,0
2015-03-23,0,0,1,1,0,0,0,부산,부산진구,1,6,6,0,0,0,1,129.0507,35.1578,부산부산진구,0,승용차없음,0,0,0,163,0,0
2015-03-23,0,0,1,2,1,0,0,서울,강북구,1,8,6,1,1,6,2,127.0284,37.6351,서울강북구,0,원동기장치자전거승용차,0,0,0,200,0,0
2015-03-23,1,0,1,1,0,0,0,서울,성동구,1,8,0,0,0,1,5,127.0554,37.5447,서울성동구,0,화물차자전거,0,0,0,84,0,0
2015-03-23,1,0,1,1,0,0,0,전남,영광군,1,11,0,0,0,6,1,126.5909,35.3086,전남영광군,0,원동기장치자전거없음,0,0,0,127,0,0
2015-03-23,1,0,1,1,0,0,0,경기,광명시,1,6,0,0,3,4,1,126.843,37.4713,경기광명시,0,이륜차없음,0,0,0,81,0,0
2015-03-23,1,0,1,2,1,0,0,강원,화천군,1,9,5,0,0,0,6,127.7208,38.0256,강원화천군,0,승용차승합차,0,0,0,218,0,0
2015-03-23,1,0,1,1,0,0,0,서울,영등포구,1,1,0,0,0,0,5,126.907,37.5194,서울영등포구,0,승용차자전거,0,0,0,150,0,0
2015-03-23,0,0,1,3,2,0,0,대전,동구,1,9,5,0,0,0,2,127.4598,36.3429,대전동구,1,승용차승용차,0,0,0,80,0,0
2015-03-24,0,1,1,1,0,0,0,서울,영등포구,1,5,0,0,0,1,9,126.9121,37.5254,서울영등포구,0,화물차건설기계,0,0,0,150,0,0
2015-03-24,1,1,1,1,0,0,0,경남,창원시(통합),1,5,0,0,0,6,3,128.5698,35.1944,경남창원시(통합),0,원동기장치자전거화물차,0,0,0,86,0,0
2015-03-24,1,1,1,2,0,1,0,광주,북구,1,6,0,0,0,2,1,126.9367,35.1683,광주북구,0,승합차없음,0,0,0,137,0,0
2015-03-24,1,1,1,1,0,0,0,경기,고양시,1,1,0,0,0,0,5,126.872,37.6114,경기고양시,0,승용차자전거,0,0,0,40,0,0
2015-03-24,1,1,1,1,0,0,0,경남,양산시,1,1,0,0,0,6,1,129.0188,35.2927,경남양산시,0,원동기장치자전거없음,0,0,0,49,0,0
2015-03-24,1,1,1,1,0,0,0,제주,서귀포시,1,1,6,1,1,1,3,126.6227,33.2933,제주서귀포시,0,화물차화물차,0,0,0,62,0,0
2015-03-25,1,2,1,1,0,0,0,전남,신안군,1,5,0,0,0,1,8,126.1206,34.8409,전남신안군,0,화물차농기계,0,0,0,132,0,0
2015-03-25,1,2,1,1,0,0,0,경북,고령군,1,8,6,1,1,1,4,128.2549,35.6953,경북고령군,0,화물차이륜차,0,0,0,220,0,0
2015-03-25,0,2,1,1,0,0,0,전북,정읍시,1,8,6,1,1,4,6,126.8485,35.5743,전북정읍시,0,이륜차승합차,0,0,0,12,0,0
2015-03-25,0,2,2,2,0,0,0,서울,동작구,1,5,0,0,0,0,3,126.9376,37.5164,서울동작구,0,승용차화물차,0,0,0,93,0,0
2015-03-26,0,3,1,2,0,1,0,서울,중랑구,1,9,5,0,3,4,6,127.086,37.5964,서울중랑구,0,이륜차승합차,0,0,0,196,0,0
2015-03-26,0,3,1,1,0,0,0,경기,의왕시,1,1,0,0,0,0,2,127.0114,37.3923,경기의왕시,0,승용차승용차,0,0,0,199,0,0
2015-03-26,1,3,1,1,0,0,0,대구,수성구,1,8,0,0,0,0,4,128.6102,35.8547,대구수성구,0,승용차이륜차,0,0,0,37,0,0
2015-03-26,1,3,1,7,6,0,0,경기,화성시,1,5,0,0,0,5,2,126.8883,37.2417,경기화성시,2,특수차승용차,0,0,0,50,0,0
2015-03-26,1,3,1,1,0,0,0,경기,안산시,1,1,4,2,4,0,1,126.5591,37.2767,경기안산시,0,승용차없음,0,0,0,2,0,0
2015-03-26,1,3,1,3,1,1,0,서울,마포구,1,5,0,0,0,0,3,126.9202,37.5653,서울마포구,0,승용차화물차,0,0,0,159,0,0
2015-03-26,0,3,1,5,3,1,0,강원,양구군,1,8,8,1,1,2,2,127.9892,38.0964,강원양구군,1,승합차승용차,0,0,0,115,0,0
2015-03-26,0,3,1,1,0,0,0,대구,달성군,1,9,5,0,0,0,4,128.589,35.7861,대구달성군,0,승용차이륜차,0,0,0,30,0,0
2015-03-27,0,4,1,1,0,0,0,충남,서산시,1,5,0,0,0,0,9,126.563,36.718,충남서산시,0,승용차건설기계,0,0,0,69,0,0
2015-03-27,1,4,1,1,0,0,0,전남,화순군,1,1,4,0,0,1,5,126.9902,35.0615,전남화순군,0,화물차자전거,0,0,0,88,0,0
2015-03-27,1,4,1,2,0,1,0,경북,김천시,1,5,3,0,0,1,3,128.2601,36.0818,경북김천시,0,화물차화물차,0,0,0,76,0,0
2015-03-27,1,4,1,1,0,0,0,경기,안산시,1,8,6,0,3,7,3,126.8437,37.3048,경기안산시,0,자전거화물차,0,0,0,2,0,0
2015-03-27,1,4,1,1,0,0,0,전남,순천시,1,1,6,1,1,0,4,127.4843,34.9592,전남순천시,0,승용차이륜차,0,0,0,27,0,0
2015-03-27,0,4,1,3,2,0,0,경기,고양시,1,9,5,0,0,0,2,126.8831,37.6298,경기고양시,1,승용차승용차,0,0,0,40,0,0
2015-03-27,0,4,1,1,0,0,0,경기,광주시,1,6,0,0,0,0,1,127.2629,37.4508,경기광주시,0,승용차없음,0,0,0,9,0,0
2015-03-28,0,5,1,1,0,0,0,전남,여수시,1,10,0,0,0,6,1,127.6773,34.7512,전남여수시,0,원동기장치자전거없음,0,1,0,102,0,0
2015-03-28,0,5,1,1,0,0,0,경기,평택시,1,6,0,1,1,1,1,126.8323,36.9901,경기평택시,0,화물차없음,0,1,0,14,0,0
2015-03-28,0,5,1,2,1,0,0,경기,안산시,1,6,2,0,0,0,1,126.8629,37.3123,경기안산시,0,승용차없음,0,1,0,2,0,0
2015-03-28,1,5,1,3,2,0,0,전북,순창군,1,9,5,0,0,1,3,126.9444,35.4343,전북순창군,1,화물차화물차,0,1,0,131,0,0
2015-03-28,1,5,1,6,1,4,0,충북,괴산군,1,9,8,1,1,0,6,127.7643,36.834,충북괴산군,1,승용차승합차,0,1,0,179,0,0
2015-03-28,1,5,1,1,0,0,0,경남,의령군,1,5,0,0,0,1,9,128.2929,35.3363,경남의령군,0,화물차건설기계,0,1,0,189,0,0
2015-03-28,1,5,1,2,1,0,0,전남,장성군,1,10,4,1,1,6,1,126.7767,35.254,전남장성군,0,원동기장치자전거없음,0,1,0,146,0,0
2015-03-28,0,5,1,1,0,0,0,경기,광주시,1,6,0,1,2,6,1,127.3303,37.2877,경기광주시,0,원동기장치자전거없음,0,1,0,9,0,0
2015-03-28,0,5,1,2,1,0,0,경기,안산시,1,6,0,0,0,0,1,126.902,37.2934,경기안산시,0,승용차없음,0,1,0,2,0,0
2015-03-28,0,5,1,1,0,0,0,충남,서천군,1,6,0,0,0,6,1,126.6799,36.0596,충남서천군,0,원동기장치자전거없음,0,1,0,10,0,0
2015-03-29,1,6,1,1,0,0,0,전남,구례군,1,11,0,0,0,1,1,127.5976,35.2251,전남구례군,0,화물차없음,0,1,0,161,0,0
2015-03-29,1,6,1,2,0,0,1,서울,동대문구,1,1,0,1,1,0,4,127.0578,37.5928,서울동대문구,0,승용차이륜차,0,1,0,201,0,0
2015-03-29,1,6,1,1,0,0,0,경기,파주시,1,6,0,0,0,4,1,126.7837,37.8527,경기파주시,0,이륜차없음,0,1,0,175,0,0
2015-03-29,1,6,1,4,0,3,0,대전,대덕구,1,8,2,0,0,0,4,127.4277,36.3591,대전대덕구,1,승용차이륜차,0,1,0,77,0,0
2015-03-29,1,6,1,1,0,0,0,울산,중구,1,8,8,1,1,4,3,129.3438,35.5559,울산중구,0,이륜차화물차,0,1,0,205,0,0
2015-03-29,1,6,1,1,0,0,0,충남,공주시,1,6,0,0,0,0,1,127.063,36.4366,충남공주시,0,승용차없음,0,1,0,19,0,0
2015-03-29,0,6,1,1,0,0,0,인천,서구,1,6,5,0,0,0,1,126.6108,37.551,인천서구,0,승용차없음,0,1,0,97,0,0
2015-03-29,0,6,1,4,1,0,2,서울,노원구,1,9,5,0,0,0,2,127.0651,37.6429,서울노원구,0,승용차승용차,0,1,0,18,0,0
2015-03-29,0,6,1,2,0,1,0,전남,나주시,1,1,0,0,0,0,2,126.7073,34.9671,전남나주시,0,승용차승용차,0,1,0,33,0,0
2015-03-29,0,6,1,7,0,1,5,인천,남구,1,5,0,0,0,0,2,126.6742,37.4712,인천남동구,1,승용차승용차,0,1,0,29,0,0
2015-03-29,0,6,1,2,1,0,0,서울,마포구,1,11,0,0,0,4,1,126.894,37.5594,서울마포구,0,이륜차없음,0,1,0,159,0,0
2015-03-30,0,0,1,1,0,0,0,대전,서구,1,10,0,1,2,0,1,127.3934,36.3671,대전서구,0,승용차없음,0,0,0,4,0,0
2015-03-30,1,0,1,4,0,3,0,경기,의정부시,1,5,0,1,1,3,9,127.0532,37.7048,경기의정부시,1,건설기계건설기계,0,0,0,64,0,0
2015-03-30,1,0,1,1,0,0,0,경기,연천군,1,5,0,0,0,0,5,127.0684,38.045,경기연천군,0,승용차자전거,0,0,0,106,0,0
2015-03-30,1,0,1,1,0,0,0,전남,순천시,1,10,0,0,0,1,1,127.4758,35.0039,전남순천시,0,화물차없음,0,0,0,27,0,0
2015-03-30,1,0,4,5,1,0,0,충남,홍성군,1,6,0,0,0,0,1,126.5468,36.6023,충남홍성군,1,승용차없음,0,0,0,38,0,0
2015-03-30,1,0,1,2,0,1,0,경북,영주시,1,5,2,0,0,3,2,128.4835,36.8767,경북영주시,0,건설기계승용차,0,0,0,113,0,0
2015-03-30,1,0,1,4,1,2,0,경남,창원시(통합),1,5,0,1,2,5,11,128.7878,35.0832,경남창원시(통합),1,특수차특수차,0,0,0,86,0,0
2015-03-30,1,0,1,1,0,0,0,전북,남원시,1,1,0,0,0,9,1,127.5952,35.5389,전북남원시,0,농기계없음,0,0,0,193,0,0
2015-03-30,1,0,1,1,0,0,0,경북,포항시,1,1,6,1,1,1,7,129.37,36.245,경북포항시,0,화물차원동기장치자전거,0,0,0,160,0,0
2015-03-30,0,0,1,1,0,0,0,경북,영양군,1,9,5,0,0,0,9,129.122,36.6856,경북영양군,0,승용차건설기계,0,0,0,128,0,0
2015-03-30,0,0,1,1,0,0,0,경남,남해군,1,5,0,0,0,0,5,128.0093,34.8738,경남남해군,0,승용차자전거,0,0,0,197,0,0
2015-03-30,0,0,1,1,0,0,0,강원,강릉시,1,6,0,0,0,4,1,128.8731,37.8024,강원강릉시,0,이륜차없음,0,0,0,194,0,0
2015-03-30,0,0,1,1,0,0,0,경북,구미시,1,1,0,0,0,4,6,128.4187,36.1428,경북구미시,0,이륜차승합차,0,0,0,144,0,0
2015-03-31,0,1,1,2,1,0,0,경기,포천시,1,9,6,1,1,0,9,127.1314,37.8055,경기포천시,0,승용차건설기계,0,0,0,171,0,0
2015-03-31,0,1,1,2,1,0,0,경기,파주시,1,5,0,1,2,0,2,126.7339,37.7347,경기파주시,0,승용차승용차,0,0,0,175,0,0
2015-03-31,0,1,2,4,1,1,0,경기,하남시,1,8,0,0,0,1,2,127.2023,37.5316,경기하남시,1,화물차승용차,0,0,0,67,0,0
2015-03-31,1,1,1,1,0,0,0,전남,해남군,1,6,0,0,0,2,1,126.5707,34.4332,전남해남군,0,승합차없음,0,0,0,119,0,0
2015-03-31,1,1,1,2,1,0,0,충남,금산군,1,9,5,0,0,1,9,127.3836,36.1912,충남금산군,0,화물차건설기계,0,0,0,68,0,0
2015-03-31,1,1,1,2,0,1,0,전남,여수시,1,8,5,0,0,0,3,127.6823,34.7358,전남여수시,0,승용차화물차,0,0,0,102,0,0
2015-03-31,1,1,1,1,0,0,0,전북,김제시,1,6,0,2,4,6,1,126.965,35.7551,전북김제시,0,원동기장치자전거없음,0,0,0,34,0,0
2015-03-31,1,1,1,4,3,0,0,경북,영덕군,1,8,5,0,0,3,2,129.1626,36.4928,경북영덕군,1,건설기계승용차,0,0,0,54,0,0