발생년월일,주야,요일,사망자수,사상자수,중상자수,경상자수,부상신고자수,발생지시도,발생지시군구,사고유형_대분류,사고유형_중분류,법규위반,도로형태_대분류,도로형태,당사자종별_1당_대분류,당사자종별_2당_대분류,경도,위도,발생지,사고피해정도,사고차량타입,도시여부,주말/공휴일,인구수,발생지번호,보행자의위치,무단횡단여부
2015-03-31,1,1,1,1,0,0,0,경북,포항시,1,5,8,1,1,1,4,129.3398,35.9905,경북포항시,0,화물차이륜차,0,0,0,160,0,0
2015-03-31,1,1,1,3,1,1,0,전북,임실군,1,5,0,1,2,0,2,127.3164,35.5886,전북임실군,0,승용차승용차,0,0,0,152,0,0
2015-03-31,1,1,1,1,0,0,0,강원,정선군,1,6,0,0,0,4,1,128.5864,37.4099,강원정선군,0,이륜차없음,0,0,0,198,0,0
2015-03-31,1,1,1,1,0,0,0,경남,창원시(통합),1,6,0,0,0,0,1,128.7002,35.1259,경남창원시(통합),0,승용차없음,0,0,0,86,0,0
2015-04-01,1,2,1,3,2,0,0,강원,춘천시,1,8,0,1,1,2,2,127.7341,37.8514,강원춘천시,1,승합차승용차,0,0,0,111,0,0
2015-04-01,1,2,1,1,0,0,0,충북,청주시,1,10,0,0,0,4,1,127.5143,36.6576,충북청주시,0,이륜차없음,0,0,0,83,0,0
2015-04-01,1,2,1,2,1,0,0,충북,음성군,1,8,5,0,0,1,3,127.6872,36.9099,충북음성군,0,화물차화물차,0,0,0,110,0,0
2015-04-01,1,2,1,4,2,1,0,충남,홍성군,1,8,5,0,0,0,3,126.6482,36.6054,충남홍성군,1,승용차화물차,0,0,0,38,0,0
2015-04-02,0,3,1,1,0,0,0,경기,고양시,1,5,0,0,0,0,3,126.8432,37.6689,경기고양시,0,승용차화물차,0,0,0,40,0,0
2015-04-02,1,3,1,1,0,0,0,울산,동구,1,6,0,0,0,6,1,129.4264,35.4916,울산동구,0,원동기장치자전거없음,0,0,0,225,0,0
2015-04-02,1,3,1,2,0,1,0,전남,무안군,1,8,6,1,1,0,4,126.4658,34.8087,전남무안군,0,승용차이륜차,0,0,0,101,0,0
2015-04-02,0,3,1,2,0,1,0,부산,서구,1,6,0,0,0,0,1,129.0102,35.1096,부산서구,0,승용차없음,0,0,0,226,0,0
2015-04-03,0,4,1,1,0,0,0,경기,시흥시,1,6,0,0,0,1,1,126.7748,37.3542,경기시흥시,0,화물차없음,0,0,0,73,0,0
2015-04-03,1,4,1,4,1,2,0,경북,영주시,1,8,0,1,1,1,2,128.6168,36.8252,경북영주시,1,화물차승용차,0,0,0,113,0,0
2015-04-03,1,4,1,1,0,0,0,경북,경주시,1,8,7,1,1,2,7,129.3343,35.7711,경북경주시,0,승합차원동기장치자전거,0,0,0,100,0,0
2015-04-03,1,4,1,2,0,1,0,경북,구미시,1,9,6,1,1,0,6,128.3059,36.2487,경북구미시,0,승용차승합차,0,0,0,144,0,0
2015-04-03,1,4,1,2,0,0,1,경북,안동시,1,1,0,0,0,2,8,128.7571,36.7953,경북안동시,0,승합차농기계,0,0,0,66,0,0
2015-04-03,0,4,1,1,0,0,0,경북,칠곡군,1,11,0,0,0,0,1,128.3875,35.9955,경북칠곡군,0,승용차없음,0,0,0,21,0,0
2015-04-04,0,5,1,1,0,0,0,서울,동대문구,1,8,6,1,1,0,4,127.0576,37.576,서울동대문구,0,승용차이륜차,0,1,0,201,0,0
2015-04-04,1,5,1,2,1,0,0,경북,청도군,1,5,0,0,0,0,8,128.6476,35.6399,경북청도군,0,승용차농기계,0,1,0,3,0,0
2015-04-04,1,5,1,1,0,0,0,전북,정읍시,1,8,5,0,0,6,6,126.9811,35.6939,전북정읍시,0,원동기장치자전거승합차,0,1,0,12,0,0
2015-04-04,1,5,1,1,0,0,0,전남,영암군,1,6,0,0,0,0,1,126.3997,34.7358,전남영암군,0,승용차없음,0,1,0,16,0,0
2015-04-04,0,5,1,1,0,0,0,경남,거창군,1,5,0,0,0,6,3,127.9162,35.6814,경남거창군,0,원동기장치자전거화물차,0,1,0,154,0,0
2015-04-04,0,5,1,1,0,0,0,경기,양주시,1,1,0,1,2,4,1,126.9987,37.8029,경기양주시,0,이륜차없음,0,1,0,59,0,0
2015-04-04,0,5,1,1,0,0,0,충북,청주시,1,1,0,0,0,0,2,127.4328,36.5233,충북청주시,0,승용차승용차,0,1,0,83,0,0
2015-04-05,0,6,1,1,0,0,0,강원,태백시,1,6,0,0,0,0,1,128.9527,37.1314,강원태백시,0,승용차없음,0,1,0,215,0,0
2015-04-05,1,6,1,5,3,1,0,충남,논산시,1,9,0,1,1,0,2,127.0814,36.1982,충남논산시,1,승용차승용차,0,1,0,61,0,0
2015-04-05,1,6,1,4,1,2,0,충남,예산군,1,8,0,1,1,0,2,126.6562,36.6895,충남예산군,1,승용차승용차,0,1,0,187,0,0
2015-04-05,1,6,2,2,0,0,0,강원,정선군,1,5,0,2,4,0,3,128.7785,37.2403,강원정선군,0,승용차화물차,0,1,0,198,0,0
2015-04-05,1,6,1,2,0,1,0,충북,충주시,1,1,0,1,1,0,2,127.8827,36.9924,충북충주시,0,승용차승용차,0,1,0,6,0,0
2015-04-05,1,6,1,1,0,0,0,전북,전주시,1,6,0,0,0,0,1,127.1229,35.7648,전북전주시,0,승용차없음,0,1,0,11,0,0
2015-04-05,0,6,1,1,0,0,0,전북,익산시,1,5,0,1,2,0,3,126.9317,35.952,전북익산시,0,승용차화물차,0,1,0,125,0,0
2015-04-06,1,0,1,1,0,0,0,강원,평창군,1,8,0,0,0,0,4,128.4542,37.5295,강원평창군,0,승용차이륜차,0,0,0,24,0,0
2015-04-06,1,0,1,2,1,0,0,충북,음성군,1,1,0,1,1,1,3,127.6888,36.9136,충북음성군,0,화물차화물차,0,0,0,110,0,0
2015-04-06,1,0,1,1,0,0,0,경남,통영시,1,1,6,0,0,0,4,128.4411,34.8601,경남통영시,0,승용차이륜차,0,0,0,212,0,0
2015-04-06,1,0,1,3,2,0,0,경북,성주군,1,9,5,2,4,1,3,128.2459,35.7924,경북성주군,1,화물차화물차,0,0,0,168,0,0
2015-04-06,0,0,1,4,3,0,0,경기,평택시,1,8,5,0,0,0,2,127.0716,37.0224,경기평택시,1,승용차승용차,0,0,0,14,0,0
2015-04-07,0,1,2,2,0,0,0,경기,시흥시,1,5,0,0,0,0,3,126.7869,37.3588,경기시흥시,0,승용차화물차,0,0,0,73,0,0
2015-04-07,1,1,1,1,0,0,0,서울,동대문구,1,8,0,2,4,0,5,127.0571,37.5772,서울동대문구,0,승용차자전거,0,0,0,201,0,0
2015-04-07,1,1,1,1,0,0,0,충북,영동군,1,5,0,0,0,1,8,127.9936,36.2164,충북영동군,0,화물차농기계,0,0,0,75,0,0
2015-04-07,0,1,1,1,0,0,0,전남,담양군,1,5,10,0,0,0,4,126.9556,35.2458,전남담양군,0,승용차이륜차,0,0,0,181,0,0
2015-04-07,0,1,1,1,0,0,0,강원,춘천시,1,8,6,1,1,4,6,127.7288,37.883,강원춘천시,0,이륜차승합차,0,0,0,111,0,0
2015-04-08,0,2,1,2,0,1,0,경북,상주시,1,9,5,0,0,1,3,128.1695,36.4723,경북상주시,0,화물차화물차,0,0,0,58,0,0
2015-04-08,0,2,1,3,0,2,0,인천,남구,1,8,6,1,1,0,4,126.65,37.465,인천남동구,0,승용차이륜차,0,0,0,29,0,0
2015-04-08,0,2,1,2,1,0,0,충남,아산시,1,9,5,0,0,0,2,126.8812,36.8416,충남아산시,0,승용차승용차,0,0,0,53,0,0
2015-04-08,1,2,1,2,0,1,0,전남,여수시,1,9,5,1,2,1,2,127.6593,34.761,전남여수시,0,화물차승용차,0,0,0,102,0,0
2015-04-08,1,2,1,1,0,0,0,대구,달서구,1,8,0,0,0,0,7,128.5018,35.8187,대구달서구,0,승용차원동기장치자전거,0,0,0,20,0,0
2015-04-08,1,2,1,2,1,0,0,전남,장성군,1,9,5,0,0,7,4,126.7532,35.3076,전남장성군,0,자전거이륜차,0,0,0,146,0,0
2015-04-08,1,2,1,3,1,1,0,경기,이천시,1,5,5,1,2,0,3,127.6079,37.1302,경기이천시,0,승용차화물차,0,0,0,41,0,0
2015-04-08,1,2,1,1,0,0,0,부산,동구,1,6,0,0,0,5,1,129.0658,35.1291,부산동구,0,특수차없음,0,0,0,209,0,0
2015-04-08,1,2,1,1,0,0,0,제주,서귀포시,1,8,0,1,1,0,7,126.2045,33.2676,제주서귀포시,0,승용차원동기장치자전거,0,0,0,62,0,0
2015-04-08,1,2,1,5,3,1,0,경기,포천시,1,1,5,0,0,0,2,127.3254,37.9813,경기포천시,1,승용차승용차,0,0,0,171,0,0
2015-04-08,1,2,1,1,0,0,0,경기,남양주시,1,6,0,0,0,1,1,127.1939,37.6035,경기남양주시,0,화물차없음,0,0,0,70,0,0
2015-04-08,0,2,1,3,0,2,0,경기,포천시,1,5,0,0,0,0,2,127.1314,37.8052,경기포천시,0,승용차승용차,0,0,0,171,0,0
2015-04-08,0,2,1,1,0,0,0,경기,포천시,1,8,6,1,1,6,2,127.1921,37.8483,경기포천시,0,원동기장치자전거승용차,0,0,0,171,0,0
2015-04-09,0,3,1,1,0,0,0,경기,화성시,1,1,0,0,0,0,3,126.9045,37.1286,경기화성시,0,승용차화물차,0,0,0,50,0,0
2015-04-09,1,3,1,2,1,0,0,경기,여주시,1,10,0,0,0,1,1,127.5915,37.2312,경기여주시,0,화물차없음,0,0,0,22,0,0
2015-04-09,1,3,1,1,0,0,0,서울,은평구,1,8,0,0,0,3,4,126.9358,37.6006,서울은평구,0,건설기계이륜차,0,0,0,139,0,0
2015-04-09,1,3,1,1,0,0,0,전남,신안군,1,1,0,2,4,9,1,126.1282,34.8652,전남신안군,0,농기계없음,0,0,0,132,0,0
2015-04-09,1,3,1,2,1,0,0,경북,봉화군,1,11,0,0,0,1,1,128.9958,36.9764,경북봉화군,0,화물차없음,0,0,0,149,0,0
2015-04-09,1,3,1,1,0,0,0,서울,노원구,1,1,5,1,1,7,2,127.0641,37.6282,서울노원구,0,자전거승용차,0,0,0,18,0,0
2015-04-09,0,3,1,4,3,0,0,경기,고양시,1,6,0,1,2,0,1,126.8766,37.5858,경기고양시,1,승용차없음,0,0,0,40,0,0
2015-04-09,0,3,1,1,0,0,0,울산,울주군,1,11,0,0,0,4,1,129.3246,35.3954,울산울주군,0,이륜차없음,0,0,0,17,0,0
2015-04-09,0,3,1,3,2,0,0,강원,동해시,1,8,6,1,1,0,2,129.1219,37.4896,강원동해시,1,승용차승용차,0,0,0,210,0,0
2015-04-09,0,3,1,1,0,0,0,전남,해남군,1,6,0,0,0,0,1,126.606,34.5655,전남해남군,0,승용차없음,0,0,0,119,0,0
2015-04-10,0,4,1,2,1,0,0,제주,서귀포시,1,5,0,0,0,0,9,126.4877,33.2504,제주서귀포시,0,승용차건설기계,0,0,0,62,0,0
2015-04-10,1,4,1,2,1,0,0,인천,연수구,1,1,6,1,1,3,3,126.6661,37.3762,인천연수구,0,건설기계화물차,0,0,0,35,0,0
2015-04-10,1,4,2,5,0,3,0,경기,군포시,1,5,0,1,2,2,6,126.9423,37.347,경기군포시,1,승합차승합차,0,0,0,126,0,0
2015-04-10,1,4,1,1,0,0,0,경남,밀양시,1,9,7,1,1,3,4,128.8222,35.398,경남밀양시,0,건설기계이륜차,0,0,0,177,0,0
2015-04-10,1,4,1,1,0,0,0,경기,연천군,1,1,0,0,0,4,4,126.9584,38.0235,경기연천군,0,이륜차이륜차,0,0,0,106,0,0
2015-04-10,0,4,1,1,0,0,0,세종,세종,1,5,0,0,0,0,8,127.3113,36.5648,세종세종,0,승용차농기계,1,0,0,229,0,0
2015-04-11,0,5,2,4,0,2,0,전남,나주시,1,6,0,0,0,0,1,126.7118,34.9491,전남나주시,1,승용차없음,0,1,0,33,0,0
2015-04-11,0,5,1,1,0,0,0,부산,북구,1,6,0,0,0,4,1,129.0288,35.2126,부산북구,0,이륜차없음,0,1,0,118,0,0
2015-04-11,0,5,1,2,0,1,0,경북,문경시,1,5,0,0,0,1,3,128.1609,36.6055,경북문경시,0,화물차화물차,0,1,0,74,0,0
2015-04-11,1,5,1,2,0,1,0,전북,전주시,1,1,9,1,1,7,2,127.13,35.8068,전북전주시,0,자전거승용차,0,1,0,11,0,0
2015-04-11,1,5,1,1,0,0,0,전남,해남군,1,6,0,1,2,0,1,126.5229,34.5043,전남해남군,0,승용차없음,0,1,0,119,0,0
2015-04-11,1,5,1,1,0,0,0,경기,연천군,1,5,0,0,0,3,9,127.1362,38.0196,경기연천군,0,건설기계건설기계,0,1,0,106,0,0
2015-04-11,1,5,1,1,0,0,0,전북,김제시,1,6,0,2,4,4,1,127.0499,35.778,전북김제시,0,이륜차없음,0,1,0,34,0,0
2015-04-11,0,5,1,3,1,1,0,충남,서천군,1,8,6,1,1,2,3,126.5537,36.1548,충남서천군,0,승합차화물차,0,1,0,10,0,0
2015-04-11,0,5,1,1,0,0,0,경기,연천군,1,1,0,0,0,2,5,127.066,38.0204,경기연천군,0,승합차자전거,0,1,0,106,0,0
2015-04-11,0,5,1,2,0,1,0,경북,포항시,1,6,0,0,0,0,1,129.2921,36.0242,경북포항시,0,승용차없음,0,1,0,160,0,0
2015-04-11,0,5,1,1,0,0,0,경남,창원시(통합),1,11,0,2,4,0,1,128.6842,35.359,경남창원시(통합),0,승용차없음,0,1,0,86,0,0
2015-04-12,1,6,1,7,3,3,0,전북,익산시,1,8,8,1,1,0,3,126.9867,36.023,전북익산시,1,승용차화물차,0,1,0,125,0,0
2015-04-12,1,6,1,1,0,0,0,전북,남원시,1,8,4,0,0,1,7,127.409,35.4237,전북남원시,0,화물차원동기장치자전거,0,1,0,193,0,0
2015-04-13,0,0,1,1,0,0,0,서울,서대문구,1,1,0,0,0,0,1,126.963,37.5728,서울서대문구,0,승용차없음,0,0,0,195,0,0
2015-04-13,1,0,1,3,0,2,0,경기,양평군,1,8,0,1,1,1,2,127.32,37.5441,경기양평군,0,화물차승용차,0,0,0,48,0,0
2015-04-13,1,0,1,9,1,7,0,경기,평택시,1,1,3,1,2,1,2,126.9128,36.9504,경기평택시,2,화물차승용차,0,0,0,14,0,0
2015-04-13,1,0,1,3,0,1,1,전북,부안군,1,5,0,0,0,0,2,126.7833,35.7052,전북부안군,0,승용차승용차,0,0,0,185,0,0
2015-04-13,1,0,1,1,0,0,0,충북,단양군,1,11,0,0,0,4,1,128.4455,37.0382,충북단양군,0,이륜차없음,0,0,0,204,0,0
2015-04-13,1,0,1,1,0,0,0,전남,장성군,1,6,0,0,0,0,1,126.7764,35.3882,전남장성군,0,승용차없음,0,0,0,146,0,0
2015-04-13,0,0,1,1,0,0,0,충북,청주시,1,6,0,0,0,0,1,127.3606,36.6239,충북청주시,0,승용차없음,0,0,0,83,0,0
2015-04-13,0,0,1,1,0,0,0,충남,공주시,1,10,0,0,0,0,1,127.1082,36.4095,충남공주시,0,승용차없음,0,0,0,19,0,0
2015-04-13,0,0,1,1,0,0,0,인천,서구,1,6,0,0,0,0,1,126.6405,37.5876,인천서구,0,승용차없음,0,0,0,97,0,0
2015-04-14,0,1,1,2,1,0,0,대구,북구,1,5,0,0,0,0,3,128.619,35.9163,대구북구,0,승용차화물차,0,0,0,112,0,0
2015-04-14,0,1,1,1,0,0,0,경기,광명시,1,5,0,0,0,4,2,126.8747,37.4767,경기광명시,0,이륜차승용차,0,0,0,81,0,0
2015-04-14,0,1,1,1,0,0,0,경기,성남시,1,6,0,0,0,1,1,127.1037,37.365,경기성남시,0,화물차없음,0,0,0,95,0,0
2015-04-14,1,1,1,5,4,0,0,충북,음성군,1,8,6,1,1,1,6,127.548,36.9058,충북음성군,1,화물차승합차,0,0,0,110,0,0
2015-04-14,0,1,1,3,2,0,0,전남,영암군,1,9,6,1,1,0,2,126.4178,34.7577,전남영암군,1,승용차승용차,0,0,0,16,0,0
2015-04-15,0,2,1,1,0,0,0,충남,공주시,1,6,0,1,2,0,1,127.1095,36.4709,충남공주시,0,승용차없음,0,0,0,19,0,0
2015-04-15,1,2,1,2,1,0,0,충남,보령시,1,6,0,0,0,1,1,126.638,36.224,충남보령시,0,화물차없음,0,0,0,136,0,0
2015-04-15,1,2,1,2,1,0,0,충남,예산군,1,9,5,0,0,0,3,126.8189,36.6578,충남예산군,0,승용차화물차,0,0,0,187,0,0
2015-04-15,1,2,1,1,0,0,0,충남,금산군,1,8,7,1,1,4,2,127.5562,36.0643,충남금산군,0,이륜차승용차,0,0,0,68,0,0
2015-04-15,1,2,1,4,0,3,0,강원,춘천시,1,8,5,0,0,1,3,127.6477,37.9836,강원춘천시,1,화물차화물차,0,0,0,111,0,0
2015-04-15,0,2,1,1,0,0,0,서울,강동구,1,6,0,0,0,0,1,127.1701,37.5554,서울강동구,0,승용차없음,0,0,0,91,0,0
2015-04-15,0,2,1,2,0,1,0,전남,순천시,1,5,0,0,0,0,3,127.4879,34.918,전남순천시,0,승용차화물차,0,0,0,27,0,0
2015-04-15,0,2,1,2,0,1,0,울산,중구,1,8,6,1,1,0,4,129.3461,35.5692,울산중구,0,승용차이륜차,0,0,0,205,0,0
2015-04-16,0,3,1,3,0,2,0,전북,전주시,1,6,0,0,0,0,1,127.1235,35.8076,전북전주시,0,승용차없음,0,0,0,11,0,0
2015-04-16,1,3,1,5,1,3,0,경북,경주시,1,1,5,0,0,4,2,129.278,35.8548,경북경주시,1,이륜차승용차,0,0,0,100,0,0
2015-04-16,1,3,1,3,0,2,0,경기,가평군,1,9,5,0,0,1,2,127.5158,37.8218,경기가평군,0,화물차승용차,0,0,0,176,0,0
2015-04-16,1,3,1,1,0,0,0,경북,울진군,1,11,0,1,2,1,1,129.4621,36.7446,경북울진군,0,화물차없음,0,0,0,208,0,0
2015-04-17,0,4,1,1,0,0,0,서울,서초구,1,11,0,0,0,0,1,127.018,37.5194,서울서초구,0,승용차없음,0,0,0,214,0,0
2015-04-17,0,4,1,1,0,0,0,경기,양평군,1,6,0,0,0,0,1,127.5752,37.4846,경기양평군,0,승용차없음,0,0,0,48,0,0
2015-04-17,1,4,1,2,0,1,0,서울,강동구,1,1,0,2,4,0,2,127.1245,37.553,서울강동구,0,승용차승용차,0,0,0,91,0,0
2015-04-17,1,4,1,1,0,0,0,전남,완도군,1,8,0,1,1,5,8,126.8069,34.4137,전남완도군,0,특수차농기계,0,0,0,141,0,0
2015-04-17,1,4,2,2,0,0,0,제주,제주시,1,8,5,0,0,1,4,126.2155,33.2902,제주제주시,0,화물차이륜차,0,0,0,90,0,0
2015-04-17,0,4,1,1,0,0,0,서울,서초구,1,1,0,0,0,4,1,127.0373,37.4598,서울서초구,0,이륜차없음,0,0,0,214,0,0
2015-04-17,0,4,1,1,0,0,0,대구,북구,1,8,6,1,1,0,4,128.5466,35.9121,대구북구,0,승용차이륜차,0,0,0,112,0,0
2015-04-17,0,4,1,1,0,0,0,전북,완주군,1,1,0,0,0,1,3,127.2292,35.8545,전북완주군,0,화물차화물차,0,0,0,28,0,0
2015-04-18,0,5,2,4,2,0,0,경북,경산시,1,8,6,1,1,6,4,128.7275,35.8343,경북경산시,1,원동기장치자전거이륜차,0,1,0,52,0,0
2015-04-18,0,5,1,3,1,1,0,서울,도봉구,1,8,6,1,1,4,2,127.0439,37.6514,서울도봉구,0,이륜차승용차,0,1,0,98,0,0
2015-04-18,1,5,1,1,0,0,0,충남,금산군,1,8,6,1,1,4,2,127.4999,36.1025,충남금산군,0,이륜차승용차,0,1,0,68,0,0
2015-04-18,1,5,1,1,0,0,0,경기,안성시,1,10,0,0,0,4,1,127.5144,37.1018,경기안성시,0,이륜차없음,0,1,0,23,0,0
2015-04-18,1,5,1,1,0,0,0,충남,아산시,1,11,0,0,0,4,1,127.0964,36.793,충남아산시,0,이륜차없음,0,1,0,53,0,0
2015-04-18,1,5,1,27,17,9,0,충남,당진시,1,8,2,1,1,0,6,126.6194,36.9707,충남당진시,2,승용차승합차,0,1,0,46,0,0
2015-04-18,0,5,1,1,0,0,0,충남,당진시,1,6,0,0,0,1,1,126.8143,36.7754,충남당진시,0,화물차없음,0,1,0,46,0,0
2015-04-18,0,5,1,2,0,1,0,전남,진도군,1,5,0,0,0,1,4,126.2251,34.5288,전남진도군,0,화물차이륜차,0,1,0,71,0,0
2015-04-19,0,6,1,3,2,0,0,경기,파주시,1,9,5,0,0,0,2,126.759,37.7085,경기파주시,1,승용차승용차,0,1,0,175,0,0
2015-04-19,0,6,1,1,0,0,0,강원,강릉시,1,5,0,1,1,0,2,128.9131,37.7523,강원강릉시,0,승용차승용차,0,1,0,194,0,0
2015-04-19,1,6,1,6,5,0,0,경기,고양시,1,9,5,0,0,0,2,126.8096,37.6316,경기고양시,1,승용차승용차,0,1,0,40,0,0
2015-04-19,1,6,2,3,0,1,0,충북,청주시,1,1,6,1,1,0,2,127.4426,36.61,충북청주시,1,승용차승용차,0,1,0,83,0,0
2015-04-19,1,6,1,4,2,1,0,부산,부산진구,1,8,5,1,2,0,2,129.059,35.1717,부산부산진구,1,승용차승용차,0,1,0,163,0,0
2015-04-19,1,6,3,6,1,2,0,전남,여수시,1,6,0,0,0,0,1,127.7147,34.7786,전남여수시,1,승용차없음,0,1,0,102,0,0
2015-04-19,1,6,1,1,0,0,0,경북,경주시,1,6,0,0,0,0,1,129.3196,35.6792,경북경주시,0,승용차없음,0,1,0,100,0,0
2015-04-19,0,6,1,1,0,0,0,경기,파주시,1,5,0,0,0,0,3,126.8107,37.8243,경기파주시,0,승용차화물차,0,1,0,175,0,0
2015-04-19,0,6,1,1,0,0,0,전북,고창군,1,6,0,0,0,0,1,126.6885,35.4193,전북고창군,0,승용차없음,0,1,0,219,0,0
2015-04-19,0,6,1,1,0,0,0,경기,이천시,1,10,0,0,0,4,1,127.5861,37.1064,경기이천시,0,이륜차없음,0,1,0,41,0,0
2015-04-20,0,0,1,6,2,3,0,대전,대덕구,1,1,2,0,0,0,2,127.4173,36.453,대전대덕구,1,승용차승용차,0,0,0,77,0,0
2015-04-20,1,0,1,1,0,0,0,경북,성주군,1,11,0,2,4,0,1,128.3208,35.9138,경북성주군,0,승용차없음,0,0,0,168,0,0
2015-04-20,1,0,1,1,0,0,0,경기,포천시,1,6,0,0,0,0,1,127.3558,38.0072,경기포천시,0,승용차없음,0,0,0,171,0,0
2015-04-20,1,0,1,1,0,0,0,서울,구로구,1,1,0,1,2,0,7,126.9015,37.4828,서울구로구,0,승용차원동기장치자전거,0,0,0,79,0,0
2015-04-20,1,0,1,1,0,0,0,서울,광진구,1,8,3,0,0,2,7,127.0767,37.565,서울광진구,0,승합차원동기장치자전거,0,0,0,183,0,0
2015-04-20,1,0,1,3,0,2,0,전남,해남군,1,9,5,0,0,0,3,126.6749,34.4546,전남해남군,0,승용차화물차,0,0,0,119,0,0
2015-04-20,1,0,1,1,0,0,0,강원,횡성군,1,11,0,0,0,3,1,128.2782,37.586,강원횡성군,0,건설기계없음,0,0,0,31,0,0
2015-04-20,0,0,1,1,0,0,0,경기,수원시,1,1,0,0,0,7,1,127.0051,37.2884,경기수원시,0,자전거없음,0,0,0,99,0,0
2015-04-21,1,1,1,1,0,0,0,경북,상주시,1,6,0,0,0,0,1,128.1886,36.4453,경북상주시,0,승용차없음,0,0,0,58,0,0
2015-04-21,1,1,1,1,0,0,0,울산,울주군,1,5,3,0,0,0,8,129.3546,35.3581,울산울주군,0,승용차농기계,0,0,0,17,0,0
2015-04-21,1,1,1,1,0,0,0,강원,철원군,1,6,0,0,0,0,1,127.5423,38.2746,강원철원군,0,승용차없음,0,0,0,184,0,0
2015-04-21,1,1,1,2,0,1,0,경남,고성군,1,8,3,1,2,1,2,128.2853,34.9791,경남고성군,0,화물차승용차,0,0,0,87,0,0
2015-04-21,1,1,1,2,1,0,0,경기,광명시,1,5,0,0,0,1,11,126.8724,37.4489,경기광명시,0,화물차특수차,0,0,0,81,0,0
2015-04-21,0,1,1,1,0,0,0,전남,영암군,1,1,0,0,0,0,3,126.7391,34.7846,전남영암군,0,승용차화물차,0,0,0,16,0,0
2015-04-21,0,1,1,1,0,0,0,경기,부천시,1,8,6,1,1,4,2,126.7761,37.5036,경기부천시,0,이륜차승용차,0,0,0,65,0,0
2015-04-21,0,1,1,1,0,0,0,경북,상주시,1,1,5,0,0,1,3,128.1502,36.3982,경북상주시,0,화물차화물차,0,0,0,58,0,0
2015-04-21,0,1,1,2,0,1,0,경남,김해시,1,5,0,0,0,1,3,128.7763,35.2291,경남김해시,0,화물차화물차,0,0,0,13,0,0
2015-04-21,0,1,1,1,0,0,0,충북,청주시,1,6,0,0,0,0,1,127.424,36.6991,충북청주시,0,승용차없음,0,0,0,83,0,0
2015-04-22,1,2,1,2,0,1,0,대구,서구,1,8,6,0,0,0,4,128.5544,35.8567,대구서구,0,승용차이륜차,0,0,0,107,0,0
2015-04-22,1,2,1,2,1,0,0,강원,인제군,1,9,5,0,0,4,3,128.1567,37.9444,강원인제군,0,이륜차화물차,0,0,0,124,0,0
2015-04-23,0,3,1,1,0,0,0,충남,천안시,1,6,0,0,0,0,1,127.1311,36.7325,충남천안시,0,승용차없음,0,0,0,63,0,0
2015-04-23,1,3,1,1,0,0,0,경기,화성시,1,1,0,0,0,6,9,126.8,37.0404,경기화성시,0,원동기장치자전거건설기계,0,0,0,50,0,0
2015-04-23,1,3,2,3,1,0,0,강원,원주시,1,8,4,0,0,2,5,127.9353,37.3975,강원원주시,1,승합차자전거,0,0,0,36,0,0
2015-04-23,1,3,1,2,0,1,0,경기,안성시,1,1,3,1,2,1,3,127.3624,37.0439,경기안성시,0,화물차화물차,0,0,0,23,0,0
2015-04-23,1,3,1,1,0,0,0,전북,남원시,1,10,0,2,4,4,1,127.4689,35.4526,전북남원시,0,이륜차없음,0,0,0,193,0,0
2015-04-23,1,3,1,2,1,0,0,경북,청송군,1,9,5,0,0,1,2,129.0632,36.4143,경북청송군,0,화물차승용차,0,0,0,203,0,0
2015-04-23,1,3,1,3,2,0,0,충남,공주시,1,10,0,0,0,0,1,127.1513,36.4406,충남공주시,1,승용차없음,0,0,0,19,0,0
2015-04-23,1,3,1,1,0,0,0,전북,군산시,1,9,9,1,1,7,2,126.7156,35.9595,전북군산시,0,자전거승용차,0,0,0,166,0,0
2015-04-24,0,4,1,3,0,2,0,서울,송파구,1,8,6,1,1,4,2,127.134,37.4983,서울송파구,0,이륜차승용차,0,0,0,156,0,0
2015-04-24,0,4,1,1,0,0,0,대전,서구,1,5,0,0,0,0,3,127.3117,36.3023,대전서구,0,승용차화물차,0,0,0,4,0,0
2015-04-24,1,4,1,1,0,0,0,서울,용산구,1,9,0,0,0,8,2,126.9939,37.5213,서울용산구,0,기타승용차,0,0,0,134,0,0
2015-04-24,1,4,1,1,0,0,0,전북,정읍시,1,8,8,1,1,4,3,126.7933,35.5166,전북정읍시,0,이륜차화물차,0,0,0,12,0,0
2015-04-24,1,4,1,1,0,0,0,전북,군산시,1,8,8,1,1,1,4,126.7322,35.9767,전북군산시,0,화물차이륜차,0,0,0,166,0,0
2015-04-24,0,4,1,1,0,0,0,경북,김천시,1,10,0,0,0,6,1,128.0502,36.143,경북김천시,0,원동기장치자전거없음,0,0,0,76,0,0
2015-04-24,0,4,1,4,0,1,2,인천,부평구,1,9,5,0,0,1,6,126.7296,37.4888,인천부평구,0,화물차승합차,0,0,0,44,0,0
2015-04-25,0,5,1,2,1,0,0,울산,동구,1,1,8,1,1,4,2,129.4132,35.4869,울산동구,0,이륜차승용차,0,1,0,225,0,0
2015-04-25,0,5,1,2,0,1,0,부산,사하구,1,9,5,0,0,4,2,128.9779,35.0927,부산사하구,0,이륜차승용차,0,1,0,25,0,0