발생년월일,주야,요일,사망자수,사상자수,중상자수,경상자수,부상신고자수,발생지시도,발생지시군구,사고유형_대분류,사고유형_중분류,법규위반,도로형태_대분류,도로형태,당사자종별_1당_대분류,당사자종별_2당_대분류,경도,위도,발생지,사고피해정도,사고차량타입,도시여부,주말/공휴일,인구수,발생지번호,보행자의위치,무단횡단여부
2015-04-25,0,5,1,3,2,0,0,부산,기장군,1,6,0,0,0,0,1,129.2078,35.2069,부산기장군,1,승용차없음,0,1,0,85,0,0
2015-04-25,0,5,1,1,0,0,0,대구,수성구,1,6,0,0,0,0,1,128.616,35.81,대구수성구,0,승용차없음,0,1,0,37,0,0
2015-04-25,1,5,2,6,3,1,0,강원,횡성군,1,8,8,1,1,0,2,128.0732,37.4511,강원횡성군,1,승용차승용차,0,1,0,31,0,0
2015-04-25,1,5,1,2,0,0,1,대구,중구,1,1,0,2,4,7,5,128.6137,35.868,대구중구,0,자전거자전거,0,1,0,178,0,0
2015-04-25,0,5,1,3,2,0,0,대전,서구,1,8,5,0,0,0,2,127.3849,36.3152,대전서구,1,승용차승용차,0,1,0,4,0,0
2015-04-26,0,6,1,1,0,0,0,충북,충주시,1,6,0,0,0,1,1,128.0477,36.8369,충북충주시,0,화물차없음,0,1,0,6,0,0
2015-04-26,1,6,2,2,0,0,0,경기,안산시,1,8,0,1,1,6,6,126.828,37.3213,경기안산시,0,원동기장치자전거승합차,0,1,0,2,0,0
2015-04-26,1,6,1,1,0,0,0,경북,영주시,1,8,0,1,1,9,4,128.5642,36.8489,경북영주시,0,농기계이륜차,0,1,0,113,0,0
2015-04-26,1,6,1,1,0,0,0,경기,양평군,1,1,0,0,0,7,1,127.3527,37.604,경기양평군,0,자전거없음,0,1,0,48,0,0
2015-04-26,0,6,1,1,0,0,0,강원,속초시,1,10,0,0,0,6,1,128.5427,38.203,강원속초시,0,원동기장치자전거없음,0,1,0,104,0,0
2015-04-26,0,6,1,1,0,0,0,전북,군산시,1,11,0,0,0,1,1,126.8065,35.9139,전북군산시,0,화물차없음,0,1,0,166,0,0
2015-04-26,0,6,1,1,0,0,0,충남,청양군,1,9,5,0,0,4,2,126.721,36.4292,충남청양군,0,이륜차승용차,0,1,0,174,0,0
2015-04-26,0,6,1,1,0,0,0,경기,수원시,1,8,7,1,1,4,3,127.0183,37.2819,경기수원시,0,이륜차화물차,0,1,0,99,0,0
2015-04-27,1,0,1,1,0,0,0,충남,천안시,1,9,0,2,4,0,5,127.1303,36.7908,충남천안시,0,승용차자전거,0,0,0,63,0,0
2015-04-27,0,0,2,2,0,0,0,강원,춘천시,1,5,2,0,0,0,2,127.7758,37.9253,강원춘천시,0,승용차승용차,0,0,0,111,0,0
2015-04-28,1,1,2,15,1,12,0,부산,북구,1,5,0,0,0,0,6,129.0298,35.2107,부산북구,2,승용차승합차,0,0,0,118,0,0
2015-04-28,1,1,1,2,1,0,0,전북,완주군,1,1,6,1,1,0,7,127.2088,35.9815,전북완주군,0,승용차원동기장치자전거,0,0,0,28,0,0
2015-04-28,1,1,1,1,0,0,0,경남,거창군,1,9,5,0,0,4,3,127.8151,35.783,경남거창군,0,이륜차화물차,0,0,0,154,0,0
2015-04-28,1,1,1,31,8,22,0,서울,양천구,1,5,0,0,0,2,6,126.8754,37.5542,서울양천구,2,승합차승합차,0,0,0,140,0,0
2015-04-28,1,1,1,1,0,0,0,대구,달성군,1,8,4,0,0,0,5,128.5029,35.8011,대구달성군,0,승용차자전거,0,0,0,30,0,0
2015-04-28,0,1,1,2,1,0,0,부산,남구,1,5,0,1,1,0,11,129.0788,35.1209,부산남구,0,승용차특수차,0,0,0,180,0,0
2015-04-29,0,2,1,2,1,0,0,경북,구미시,1,6,0,0,0,0,1,128.4138,36.1372,경북구미시,0,승용차없음,0,0,0,144,0,0
2015-04-29,0,2,1,1,0,0,0,경북,영양군,1,6,0,0,0,1,1,129.0813,36.5547,경북영양군,0,화물차없음,0,0,0,128,0,0
2015-04-29,1,2,1,2,1,0,0,충남,홍성군,1,5,0,0,0,1,3,126.735,36.6268,충남홍성군,0,화물차화물차,0,0,0,38,0,0
2015-04-29,1,2,1,1,0,0,0,충남,서산시,1,6,0,0,0,1,1,126.3929,36.7178,충남서산시,0,화물차없음,0,0,0,69,0,0
2015-04-29,1,2,1,1,0,0,0,경기,남양주시,1,6,0,0,0,0,1,127.1223,37.6522,경기남양주시,0,승용차없음,0,0,0,70,0,0
2015-04-29,1,2,1,5,0,4,0,전북,전주시,1,8,0,1,2,0,6,127.0988,35.8251,전북전주시,1,승용차승합차,0,0,0,11,0,0
2015-04-29,0,2,1,1,0,0,0,전남,보성군,1,6,0,0,0,0,1,127.344,34.8357,전남보성군,0,승용차없음,0,0,0,122,0,0
2015-04-29,0,2,1,1,0,0,0,경남,김해시,1,8,0,1,1,1,4,128.801,35.3261,경남김해시,0,화물차이륜차,0,0,0,13,0,0
2015-04-29,0,2,1,1,0,0,0,강원,태백시,1,5,0,0,0,6,3,128.9942,37.1467,강원태백시,0,원동기장치자전거화물차,0,0,0,215,0,0
2015-04-29,0,2,1,2,1,0,0,경북,구미시,1,1,5,0,0,1,3,128.3423,36.2758,경북구미시,0,화물차화물차,0,0,0,144,0,0
2015-04-29,0,2,1,1,0,0,0,전남,목포시,1,8,0,1,2,2,5,126.439,34.8034,전남목포시,0,승합차자전거,0,0,0,153,0,0
2015-04-30,1,3,1,1,0,0,0,인천,중구,1,6,0,1,1,0,1,126.3744,37.4663,인천중구,0,승용차없음,0,0,0,72,0,0
2015-04-30,1,3,1,5,1,3,0,경기,여주시,1,5,3,0,0,1,3,127.6114,37.2066,경기여주시,1,화물차화물차,0,0,0,22,0,0
2015-04-30,1,3,1,1,0,0,0,충남,공주시,1,6,0,0,0,0,1,127.2644,36.3448,충남공주시,0,승용차없음,0,0,0,19,0,0
2015-04-30,1,3,1,1,0,0,0,경북,경산시,1,1,9,1,1,7,2,128.834,35.9193,경북경산시,0,자전거승용차,0,0,0,52,0,0
2015-04-30,1,3,1,1,0,0,0,광주,북구,1,8,7,1,1,0,4,126.9076,35.1699,광주북구,0,승용차이륜차,0,0,0,137,0,0
2015-04-30,0,3,1,5,0,4,0,강원,춘천시,1,8,6,1,1,0,6,127.7024,37.8162,강원춘천시,1,승용차승합차,0,0,0,111,0,0
2015-04-30,0,3,1,4,3,0,0,전북,완주군,1,8,6,1,1,0,2,127.1252,35.9554,전북완주군,1,승용차승용차,0,0,0,28,0,0
2015-05-01,1,4,1,2,0,1,0,충북,단양군,1,5,3,2,4,0,3,128.4215,36.9066,충북단양군,0,승용차화물차,0,0,0,204,0,0
2015-05-01,1,4,1,1,0,0,0,전남,함평군,1,5,5,1,2,1,7,126.4462,35.1253,전남함평군,0,화물차원동기장치자전거,0,0,0,157,0,0
2015-05-01,1,4,1,2,1,0,0,경남,의령군,1,6,0,1,1,0,1,128.2503,35.4387,경남의령군,0,승용차없음,0,0,0,189,0,0
2015-05-01,1,4,1,1,0,0,0,광주,광산구,1,8,3,1,1,6,6,126.8268,35.2195,광주광산구,0,원동기장치자전거승합차,0,0,0,135,0,0
2015-05-01,1,4,1,2,0,1,0,경북,영덕군,1,6,0,1,2,9,1,129.3902,36.5685,경북영덕군,0,농기계없음,0,0,0,54,0,0
2015-05-01,1,4,1,7,4,2,0,강원,횡성군,1,5,0,0,0,0,2,128.2911,37.5321,강원횡성군,2,승용차승용차,0,0,0,31,0,0
2015-05-01,1,4,2,4,2,0,0,충남,청양군,1,11,0,0,0,0,1,126.8511,36.5443,충남청양군,1,승용차없음,0,0,0,174,0,0
2015-05-01,0,4,1,1,0,0,0,경기,연천군,1,6,0,0,0,0,1,127.0241,38.0316,경기연천군,0,승용차없음,0,0,0,106,0,0
2015-05-02,0,5,1,1,0,0,0,서울,강남구,1,1,0,0,0,4,1,127.0492,37.4842,서울강남구,0,이륜차없음,0,1,0,89,0,0
2015-05-02,1,5,1,2,0,1,0,경남,사천시,1,9,5,0,0,1,7,128.0507,34.9287,경남사천시,0,화물차원동기장치자전거,0,1,0,57,0,0
2015-05-02,1,5,1,2,1,0,0,경기,용인시,1,8,6,1,1,6,7,127.1202,37.3317,경기용인시,0,원동기장치자전거원동기장치자전거,0,1,0,51,0,0
2015-05-02,1,5,1,3,1,1,0,세종,세종,1,9,5,0,0,0,3,127.2812,36.4266,세종세종,0,승용차화물차,1,1,0,229,0,0
2015-05-02,1,5,1,1,0,0,0,경남,사천시,1,10,0,0,0,0,1,127.9123,35.13,경남사천시,0,승용차없음,0,1,0,57,0,0
2015-05-02,0,5,1,1,0,0,0,전북,익산시,1,11,0,1,1,0,1,126.9216,36.0636,전북익산시,0,승용차없음,0,1,0,125,0,0
2015-05-02,0,5,1,2,0,1,0,경기,시흥시,1,5,0,1,2,1,3,126.7348,37.3686,경기시흥시,0,화물차화물차,0,1,0,73,0,0
2015-05-03,0,6,1,2,1,0,0,경기,이천시,1,5,0,1,2,0,3,127.4724,37.2633,경기이천시,0,승용차화물차,0,1,0,41,0,0
2015-05-03,0,6,1,3,1,1,0,전남,나주시,1,6,0,0,0,0,1,126.7399,35.0913,전남나주시,0,승용차없음,0,1,0,33,0,0
2015-05-03,0,6,1,4,1,1,1,충북,충주시,1,6,0,0,0,0,1,127.8869,37.1126,충북충주시,1,승용차없음,0,1,0,6,0,0
2015-05-03,1,6,1,14,4,9,0,경남,김해시,1,1,0,0,0,1,6,128.8198,35.1878,경남김해시,2,화물차승합차,0,1,0,13,0,0
2015-05-03,1,6,1,1,0,0,0,경북,경산시,1,1,0,0,0,1,1,128.812,35.8763,경북경산시,0,화물차없음,0,1,0,52,0,0
2015-05-03,1,6,1,1,0,0,0,경북,경주시,1,1,0,0,0,6,1,129.2614,35.8474,경북경주시,0,원동기장치자전거없음,0,1,0,100,0,0
2015-05-03,1,6,1,4,2,0,1,전남,여수시,1,9,5,0,0,0,2,127.5844,34.7862,전남여수시,1,승용차승용차,0,1,0,102,0,0
2015-05-03,0,6,1,5,2,2,0,대구,수성구,1,5,0,0,0,0,2,128.6251,35.8467,대구수성구,1,승용차승용차,0,1,0,37,0,0
2015-05-04,0,0,1,1,0,0,0,경기,가평군,1,1,0,2,4,1,3,127.2952,37.8698,경기가평군,0,화물차화물차,0,0,0,176,0,0
2015-05-04,1,0,1,3,0,2,0,경북,포항시,1,1,8,1,1,0,3,129.4044,35.9761,경북포항시,0,승용차화물차,0,0,0,160,0,0
2015-05-04,1,0,1,2,0,1,0,전남,담양군,1,9,5,0,0,0,2,127.0751,35.275,전남담양군,0,승용차승용차,0,0,0,181,0,0
2015-05-04,1,0,1,1,0,0,0,강원,양구군,1,6,0,0,0,0,1,128.0122,38.1674,강원양구군,0,승용차없음,0,0,0,115,0,0
2015-05-04,1,0,1,1,0,0,0,충남,서산시,1,11,0,1,2,9,1,126.5146,36.8277,충남서산시,0,농기계없음,0,0,0,69,0,0
2015-05-04,0,0,1,1,0,0,0,경남,산청군,1,8,0,0,0,0,3,127.9691,35.2789,경남산청군,0,승용차화물차,0,0,0,224,0,0
2015-05-05,0,1,1,1,0,0,0,서울,광진구,1,5,0,0,0,4,6,127.097,37.5475,서울광진구,0,이륜차승합차,0,1,0,183,0,0
2015-05-05,1,1,1,3,2,0,0,경남,합천군,1,11,0,0,0,1,1,128.2867,35.5578,경남합천군,1,화물차없음,0,1,0,133,0,0
2015-05-05,1,1,1,1,0,0,0,전북,진안군,1,1,2,0,0,1,7,127.3543,35.7315,전북진안군,0,화물차원동기장치자전거,0,1,0,192,0,0
2015-05-05,1,1,1,1,0,0,0,전북,완주군,1,1,6,1,1,3,7,127.2076,35.9772,전북완주군,0,건설기계원동기장치자전거,0,1,0,28,0,0
2015-05-05,1,1,1,1,0,0,0,경남,김해시,1,1,0,0,0,0,5,128.8162,35.1976,경남김해시,0,승용차자전거,0,1,0,13,0,0
2015-05-05,0,1,1,1,0,0,0,대전,유성구,1,8,0,0,0,0,5,127.3371,36.3322,대전유성구,0,승용차자전거,0,1,0,148,0,0
2015-05-05,0,1,1,1,0,0,0,경기,평택시,1,5,0,0,0,1,8,126.9161,36.9376,경기평택시,0,화물차농기계,0,1,0,14,0,0
2015-05-06,0,2,1,1,0,0,0,광주,서구,1,8,5,0,0,7,2,126.8836,35.1625,광주서구,0,자전거승용차,0,0,0,222,0,0
2015-05-06,1,2,1,1,0,0,0,충남,천안시,1,8,7,1,1,0,7,127.2599,36.7806,충남천안시,0,승용차원동기장치자전거,0,0,0,63,0,0
2015-05-06,1,2,1,2,0,1,0,경기,남양주시,1,9,6,1,1,0,11,127.1529,37.6718,경기남양주시,0,승용차특수차,0,0,0,70,0,0
2015-05-06,1,2,1,2,1,0,0,경기,화성시,1,1,5,0,0,0,3,126.8812,37.113,경기화성시,0,승용차화물차,0,0,0,50,0,0
2015-05-06,1,2,1,1,0,0,0,전북,무주군,1,11,0,0,0,9,1,127.6771,35.8491,전북무주군,0,농기계없음,0,0,0,182,0,0
2015-05-06,1,2,1,1,0,0,0,강원,원주시,1,5,0,1,2,1,8,128.0314,37.4393,강원원주시,0,화물차농기계,0,0,0,36,0,0
2015-05-06,0,2,1,1,0,0,0,제주,제주시,1,6,0,0,0,0,1,126.6641,33.4943,제주제주시,0,승용차없음,0,0,0,90,0,0
2015-05-06,0,2,1,1,0,0,0,서울,성북구,1,8,6,1,1,4,5,127.0009,37.6079,서울성북구,0,이륜차자전거,0,0,0,167,0,0
2015-05-06,0,2,1,3,2,0,0,경기,안산시,1,6,0,0,0,0,1,126.8484,37.3034,경기안산시,1,승용차없음,0,0,0,2,0,0
2015-05-07,0,3,1,8,0,7,0,충남,서산시,1,6,0,0,0,2,1,126.5589,36.6963,충남서산시,1,승합차없음,0,0,0,69,0,0
2015-05-07,1,3,1,4,2,1,0,충남,천안시,1,5,0,1,1,1,2,127.1323,36.9486,충남천안시,1,화물차승용차,0,0,0,63,0,0
2015-05-07,1,3,1,5,0,4,0,전남,해남군,1,1,0,0,0,1,2,126.6225,34.6359,전남해남군,1,화물차승용차,0,0,0,119,0,0
2015-05-07,1,3,1,1,0,0,0,경남,사천시,1,10,0,0,0,4,1,128.043,35.0432,경남사천시,0,이륜차없음,0,0,0,57,0,0
2015-05-07,0,3,1,4,2,0,1,경북,성주군,1,1,5,0,0,5,2,128.3266,35.8383,경북성주군,1,특수차승용차,0,0,0,168,0,0
2015-05-07,0,3,1,1,0,0,0,전남,영암군,1,11,0,0,0,4,1,126.5837,34.8608,전남영암군,0,이륜차없음,0,0,0,16,0,0
2015-05-07,0,3,1,2,0,1,0,경북,상주시,1,8,7,0,0,6,3,128.2044,36.5528,경북상주시,0,원동기장치자전거화물차,0,0,0,58,0,0
2015-05-08,1,4,1,1,0,0,0,서울,성북구,1,8,3,0,0,6,2,127.0353,37.5965,서울성북구,0,원동기장치자전거승용차,0,0,0,167,0,0
2015-05-08,1,4,1,1,0,0,0,전북,정읍시,1,8,10,0,0,7,2,126.8663,35.5634,전북정읍시,0,자전거승용차,0,0,0,12,0,0
2015-05-08,1,4,1,1,0,0,0,충북,제천시,1,11,0,1,2,9,1,128.1687,36.9073,충북제천시,0,농기계없음,0,0,0,103,0,0
2015-05-08,1,4,1,1,0,0,0,대구,북구,1,8,6,0,0,7,6,128.5467,35.9038,대구북구,0,자전거승합차,0,0,0,112,0,0
2015-05-08,0,4,1,1,0,0,0,경기,안산시,1,1,9,1,1,7,2,126.8054,37.2997,경기안산시,0,자전거승용차,0,0,0,2,0,0
2015-05-09,0,5,1,3,1,1,0,전남,순천시,1,10,0,0,0,2,1,127.4736,34.8886,전남순천시,0,승합차없음,0,1,0,27,0,0
2015-05-09,1,5,1,1,0,0,0,경기,용인시,1,5,7,1,1,1,4,127.374,37.1655,경기용인시,0,화물차이륜차,0,1,0,51,0,0
2015-05-09,1,5,3,12,9,0,0,경남,창녕군,1,6,0,0,0,2,1,128.6253,35.4289,경남창녕군,2,승합차없음,0,1,0,211,0,0
2015-05-09,1,5,1,2,0,1,0,경북,영천시,1,9,5,0,0,4,2,129.0318,36.08,경북영천시,0,이륜차승용차,0,1,0,5,0,0
2015-05-09,1,5,1,1,0,0,0,서울,중랑구,1,6,0,0,0,0,1,127.0942,37.5805,서울중랑구,0,승용차없음,0,1,0,196,0,0
2015-05-09,0,5,1,1,0,0,0,강원,양양군,1,6,2,0,0,4,1,128.5878,38.0703,강원양양군,0,이륜차없음,0,1,0,164,0,0
2015-05-09,0,5,1,1,0,0,0,경남,통영시,1,10,0,0,0,0,1,128.2183,34.8466,경남통영시,0,승용차없음,0,1,0,212,0,0
2015-05-09,0,5,1,1,0,0,0,경기,포천시,1,10,0,0,0,4,1,127.2202,37.8677,경기포천시,0,이륜차없음,0,1,0,171,0,0
2015-05-10,0,6,1,2,1,0,0,전북,전주시,1,6,0,0,0,0,1,127.1392,35.812,전북전주시,0,승용차없음,0,1,0,11,0,0
2015-05-10,0,6,1,2,1,0,0,경북,포항시,1,5,0,1,1,1,3,129.3594,36.2275,경북포항시,0,화물차화물차,0,1,0,160,0,0
2015-05-10,0,6,1,1,0,0,0,경기,시흥시,1,6,0,0,0,0,1,126.8563,37.3798,경기시흥시,0,승용차없음,0,1,0,73,0,0
2015-05-10,1,6,1,1,0,0,0,서울,노원구,1,1,0,0,0,7,1,127.0625,37.6153,서울노원구,0,자전거없음,0,1,0,18,0,0
2015-05-10,0,6,1,1,0,0,0,대구,달서구,1,8,0,1,2,0,4,128.5248,35.8142,대구달서구,0,승용차이륜차,0,1,0,20,0,0
2015-05-11,0,0,1,1,0,0,0,전북,익산시,1,6,0,0,0,0,1,126.9319,35.9137,전북익산시,0,승용차없음,0,0,0,125,0,0
2015-05-11,1,0,1,1,0,0,0,전남,광양시,1,8,6,1,1,3,2,127.6892,34.9394,전남광양시,0,건설기계승용차,0,0,0,130,0,0
2015-05-11,1,0,1,3,0,2,0,광주,동구,1,8,0,1,1,0,2,126.9242,35.1519,광주동구,0,승용차승용차,0,0,0,162,0,0
2015-05-11,1,0,1,3,1,1,0,강원,횡성군,1,5,0,0,0,1,3,128.2476,37.5142,강원횡성군,0,화물차화물차,0,0,0,31,0,0
2015-05-11,1,0,1,2,1,0,0,충남,당진시,1,8,7,1,1,0,3,126.758,36.8037,충남당진시,0,승용차화물차,0,0,0,46,0,0
2015-05-11,0,0,1,1,0,0,0,제주,제주시,1,10,0,0,0,0,1,126.2996,33.4442,제주제주시,0,승용차없음,0,0,0,90,0,0
2015-05-11,0,0,1,1,0,0,0,경기,김포시,1,5,0,0,0,1,6,126.6369,37.6739,경기김포시,0,화물차승합차,0,0,0,47,0,0
2015-05-12,0,1,1,2,0,1,0,서울,마포구,1,6,0,0,0,1,1,126.9222,37.5435,서울마포구,0,화물차없음,0,0,0,159,0,0
2015-05-12,0,1,1,2,1,0,0,경기,화성시,1,6,0,0,0,0,1,126.8223,37.1953,경기화성시,0,승용차없음,0,0,0,50,0,0
2015-05-12,1,1,1,5,1,3,0,광주,북구,1,9,5,0,0,0,2,126.8825,35.1744,광주북구,1,승용차승용차,0,0,0,137,0,0
2015-05-12,1,1,1,1,0,0,0,부산,사하구,1,6,0,0,0,4,1,128.9588,35.1144,부산사하구,0,이륜차없음,0,0,0,25,0,0
2015-05-12,1,1,2,3,1,0,0,전북,완주군,1,8,6,1,1,3,6,127.0361,35.8242,전북완주군,1,건설기계승합차,0,0,0,28,0,0
2015-05-12,1,1,1,1,0,0,0,충남,논산시,1,8,7,1,1,1,4,127.0891,36.201,충남논산시,0,화물차이륜차,0,0,0,61,0,0
2015-05-12,0,1,1,1,0,0,0,전남,강진군,1,6,0,0,0,1,1,126.7863,34.6708,전남강진군,0,화물차없음,0,0,0,121,0,0
2015-05-13,1,2,1,1,0,0,0,충남,보령시,1,6,0,0,0,0,1,126.6028,36.3351,충남보령시,0,승용차없음,0,0,0,136,0,0
2015-05-13,1,2,1,1,0,0,0,전남,보성군,1,8,2,1,1,0,4,127.3296,34.8375,전남보성군,0,승용차이륜차,0,0,0,122,0,0
2015-05-13,0,2,1,1,0,0,0,전남,해남군,1,1,0,0,0,7,1,126.6288,34.5018,전남해남군,0,자전거없음,0,0,0,119,0,0
2015-05-13,0,2,1,1,0,0,0,충남,논산시,1,10,4,0,0,6,1,127.163,36.2246,충남논산시,0,원동기장치자전거없음,0,0,0,61,0,0
2015-05-13,0,2,1,1,0,0,0,경북,청송군,1,6,0,0,0,1,1,129.0321,36.2727,경북청송군,0,화물차없음,0,0,0,203,0,0
2015-05-13,0,2,1,1,0,0,0,전북,전주시,1,8,0,0,0,0,5,127.1757,35.8296,전북전주시,0,승용차자전거,0,0,0,11,0,0
2015-05-14,0,3,1,2,1,0,0,충북,청주시,1,8,6,1,1,0,2,127.458,36.7376,충북청주시,0,승용차승용차,0,0,0,83,0,0
2015-05-14,1,3,1,1,0,0,0,충북,청주시,1,1,0,1,1,0,5,127.4954,36.6217,충북청주시,0,승용차자전거,0,0,0,83,0,0
2015-05-14,1,3,1,1,0,0,0,전남,순천시,1,1,7,1,1,6,6,127.5144,34.9449,전남순천시,0,원동기장치자전거승합차,0,0,0,27,0,0
2015-05-14,0,3,1,1,0,0,0,경기,평택시,1,10,0,0,0,7,1,127.0715,37.0226,경기평택시,0,자전거없음,0,0,0,14,0,0
2015-05-14,0,3,1,1,0,0,0,경기,고양시,1,8,6,1,1,2,4,126.7879,37.6431,경기고양시,0,승합차이륜차,0,0,0,40,0,0
2015-05-14,0,3,1,7,1,4,1,경북,칠곡군,1,8,0,1,1,0,2,128.4106,36.0833,경북칠곡군,1,승용차승용차,0,0,0,21,0,0
2015-05-15,1,4,1,2,0,1,0,충북,충주시,1,1,0,1,1,1,3,127.9302,37.0519,충북충주시,0,화물차화물차,0,0,0,6,0,0
2015-05-15,1,4,1,1,0,0,0,충남,예산군,1,8,8,1,1,0,4,126.763,36.7201,충남예산군,0,승용차이륜차,0,0,0,187,0,0
2015-05-15,1,4,2,3,1,0,0,전북,진안군,1,11,0,0,0,0,1,127.4282,35.7546,전북진안군,1,승용차없음,0,0,0,192,0,0
2015-05-15,1,4,1,1,0,0,0,부산,강서구,1,8,10,0,0,0,4,128.9334,35.112,부산강서구,0,승용차이륜차,0,0,0,206,0,0
2015-05-15,1,4,1,1,0,0,0,경북,칠곡군,1,8,0,0,0,0,5,128.3945,35.9824,경북칠곡군,0,승용차자전거,0,0,0,21,0,0
2015-05-15,0,4,1,1,0,0,0,경북,포항시,1,10,0,0,0,0,1,129.3688,35.9372,경북포항시,0,승용차없음,0,0,0,160,0,0
2015-05-15,0,4,1,4,2,1,0,충남,금산군,1,1,0,0,0,0,2,127.5538,36.0574,충남금산군,1,승용차승용차,0,0,0,68,0,0
2015-05-15,0,4,1,2,0,1,0,충북,청주시,1,1,7,1,1,0,4,127.4783,36.6155,충북청주시,0,승용차이륜차,0,0,0,83,0,0
2015-05-16,0,5,1,3,2,0,0,대구,달성군,1,8,0,1,1,1,2,128.4535,35.7298,대구달성군,1,화물차승용차,0,1,0,30,0,0
2015-05-16,0,5,1,4,1,2,0,경기,화성시,1,8,6,1,1,4,2,127.0706,37.2097,경기화성시,1,이륜차승용차,0,1,0,50,0,0
2015-05-16,0,5,1,1,0,0,0,경기,화성시,1,9,5,0,0,0,2,126.9195,37.1317,경기화성시,0,승용차승용차,0,1,0,50,0,0
2015-05-16,0,5,1,1,0,0,0,경북,칠곡군,1,6,0,0,0,0,1,128.5299,36.0441,경북칠곡군,0,승용차없음,0,1,0,21,0,0
2015-05-16,1,5,2,2,0,0,0,경북,구미시,1,1,5,0,0,6,2,128.3526,36.1232,경북구미시,0,원동기장치자전거승용차,0,1,0,144,0,0
2015-05-16,1,5,1,1,0,0,0,제주,제주시,1,1,0,0,0,0,1,126.3861,33.4887,제주제주시,0,승용차없음,0,1,0,90,0,0
2015-05-16,1,5,1,3,2,0,0,광주,광산구,1,8,7,1,1,1,3,126.7895,35.1957,광주광산구,1,화물차화물차,0,1,0,135,0,0
2015-05-16,1,5,1,1,0,0,0,경기,이천시,1,1,9,1,1,6,2,127.4584,37.2598,경기이천시,0,원동기장치자전거승용차,0,1,0,41,0,0
2015-05-16,1,5,1,1,0,0,0,서울,중랑구,1,6,0,0,0,6,1,127.094,37.5842,서울중랑구,0,원동기장치자전거없음,0,1,0,196,0,0
2015-05-16,1,5,2,2,0,0,0,충남,당진시,1,9,5,0,0,4,3,126.611,37.0104,충남당진시,0,이륜차화물차,0,1,0,46,0,0
2015-05-16,0,5,2,4,2,0,0,경기,의정부시,1,8,0,1,1,0,2,127.0352,37.7328,경기의정부시,1,승용차승용차,0,1,0,64,0,0
2015-05-16,0,5,1,1,0,0,0,경기,포천시,1,8,8,1,1,1,7,127.3079,37.9093,경기포천시,0,화물차원동기장치자전거,0,1,0,171,0,0
2015-05-16,0,5,1,1,0,0,0,경북,울진군,1,6,0,0,0,0,1,129.3721,37.0791,경북울진군,0,승용차없음,0,1,0,208,0,0
2015-05-16,0,5,1,1,0,0,0,경북,포항시,1,10,0,0,0,1,1,129.2344,36.0602,경북포항시,0,화물차없음,0,1,0,160,0,0
2015-05-17,1,6,1,1,0,0,0,경남,통영시,1,9,5,0,0,0,9,128.4296,34.8702,경남통영시,0,승용차건설기계,0,1,0,212,0,0
2015-05-17,1,6,1,2,0,1,0,경기,안성시,1,5,0,1,1,0,11,127.2644,36.9814,경기안성시,0,승용차특수차,0,1,0,23,0,0
2015-05-17,1,6,1,2,0,1,0,전남,진도군,1,1,0,0,0,1,3,126.1485,34.4233,전남진도군,0,화물차화물차,0,1,0,71,0,0
2015-05-17,1,6,1,1,0,0,0,충북,옥천군,1,6,0,0,0,7,1,127.6942,36.3956,충북옥천군,0,자전거없음,0,1,0,142,0,0
2015-05-17,0,6,1,1,0,0,0,경기,안산시,1,5,0,1,1,2,7,126.7906,37.3131,경기안산시,0,승합차원동기장치자전거,0,1,0,2,0,0
2015-05-17,0,6,3,4,1,0,0,경남,사천시,1,5,0,0,0,0,2,128.0569,34.9846,경남사천시,1,승용차승용차,0,1,0,57,0,0
2015-05-17,0,6,1,2,1,0,0,경북,포항시,1,6,0,0,0,0,1,129.5195,35.8825,경북포항시,0,승용차없음,0,1,0,160,0,0
2015-05-17,0,6,1,1,0,0,0,경북,문경시,1,6,0,0,0,0,1,128.0379,36.7468,경북문경시,0,승용차없음,0,1,0,74,0,0
2015-05-18,1,0,2,5,2,1,0,전남,영암군,1,8,5,1,2,0,2,126.4771,34.7468,전남영암군,1,승용차승용차,0,0,0,16,0,0
2015-05-18,0,0,1,2,1,0,0,경북,고령군,1,9,5,0,0,1,2,128.4096,35.7036,경북고령군,0,화물차승용차,0,0,0,220,0,0
2015-05-18,0,0,1,1,0,0,0,전북,김제시,1,5,0,0,0,1,5,126.8754,35.8053,전북김제시,0,화물차자전거,0,0,0,34,0,0
2015-05-18,0,0,1,1,0,0,0,경북,김천시,1,10,0,0,0,4,1,128.0956,36.1178,경북김천시,0,이륜차없음,0,0,0,76,0,0
2015-05-19,0,1,1,1,0,0,0,대구,중구,1,1,0,0,0,0,2,128.6087,35.8626,대구중구,0,승용차승용차,0,0,0,178,0,0
2015-05-19,1,1,1,1,0,0,0,강원,철원군,1,10,0,0,0,0,1,127.4605,38.1663,강원철원군,0,승용차없음,0,0,0,184,0,0
2015-05-19,1,1,1,3,2,0,0,경기,양주시,1,8,7,1,1,0,2,126.9913,37.7948,경기양주시,1,승용차승용차,0,0,0,59,0,0
2015-05-19,1,1,1,2,0,1,0,경남,밀양시,1,9,5,0,0,4,2,128.7204,35.5265,경남밀양시,0,이륜차승용차,0,0,0,177,0,0