발생년월일,주야,요일,사망자수,사상자수,중상자수,경상자수,부상신고자수,발생지시도,발생지시군구,사고유형_대분류,사고유형_중분류,법규위반,도로형태_대분류,도로형태,당사자종별_1당_대분류,당사자종별_2당_대분류,경도,위도,발생지,사고피해정도,사고차량타입,도시여부,주말/공휴일,인구수,발생지번호,보행자의위치,무단횡단여부
2015-07-22,1,2,1,2,1,0,0,경북,성주군,1,8,6,1,1,0,2,128.2664,35.972,경북성주군,0,승용차승용차,0,0,0,168,0,0
2015-07-22,1,2,1,2,1,0,0,전북,익산시,1,5,0,1,2,0,3,127.0909,35.9887,전북익산시,0,승용차화물차,0,0,0,125,0,0
2015-07-22,0,2,1,1,0,0,0,충남,부여군,1,1,5,0,0,4,2,126.793,36.2282,충남부여군,0,이륜차승용차,0,0,0,129,0,0
2015-07-23,1,3,1,1,0,0,0,경기,부천시,1,8,3,0,0,0,5,126.7788,37.4944,경기부천시,0,승용차자전거,0,0,0,65,0,0
2015-07-23,1,3,1,1,0,0,0,경북,안동시,1,6,0,0,0,0,1,128.7374,36.548,경북안동시,0,승용차없음,0,0,0,66,0,0
2015-07-23,1,3,1,1,0,0,0,전북,전주시,1,9,5,0,0,0,7,127.1252,35.8996,전북전주시,0,승용차원동기장치자전거,0,0,0,11,0,0
2015-07-23,1,3,1,1,0,0,0,충북,제천시,1,10,0,0,0,7,1,128.2407,36.9644,충북제천시,0,자전거없음,0,0,0,103,0,0
2015-07-23,1,3,1,1,0,0,0,경북,김천시,1,10,0,0,0,1,1,128.2535,36.0802,경북김천시,0,화물차없음,0,0,0,76,0,0
2015-07-23,0,3,1,1,0,0,0,전남,무안군,1,6,0,0,0,9,1,126.2971,35.0841,전남무안군,0,농기계없음,0,0,0,101,0,0
2015-07-23,0,3,1,3,2,0,0,경기,시흥시,1,9,0,0,0,0,2,126.7682,37.4028,경기시흥시,1,승용차승용차,0,0,0,73,0,0
2015-07-24,1,4,1,1,0,0,0,경기,화성시,1,8,0,0,0,1,3,126.8827,37.2459,경기화성시,0,화물차화물차,0,0,0,50,0,0
2015-07-24,1,4,1,1,0,0,0,부산,해운대구,1,8,9,1,1,7,2,129.1492,35.1583,부산해운대구,0,자전거승용차,0,0,0,1,0,0
2015-07-24,1,4,1,3,2,0,0,대구,북구,1,8,5,0,0,0,2,128.5519,35.9608,대구북구,1,승용차승용차,0,0,0,112,0,0
2015-07-24,1,4,1,2,1,0,0,강원,태백시,1,1,5,0,0,1,2,128.9557,37.2029,강원태백시,0,화물차승용차,0,0,0,215,0,0
2015-07-24,1,4,1,2,1,0,0,경남,밀양시,1,5,0,0,0,0,3,128.7108,35.3974,경남밀양시,0,승용차화물차,0,0,0,177,0,0
2015-07-24,1,4,1,2,1,0,0,경남,밀양시,1,11,0,0,0,1,1,128.8673,35.5881,경남밀양시,0,화물차없음,0,0,0,177,0,0
2015-07-24,0,4,1,1,0,0,0,충북,괴산군,1,11,0,0,0,9,1,127.8094,36.9292,충북괴산군,0,농기계없음,0,0,0,179,0,0
2015-07-24,0,4,1,1,0,0,0,광주,북구,1,1,5,0,0,6,2,126.8428,35.1762,광주북구,0,원동기장치자전거승용차,0,0,0,137,0,0
2015-07-24,0,4,1,1,0,0,0,충남,논산시,1,6,0,0,0,0,1,127.2067,36.1652,충남논산시,0,승용차없음,0,0,0,61,0,0
2015-07-25,0,5,1,1,0,0,0,경남,창원시(통합),1,8,6,1,1,1,4,128.6786,35.2257,경남창원시(통합),0,화물차이륜차,0,1,0,86,0,0
2015-07-25,0,5,1,1,0,0,0,대구,북구,1,5,0,0,0,4,2,128.5727,35.888,대구북구,0,이륜차승용차,0,1,0,112,0,0
2015-07-25,0,5,1,1,0,0,0,충남,홍성군,1,6,0,1,1,0,1,126.6367,36.51,충남홍성군,0,승용차없음,0,1,0,38,0,0
2015-07-25,1,5,1,4,1,1,1,서울,마포구,1,10,0,0,0,0,1,126.8782,37.5792,서울마포구,1,승용차없음,0,1,0,159,0,0
2015-07-25,1,5,1,1,0,0,0,전북,고창군,1,10,0,0,0,9,1,126.4999,35.4478,전북고창군,0,농기계없음,0,1,0,219,0,0
2015-07-25,1,5,1,1,0,0,0,전남,순천시,1,1,0,0,0,1,4,127.3556,34.8639,전남순천시,0,화물차이륜차,0,1,0,27,0,0
2015-07-25,1,5,1,5,3,1,0,전남,구례군,1,5,0,0,0,2,3,127.4225,35.2463,전남구례군,1,승합차화물차,0,1,0,161,0,0
2015-07-25,1,5,1,2,1,0,0,강원,태백시,1,9,5,0,0,0,9,128.9148,37.1201,강원태백시,0,승용차건설기계,0,1,0,215,0,0
2015-07-25,1,5,1,1,0,0,0,세종,세종,1,1,0,1,1,2,5,127.3039,36.4816,세종세종,0,승합차자전거,1,1,0,229,0,0
2015-07-25,1,5,1,1,0,0,0,경북,칠곡군,1,6,0,0,0,0,1,128.4628,35.966,경북칠곡군,0,승용차없음,0,1,0,21,0,0
2015-07-25,0,5,1,2,0,1,0,전북,정읍시,1,6,0,0,0,0,1,126.9456,35.6817,전북정읍시,0,승용차없음,0,1,0,12,0,0
2015-07-25,0,5,1,2,1,0,0,서울,마포구,1,8,0,1,1,4,2,126.9217,37.5635,서울마포구,0,이륜차승용차,0,1,0,159,0,0
2015-07-26,0,6,2,3,1,0,0,전남,고흥군,1,5,0,0,0,4,3,127.2128,34.6509,전남고흥군,1,이륜차화물차,0,1,0,191,0,0
2015-07-26,1,6,1,1,0,0,0,경북,김천시,1,9,5,0,0,1,4,128.1616,36.1471,경북김천시,0,화물차이륜차,0,1,0,76,0,0
2015-07-26,1,6,1,1,0,0,0,전북,임실군,1,10,0,0,0,4,1,127.2664,35.6023,전북임실군,0,이륜차없음,0,1,0,152,0,0
2015-07-26,1,6,1,1,0,0,0,전남,광양시,1,6,0,0,0,4,1,127.5623,34.9649,전남광양시,0,이륜차없음,0,1,0,130,0,0
2015-07-26,1,6,1,1,0,0,0,경기,고양시,1,8,0,1,1,0,5,126.7744,37.6747,경기고양시,0,승용차자전거,0,1,0,40,0,0
2015-07-26,0,6,1,1,0,0,0,전북,군산시,1,5,0,0,0,6,3,126.7461,35.9857,전북군산시,0,원동기장치자전거화물차,0,1,0,166,0,0
2015-07-27,0,0,1,4,2,1,0,경기,수원시,1,1,6,1,1,0,2,127.0163,37.2951,경기수원시,1,승용차승용차,0,0,0,99,0,0
2015-07-27,0,0,1,1,0,0,0,충북,청주시,1,10,0,1,2,4,1,127.4348,36.6202,충북청주시,0,이륜차없음,0,0,0,83,0,0
2015-07-27,0,0,1,4,3,0,0,전남,광양시,1,9,5,0,0,0,2,127.6204,34.9602,전남광양시,1,승용차승용차,0,0,0,130,0,0
2015-07-27,1,0,1,2,0,1,0,서울,성북구,1,8,0,0,0,4,2,127.0359,37.5949,서울성북구,0,이륜차승용차,0,0,0,167,0,0
2015-07-27,1,0,1,1,0,0,0,경기,고양시,1,1,0,1,1,0,4,126.9032,37.7004,경기고양시,0,승용차이륜차,0,0,0,40,0,0
2015-07-27,1,0,1,1,0,0,0,경북,영천시,1,10,0,0,0,1,1,129.0276,35.9594,경북영천시,0,화물차없음,0,0,0,5,0,0
2015-07-28,0,1,1,1,0,0,0,강원,삼척시,1,6,0,0,0,0,1,129.182,37.4389,강원삼척시,0,승용차없음,0,0,0,78,0,0
2015-07-28,1,1,1,2,1,0,0,경기,평택시,1,9,5,0,0,0,3,127.0478,37.0519,경기평택시,0,승용차화물차,0,0,0,14,0,0
2015-07-28,1,1,1,1,0,0,0,전남,영광군,1,8,7,1,1,4,2,126.3762,35.2738,전남영광군,0,이륜차승용차,0,0,0,127,0,0
2015-07-28,1,1,1,1,0,0,0,충북,충주시,1,5,3,0,0,6,2,127.7706,37.0138,충북충주시,0,원동기장치자전거승용차,0,0,0,6,0,0
2015-07-28,1,1,1,1,0,0,0,부산,수영구,1,6,0,0,0,0,1,129.1052,35.1633,부산수영구,0,승용차없음,0,0,0,45,0,0
2015-07-28,1,1,1,1,0,0,0,전남,담양군,1,1,2,1,2,1,5,126.9241,35.2948,전남담양군,0,화물차자전거,0,0,0,181,0,0
2015-07-28,1,1,3,3,0,0,0,경기,김포시,1,1,0,0,0,0,3,126.7086,37.6407,경기김포시,1,승용차화물차,0,0,0,47,0,0
2015-07-28,1,1,1,1,0,0,0,경북,경산시,1,1,0,0,0,4,3,128.827,35.8147,경북경산시,0,이륜차화물차,0,0,0,52,0,0
2015-07-28,0,1,1,2,1,0,0,경기,평택시,1,1,5,0,0,0,2,127.0896,37.096,경기평택시,0,승용차승용차,0,0,0,14,0,0
2015-07-28,0,1,1,1,0,0,0,경기,용인시,1,5,0,1,2,6,3,127.2353,37.3042,경기용인시,0,원동기장치자전거화물차,0,0,0,51,0,0
2015-07-29,1,2,1,15,5,8,1,부산,서구,1,5,0,0,0,3,2,129.0182,35.0789,부산서구,2,건설기계승용차,0,0,0,226,0,0
2015-07-29,1,2,1,3,0,2,0,경북,성주군,1,1,5,2,4,4,2,128.2172,35.9469,경북성주군,0,이륜차승용차,0,0,0,168,0,0
2015-07-29,1,2,1,2,0,0,1,제주,제주시,1,8,6,1,1,0,4,126.5039,33.5042,제주제주시,0,승용차이륜차,0,0,0,90,0,0
2015-07-29,1,2,1,1,0,0,0,대구,달성군,1,11,0,1,2,4,1,128.4009,35.8635,대구달성군,0,이륜차없음,0,0,0,30,0,0
2015-07-29,0,2,2,2,0,0,0,경북,칠곡군,1,6,0,0,0,0,1,128.4935,35.9111,경북칠곡군,0,승용차없음,0,0,0,21,0,0
2015-07-29,0,2,1,2,1,0,0,경북,칠곡군,1,1,0,0,0,4,5,128.4058,35.9224,경북칠곡군,0,이륜차자전거,0,0,0,21,0,0
2015-07-30,0,3,1,1,0,0,0,충남,서산시,1,10,0,0,0,0,1,126.5346,36.7935,충남서산시,0,승용차없음,0,0,0,69,0,0
2015-07-30,0,3,1,1,0,0,0,전남,고흥군,1,5,0,0,0,0,5,127.3692,34.6769,전남고흥군,0,승용차자전거,0,0,0,191,0,0
2015-07-30,0,3,1,4,2,1,0,전남,무안군,1,9,0,1,1,1,2,126.5111,34.9628,전남무안군,1,화물차승용차,0,0,0,101,0,0
2015-07-31,0,4,1,3,0,2,0,강원,강릉시,1,6,0,0,0,0,1,128.6905,37.8473,강원강릉시,0,승용차없음,0,0,0,194,0,0
2015-07-31,1,4,1,2,0,1,0,강원,철원군,1,8,7,1,1,4,3,127.4189,38.2497,강원철원군,0,이륜차화물차,0,0,0,184,0,0
2015-07-31,1,4,1,2,1,0,0,경북,상주시,1,8,5,2,4,0,3,128.0048,36.4373,경북상주시,0,승용차화물차,0,0,0,58,0,0
2015-07-31,1,4,1,1,0,0,0,경북,상주시,1,5,0,0,0,1,11,128.2178,36.3681,경북상주시,0,화물차특수차,0,0,0,58,0,0
2015-07-31,1,4,1,1,0,0,0,부산,부산진구,1,8,5,0,0,4,6,129.0517,35.1507,부산부산진구,0,이륜차승합차,0,0,0,163,0,0
2015-07-31,1,4,2,60,54,4,0,경남,거제시,1,6,0,0,0,2,1,128.5723,34.8976,경남거제시,2,승합차없음,0,0,0,15,0,0
2015-07-31,0,4,1,1,0,0,0,충북,청주시,1,1,0,0,0,0,1,127.5126,36.6442,충북청주시,0,승용차없음,0,0,0,83,0,0
2015-08-01,0,5,1,1,0,0,0,경기,포천시,1,5,0,0,0,0,11,127.2891,37.8563,경기포천시,0,승용차특수차,0,1,0,171,0,0
2015-08-01,0,5,1,1,0,0,0,충북,단양군,1,6,0,0,0,0,1,128.273,37.0783,충북단양군,0,승용차없음,0,1,0,204,0,0
2015-08-01,0,5,1,1,0,0,0,전남,순천시,1,1,0,0,0,4,1,127.3428,34.8673,전남순천시,0,이륜차없음,0,1,0,27,0,0
2015-08-01,1,5,1,4,3,0,0,전남,진도군,1,8,7,1,1,1,3,126.1906,34.4673,전남진도군,1,화물차화물차,0,1,0,71,0,0
2015-08-01,1,5,1,1,0,0,0,서울,중랑구,1,1,0,0,0,4,1,127.0941,37.5805,서울중랑구,0,이륜차없음,0,1,0,196,0,0
2015-08-01,1,5,1,1,0,0,0,경기,포천시,1,6,2,0,0,2,1,127.2531,38.0224,경기포천시,0,승합차없음,0,1,0,171,0,0
2015-08-01,1,5,1,12,2,9,0,인천,남동구,1,8,5,0,0,3,2,126.7016,37.4532,인천남동구,2,건설기계승용차,0,1,0,29,0,0
2015-08-01,0,5,1,7,5,0,1,경기,포천시,1,9,5,0,0,0,2,127.2043,38.0649,경기포천시,2,승용차승용차,0,1,0,171,0,0
2015-08-01,0,5,1,1,0,0,0,전남,영암군,1,5,0,0,0,1,4,126.6101,34.8325,전남영암군,0,화물차이륜차,0,1,0,16,0,0
2015-08-01,0,5,1,1,0,0,0,전북,완주군,1,5,0,0,0,0,8,127.125,35.9229,전북완주군,0,승용차농기계,0,1,0,28,0,0
2015-08-01,0,5,1,1,0,0,0,제주,제주시,1,6,0,0,0,4,1,126.9104,33.4892,제주제주시,0,이륜차없음,0,1,0,90,0,0
2015-08-02,0,6,1,1,0,0,0,경북,경주시,1,6,0,1,1,0,1,129.4904,35.7855,경북경주시,0,승용차없음,0,1,0,100,0,0
2015-08-02,0,6,1,1,0,0,0,경기,고양시,1,6,5,0,0,0,1,126.8661,37.6737,경기고양시,0,승용차없음,0,1,0,40,0,0
2015-08-02,0,6,2,3,1,0,0,대구,남구,1,8,5,0,0,7,4,128.5697,35.8487,대구남구,1,자전거이륜차,0,1,0,145,0,0
2015-08-02,0,6,1,2,1,0,0,경북,영천시,1,5,0,0,0,0,4,128.9359,35.9402,경북영천시,0,승용차이륜차,0,1,0,5,0,0
2015-08-02,1,6,1,1,0,0,0,울산,울주군,1,1,0,0,0,4,1,129.3227,35.4344,울산울주군,0,이륜차없음,0,1,0,17,0,0
2015-08-02,1,6,1,1,0,0,0,강원,홍천군,1,10,0,0,0,9,1,128.0671,37.6565,강원홍천군,0,농기계없음,0,1,0,82,0,0
2015-08-02,1,6,1,1,0,0,0,강원,춘천시,1,6,0,0,0,0,1,127.7809,37.824,강원춘천시,0,승용차없음,0,1,0,111,0,0
2015-08-02,0,6,1,1,0,0,0,세종,세종,1,8,6,1,1,0,7,127.2951,36.5297,세종세종,0,승용차원동기장치자전거,1,1,0,229,0,0
2015-08-02,0,6,1,8,6,1,0,충남,서천군,1,1,5,0,0,0,6,126.6406,36.1087,충남서천군,2,승용차승합차,0,1,0,10,0,0
2015-08-03,1,0,1,1,0,0,0,경북,포항시,1,1,0,1,1,7,2,129.3707,36.0335,경북포항시,0,자전거승용차,0,0,0,160,0,0
2015-08-03,1,0,1,4,0,3,0,경기,양평군,1,8,7,1,1,0,2,127.5003,37.4829,경기양평군,1,승용차승용차,0,0,0,48,0,0
2015-08-03,1,0,1,2,0,1,0,충남,논산시,1,1,7,1,1,1,3,127.0344,36.2348,충남논산시,0,화물차화물차,0,0,0,61,0,0
2015-08-03,1,0,1,1,0,0,0,전남,나주시,1,5,5,0,0,4,3,126.6044,35.0516,전남나주시,0,이륜차화물차,0,0,0,33,0,0
2015-08-03,1,0,1,2,1,0,0,전남,고흥군,1,5,0,0,0,2,3,127.2513,34.7494,전남고흥군,0,승합차화물차,0,0,0,191,0,0
2015-08-03,1,0,1,1,0,0,0,경기,파주시,1,1,0,0,0,6,3,126.8058,37.7341,경기파주시,0,원동기장치자전거화물차,0,0,0,175,0,0
2015-08-03,1,0,1,1,0,0,0,강원,강릉시,1,6,0,0,0,0,1,128.8938,37.75,강원강릉시,0,승용차없음,0,0,0,194,0,0
2015-08-03,1,0,1,1,0,0,0,충북,제천시,1,8,2,0,0,0,7,128.1873,37.1304,충북제천시,0,승용차원동기장치자전거,0,0,0,103,0,0
2015-08-03,0,0,1,1,0,0,0,충남,당진시,1,9,5,0,0,4,2,126.5894,36.9855,충남당진시,0,이륜차승용차,0,0,0,46,0,0
2015-08-04,0,1,1,1,0,0,0,부산,금정구,1,1,0,0,0,4,1,129.0879,35.2394,부산금정구,0,이륜차없음,0,0,0,96,0,0
2015-08-04,0,1,1,5,3,1,0,충남,태안군,1,9,5,1,2,0,3,126.3004,36.7434,충남태안군,1,승용차화물차,0,0,0,169,0,0
2015-08-04,0,1,1,1,0,0,0,경남,창원시(통합),1,8,6,1,2,7,2,128.6888,35.2225,경남창원시(통합),0,자전거승용차,0,0,0,86,0,0
2015-08-04,0,1,1,3,2,0,0,경기,파주시,1,9,5,0,0,0,2,126.7187,37.8008,경기파주시,1,승용차승용차,0,0,0,175,0,0
2015-08-04,0,1,1,1,0,0,0,강원,속초시,1,6,0,0,0,4,1,128.5782,38.1887,강원속초시,0,이륜차없음,0,0,0,104,0,0
2015-08-04,1,1,1,1,0,0,0,충남,부여군,1,6,0,1,1,0,1,126.7539,36.2044,충남부여군,0,승용차없음,0,0,0,129,0,0
2015-08-04,1,1,1,4,3,0,0,광주,북구,1,8,0,0,0,0,2,126.8691,35.2202,광주북구,1,승용차승용차,0,0,0,137,0,0
2015-08-04,0,1,1,2,0,1,0,전북,고창군,1,5,0,0,0,6,8,126.6741,35.5208,전북고창군,0,원동기장치자전거농기계,0,0,0,219,0,0
2015-08-05,0,2,1,1,0,0,0,경기,양평군,1,5,0,0,0,0,7,127.6086,37.4173,경기양평군,0,승용차원동기장치자전거,0,0,0,48,0,0
2015-08-05,0,2,1,1,0,0,0,경기,화성시,1,6,0,0,0,0,1,127.0826,37.2169,경기화성시,0,승용차없음,0,0,0,50,0,0
2015-08-05,1,2,1,4,0,3,0,전남,무안군,1,8,6,1,1,0,2,126.3497,34.9618,전남무안군,1,승용차승용차,0,0,0,101,0,0
2015-08-05,1,2,1,1,0,0,0,전남,광양시,1,5,0,0,0,0,8,127.6116,34.9631,전남광양시,0,승용차농기계,0,0,0,130,0,0
2015-08-05,1,2,1,1,0,0,0,경남,김해시,1,1,5,0,0,0,2,128.8024,35.174,경남김해시,0,승용차승용차,0,0,0,13,0,0
2015-08-05,1,2,1,3,2,0,0,충남,논산시,1,5,0,1,2,1,2,127.0846,36.1959,충남논산시,1,화물차승용차,0,0,0,61,0,0
2015-08-05,1,2,1,1,0,0,0,충남,예산군,1,1,0,0,0,6,1,126.8193,36.7202,충남예산군,0,원동기장치자전거없음,0,0,0,187,0,0
2015-08-05,1,2,1,1,0,0,0,광주,서구,1,8,6,1,1,4,2,126.8558,35.1588,광주서구,0,이륜차승용차,0,0,0,222,0,0
2015-08-05,1,2,3,9,5,1,0,전북,고창군,1,9,5,0,0,0,6,126.5038,35.4513,전북고창군,2,승용차승합차,0,0,0,219,0,0
2015-08-05,1,2,1,1,0,0,0,경북,경주시,1,6,0,0,0,4,1,129.0007,35.7944,경북경주시,0,이륜차없음,0,0,0,100,0,0
2015-08-05,0,2,1,1,0,0,0,서울,강동구,1,8,6,1,1,1,4,127.1736,37.5469,서울강동구,0,화물차이륜차,0,0,0,91,0,0
2015-08-05,0,2,1,1,0,0,0,경기,고양시,1,5,6,1,1,0,4,126.8819,37.6304,경기고양시,0,승용차이륜차,0,0,0,40,0,0
2015-08-05,0,2,1,1,0,0,0,전북,정읍시,1,6,0,0,0,6,1,126.7198,35.6124,전북정읍시,0,원동기장치자전거없음,0,0,0,12,0,0
2015-08-05,0,2,1,1,0,0,0,충북,증평군,1,11,0,0,0,1,1,127.613,36.8228,충북증평군,0,화물차없음,0,0,0,138,0,0
2015-08-06,1,3,1,1,0,0,0,충북,음성군,1,8,6,1,1,4,2,127.6979,36.9288,충북음성군,0,이륜차승용차,0,0,0,110,0,0
2015-08-06,1,3,1,1,0,0,0,경기,안성시,1,11,0,0,0,5,1,127.3185,36.9422,경기안성시,0,특수차없음,0,0,0,23,0,0
2015-08-06,1,3,1,1,0,0,0,경북,경주시,1,10,0,0,0,4,1,129.1208,35.8547,경북경주시,0,이륜차없음,0,0,0,100,0,0
2015-08-06,1,3,1,1,0,0,0,경기,안성시,1,5,0,0,0,4,2,127.2484,37.0758,경기안성시,0,이륜차승용차,0,0,0,23,0,0
2015-08-06,1,3,1,4,1,2,0,경기,안성시,1,8,8,1,1,2,3,127.418,37.0731,경기안성시,1,승합차화물차,0,0,0,23,0,0
2015-08-06,1,3,1,1,0,0,0,강원,춘천시,1,10,0,0,0,6,1,128.0003,37.9172,강원춘천시,0,원동기장치자전거없음,0,0,0,111,0,0
2015-08-06,1,3,1,2,1,0,0,경남,합천군,1,9,5,0,0,1,3,128.1163,35.3897,경남합천군,0,화물차화물차,0,0,0,133,0,0
2015-08-06,1,3,1,1,0,0,0,경기,안산시,1,1,3,0,0,7,3,126.7806,37.3021,경기안산시,0,자전거화물차,0,0,0,2,0,0
2015-08-06,0,3,1,1,0,0,0,서울,성동구,1,6,0,0,0,4,1,127.0463,37.5711,서울성동구,0,이륜차없음,0,0,0,84,0,0
2015-08-06,0,3,2,6,1,3,0,전북,완주군,1,5,2,0,0,0,6,127.0861,35.9406,전북완주군,1,승용차승합차,0,0,0,28,0,0
2015-08-06,0,3,1,2,1,0,0,부산,사상구,1,8,6,1,1,0,7,128.9841,35.1938,부산사상구,0,승용차원동기장치자전거,0,0,0,120,0,0
2015-08-06,0,3,1,1,0,0,0,경기,가평군,1,1,6,1,2,4,1,127.4801,37.7966,경기가평군,0,이륜차없음,0,0,0,176,0,0
2015-08-07,0,4,1,4,3,0,0,경기,양주시,1,6,2,0,0,0,1,127.0771,37.791,경기양주시,1,승용차없음,0,0,0,59,0,0
2015-08-07,0,4,1,1,0,0,0,충북,충주시,1,6,0,0,0,0,1,127.8198,36.9743,충북충주시,0,승용차없음,0,0,0,6,0,0
2015-08-07,1,4,1,2,0,1,0,경기,고양시,1,8,6,1,1,0,3,126.8425,37.6946,경기고양시,0,승용차화물차,0,0,0,40,0,0
2015-08-07,1,4,1,4,3,0,0,강원,춘천시,1,5,0,0,0,1,2,127.7833,37.7698,강원춘천시,1,화물차승용차,0,0,0,111,0,0
2015-08-07,1,4,1,2,0,1,0,경북,포항시,1,5,0,1,2,5,9,129.3426,36.0121,경북포항시,0,특수차건설기계,0,0,0,160,0,0
2015-08-07,1,4,1,2,0,1,0,광주,광산구,1,8,5,0,0,0,3,126.6973,35.1631,광주광산구,0,승용차화물차,0,0,0,135,0,0
2015-08-07,1,4,2,6,4,0,0,경기,남양주시,1,8,0,0,0,0,2,127.2725,37.6121,경기남양주시,2,승용차승용차,0,0,0,70,0,0
2015-08-07,1,4,1,1,0,0,0,충북,충주시,1,11,0,0,0,1,1,127.703,37.043,충북충주시,0,화물차없음,0,0,0,6,0,0
2015-08-07,0,4,1,2,1,0,0,경남,양산시,1,6,0,1,1,6,1,129.1625,35.3984,경남양산시,0,원동기장치자전거없음,0,0,0,49,0,0
2015-08-08,1,5,2,5,2,1,0,전남,고흥군,1,9,5,0,0,1,2,127.4222,34.5302,전남고흥군,1,화물차승용차,0,1,0,191,0,0
2015-08-08,1,5,1,1,0,0,0,대전,동구,1,8,0,1,1,6,2,127.4372,36.3543,대전동구,0,원동기장치자전거승용차,0,1,0,80,0,0
2015-08-08,1,5,1,1,0,0,0,경북,영천시,1,1,0,0,0,1,11,128.9385,35.9169,경북영천시,0,화물차특수차,0,1,0,5,0,0
2015-08-08,1,5,1,1,0,0,0,충남,천안시,1,6,0,0,0,1,1,127.2573,36.915,충남천안시,0,화물차없음,0,1,0,63,0,0
2015-08-08,1,5,1,1,0,0,0,전북,임실군,1,10,0,0,0,7,1,127.1511,35.4942,전북임실군,0,자전거없음,0,1,0,152,0,0
2015-08-08,1,5,1,2,1,0,0,경북,포항시,1,6,0,0,0,6,1,129.3244,36.242,경북포항시,0,원동기장치자전거없음,0,1,0,160,0,0
2015-08-09,0,6,1,1,0,0,0,충남,홍성군,1,6,0,0,0,0,1,126.632,36.5856,충남홍성군,0,승용차없음,0,1,0,38,0,0
2015-08-09,0,6,1,1,0,0,0,경기,남양주시,1,6,0,0,0,4,1,127.1202,37.6656,경기남양주시,0,이륜차없음,0,1,0,70,0,0
2015-08-09,0,6,1,1,0,0,0,경남,사천시,1,5,0,0,0,1,8,127.9249,35.1063,경남사천시,0,화물차농기계,0,1,0,57,0,0
2015-08-09,0,6,2,2,0,0,0,제주,서귀포시,1,5,0,0,0,2,8,126.6247,33.2635,제주서귀포시,0,승합차농기계,0,1,0,62,0,0
2015-08-09,1,6,1,1,0,0,0,강원,춘천시,1,6,0,0,0,4,1,127.8683,37.8463,강원춘천시,0,이륜차없음,0,1,0,111,0,0
2015-08-09,1,6,1,1,0,0,0,경북,영주시,1,8,0,0,0,4,2,128.6192,36.821,경북영주시,0,이륜차승용차,0,1,0,113,0,0
2015-08-09,0,6,1,1,0,0,0,경북,영천시,1,5,0,0,0,0,5,128.9161,36.1059,경북영천시,0,승용차자전거,0,1,0,5,0,0
2015-08-09,0,6,1,1,0,0,0,경기,동두천시,1,5,0,0,0,0,5,127.0599,37.9445,경기동두천시,0,승용차자전거,0,1,0,94,0,0
2015-08-09,0,6,1,1,0,0,0,경남,창원시(통합),1,8,0,1,1,2,7,128.523,35.2606,경남창원시(통합),0,승합차원동기장치자전거,0,1,0,86,0,0
2015-08-09,0,6,1,1,0,0,0,인천,남구,1,8,0,0,0,0,4,126.6857,37.451,인천남동구,0,승용차이륜차,0,1,0,29,0,0
2015-08-09,0,6,1,2,1,0,0,충남,청양군,1,5,0,0,0,1,8,126.9656,36.4054,충남청양군,0,화물차농기계,0,1,0,174,0,0
2015-08-09,0,6,1,1,0,0,0,대전,중구,1,1,0,0,0,0,5,127.3903,36.3105,대전중구,0,승용차자전거,0,1,0,39,0,0
2015-08-10,0,0,1,1,0,0,0,경기,부천시,1,1,5,0,3,7,2,126.7512,37.4887,경기부천시,0,자전거승용차,0,0,0,65,0,0
2015-08-10,1,0,1,1,0,0,0,경남,함양군,1,10,0,0,0,4,1,127.7718,35.5688,경남함양군,0,이륜차없음,0,0,0,108,0,0
2015-08-10,1,0,1,1,0,0,0,인천,동구,1,8,0,0,0,7,3,126.6408,37.4824,인천동구,0,자전거화물차,0,0,0,207,0,0
2015-08-10,1,0,1,1,0,0,0,부산,사하구,1,8,9,1,1,0,7,128.9589,35.0961,부산사하구,0,승용차원동기장치자전거,0,0,0,25,0,0
2015-08-10,1,0,1,1,0,0,0,서울,성동구,1,6,0,0,0,4,1,127.0486,37.5699,서울성동구,0,이륜차없음,0,0,0,84,0,0
2015-08-10,1,0,1,1,0,0,0,경기,평택시,1,8,0,1,1,1,7,127.0714,36.9951,경기평택시,0,화물차원동기장치자전거,0,0,0,14,0,0
2015-08-10,1,0,1,2,1,0,0,경기,안산시,1,9,5,0,0,0,2,126.5723,37.2857,경기안산시,0,승용차승용차,0,0,0,2,0,0
2015-08-10,0,0,1,1,0,0,0,경기,수원시,1,8,6,1,1,0,4,126.9916,37.3105,경기수원시,0,승용차이륜차,0,0,0,99,0,0
2015-08-10,0,0,1,1,0,0,0,경기,의왕시,1,6,0,0,0,1,1,127.0185,37.3943,경기의왕시,0,화물차없음,0,0,0,199,0,0
2015-08-11,0,1,1,1,0,0,0,경기,안산시,1,1,0,0,0,0,4,126.854,37.3075,경기안산시,0,승용차이륜차,0,0,0,2,0,0
2015-08-11,0,1,1,1,0,0,0,경남,함안군,1,5,0,0,0,1,3,128.4047,35.287,경남함안군,0,화물차화물차,0,0,0,117,0,0
2015-08-11,1,1,1,3,0,2,0,전남,영광군,1,8,5,0,0,1,3,126.3927,35.2235,전남영광군,0,화물차화물차,0,0,0,127,0,0
2015-08-11,1,1,1,1,0,0,0,경북,의성군,1,8,0,0,0,4,2,128.4228,36.5128,경북의성군,0,이륜차승용차,0,0,0,105,0,0