발생년월일,주야,요일,사망자수,사상자수,중상자수,경상자수,부상신고자수,발생지시도,발생지시군구,사고유형_대분류,사고유형_중분류,법규위반,도로형태_대분류,도로형태,당사자종별_1당_대분류,당사자종별_2당_대분류,경도,위도,발생지,사고피해정도,사고차량타입,도시여부,주말/공휴일,인구수,발생지번호,보행자의위치,무단횡단여부
2015-09-02,0,2,1,4,2,1,0,제주,서귀포시,1,1,2,1,1,0,2,126.8292,33.3329,제주서귀포시,1,승용차승용차,0,0,0,62,0,0
2015-09-02,0,2,1,2,1,0,0,대구,동구,1,6,0,0,0,0,1,128.6271,35.8852,대구동구,0,승용차없음,0,0,0,26,0,0
2015-09-02,0,2,1,3,0,2,0,인천,남구,1,9,6,1,1,4,2,126.6894,37.4579,인천남동구,0,이륜차승용차,0,0,0,29,0,0
2015-09-02,1,2,1,1,0,0,0,인천,계양구,1,8,6,1,1,6,3,126.737,37.5432,인천계양구,0,원동기장치자전거화물차,0,0,0,7,0,0
2015-09-02,1,2,1,5,4,0,0,강원,홍천군,1,8,6,1,1,3,2,127.955,37.7631,강원홍천군,1,건설기계승용차,0,0,0,82,0,0
2015-09-02,1,2,1,1,0,0,0,경남,거제시,1,9,5,0,0,4,6,128.5584,34.8353,경남거제시,0,이륜차승합차,0,0,0,15,0,0
2015-09-02,1,2,1,1,0,0,0,경북,경주시,1,1,0,0,0,0,1,129.064,35.6465,경북경주시,0,승용차없음,0,0,0,100,0,0
2015-09-02,1,2,1,1,0,0,0,강원,인제군,1,8,6,1,1,3,3,128.3269,38.1945,강원인제군,0,건설기계화물차,0,0,0,124,0,0
2015-09-02,1,2,1,1,0,0,0,경남,김해시,1,5,0,0,0,0,4,128.7485,35.2482,경남김해시,0,승용차이륜차,0,0,0,13,0,0
2015-09-03,0,3,1,1,0,0,0,경기,평택시,1,6,0,0,0,1,1,127.0571,36.9669,경기평택시,0,화물차없음,0,0,0,14,0,0
2015-09-03,1,3,1,1,0,0,0,부산,사상구,1,8,0,0,0,1,4,128.9734,35.1435,부산사상구,0,화물차이륜차,0,0,0,120,0,0
2015-09-03,1,3,1,1,0,0,0,전남,강진군,1,1,0,0,0,6,2,126.7081,34.705,전남강진군,0,원동기장치자전거승용차,0,0,0,121,0,0
2015-09-03,1,3,1,2,0,0,1,부산,강서구,1,5,0,0,0,1,3,128.974,35.2121,부산강서구,0,화물차화물차,0,0,0,206,0,0
2015-09-03,1,3,2,4,0,2,0,경남,통영시,1,8,6,1,1,0,3,128.4134,34.8768,경남통영시,1,승용차화물차,0,0,0,212,0,0
2015-09-03,1,3,1,2,1,0,0,경남,산청군,1,6,0,1,2,0,1,127.7982,35.4575,경남산청군,0,승용차없음,0,0,0,224,0,0
2015-09-03,1,3,1,1,0,0,0,경남,하동군,1,9,0,0,0,0,4,127.78,35.0941,경남하동군,0,승용차이륜차,0,0,0,172,0,0
2015-09-04,0,4,1,1,0,0,0,전북,전주시,1,6,0,0,0,4,1,127.1085,35.8077,전북전주시,0,이륜차없음,0,0,0,11,0,0
2015-09-04,1,4,1,1,0,0,0,경남,거제시,1,1,0,0,0,0,2,128.5819,34.9109,경남거제시,0,승용차승용차,0,0,0,15,0,0
2015-09-04,1,4,1,2,1,0,0,강원,평창군,1,9,5,0,0,0,3,128.5297,37.5852,강원평창군,0,승용차화물차,0,0,0,24,0,0
2015-09-04,1,4,1,1,0,0,0,경기,연천군,1,5,0,0,0,1,7,127.0681,38.0115,경기연천군,0,화물차원동기장치자전거,0,0,0,106,0,0
2015-09-04,1,4,1,3,0,2,0,경기,안성시,1,8,3,0,0,5,6,127.1384,37.0395,경기안성시,0,특수차승합차,0,0,0,23,0,0
2015-09-04,0,4,1,1,0,0,0,충북,제천시,1,8,5,0,0,7,2,128.1707,37.1572,충북제천시,0,자전거승용차,0,0,0,103,0,0
2015-09-04,0,4,1,1,0,0,0,전북,남원시,1,10,0,0,0,9,1,127.4564,35.4821,전북남원시,0,농기계없음,0,0,0,193,0,0
2015-09-04,0,4,1,1,0,0,0,경기,수원시,1,8,10,0,0,0,7,126.9938,37.2684,경기수원시,0,승용차원동기장치자전거,0,0,0,99,0,0
2015-09-04,0,4,1,1,0,0,0,충남,홍성군,1,5,0,1,2,4,3,126.6621,36.5953,충남홍성군,0,이륜차화물차,0,0,0,38,0,0
2015-09-05,1,5,1,1,0,0,0,충남,예산군,1,5,0,1,1,1,7,126.6983,36.7423,충남예산군,0,화물차원동기장치자전거,0,1,0,187,0,0
2015-09-05,1,5,1,1,0,0,0,전남,해남군,1,8,0,0,0,4,6,126.5175,34.3684,전남해남군,0,이륜차승합차,0,1,0,119,0,0
2015-09-05,1,5,1,1,0,0,0,서울,성북구,1,10,0,0,0,7,1,127.0708,37.6136,서울성북구,0,자전거없음,0,1,0,167,0,0
2015-09-05,1,5,1,2,0,1,0,전북,진안군,1,8,2,1,2,1,2,127.4088,35.7819,전북진안군,0,화물차승용차,0,1,0,192,0,0
2015-09-05,0,5,1,1,0,0,0,충남,천안시,1,9,5,0,0,0,6,127.1921,36.9115,충남천안시,0,승용차승합차,0,1,0,63,0,0
2015-09-05,0,5,1,1,0,0,0,경북,예천군,1,6,0,0,0,6,1,128.412,36.636,경북예천군,0,원동기장치자전거없음,0,1,0,55,0,0
2015-09-05,0,5,1,1,0,0,0,경남,합천군,1,11,0,0,0,0,1,128.0109,35.5275,경남합천군,0,승용차없음,0,1,0,133,0,0
2015-09-06,0,6,1,5,3,1,0,부산,부산진구,1,1,6,1,1,0,2,129.032,35.1538,부산부산진구,1,승용차승용차,0,1,0,163,0,0
2015-09-06,1,6,1,1,0,0,0,서울,광진구,1,1,6,1,1,0,7,127.0869,37.5635,서울광진구,0,승용차원동기장치자전거,0,1,0,183,0,0
2015-09-06,1,6,1,2,0,1,0,충남,서천군,1,9,5,0,0,4,2,126.6588,36.0967,충남서천군,0,이륜차승용차,0,1,0,10,0,0
2015-09-06,1,6,1,2,0,1,0,전북,완주군,1,5,0,0,0,4,3,127.2369,35.7138,전북완주군,0,이륜차화물차,0,1,0,28,0,0
2015-09-06,1,6,1,1,0,0,0,경기,평택시,1,6,4,0,0,6,1,127.0586,37.056,경기평택시,0,원동기장치자전거없음,0,1,0,14,0,0
2015-09-06,1,6,1,4,3,0,0,강원,양구군,1,6,0,0,0,1,1,127.9879,38.0647,강원양구군,1,화물차없음,0,1,0,115,0,0
2015-09-06,0,6,1,2,0,1,0,경기,양주시,1,8,9,0,0,0,4,127.0546,37.8496,경기양주시,0,승용차이륜차,0,1,0,59,0,0
2015-09-06,0,6,1,2,1,0,0,인천,서구,1,9,6,0,0,6,6,126.6742,37.4861,인천서구,0,원동기장치자전거승합차,0,1,0,97,0,0
2015-09-06,0,6,1,1,0,0,0,대전,서구,1,10,0,1,2,4,1,127.3949,36.3577,대전서구,0,이륜차없음,0,1,0,4,0,0
2015-09-07,0,0,1,13,3,9,0,경북,경주시,1,5,0,0,0,2,3,129.1917,35.7835,경북경주시,2,승합차화물차,0,0,0,100,0,0
2015-09-07,1,0,1,1,0,0,0,경기,포천시,1,1,0,1,1,1,7,127.2792,37.8846,경기포천시,0,화물차원동기장치자전거,0,0,0,171,0,0
2015-09-07,1,0,1,1,0,0,0,울산,동구,1,8,0,1,1,0,5,129.4247,35.5033,울산동구,0,승용차자전거,0,0,0,225,0,0
2015-09-07,1,0,1,4,1,2,0,경기,용인시,1,1,3,0,0,1,2,127.1364,37.0496,경기용인시,1,화물차승용차,0,0,0,51,0,0
2015-09-07,1,0,1,2,1,0,0,충북,음성군,1,6,0,0,0,2,1,127.6473,36.9477,충북음성군,0,승합차없음,0,0,0,110,0,0
2015-09-07,0,0,1,1,0,0,0,경북,김천시,1,5,0,0,0,1,4,128.2157,36.1572,경북김천시,0,화물차이륜차,0,0,0,76,0,0
2015-09-08,0,1,1,1,0,0,0,서울,성북구,1,6,0,0,0,2,1,127.0024,37.6074,서울성북구,0,승합차없음,0,0,0,167,0,0
2015-09-08,0,1,1,1,0,0,0,경기,안양시,1,8,6,1,1,6,3,126.9446,37.3988,경기안양시,0,원동기장치자전거화물차,0,0,0,151,0,0
2015-09-08,1,1,1,2,1,0,0,경북,구미시,1,1,0,0,0,1,3,128.4227,36.1646,경북구미시,0,화물차화물차,0,0,0,144,0,0
2015-09-08,1,1,1,1,0,0,0,경남,함안군,1,5,0,0,0,1,4,128.5235,35.3252,경남함안군,0,화물차이륜차,0,0,0,117,0,0
2015-09-08,1,1,1,2,1,0,0,경남,창녕군,1,10,0,0,0,9,1,128.4219,35.4704,경남창녕군,0,농기계없음,0,0,0,211,0,0
2015-09-08,1,1,1,1,0,0,0,경남,합천군,1,5,0,0,0,4,3,128.3211,35.6288,경남합천군,0,이륜차화물차,0,0,0,133,0,0
2015-09-08,1,1,1,1,0,0,0,대전,서구,1,8,6,1,1,0,5,127.4019,36.3532,대전서구,0,승용차자전거,0,0,0,4,0,0
2015-09-08,0,1,1,1,0,0,0,강원,횡성군,1,10,0,0,0,1,1,128.1349,37.5063,강원횡성군,0,화물차없음,0,0,0,31,0,0
2015-09-08,0,1,1,1,0,0,0,부산,강서구,1,9,0,1,1,2,4,128.8996,35.0843,부산강서구,0,승합차이륜차,0,0,0,206,0,0
2015-09-08,0,1,1,1,0,0,0,경북,상주시,1,5,0,1,1,6,2,128.0914,36.2805,경북상주시,0,원동기장치자전거승용차,0,0,0,58,0,0
2015-09-08,0,1,1,2,1,0,0,경남,함안군,1,5,0,0,0,0,7,128.5327,35.2919,경남함안군,0,승용차원동기장치자전거,0,0,0,117,0,0
2015-09-09,0,2,1,3,1,0,1,경북,칠곡군,1,5,0,0,0,1,3,128.4276,35.9906,경북칠곡군,0,화물차화물차,0,0,0,21,0,0
2015-09-09,0,2,2,3,1,0,0,광주,서구,1,9,5,0,0,2,2,126.8573,35.1283,광주서구,1,승합차승용차,0,0,0,222,0,0
2015-09-09,1,2,1,1,0,0,0,경남,고성군,1,6,0,0,0,6,1,128.388,34.9684,경남고성군,0,원동기장치자전거없음,0,0,0,87,0,0
2015-09-09,1,2,1,1,0,0,0,경기,김포시,1,5,0,0,0,6,3,126.6203,37.6573,경기김포시,0,원동기장치자전거화물차,0,0,0,47,0,0
2015-09-09,1,2,1,2,1,0,0,전남,나주시,1,9,5,0,0,0,2,126.7267,35.0356,전남나주시,0,승용차승용차,0,0,0,33,0,0
2015-09-09,1,2,1,1,0,0,0,전남,구례군,1,10,0,0,0,0,1,127.4397,35.328,전남구례군,0,승용차없음,0,0,0,161,0,0
2015-09-09,1,2,1,1,0,0,0,전북,고창군,1,11,0,0,0,4,1,126.6411,35.4348,전북고창군,0,이륜차없음,0,0,0,219,0,0
2015-09-09,0,2,1,1,0,0,0,경기,화성시,1,5,0,1,1,7,2,126.8941,37.1228,경기화성시,0,자전거승용차,0,0,0,50,0,0
2015-09-09,0,2,1,1,0,0,0,경남,창원시(통합),1,1,0,1,1,7,1,128.6223,35.2639,경남창원시(통합),0,자전거없음,0,0,0,86,0,0
2015-09-10,1,3,1,1,0,0,0,경기,화성시,1,6,0,1,1,0,1,126.7009,37.2275,경기화성시,0,승용차없음,0,0,0,50,0,0
2015-09-10,1,3,1,1,0,0,0,경기,광주시,1,5,0,0,0,0,5,127.279,37.4701,경기광주시,0,승용차자전거,0,0,0,9,0,0
2015-09-10,1,3,1,1,0,0,0,경기,안성시,1,8,3,0,0,7,2,127.2489,37.0126,경기안성시,0,자전거승용차,0,0,0,23,0,0
2015-09-10,1,3,1,1,0,0,0,경북,안동시,1,1,5,0,0,8,4,128.6949,36.6172,경북안동시,0,기타이륜차,0,0,0,66,0,0
2015-09-10,1,3,1,3,0,1,1,광주,광산구,1,5,2,0,0,0,2,126.743,35.1541,광주광산구,0,승용차승용차,0,0,0,135,0,0
2015-09-10,1,3,1,1,0,0,0,서울,노원구,1,1,0,1,1,7,2,127.0716,37.6588,서울노원구,0,자전거승용차,0,0,0,18,0,0
2015-09-10,1,3,1,4,1,2,0,충북,옥천군,1,1,5,0,0,4,2,127.6579,36.2811,충북옥천군,1,이륜차승용차,0,0,0,142,0,0
2015-09-10,0,3,1,1,0,0,0,울산,울주군,1,5,5,0,0,5,3,129.267,35.4307,울산울주군,0,특수차화물차,0,0,0,17,0,0
2015-09-10,0,3,1,2,1,0,0,전북,임실군,1,9,5,0,0,0,2,127.318,35.5956,전북임실군,0,승용차승용차,0,0,0,152,0,0
2015-09-11,0,4,1,1,0,0,0,충북,단양군,1,6,0,0,0,1,1,128.3297,36.9424,충북단양군,0,화물차없음,0,0,0,204,0,0
2015-09-11,0,4,1,1,0,0,0,대구,동구,1,8,0,1,1,7,2,128.6965,35.8673,대구동구,0,자전거승용차,0,0,0,26,0,0
2015-09-11,1,4,1,1,0,0,0,부산,부산진구,1,9,6,1,1,1,7,129.0654,35.1632,부산부산진구,0,화물차원동기장치자전거,0,0,0,163,0,0
2015-09-11,1,4,1,1,0,0,0,충북,충주시,1,1,0,1,1,1,5,127.7185,37.051,충북충주시,0,화물차자전거,0,0,0,6,0,0
2015-09-11,1,4,1,1,0,0,0,경남,산청군,1,6,0,0,0,4,1,127.849,35.4334,경남산청군,0,이륜차없음,0,0,0,224,0,0
2015-09-11,1,4,1,1,0,0,0,경남,고성군,1,1,0,0,0,7,2,128.3273,34.9889,경남고성군,0,자전거승용차,0,0,0,87,0,0
2015-09-11,1,4,1,2,1,0,0,경기,안성시,1,9,5,0,0,1,3,127.175,37.0609,경기안성시,0,화물차화물차,0,0,0,23,0,0
2015-09-11,1,4,1,1,0,0,0,경기,하남시,1,8,7,1,1,6,3,127.2041,37.5082,경기하남시,0,원동기장치자전거화물차,0,0,0,67,0,0
2015-09-11,0,4,1,1,0,0,0,경남,진주시,1,8,6,1,2,7,2,128.0714,35.1774,경남진주시,0,자전거승용차,0,0,0,42,0,0
2015-09-11,0,4,1,1,0,0,0,제주,제주시,1,5,0,0,0,0,8,126.3941,33.4537,제주제주시,0,승용차농기계,0,0,0,90,0,0
2015-09-11,0,4,1,1,0,0,0,경기,용인시,1,1,0,0,0,0,2,127.078,37.2671,경기용인시,0,승용차승용차,0,0,0,51,0,0
2015-09-12,0,5,1,2,1,0,0,충남,홍성군,1,9,2,0,0,0,2,126.6377,36.5797,충남홍성군,0,승용차승용차,0,1,0,38,0,0
2015-09-12,0,5,1,6,2,3,0,서울,강북구,1,8,6,1,1,0,2,127.0299,37.6171,서울강북구,1,승용차승용차,0,1,0,200,0,0
2015-09-12,1,5,2,4,1,1,0,경북,안동시,1,9,5,0,0,1,3,128.9251,36.5699,경북안동시,1,화물차화물차,0,1,0,66,0,0
2015-09-12,1,5,1,3,1,1,0,전북,정읍시,1,6,0,0,0,0,1,126.8287,35.5633,전북정읍시,0,승용차없음,0,1,0,12,0,0
2015-09-12,1,5,1,2,1,0,0,경기,시흥시,1,5,0,0,0,0,2,126.7954,37.3979,경기시흥시,0,승용차승용차,0,1,0,73,0,0
2015-09-12,1,5,1,1,0,0,0,충남,당진시,1,1,0,1,1,6,1,126.5857,36.9873,충남당진시,0,원동기장치자전거없음,0,1,0,46,0,0
2015-09-12,1,5,1,1,0,0,0,경기,안산시,1,1,5,0,0,6,2,126.5737,37.2576,경기안산시,0,원동기장치자전거승용차,0,1,0,2,0,0
2015-09-12,0,5,1,1,0,0,0,서울,노원구,1,10,0,0,0,7,1,127.0637,37.6329,서울노원구,0,자전거없음,0,1,0,18,0,0
2015-09-12,0,5,1,2,0,1,0,인천,계양구,1,8,0,0,0,0,2,126.7764,37.5761,인천계양구,0,승용차승용차,0,1,0,7,0,0
2015-09-12,0,5,1,2,1,0,0,충북,충주시,1,1,6,1,1,6,2,127.9186,36.9713,충북충주시,0,원동기장치자전거승용차,0,1,0,6,0,0
2015-09-12,0,5,1,3,2,0,0,전북,완주군,1,6,0,0,0,0,1,127.0417,35.8237,전북완주군,1,승용차없음,0,1,0,28,0,0
2015-09-12,0,5,1,1,0,0,0,경남,밀양시,1,6,0,0,0,0,1,128.9913,35.5845,경남밀양시,0,승용차없음,0,1,0,177,0,0
2015-09-13,0,6,2,2,0,0,0,경기,가평군,1,6,0,0,0,4,1,127.42,37.7533,경기가평군,0,이륜차없음,0,1,0,176,0,0
2015-09-13,0,6,1,1,0,0,0,서울,용산구,1,10,0,0,0,6,1,126.9937,37.5544,서울용산구,0,원동기장치자전거없음,0,1,0,134,0,0
2015-09-13,1,6,1,1,0,0,0,경기,광주시,1,8,6,1,1,4,6,127.2491,37.394,경기광주시,0,이륜차승합차,0,1,0,9,0,0
2015-09-13,1,6,1,2,0,1,0,강원,삼척시,1,5,0,0,0,0,5,129.1054,37.4108,강원삼척시,0,승용차자전거,0,1,0,78,0,0
2015-09-13,1,6,1,1,0,0,0,경북,상주시,1,6,0,0,0,4,1,127.9041,36.4755,경북상주시,0,이륜차없음,0,1,0,58,0,0
2015-09-13,1,6,1,2,0,1,0,경기,안성시,1,8,5,0,0,6,2,127.4716,37.0857,경기안성시,0,원동기장치자전거승용차,0,1,0,23,0,0
2015-09-13,1,6,1,1,0,0,0,서울,중랑구,1,8,7,1,1,6,3,127.0879,37.619,서울중랑구,0,원동기장치자전거화물차,0,1,0,196,0,0
2015-09-13,0,6,1,1,0,0,0,전북,군산시,1,1,0,0,0,0,12,126.7023,35.9741,전북군산시,0,승용차기타,0,1,0,166,0,0
2015-09-14,0,0,1,1,0,0,0,울산,동구,1,6,0,0,0,0,1,129.4518,35.56,울산동구,0,승용차없음,0,0,0,225,0,0
2015-09-14,0,0,1,1,0,0,0,제주,제주시,1,5,3,0,3,4,3,126.522,33.4997,제주제주시,0,이륜차화물차,0,0,0,90,0,0
2015-09-14,1,0,1,2,0,1,0,경남,진주시,1,5,0,0,0,1,3,128.1249,35.2207,경남진주시,0,화물차화물차,0,0,0,42,0,0
2015-09-14,1,0,1,1,0,0,0,경북,안동시,1,1,0,0,0,1,8,128.6069,36.5917,경북안동시,0,화물차농기계,0,0,0,66,0,0
2015-09-14,1,0,1,1,0,0,0,경기,부천시,1,8,0,1,1,0,7,126.7767,37.5008,경기부천시,0,승용차원동기장치자전거,0,0,0,65,0,0
2015-09-14,0,0,1,1,0,0,0,충북,청주시,1,8,0,0,3,0,5,127.3954,36.6193,충북청주시,0,승용차자전거,0,0,0,83,0,0
2015-09-15,0,1,1,7,1,5,0,충남,공주시,1,5,0,0,0,0,3,127.0803,36.4277,충남공주시,1,승용차화물차,0,0,0,19,0,0
2015-09-15,0,1,1,3,1,0,1,부산,수영구,1,9,5,0,0,4,2,129.0999,35.1536,부산수영구,0,이륜차승용차,0,0,0,45,0,0
2015-09-15,0,1,1,3,2,0,0,경기,파주시,1,6,0,1,1,0,1,126.8308,37.7715,경기파주시,1,승용차없음,0,0,0,175,0,0
2015-09-15,1,1,1,1,0,0,0,경기,고양시,1,1,3,0,0,2,3,126.7185,37.6593,경기고양시,0,승합차화물차,0,0,0,40,0,0
2015-09-15,1,1,1,2,1,0,0,경기,이천시,1,8,2,1,1,0,8,127.4281,37.2152,경기이천시,0,승용차농기계,0,0,0,41,0,0
2015-09-15,1,1,1,2,0,1,0,강원,홍천군,1,5,0,0,0,1,3,127.5686,37.7181,강원홍천군,0,화물차화물차,0,0,0,82,0,0
2015-09-15,0,1,1,1,0,0,0,경기,고양시,1,6,0,0,0,0,1,126.8259,37.6041,경기고양시,0,승용차없음,0,0,0,40,0,0
2015-09-15,0,1,1,3,2,0,0,강원,평창군,1,10,0,0,0,1,1,128.522,37.3149,강원평창군,1,화물차없음,0,0,0,24,0,0
2015-09-15,0,1,1,3,0,2,0,전북,익산시,1,5,0,1,2,0,2,126.9484,35.9645,전북익산시,0,승용차승용차,0,0,0,125,0,0
2015-09-16,0,2,1,2,1,0,0,경기,광주시,1,5,0,0,0,1,3,127.2564,37.4562,경기광주시,0,화물차화물차,0,0,0,9,0,0
2015-09-16,0,2,1,1,0,0,0,대전,중구,1,8,2,0,0,0,5,127.4028,36.3303,대전중구,0,승용차자전거,0,0,0,39,0,0
2015-09-16,1,2,1,2,0,1,0,경남,함안군,1,8,6,1,1,0,3,128.4277,35.2784,경남함안군,0,승용차화물차,0,0,0,117,0,0
2015-09-16,1,2,1,1,0,0,0,경북,포항시,1,6,0,0,0,0,1,129.5373,36.0658,경북포항시,0,승용차없음,0,0,0,160,0,0
2015-09-16,1,2,1,1,0,0,0,경기,고양시,1,1,6,1,1,4,2,126.7887,37.6807,경기고양시,0,이륜차승용차,0,0,0,40,0,0
2015-09-16,1,2,1,2,1,0,0,경북,포항시,1,1,5,0,0,4,11,129.3851,36.1319,경북포항시,0,이륜차특수차,0,0,0,160,0,0
2015-09-16,1,2,1,2,1,0,0,울산,울주군,1,6,0,0,0,1,1,129.1179,35.5444,울산울주군,0,화물차없음,0,0,0,17,0,0
2015-09-16,1,2,1,1,0,0,0,전남,무안군,1,8,6,1,1,4,2,126.3627,34.9979,전남무안군,0,이륜차승용차,0,0,0,101,0,0
2015-09-17,1,3,1,7,2,4,0,전남,영광군,1,8,8,1,1,1,2,126.5338,35.203,전남영광군,1,화물차승용차,0,0,0,127,0,0
2015-09-17,1,3,1,1,0,0,0,충남,논산시,1,11,0,0,0,0,1,127.1872,36.2282,충남논산시,0,승용차없음,0,0,0,61,0,0
2015-09-18,0,4,1,1,0,0,0,경기,부천시,1,8,0,1,2,1,5,126.7438,37.5018,경기부천시,0,화물차자전거,0,0,0,65,0,0
2015-09-18,0,4,1,2,1,0,0,경북,칠곡군,1,5,9,1,1,1,3,128.5344,36.0562,경북칠곡군,0,화물차화물차,0,0,0,21,0,0
2015-09-18,0,4,1,1,0,0,0,대전,유성구,1,1,0,1,2,0,1,127.3637,36.4024,대전유성구,0,승용차없음,0,0,0,148,0,0
2015-09-18,1,4,1,1,0,0,0,경남,하동군,1,9,5,0,0,4,9,127.657,35.1626,경남하동군,0,이륜차건설기계,0,0,0,172,0,0
2015-09-18,1,4,1,2,1,0,0,충북,청주시,1,8,5,0,0,0,2,127.3948,36.6459,충북청주시,0,승용차승용차,0,0,0,83,0,0
2015-09-18,1,4,1,1,0,0,0,전남,장흥군,1,8,8,1,1,4,3,126.8524,34.4601,전남장흥군,0,이륜차화물차,0,0,0,56,0,0
2015-09-18,1,4,1,1,0,0,0,전남,신안군,1,10,0,0,0,1,1,126.0445,34.8594,전남신안군,0,화물차없음,0,0,0,132,0,0
2015-09-18,0,4,1,2,0,1,0,서울,영등포구,1,5,0,0,0,0,2,126.906,37.5254,서울영등포구,0,승용차승용차,0,0,0,150,0,0
2015-09-19,0,5,1,2,1,0,0,서울,서대문구,1,1,0,1,1,0,7,126.931,37.5668,서울서대문구,0,승용차원동기장치자전거,0,1,0,195,0,0
2015-09-19,0,5,1,3,0,2,0,경기,파주시,1,5,0,1,2,0,3,126.7598,37.7168,경기파주시,0,승용차화물차,0,1,0,175,0,0
2015-09-19,0,5,1,1,0,0,0,경북,안동시,1,8,0,1,1,7,3,128.7209,36.5632,경북안동시,0,자전거화물차,0,1,0,66,0,0
2015-09-19,1,5,1,2,1,0,0,부산,부산진구,1,5,6,0,0,0,2,129.0247,35.151,부산부산진구,0,승용차승용차,0,1,0,163,0,0
2015-09-19,1,5,1,1,0,0,0,경남,밀양시,1,1,0,0,0,2,8,128.6242,35.5494,경남밀양시,0,승합차농기계,0,1,0,177,0,0
2015-09-19,1,5,1,3,1,1,0,충남,청양군,1,5,10,0,0,9,7,126.7925,36.4434,충남청양군,0,농기계원동기장치자전거,0,1,0,174,0,0
2015-09-19,1,5,1,1,0,0,0,경기,광명시,1,5,5,0,0,0,4,126.8734,37.4587,경기광명시,0,승용차이륜차,0,1,0,81,0,0
2015-09-19,1,5,1,3,2,0,0,전남,해남군,1,11,0,0,0,0,1,126.3145,34.6117,전남해남군,1,승용차없음,0,1,0,119,0,0
2015-09-19,0,5,1,3,1,0,1,강원,횡성군,1,6,0,0,0,0,1,128.106,37.4662,강원횡성군,0,승용차없음,0,1,0,31,0,0
2015-09-20,0,6,1,2,1,0,0,대구,달성군,1,5,2,0,0,0,3,128.4323,35.8611,대구달성군,0,승용차화물차,0,1,0,30,0,0
2015-09-20,1,6,1,4,3,0,0,경북,구미시,1,1,2,1,1,1,2,128.4814,36.1354,경북구미시,1,화물차승용차,0,1,0,144,0,0
2015-09-20,1,6,1,2,0,1,0,충북,청주시,1,1,0,1,1,4,5,127.4905,36.6271,충북청주시,0,이륜차자전거,0,1,0,83,0,0
2015-09-20,1,6,1,1,0,0,0,충남,보령시,1,1,0,1,1,9,3,126.6185,36.3608,충남보령시,0,농기계화물차,0,1,0,136,0,0
2015-09-20,0,6,1,1,0,0,0,전남,장성군,1,5,0,0,0,0,8,126.66,35.2585,전남장성군,0,승용차농기계,0,1,0,146,0,0
2015-09-21,0,0,1,1,0,0,0,경기,하남시,1,8,6,1,1,6,6,127.1557,37.5147,경기하남시,0,원동기장치자전거승합차,0,0,0,67,0,0
2015-09-21,0,0,1,1,0,0,0,경기,고양시,1,6,0,1,1,0,1,126.7811,37.6989,경기고양시,0,승용차없음,0,0,0,40,0,0
2015-09-21,0,0,1,3,2,0,0,서울,송파구,1,8,6,1,1,0,3,127.1102,37.502,서울송파구,1,승용차화물차,0,0,0,156,0,0
2015-09-21,0,0,1,1,0,0,0,부산,수영구,1,8,6,1,1,1,5,129.1259,35.1564,부산수영구,0,화물차자전거,0,0,0,45,0,0
2015-09-21,0,0,1,1,0,0,0,경기,화성시,1,6,0,0,0,1,1,127.0014,37.131,경기화성시,0,화물차없음,0,0,0,50,0,0
2015-09-21,1,0,1,1,0,0,0,충남,서천군,1,11,0,1,2,6,1,126.5554,36.1669,충남서천군,0,원동기장치자전거없음,0,0,0,10,0,0
2015-09-21,1,0,1,1,0,0,0,서울,동작구,1,6,0,0,0,4,1,126.9666,37.4877,서울동작구,0,이륜차없음,0,0,0,93,0,0
2015-09-21,1,0,2,2,0,0,0,부산,남구,1,9,5,0,0,0,11,129.0749,35.1157,부산남구,0,승용차특수차,0,0,0,180,0,0
2015-09-21,1,0,1,1,0,0,0,제주,제주시,1,8,6,1,1,6,6,126.4874,33.479,제주제주시,0,원동기장치자전거승합차,0,0,0,90,0,0
2015-09-21,1,0,1,2,0,1,0,전남,여수시,1,11,0,0,0,9,1,127.5916,34.6889,전남여수시,0,농기계없음,0,0,0,102,0,0
2015-09-21,0,0,1,1,0,0,0,서울,금천구,1,1,0,0,0,2,1,126.9132,37.45,서울금천구,0,승합차없음,0,0,0,109,0,0
2015-09-22,0,1,1,1,0,0,0,충남,계룡시,1,10,0,0,0,4,1,127.2359,36.2992,충남계룡시,0,이륜차없음,0,0,0,223,0,0
2015-09-22,0,1,1,1,0,0,0,광주,동구,1,6,0,1,1,0,1,126.9282,35.1624,광주동구,0,승용차없음,0,0,0,162,0,0
2015-09-22,0,1,1,1,0,0,0,서울,강남구,1,5,3,0,0,5,2,127.0949,37.4949,서울강남구,0,특수차승용차,0,0,0,89,0,0
2015-09-22,1,1,1,1,0,0,0,충남,논산시,1,5,0,1,2,0,5,127.0882,36.2086,충남논산시,0,승용차자전거,0,0,0,61,0,0
2015-09-22,1,1,1,2,1,0,0,경기,고양시,1,5,0,0,0,0,2,126.785,37.629,경기고양시,0,승용차승용차,0,0,0,40,0,0
2015-09-22,1,1,1,2,0,1,0,경기,양평군,1,8,0,1,1,4,2,127.5553,37.5294,경기양평군,0,이륜차승용차,0,0,0,48,0,0
2015-09-22,1,1,1,2,1,0,0,부산,강서구,1,8,6,1,1,5,2,128.9252,35.0988,부산강서구,0,특수차승용차,0,0,0,206,0,0
2015-09-22,1,1,1,1,0,0,0,경기,고양시,1,8,0,0,0,0,5,126.7412,37.6734,경기고양시,0,승용차자전거,0,0,0,40,0,0