발생년월일,주야,요일,사망자수,사상자수,중상자수,경상자수,부상신고자수,발생지시도,발생지시군구,사고유형_대분류,사고유형_중분류,법규위반,도로형태_대분류,도로형태,당사자종별_1당_대분류,당사자종별_2당_대분류,경도,위도,발생지,사고피해정도,사고차량타입,도시여부,주말/공휴일,인구수,발생지번호,보행자의위치,무단횡단여부
2015-10-13,1,1,1,1,0,0,0,충북,음성군,1,1,7,1,1,1,7,127.6077,37.0322,충북음성군,0,화물차원동기장치자전거,0,0,0,110,0,0
2015-10-13,1,1,1,2,1,0,0,충남,서산시,1,8,0,0,0,4,2,126.5338,36.7156,충남서산시,0,이륜차승용차,0,0,0,69,0,0
2015-10-13,1,1,1,1,0,0,0,경기,양주시,1,5,5,0,0,0,3,126.9991,37.921,경기양주시,0,승용차화물차,0,0,0,59,0,0
2015-10-13,1,1,1,1,0,0,0,충북,음성군,1,8,0,1,1,0,5,127.4848,37.0151,충북음성군,0,승용차자전거,0,0,0,110,0,0
2015-10-13,1,1,1,1,0,0,0,경기,부천시,1,8,6,1,1,1,4,126.7753,37.5152,경기부천시,0,화물차이륜차,0,0,0,65,0,0
2015-10-13,1,1,2,3,1,0,0,경기,안산시,1,9,5,0,0,0,3,126.6327,37.2322,경기안산시,1,승용차화물차,0,0,0,2,0,0
2015-10-14,0,2,1,4,2,1,0,서울,서초구,1,5,0,0,0,0,2,127.0191,37.502,서울서초구,1,승용차승용차,0,0,0,214,0,0
2015-10-14,0,2,1,2,0,1,0,경기,용인시,1,5,0,0,0,0,3,127.0975,37.2898,경기용인시,0,승용차화물차,0,0,0,51,0,0
2015-10-14,0,2,1,1,0,0,0,전남,나주시,1,5,0,0,0,1,7,126.7397,35.0358,전남나주시,0,화물차원동기장치자전거,0,0,0,33,0,0
2015-10-14,1,2,1,2,1,0,0,강원,춘천시,1,9,5,0,0,0,6,127.7056,37.9468,강원춘천시,0,승용차승합차,0,0,0,111,0,0
2015-10-14,1,2,3,6,0,3,0,충남,서산시,1,9,6,1,2,3,2,126.4415,36.773,충남서산시,1,건설기계승용차,0,0,0,69,0,0
2015-10-14,1,2,1,2,1,0,0,충북,청주시,1,9,0,1,1,0,6,127.3689,36.5837,충북청주시,0,승용차승합차,0,0,0,83,0,0
2015-10-14,1,2,1,2,0,1,0,충남,보령시,1,5,0,0,0,1,3,126.5843,36.4937,충남보령시,0,화물차화물차,0,0,0,136,0,0
2015-10-14,1,2,1,2,0,1,0,경기,파주시,1,8,0,1,1,4,3,126.7085,37.806,경기파주시,0,이륜차화물차,0,0,0,175,0,0
2015-10-14,1,2,1,1,0,0,0,전남,완도군,1,9,5,0,0,4,3,126.5589,34.1898,전남완도군,0,이륜차화물차,0,0,0,141,0,0
2015-10-14,1,2,1,1,0,0,0,울산,울주군,1,1,0,0,0,9,1,129.1077,35.5257,울산울주군,0,농기계없음,0,0,0,17,0,0
2015-10-14,1,2,1,1,0,0,0,충북,음성군,1,1,0,1,1,2,7,127.5715,36.9823,충북음성군,0,승합차원동기장치자전거,0,0,0,110,0,0
2015-10-14,1,2,1,1,0,0,0,전남,나주시,1,10,0,0,0,4,1,126.6596,34.9726,전남나주시,0,이륜차없음,0,0,0,33,0,0
2015-10-14,0,2,1,2,1,0,0,강원,평창군,1,5,3,0,0,0,2,128.4218,37.5954,강원평창군,0,승용차승용차,0,0,0,24,0,0
2015-10-15,1,3,1,6,3,2,0,인천,부평구,1,8,5,0,0,0,6,126.7295,37.4892,인천부평구,1,승용차승합차,0,0,0,44,0,0
2015-10-15,1,3,1,1,0,0,0,전북,익산시,1,1,0,1,1,0,2,126.9537,35.9578,전북익산시,0,승용차승용차,0,0,0,125,0,0
2015-10-15,1,3,1,1,0,0,0,경북,구미시,1,1,0,0,0,4,9,128.3285,36.1542,경북구미시,0,이륜차건설기계,0,0,0,144,0,0
2015-10-15,0,3,1,1,0,0,0,경기,구리시,1,1,0,0,0,4,1,127.1399,37.626,경기구리시,0,이륜차없음,0,0,0,165,0,0
2015-10-15,0,3,1,2,1,0,0,전남,장성군,1,10,0,1,1,0,1,126.6491,35.2356,전남장성군,0,승용차없음,0,0,0,146,0,0
2015-10-15,0,3,1,1,0,0,0,대전,대덕구,1,5,0,0,0,0,6,127.4234,36.399,대전대덕구,0,승용차승합차,0,0,0,77,0,0
2015-10-16,0,4,1,2,0,0,1,경남,양산시,1,5,0,0,0,0,2,129.0457,35.363,경남양산시,0,승용차승용차,0,0,0,49,0,0
2015-10-16,1,4,1,1,0,0,0,경북,경산시,1,1,0,0,0,1,4,128.8344,35.9198,경북경산시,0,화물차이륜차,0,0,0,52,0,0
2015-10-16,1,4,1,3,1,1,0,전남,무안군,1,5,0,0,0,0,7,126.5083,34.8688,전남무안군,0,승용차원동기장치자전거,0,0,0,101,0,0
2015-10-16,1,4,1,1,0,0,0,전남,광양시,1,8,6,1,2,6,2,127.593,34.9712,전남광양시,0,원동기장치자전거승용차,0,0,0,130,0,0
2015-10-16,1,4,1,3,1,1,0,경기,용인시,1,1,0,0,0,1,6,127.1036,37.2897,경기용인시,0,화물차승합차,0,0,0,51,0,0
2015-10-16,1,4,1,3,0,2,0,충북,진천군,1,9,7,1,1,0,2,127.5171,36.8063,충북진천군,0,승용차승용차,0,0,0,60,0,0
2015-10-16,1,4,1,1,0,0,0,경기,동두천시,1,1,10,0,0,0,4,127.0537,37.9187,경기동두천시,0,승용차이륜차,0,0,0,94,0,0
2015-10-16,1,4,1,1,0,0,0,전남,영광군,1,1,5,0,0,4,3,126.4842,35.2489,전남영광군,0,이륜차화물차,0,0,0,127,0,0
2015-10-16,0,4,1,5,4,0,0,경기,가평군,1,9,5,0,0,0,2,127.4958,37.6235,경기가평군,1,승용차승용차,0,0,0,176,0,0
2015-10-16,0,4,1,1,0,0,0,세종,세종,1,5,0,0,0,7,2,127.291,36.5959,세종세종,0,자전거승용차,1,0,0,229,0,0
2015-10-16,0,4,1,2,0,0,1,경북,칠곡군,1,8,0,0,0,0,3,128.4107,35.9104,경북칠곡군,0,승용차화물차,0,0,0,21,0,0
2015-10-16,0,4,1,1,0,0,0,충남,천안시,1,5,0,0,0,0,6,127.1516,36.8392,충남천안시,0,승용차승합차,0,0,0,63,0,0
2015-10-17,1,5,1,1,0,0,0,서울,강동구,1,1,6,0,0,8,2,127.119,37.5408,서울강동구,0,기타승용차,0,1,0,91,0,0
2015-10-17,1,5,1,1,0,0,0,강원,고성군,1,6,0,1,2,4,1,128.5347,38.3086,강원고성군,0,이륜차없음,0,1,0,217,0,0
2015-10-17,1,5,3,4,1,0,0,경남,사천시,1,9,5,0,0,1,3,128.0487,34.9267,경남사천시,1,화물차화물차,0,1,0,57,0,0
2015-10-17,1,5,1,1,0,0,0,경기,수원시,1,9,5,0,0,6,3,126.9461,37.2936,경기수원시,0,원동기장치자전거화물차,0,1,0,99,0,0
2015-10-17,0,5,1,1,0,0,0,충북,증평군,1,8,0,0,0,1,5,127.5739,36.7828,충북증평군,0,화물차자전거,0,1,0,138,0,0
2015-10-17,0,5,1,1,0,0,0,충북,옥천군,1,11,0,0,0,1,1,127.734,36.3689,충북옥천군,0,화물차없음,0,1,0,142,0,0
2015-10-17,0,5,1,3,1,1,0,충남,부여군,1,10,3,0,0,0,1,126.9207,36.2924,충남부여군,0,승용차없음,0,1,0,129,0,0
2015-10-17,0,5,1,2,1,0,0,경기,이천시,1,5,0,0,0,0,8,127.3556,37.2552,경기이천시,0,승용차농기계,0,1,0,41,0,0
2015-10-17,0,5,1,1,0,0,0,충북,괴산군,1,1,0,0,0,4,1,127.8492,36.8753,충북괴산군,0,이륜차없음,0,1,0,179,0,0
2015-10-17,0,5,1,1,0,0,0,경남,밀양시,1,11,0,0,0,1,1,128.8886,35.5213,경남밀양시,0,화물차없음,0,1,0,177,0,0
2015-10-18,1,6,1,1,0,0,0,경남,창원시(통합),1,6,0,0,0,1,1,128.7093,35.3433,경남창원시(통합),0,화물차없음,0,1,0,86,0,0
2015-10-18,1,6,1,1,0,0,0,인천,옹진군,1,10,0,0,0,6,1,126.4351,37.5198,인천옹진군,0,원동기장치자전거없음,0,1,0,186,0,0
2015-10-18,0,6,1,2,1,0,0,전남,담양군,1,5,0,0,0,0,5,126.9798,35.2244,전남담양군,0,승용차자전거,0,1,0,181,0,0
2015-10-18,0,6,1,1,0,0,0,전남,광양시,1,1,0,1,2,2,4,127.5757,34.9648,전남광양시,0,승합차이륜차,0,1,0,130,0,0
2015-10-18,0,6,2,3,0,0,1,경기,화성시,1,10,0,0,0,0,1,126.845,37.1647,경기화성시,0,승용차없음,0,1,0,50,0,0
2015-10-18,0,6,1,1,0,0,0,인천,부평구,1,1,0,1,2,4,1,126.7104,37.49,인천부평구,0,이륜차없음,0,1,0,44,0,0
2015-10-19,0,0,1,1,0,0,0,경북,상주시,1,10,0,0,0,4,1,128.1512,36.4141,경북상주시,0,이륜차없음,0,0,0,58,0,0
2015-10-19,0,0,1,5,3,1,0,경기,평택시,1,1,6,1,1,0,6,127.0881,37.0035,경기평택시,1,승용차승합차,0,0,0,14,0,0
2015-10-19,1,0,1,2,1,0,0,경남,의령군,1,5,0,0,0,6,3,128.2639,35.4732,경남의령군,0,원동기장치자전거화물차,0,0,0,189,0,0
2015-10-19,1,0,1,4,3,0,0,강원,인제군,1,8,0,0,0,0,3,128.1855,38.0768,강원인제군,1,승용차화물차,0,0,0,124,0,0
2015-10-19,1,0,1,1,0,0,0,경남,함안군,1,5,0,0,0,1,3,128.3744,35.2912,경남함안군,0,화물차화물차,0,0,0,117,0,0
2015-10-19,1,0,1,1,0,0,0,충북,청주시,1,8,5,0,0,1,7,127.3571,36.6012,충북청주시,0,화물차원동기장치자전거,0,0,0,83,0,0
2015-10-19,0,0,1,2,0,1,0,강원,춘천시,1,8,8,1,1,0,4,127.7263,37.8923,강원춘천시,0,승용차이륜차,0,0,0,111,0,0
2015-10-19,0,0,2,2,0,0,0,전북,군산시,1,1,5,1,1,0,4,126.6577,35.9503,전북군산시,0,승용차이륜차,0,0,0,166,0,0
2015-10-19,0,0,2,3,1,0,0,전북,순창군,1,1,0,0,0,1,8,127.2561,35.4611,전북순창군,1,화물차농기계,0,0,0,131,0,0
2015-10-19,0,0,1,1,0,0,0,전북,고창군,1,6,0,1,1,1,1,126.6735,35.3992,전북고창군,0,화물차없음,0,0,0,219,0,0
2015-10-20,0,1,1,1,0,0,0,울산,울주군,1,5,0,0,0,0,3,129.1213,35.5595,울산울주군,0,승용차화물차,0,0,0,17,0,0
2015-10-20,1,1,1,2,1,0,0,경기,양주시,1,8,0,1,1,1,2,127.0146,37.8692,경기양주시,0,화물차승용차,0,0,0,59,0,0
2015-10-20,1,1,1,1,0,0,0,충남,천안시,1,1,3,1,2,1,4,127.135,36.9185,충남천안시,0,화물차이륜차,0,0,0,63,0,0
2015-10-20,1,1,1,1,0,0,0,충남,아산시,1,1,0,1,1,0,7,126.9353,36.8649,충남아산시,0,승용차원동기장치자전거,0,0,0,53,0,0
2015-10-20,1,1,1,1,0,0,0,서울,강북구,1,1,0,0,0,0,5,127.024,37.6437,서울강북구,0,승용차자전거,0,0,0,200,0,0
2015-10-20,1,1,1,1,0,0,0,대전,동구,1,5,0,0,0,0,3,127.4749,36.346,대전동구,0,승용차화물차,0,0,0,80,0,0
2015-10-20,1,1,1,1,0,0,0,전북,전주시,1,8,0,0,3,0,5,127.1482,35.8246,전북전주시,0,승용차자전거,0,0,0,11,0,0
2015-10-20,1,1,1,2,1,0,0,경기,파주시,1,9,5,0,0,0,3,126.9523,37.9785,경기파주시,0,승용차화물차,0,0,0,175,0,0
2015-10-20,1,1,1,1,0,0,0,경기,안성시,1,8,8,1,1,3,4,127.1434,37.0631,경기안성시,0,건설기계이륜차,0,0,0,23,0,0
2015-10-20,0,1,1,1,0,0,0,광주,광산구,1,8,6,1,1,0,7,126.829,35.2131,광주광산구,0,승용차원동기장치자전거,0,0,0,135,0,0
2015-10-20,0,1,1,1,0,0,0,충남,천안시,1,8,0,1,1,0,2,127.1346,36.9402,충남천안시,0,승용차승용차,0,0,0,63,0,0
2015-10-21,0,2,1,1,0,0,0,경기,의정부시,1,6,0,0,0,4,1,127.0875,37.7413,경기의정부시,0,이륜차없음,0,0,0,64,0,0
2015-10-21,0,2,1,1,0,0,0,경기,파주시,1,6,0,0,0,4,1,126.8127,37.7642,경기파주시,0,이륜차없음,0,0,0,175,0,0
2015-10-21,0,2,1,2,1,0,0,경남,진주시,1,9,5,0,0,0,2,128.0708,35.1564,경남진주시,0,승용차승용차,0,0,0,42,0,0
2015-10-21,1,2,1,1,0,0,0,경북,경주시,1,1,0,0,0,0,8,129.2346,35.7454,경북경주시,0,승용차농기계,0,0,0,100,0,0
2015-10-21,1,2,1,1,0,0,0,충남,당진시,1,5,0,0,0,0,2,126.8186,36.9432,충남당진시,0,승용차승용차,0,0,0,46,0,0
2015-10-21,1,2,1,1,0,0,0,경남,하동군,1,11,0,0,0,4,1,127.849,35.0219,경남하동군,0,이륜차없음,0,0,0,172,0,0
2015-10-21,1,2,1,1,0,0,0,강원,원주시,1,5,3,0,0,4,2,127.9371,37.3389,강원원주시,0,이륜차승용차,0,0,0,36,0,0
2015-10-21,1,2,1,1,0,0,0,충남,보령시,1,8,9,0,0,4,2,126.5886,36.4289,충남보령시,0,이륜차승용차,0,0,0,136,0,0
2015-10-21,1,2,1,1,0,0,0,경기,평택시,1,1,3,0,0,0,7,127.0537,37.0762,경기평택시,0,승용차원동기장치자전거,0,0,0,14,0,0
2015-10-21,1,2,1,1,0,0,0,경남,김해시,1,5,0,1,2,1,3,128.8026,35.174,경남김해시,0,화물차화물차,0,0,0,13,0,0
2015-10-21,1,2,1,5,2,2,0,충북,보은군,1,8,6,1,1,0,6,127.7064,36.4799,충북보은군,1,승용차승합차,0,0,0,32,0,0
2015-10-21,1,2,1,2,0,1,0,강원,양구군,1,9,5,0,0,0,2,127.9931,38.1207,강원양구군,0,승용차승용차,0,0,0,115,0,0
2015-10-21,0,2,1,1,0,0,0,전남,해남군,1,6,0,0,0,1,1,126.4649,34.5941,전남해남군,0,화물차없음,0,0,0,119,0,0
2015-10-22,0,3,1,1,0,0,0,서울,강남구,1,8,5,0,0,6,2,127.0213,37.5107,서울강남구,0,원동기장치자전거승용차,0,0,0,89,0,0
2015-10-22,1,3,1,1,0,0,0,경기,평택시,1,10,0,1,1,1,1,127.0433,37.1228,경기평택시,0,화물차없음,0,0,0,14,0,0
2015-10-22,1,3,1,1,0,0,0,전북,익산시,1,6,0,0,0,6,1,126.9441,36.0153,전북익산시,0,원동기장치자전거없음,0,0,0,125,0,0
2015-10-22,0,3,1,1,0,0,0,서울,동대문구,1,1,0,0,0,4,2,127.0501,37.5841,서울동대문구,0,이륜차승용차,0,0,0,201,0,0
2015-10-22,0,3,1,1,0,0,0,인천,남동구,1,8,0,0,0,7,2,126.713,37.399,인천남동구,0,자전거승용차,0,0,0,29,0,0
2015-10-22,0,3,1,2,1,0,0,충남,부여군,1,5,0,1,2,0,3,126.9078,36.2665,충남부여군,0,승용차화물차,0,0,0,129,0,0
2015-10-23,0,4,1,3,1,1,0,경기,성남시,1,8,6,1,1,0,2,127.1734,37.4227,경기성남시,0,승용차승용차,0,0,0,95,0,0
2015-10-23,0,4,1,1,0,0,0,경남,창녕군,1,6,0,0,0,1,1,128.3729,35.5538,경남창녕군,0,화물차없음,0,0,0,211,0,0
2015-10-23,0,4,1,1,0,0,0,전남,강진군,1,5,2,0,0,0,7,126.8092,34.6441,전남강진군,0,승용차원동기장치자전거,0,0,0,121,0,0
2015-10-23,0,4,1,2,0,1,0,경북,경주시,1,10,0,0,0,1,1,129.1872,35.8121,경북경주시,0,화물차없음,0,0,0,100,0,0
2015-10-23,0,4,1,1,0,0,0,충북,충주시,1,1,0,1,2,0,11,127.9424,37.0736,충북충주시,0,승용차특수차,0,0,0,6,0,0
2015-10-23,1,4,1,1,0,0,0,경북,상주시,1,5,0,0,0,0,9,128.1953,36.4184,경북상주시,0,승용차건설기계,0,0,0,58,0,0
2015-10-23,1,4,1,1,0,0,0,대전,대덕구,1,8,3,0,0,0,4,127.4101,36.358,대전대덕구,0,승용차이륜차,0,0,0,77,0,0
2015-10-23,1,4,1,1,0,0,0,충남,당진시,1,8,0,0,0,3,4,126.7451,36.8852,충남당진시,0,건설기계이륜차,0,0,0,46,0,0
2015-10-23,0,4,1,4,1,2,0,경북,의성군,1,5,0,0,0,1,3,128.6914,36.3558,경북의성군,1,화물차화물차,0,0,0,105,0,0
2015-10-23,0,4,1,2,0,1,0,경북,청도군,1,5,0,0,0,0,8,128.7053,35.6531,경북청도군,0,승용차농기계,0,0,0,3,0,0
2015-10-23,0,4,1,1,0,0,0,대전,대덕구,1,8,0,1,1,1,5,127.3951,36.3464,대전대덕구,0,화물차자전거,0,0,0,77,0,0
2015-10-23,0,4,1,1,0,0,0,울산,울주군,1,8,0,1,1,7,6,129.1951,35.7004,울산울주군,0,자전거승합차,0,0,0,17,0,0
2015-10-23,0,4,1,2,1,0,0,강원,강릉시,1,5,0,0,0,0,9,128.834,37.7844,강원강릉시,0,승용차건설기계,0,0,0,194,0,0
2015-10-24,0,5,1,3,0,2,0,광주,남구,1,9,5,0,0,0,3,126.8999,35.1343,광주남구,0,승용차화물차,0,1,0,190,0,0
2015-10-24,0,5,1,2,1,0,0,서울,강서구,1,6,0,0,0,4,1,126.8612,37.5322,서울강서구,0,이륜차없음,0,1,0,43,0,0
2015-10-24,1,5,1,1,0,0,0,강원,태백시,1,8,6,1,1,3,7,129.0164,37.097,강원태백시,0,건설기계원동기장치자전거,0,1,0,215,0,0
2015-10-24,1,5,1,1,0,0,0,경기,파주시,1,8,0,0,0,6,6,126.744,37.7247,경기파주시,0,원동기장치자전거승합차,0,1,0,175,0,0
2015-10-24,1,5,1,1,0,0,0,경북,경주시,1,9,5,0,0,3,3,129.2425,36.057,경북경주시,0,건설기계화물차,0,1,0,100,0,0
2015-10-24,0,5,1,1,0,0,0,경북,군위군,1,5,0,0,0,4,3,128.7463,36.1642,경북군위군,0,이륜차화물차,0,1,0,170,0,0
2015-10-24,0,5,1,1,0,0,0,경남,창원시(통합),1,1,0,0,3,0,2,128.6555,35.2401,경남창원시(통합),0,승용차승용차,0,1,0,86,0,0
2015-10-24,0,5,1,1,0,0,0,전남,보성군,1,1,0,0,0,9,1,127.2303,34.8054,전남보성군,0,농기계없음,0,1,0,122,0,0
2015-10-24,0,5,1,1,0,0,0,대구,달서구,1,8,0,0,3,0,5,128.512,35.836,대구달서구,0,승용차자전거,0,1,0,20,0,0
2015-10-25,0,6,1,1,0,0,0,경기,부천시,1,1,0,0,0,6,1,126.7942,37.4866,경기부천시,0,원동기장치자전거없음,0,1,0,65,0,0
2015-10-25,0,6,1,1,0,0,0,경북,경산시,1,1,0,2,4,1,12,128.8362,35.9197,경북경산시,0,화물차기타,0,1,0,52,0,0
2015-10-25,0,6,1,1,0,0,0,서울,중랑구,1,8,6,1,2,0,4,127.0885,37.5756,서울중랑구,0,승용차이륜차,0,1,0,196,0,0
2015-10-25,1,6,1,1,0,0,0,부산,동래구,1,5,0,0,0,7,2,129.0689,35.2064,부산동래구,0,자전거승용차,0,1,0,216,0,0
2015-10-25,1,6,1,1,0,0,0,충남,보령시,1,10,0,0,0,9,1,126.6664,36.1844,충남보령시,0,농기계없음,0,1,0,136,0,0
2015-10-25,1,6,1,1,0,0,0,경남,함양군,1,10,0,0,0,4,1,127.689,35.6867,경남함양군,0,이륜차없음,0,1,0,108,0,0
2015-10-26,1,0,1,1,0,0,0,경북,포항시,1,6,0,0,0,4,1,129.3597,36.0374,경북포항시,0,이륜차없음,0,0,0,160,0,0
2015-10-26,1,0,1,5,4,0,0,충북,충주시,1,5,0,0,0,1,3,127.8629,36.9315,충북충주시,1,화물차화물차,0,0,0,6,0,0
2015-10-26,1,0,1,1,0,0,0,대전,유성구,1,8,6,1,1,0,7,127.3235,36.3668,대전유성구,0,승용차원동기장치자전거,0,0,0,148,0,0
2015-10-26,1,0,1,21,3,15,2,경북,상주시,1,1,0,0,0,1,3,128.2218,36.3099,경북상주시,2,화물차화물차,0,0,0,58,0,0
2015-10-26,1,0,1,1,0,0,0,경남,고성군,1,5,0,0,0,6,3,128.3415,34.982,경남고성군,0,원동기장치자전거화물차,0,0,0,87,0,0
2015-10-26,1,0,1,1,0,0,0,전북,전주시,1,8,0,0,3,1,5,127.1528,35.8364,전북전주시,0,화물차자전거,0,0,0,11,0,0
2015-10-26,0,0,1,9,2,6,0,경기,하남시,1,9,0,1,2,0,6,127.1668,37.5443,경기하남시,2,승용차승합차,0,0,0,67,0,0
2015-10-26,0,0,1,3,0,2,0,충남,서산시,1,9,5,0,0,4,2,126.5552,36.7395,충남서산시,0,이륜차승용차,0,0,0,69,0,0
2015-10-26,0,0,1,1,0,0,0,경기,부천시,1,8,6,1,1,4,2,126.7689,37.5105,경기부천시,0,이륜차승용차,0,0,0,65,0,0
2015-10-27,1,1,1,2,1,0,0,경북,영덕군,1,11,0,0,0,1,1,129.3752,36.2699,경북영덕군,0,화물차없음,0,0,0,54,0,0
2015-10-28,1,2,1,3,0,2,0,경기,용인시,1,9,5,0,0,6,3,127.1043,37.2621,경기용인시,0,원동기장치자전거화물차,0,0,0,51,0,0
2015-10-28,1,2,1,1,0,0,0,경북,예천군,1,6,0,1,2,1,1,128.4456,36.7025,경북예천군,0,화물차없음,0,0,0,55,0,0
2015-10-28,1,2,1,2,1,0,0,충남,공주시,1,5,0,0,0,0,6,127.0267,36.3291,충남공주시,0,승용차승합차,0,0,0,19,0,0
2015-10-28,1,2,1,1,0,0,0,경남,김해시,1,9,0,1,1,3,3,128.8778,35.298,경남김해시,0,건설기계화물차,0,0,0,13,0,0
2015-10-28,1,2,1,6,0,5,0,경기,포천시,1,9,5,0,0,1,3,127.3215,38.0554,경기포천시,1,화물차화물차,0,0,0,171,0,0
2015-10-28,0,2,1,1,0,0,0,경남,사천시,1,1,7,1,1,7,3,128.0962,34.9312,경남사천시,0,자전거화물차,0,0,0,57,0,0
2015-10-28,0,2,1,1,0,0,0,강원,원주시,1,6,0,1,1,0,1,127.8595,37.3828,강원원주시,0,승용차없음,0,0,0,36,0,0
2015-10-29,1,3,1,1,0,0,0,강원,양구군,1,8,0,1,1,1,7,128.0149,38.1461,강원양구군,0,화물차원동기장치자전거,0,0,0,115,0,0
2015-10-29,1,3,1,3,0,2,0,전남,영광군,1,8,5,0,0,0,2,126.5171,35.2762,전남영광군,0,승용차승용차,0,0,0,127,0,0
2015-10-29,1,3,1,1,0,0,0,인천,남동구,1,1,0,0,0,2,6,126.7159,37.4494,인천남동구,0,승합차승합차,0,0,0,29,0,0
2015-10-29,1,3,1,1,0,0,0,경기,안성시,1,5,0,0,0,0,6,127.1288,37.0791,경기안성시,0,승용차승합차,0,0,0,23,0,0
2015-10-29,1,3,1,6,2,3,0,서울,서초구,1,8,0,0,0,2,6,127.0664,37.4337,서울서초구,1,승합차승합차,0,0,0,214,0,0
2015-10-29,1,3,1,1,0,0,0,충남,청양군,1,11,0,0,0,9,1,126.7697,36.5198,충남청양군,0,농기계없음,0,0,0,174,0,0
2015-10-29,1,3,1,1,0,0,0,충남,논산시,1,11,0,0,0,9,1,127.0937,36.0786,충남논산시,0,농기계없음,0,0,0,61,0,0
2015-10-29,0,3,1,1,0,0,0,경남,거제시,1,8,2,1,2,0,4,128.698,34.8656,경남거제시,0,승용차이륜차,0,0,0,15,0,0
2015-10-29,0,3,1,1,0,0,0,경기,군포시,1,5,0,0,0,1,3,126.9391,37.3286,경기군포시,0,화물차화물차,0,0,0,126,0,0
2015-10-30,0,4,1,1,0,0,0,전남,장성군,1,10,0,0,0,0,1,126.7852,35.2891,전남장성군,0,승용차없음,0,0,0,146,0,0
2015-10-30,1,4,1,1,0,0,0,서울,용산구,1,1,0,0,0,0,4,126.9698,37.5314,서울용산구,0,승용차이륜차,0,0,0,134,0,0
2015-10-30,1,4,1,1,0,0,0,경남,하동군,1,6,0,0,0,1,1,127.8037,35.159,경남하동군,0,화물차없음,0,0,0,172,0,0
2015-10-30,1,4,1,1,0,0,0,경기,이천시,1,8,3,1,1,0,2,127.5925,37.1136,경기이천시,0,승용차승용차,0,0,0,41,0,0
2015-10-30,1,4,1,1,0,0,0,울산,북구,1,8,6,1,1,0,4,129.3609,35.5707,울산북구,0,승용차이륜차,0,0,0,158,0,0
2015-10-30,0,4,1,1,0,0,0,서울,마포구,1,8,0,0,0,0,4,126.9509,37.5571,서울마포구,0,승용차이륜차,0,0,0,159,0,0
2015-10-31,0,5,1,3,1,1,0,충남,논산시,1,1,0,0,0,0,3,127.1457,36.1322,충남논산시,0,승용차화물차,0,1,0,61,0,0
2015-10-31,1,5,1,4,3,0,0,경기,파주시,1,9,5,0,0,0,9,126.9881,37.993,경기파주시,1,승용차건설기계,0,1,0,175,0,0
2015-10-31,1,5,1,1,0,0,0,대구,수성구,1,8,0,0,0,3,5,128.6595,35.8528,대구수성구,0,건설기계자전거,0,1,0,37,0,0
2015-11-01,0,6,1,2,1,0,0,경기,화성시,1,6,0,1,1,0,1,126.9204,37.126,경기화성시,0,승용차없음,0,1,0,50,0,0
2015-11-01,0,6,1,1,0,0,0,대전,서구,1,6,0,0,0,6,1,127.3507,36.3485,대전서구,0,원동기장치자전거없음,0,1,0,4,0,0
2015-11-01,1,6,1,1,0,0,0,전남,함평군,1,6,0,0,0,4,1,126.4834,35.0623,전남함평군,0,이륜차없음,0,1,0,157,0,0
2015-11-01,1,6,1,1,0,0,0,경남,창원시(통합),1,10,0,0,0,9,1,128.3719,35.1596,경남창원시(통합),0,농기계없음,0,1,0,86,0,0
2015-11-01,1,6,1,1,0,0,0,경북,안동시,1,1,0,0,0,2,5,128.5748,36.5786,경북안동시,0,승합차자전거,0,1,0,66,0,0
2015-11-01,1,6,1,6,3,2,0,경기,양평군,1,9,5,2,4,0,2,127.3609,37.6026,경기양평군,1,승용차승용차,0,1,0,48,0,0
2015-11-02,1,0,1,1,0,0,0,전남,영암군,1,1,0,0,0,1,4,126.667,34.7901,전남영암군,0,화물차이륜차,0,0,0,16,0,0
2015-11-02,1,0,1,4,1,2,0,전남,영광군,1,1,0,1,1,1,2,126.3657,35.2655,전남영광군,1,화물차승용차,0,0,0,127,0,0
2015-11-02,0,0,1,1,0,0,0,경기,가평군,1,6,0,0,0,0,1,127.3474,37.8027,경기가평군,0,승용차없음,0,0,0,176,0,0
2015-11-02,0,0,1,2,0,1,0,경북,구미시,1,5,0,0,0,1,8,128.3506,36.2362,경북구미시,0,화물차농기계,0,0,0,144,0,0
2015-11-02,0,0,1,1,0,0,0,충남,태안군,1,10,0,0,0,0,1,126.2698,36.7891,충남태안군,0,승용차없음,0,0,0,169,0,0
2015-11-03,0,1,1,1,0,0,0,경기,김포시,1,6,0,0,0,0,1,126.6349,37.6383,경기김포시,0,승용차없음,0,0,0,47,0,0
2015-11-03,0,1,1,1,0,0,0,경기,고양시,1,6,0,0,0,0,1,126.8578,37.7025,경기고양시,0,승용차없음,0,0,0,40,0,0
2015-11-03,1,1,1,1,0,0,0,충남,부여군,1,9,0,0,0,4,3,126.948,36.1792,충남부여군,0,이륜차화물차,0,0,0,129,0,0
2015-11-03,1,1,1,1,0,0,0,충북,제천시,1,1,0,0,0,4,1,128.2307,37.1157,충북제천시,0,이륜차없음,0,0,0,103,0,0
2015-11-03,1,1,1,1,0,0,0,전남,여수시,1,10,0,1,1,9,1,127.7741,34.6558,전남여수시,0,농기계없음,0,0,0,102,0,0
2015-11-03,1,1,1,1,0,0,0,경기,성남시,1,8,0,0,0,2,4,127.1706,37.4224,경기성남시,0,승합차이륜차,0,0,0,95,0,0