발생년월일,주야,요일,사망자수,사상자수,중상자수,경상자수,부상신고자수,발생지시도,발생지시군구,사고유형_대분류,사고유형_중분류,법규위반,도로형태_대분류,도로형태,당사자종별_1당_대분류,당사자종별_2당_대분류,경도,위도,발생지,사고피해정도,사고차량타입,도시여부,주말/공휴일,인구수,발생지번호,보행자의위치,무단횡단여부
2015-11-03,0,1,1,1,0,0,0,경북,의성군,1,5,0,0,0,0,8,128.7644,36.3147,경북의성군,0,승용차농기계,0,0,0,105,0,0
2015-11-04,0,2,1,3,1,1,0,경기,의왕시,1,5,0,0,0,2,3,127.008,37.3893,경기의왕시,0,승합차화물차,0,0,0,199,0,0
2015-11-04,0,2,1,1,0,0,0,경기,성남시,1,1,0,0,0,1,2,127.0987,37.407,경기성남시,0,화물차승용차,0,0,0,95,0,0
2015-11-04,1,2,1,1,0,0,0,경기,성남시,1,6,0,0,0,0,1,127.1723,37.4619,경기성남시,0,승용차없음,0,0,0,95,0,0
2015-11-04,1,2,1,5,2,2,0,경기,화성시,1,8,0,0,0,0,6,126.872,37.1521,경기화성시,1,승용차승합차,0,0,0,50,0,0
2015-11-04,1,2,1,2,1,0,0,전북,고창군,1,8,6,1,1,1,6,126.6927,35.4412,전북고창군,0,화물차승합차,0,0,0,219,0,0
2015-11-04,1,2,1,1,0,0,0,경북,영주시,1,5,0,0,0,0,8,128.5478,36.8951,경북영주시,0,승용차농기계,0,0,0,113,0,0
2015-11-04,1,2,1,1,0,0,0,경북,영양군,1,8,7,1,1,4,2,129.1151,36.6637,경북영양군,0,이륜차승용차,0,0,0,128,0,0
2015-11-04,1,2,1,1,0,0,0,대구,수성구,1,8,6,1,2,7,2,128.6993,35.8423,대구수성구,0,자전거승용차,0,0,0,37,0,0
2015-11-04,1,2,1,1,0,0,0,서울,강남구,1,8,0,1,2,0,5,127.108,37.4635,서울강남구,0,승용차자전거,0,0,0,89,0,0
2015-11-04,1,2,1,2,1,0,0,전북,김제시,1,8,6,1,1,6,2,126.8863,35.8108,전북김제시,0,원동기장치자전거승용차,0,0,0,34,0,0
2015-11-04,1,2,1,1,0,0,0,충북,제천시,1,1,4,0,0,6,1,128.1943,37.1623,충북제천시,0,원동기장치자전거없음,0,0,0,103,0,0
2015-11-04,1,2,1,1,0,0,0,경남,창녕군,1,5,0,0,0,1,8,128.5154,35.4509,경남창녕군,0,화물차농기계,0,0,0,211,0,0
2015-11-05,0,3,1,2,0,1,0,전남,순천시,1,8,8,1,1,0,2,127.5346,34.944,전남순천시,0,승용차승용차,0,0,0,27,0,0
2015-11-05,1,3,1,1,0,0,0,전북,군산시,1,8,0,1,1,4,3,126.8043,35.9488,전북군산시,0,이륜차화물차,0,0,0,166,0,0
2015-11-05,1,3,1,1,0,0,0,강원,화천군,1,6,0,0,0,0,1,127.6925,38.1055,강원화천군,0,승용차없음,0,0,0,218,0,0
2015-11-05,1,3,1,1,0,0,0,경기,시흥시,1,8,7,1,1,1,4,126.6982,37.3371,경기시흥시,0,화물차이륜차,0,0,0,73,0,0
2015-11-05,1,3,1,1,0,0,0,경기,양주시,1,8,7,1,1,3,7,127.0544,37.8219,경기양주시,0,건설기계원동기장치자전거,0,0,0,59,0,0
2015-11-05,0,3,1,2,0,1,0,경북,청도군,1,5,0,0,0,1,8,128.728,35.6772,경북청도군,0,화물차농기계,0,0,0,3,0,0
2015-11-06,0,4,2,2,0,0,0,대전,서구,1,6,0,1,1,4,1,127.4019,36.3448,대전서구,0,이륜차없음,0,0,0,4,0,0
2015-11-06,1,4,1,2,0,1,0,경기,양주시,1,9,5,0,0,0,2,127.04,37.7844,경기양주시,0,승용차승용차,0,0,0,59,0,0
2015-11-06,1,4,1,1,0,0,0,부산,사하구,1,8,0,1,2,0,5,128.9572,35.0808,부산사하구,0,승용차자전거,0,0,0,25,0,0
2015-11-06,1,4,1,2,1,0,0,전북,남원시,1,11,0,0,0,0,1,127.4703,35.3863,전북남원시,0,승용차없음,0,0,0,193,0,0
2015-11-06,0,4,1,1,0,0,0,충남,아산시,1,1,0,0,0,0,8,126.9337,36.7762,충남아산시,0,승용차농기계,0,0,0,53,0,0
2015-11-06,0,4,1,1,0,0,0,울산,북구,1,6,0,0,0,1,1,129.4308,35.6082,울산북구,0,화물차없음,0,0,0,158,0,0
2015-11-06,0,4,1,2,1,0,0,경북,성주군,1,9,5,0,0,0,2,128.2432,35.9124,경북성주군,0,승용차승용차,0,0,0,168,0,0
2015-11-07,0,5,1,1,0,0,0,서울,양천구,1,6,0,0,0,0,1,126.8864,37.5309,서울양천구,0,승용차없음,0,1,0,140,0,0
2015-11-07,1,5,1,1,0,0,0,부산,동구,1,8,6,1,1,6,11,129.0548,35.1265,부산동구,0,원동기장치자전거특수차,0,1,0,209,0,0
2015-11-07,1,5,1,5,2,2,0,전남,나주시,1,6,0,0,0,1,1,126.7638,35.0778,전남나주시,1,화물차없음,0,1,0,33,0,0
2015-11-07,1,5,1,7,6,0,0,전남,고흥군,1,8,0,0,0,0,2,127.121,34.4874,전남고흥군,2,승용차승용차,0,1,0,191,0,0
2015-11-07,1,5,1,10,4,5,0,경북,영덕군,1,5,0,0,0,2,2,129.4063,36.5083,경북영덕군,2,승합차승용차,0,1,0,54,0,0
2015-11-07,0,5,1,2,0,1,0,전북,군산시,1,5,0,0,0,0,2,126.7447,35.9824,전북군산시,0,승용차승용차,0,1,0,166,0,0
2015-11-07,0,5,1,1,0,0,0,경기,안산시,1,5,0,0,0,0,3,126.873,37.3541,경기안산시,0,승용차화물차,0,1,0,2,0,0
2015-11-07,0,5,1,2,0,1,0,서울,노원구,1,5,0,1,1,0,7,127.0567,37.6288,서울노원구,0,승용차원동기장치자전거,0,1,0,18,0,0
2015-11-08,0,6,1,1,0,0,0,충남,공주시,1,1,2,0,0,0,6,127.1197,36.6149,충남공주시,0,승용차승합차,0,1,0,19,0,0
2015-11-08,1,6,1,2,1,0,0,부산,동구,1,10,0,0,0,0,1,129.0462,35.1181,부산동구,0,승용차없음,0,1,0,209,0,0
2015-11-08,1,6,1,1,0,0,0,부산,해운대구,1,5,0,0,0,0,9,129.1217,35.2111,부산해운대구,0,승용차건설기계,0,1,0,1,0,0
2015-11-08,1,6,1,1,0,0,0,경기,남양주시,1,6,0,1,2,0,1,127.1723,37.681,경기남양주시,0,승용차없음,0,1,0,70,0,0
2015-11-08,1,6,1,1,0,0,0,전남,담양군,1,1,0,0,0,0,1,127.0745,35.268,전남담양군,0,승용차없음,0,1,0,181,0,0
2015-11-08,1,6,1,4,2,1,0,경남,밀양시,1,11,0,0,0,0,1,128.8912,35.5963,경남밀양시,1,승용차없음,0,1,0,177,0,0
2015-11-08,1,6,1,2,1,0,0,전남,영암군,1,9,5,0,0,1,2,126.7925,34.8187,전남영암군,0,화물차승용차,0,1,0,16,0,0
2015-11-08,0,6,1,2,0,1,0,부산,영도구,1,9,5,0,0,6,2,129.0714,35.0767,부산영도구,0,원동기장치자전거승용차,0,1,0,173,0,0
2015-11-09,0,0,1,2,1,0,0,강원,춘천시,1,5,0,1,2,0,3,127.737,37.8682,강원춘천시,0,승용차화물차,0,0,0,111,0,0
2015-11-09,0,0,1,1,0,0,0,경기,이천시,1,6,5,0,0,0,1,127.4616,37.3012,경기이천시,0,승용차없음,0,0,0,41,0,0
2015-11-09,0,0,1,2,1,0,0,대구,서구,1,5,0,0,0,0,6,128.5567,35.8792,대구서구,0,승용차승합차,0,0,0,107,0,0
2015-11-09,0,0,1,1,0,0,0,전남,해남군,1,5,0,0,0,5,8,126.3141,34.6094,전남해남군,0,특수차농기계,0,0,0,119,0,0
2015-11-09,1,0,1,1,0,0,0,서울,마포구,1,8,6,1,1,4,6,126.9544,37.549,서울마포구,0,이륜차승합차,0,0,0,159,0,0
2015-11-09,1,0,1,1,0,0,0,충남,천안시,1,8,0,0,0,1,7,127.2022,36.8751,충남천안시,0,화물차원동기장치자전거,0,0,0,63,0,0
2015-11-09,1,0,1,1,0,0,0,경남,창원시(통합),1,8,6,1,2,7,2,128.6143,35.2619,경남창원시(통합),0,자전거승용차,0,0,0,86,0,0
2015-11-09,1,0,1,3,0,2,0,충북,괴산군,1,5,0,0,0,0,3,127.954,36.8513,충북괴산군,0,승용차화물차,0,0,0,179,0,0
2015-11-10,0,1,1,1,0,0,0,경기,구리시,1,10,0,0,0,4,1,127.1148,37.5618,경기구리시,0,이륜차없음,0,0,0,165,0,0
2015-11-10,0,1,1,1,0,0,0,전북,정읍시,1,6,0,0,0,1,1,126.9475,35.7201,전북정읍시,0,화물차없음,0,0,0,12,0,0
2015-11-10,1,1,1,1,0,0,0,경기,성남시,1,8,6,1,1,0,5,127.1083,37.3501,경기성남시,0,승용차자전거,0,0,0,95,0,0
2015-11-10,1,1,1,1,0,0,0,전남,장흥군,1,5,0,0,0,0,8,126.8885,34.4993,전남장흥군,0,승용차농기계,0,0,0,56,0,0
2015-11-10,1,1,1,1,0,0,0,충남,아산시,1,8,0,1,1,3,4,127.028,36.865,충남아산시,0,건설기계이륜차,0,0,0,53,0,0
2015-11-10,1,1,1,1,0,0,0,전남,보성군,1,1,0,1,1,1,5,127.3401,34.863,전남보성군,0,화물차자전거,0,0,0,122,0,0
2015-11-10,1,1,1,1,0,0,0,대구,북구,1,1,3,0,0,3,5,128.624,35.8995,대구북구,0,건설기계자전거,0,0,0,112,0,0
2015-11-10,0,1,1,1,0,0,0,충남,예산군,1,1,0,0,0,0,8,126.7676,36.6866,충남예산군,0,승용차농기계,0,0,0,187,0,0
2015-11-10,0,1,1,3,0,1,1,경북,경주시,1,5,0,0,0,0,8,128.9842,35.7609,경북경주시,0,승용차농기계,0,0,0,100,0,0
2015-11-10,0,1,1,1,0,0,0,전남,순천시,1,5,0,0,0,4,3,127.4883,34.9402,전남순천시,0,이륜차화물차,0,0,0,27,0,0
2015-11-10,0,1,1,1,0,0,0,경남,거창군,1,5,0,0,0,6,3,127.9196,35.6971,경남거창군,0,원동기장치자전거화물차,0,0,0,154,0,0
2015-11-11,1,2,1,2,0,0,1,경남,남해군,1,5,2,0,0,1,8,127.8669,34.7735,경남남해군,0,화물차농기계,0,0,0,197,0,0
2015-11-11,0,2,1,1,0,0,0,광주,광산구,1,8,0,1,1,1,5,126.7595,35.1206,광주광산구,0,화물차자전거,0,0,0,135,0,0
2015-11-11,0,2,1,1,0,0,0,경남,김해시,1,6,0,0,0,0,1,128.9183,35.2245,경남김해시,0,승용차없음,0,0,0,13,0,0
2015-11-11,0,2,1,1,0,0,0,충남,천안시,1,8,0,0,0,0,5,127.1247,36.7846,충남천안시,0,승용차자전거,0,0,0,63,0,0
2015-11-11,0,2,1,1,0,0,0,충북,음성군,1,8,0,1,1,0,2,127.4969,37.0149,충북음성군,0,승용차승용차,0,0,0,110,0,0
2015-11-11,0,2,1,1,0,0,0,대전,유성구,1,5,0,1,2,0,7,127.3383,36.3641,대전유성구,0,승용차원동기장치자전거,0,0,0,148,0,0
2015-11-12,1,3,1,2,0,1,0,경기,김포시,1,9,3,0,0,1,9,126.6415,37.6714,경기김포시,0,화물차건설기계,0,0,0,47,0,0
2015-11-12,1,3,1,1,0,0,0,경기,평택시,1,11,0,2,4,0,1,127.0404,37.1121,경기평택시,0,승용차없음,0,0,0,14,0,0
2015-11-12,1,3,1,1,0,0,0,강원,횡성군,1,8,6,1,1,6,3,127.9631,37.5355,강원횡성군,0,원동기장치자전거화물차,0,0,0,31,0,0
2015-11-12,1,3,1,2,1,0,0,경남,창녕군,1,1,0,0,0,1,3,128.4725,35.5738,경남창녕군,0,화물차화물차,0,0,0,211,0,0
2015-11-12,0,3,1,1,0,0,0,경북,청도군,1,5,0,0,0,0,8,128.759,35.5906,경북청도군,0,승용차농기계,0,0,0,3,0,0
2015-11-12,0,3,1,2,0,1,0,대전,중구,1,5,10,0,0,0,7,127.4066,36.3208,대전중구,0,승용차원동기장치자전거,0,0,0,39,0,0
2015-11-13,0,4,1,1,0,0,0,부산,동래구,1,8,6,1,1,6,3,129.1093,35.1952,부산동래구,0,원동기장치자전거화물차,0,0,0,216,0,0
2015-11-13,0,4,1,1,0,0,0,대전,서구,1,8,6,1,1,0,7,127.3689,36.3532,대전서구,0,승용차원동기장치자전거,0,0,0,4,0,0
2015-11-13,1,4,1,1,0,0,0,전북,김제시,1,1,0,0,0,2,1,126.8495,35.819,전북김제시,0,승합차없음,0,0,0,34,0,0
2015-11-14,0,5,1,1,0,0,0,서울,광진구,1,5,3,0,0,8,2,127.0696,37.5524,서울광진구,0,기타승용차,0,1,0,183,0,0
2015-11-14,1,5,1,1,0,0,0,경북,울진군,1,10,0,0,0,9,1,129.4095,36.9318,경북울진군,0,농기계없음,0,1,0,208,0,0
2015-11-14,1,5,1,1,0,0,0,부산,북구,1,10,0,0,0,6,1,129.0096,35.2266,부산북구,0,원동기장치자전거없음,0,1,0,118,0,0
2015-11-14,1,5,1,1,0,0,0,충남,천안시,1,1,0,1,2,9,1,127.1716,36.9085,충남천안시,0,농기계없음,0,1,0,63,0,0
2015-11-14,1,5,1,1,0,0,0,경북,구미시,1,8,6,1,1,4,11,128.4258,36.0995,경북구미시,0,이륜차특수차,0,1,0,144,0,0
2015-11-14,1,5,1,1,0,0,0,경북,상주시,1,10,0,0,0,4,1,128.1478,36.3776,경북상주시,0,이륜차없음,0,1,0,58,0,0
2015-11-14,0,5,1,1,0,0,0,대전,서구,1,5,0,0,0,0,8,127.3655,36.3081,대전서구,0,승용차농기계,0,1,0,4,0,0
2015-11-15,0,6,1,1,0,0,0,전북,부안군,1,6,0,0,0,0,1,126.7982,35.7241,전북부안군,0,승용차없음,0,1,0,185,0,0
2015-11-15,1,6,1,1,0,0,0,경북,문경시,1,1,0,1,1,1,4,128.114,36.7205,경북문경시,0,화물차이륜차,0,1,0,74,0,0
2015-11-15,1,6,1,4,2,0,1,경기,포천시,1,1,3,0,0,1,2,127.2422,37.8001,경기포천시,1,화물차승용차,0,1,0,171,0,0
2015-11-15,1,6,1,1,0,0,0,전남,신안군,1,1,0,0,0,1,1,126.4231,34.9654,전남신안군,0,화물차없음,0,1,0,132,0,0
2015-11-15,1,6,1,1,0,0,0,전남,나주시,1,5,0,0,0,1,2,126.8212,34.9941,전남나주시,0,화물차승용차,0,1,0,33,0,0
2015-11-16,0,0,1,1,0,0,0,부산,해운대구,1,5,0,0,0,0,5,129.1339,35.1624,부산해운대구,0,승용차자전거,0,0,0,1,0,0
2015-11-16,0,0,1,1,0,0,0,인천,남구,1,8,5,1,1,7,6,126.6802,37.4584,인천남동구,0,자전거승합차,0,0,0,29,0,0
2015-11-16,1,0,1,1,0,0,0,울산,북구,1,6,0,0,0,4,1,129.331,35.6259,울산북구,0,이륜차없음,0,0,0,158,0,0
2015-11-16,1,0,1,3,2,0,0,강원,인제군,1,9,0,1,1,1,2,128.2927,37.9265,강원인제군,1,화물차승용차,0,0,0,124,0,0
2015-11-16,1,0,1,1,0,0,0,충북,보은군,1,9,5,0,0,7,3,127.7214,36.4916,충북보은군,0,자전거화물차,0,0,0,32,0,0
2015-11-16,1,0,1,1,0,0,0,인천,남동구,1,5,6,1,1,0,4,126.7165,37.4021,인천남동구,0,승용차이륜차,0,0,0,29,0,0
2015-11-16,1,0,1,3,0,2,0,경북,영덕군,1,9,5,0,0,1,6,129.2755,36.4464,경북영덕군,0,화물차승합차,0,0,0,54,0,0
2015-11-16,0,0,2,2,0,0,0,강원,홍천군,1,10,0,0,0,1,1,127.8358,37.7232,강원홍천군,0,화물차없음,0,0,0,82,0,0
2015-11-16,0,0,1,14,6,7,0,경북,영주시,1,5,0,1,2,1,6,128.7169,36.7195,경북영주시,2,화물차승합차,0,0,0,113,0,0
2015-11-16,0,0,1,1,0,0,0,전남,고흥군,1,6,0,0,0,1,1,127.3045,34.5987,전남고흥군,0,화물차없음,0,0,0,191,0,0
2015-11-17,0,1,1,2,1,0,0,경남,창녕군,1,1,0,0,0,1,3,128.4528,35.6107,경남창녕군,0,화물차화물차,0,0,0,211,0,0
2015-11-17,0,1,1,2,1,0,0,경기,이천시,1,5,0,1,2,6,3,127.6263,37.1162,경기이천시,0,원동기장치자전거화물차,0,0,0,41,0,0
2015-11-17,1,1,1,2,0,1,0,충남,아산시,1,5,0,0,0,2,9,127.0926,36.7818,충남아산시,0,승합차건설기계,0,0,0,53,0,0
2015-11-17,1,1,1,1,0,0,0,경기,화성시,1,6,0,0,0,0,1,126.879,37.1963,경기화성시,0,승용차없음,0,0,0,50,0,0
2015-11-17,1,1,1,1,0,0,0,강원,정선군,1,6,0,0,0,1,1,128.8478,37.4799,강원정선군,0,화물차없음,0,0,0,198,0,0
2015-11-17,0,1,1,1,0,0,0,전북,정읍시,1,5,0,0,0,1,2,126.8333,35.5812,전북정읍시,0,화물차승용차,0,0,0,12,0,0
2015-11-17,0,1,1,1,0,0,0,경북,포항시,1,5,0,0,0,6,11,129.3748,35.9975,경북포항시,0,원동기장치자전거특수차,0,0,0,160,0,0
2015-11-17,0,1,1,1,0,0,0,경남,창원시(통합),1,5,4,1,2,0,2,128.7072,35.1425,경남창원시(통합),0,승용차승용차,0,0,0,86,0,0
2015-11-18,0,2,1,1,0,0,0,전남,장흥군,1,6,0,0,0,1,1,126.8952,34.5002,전남장흥군,0,화물차없음,0,0,0,56,0,0
2015-11-18,0,2,1,7,4,2,0,전남,장성군,1,5,0,0,0,2,3,126.8077,35.3273,전남장성군,2,승합차화물차,0,0,0,146,0,0
2015-11-18,1,2,1,1,0,0,0,제주,제주시,1,9,0,0,0,1,4,126.3273,33.4171,제주제주시,0,화물차이륜차,0,0,0,90,0,0
2015-11-18,1,2,1,4,0,3,0,전남,고흥군,1,5,0,1,2,1,2,127.3044,34.5987,전남고흥군,1,화물차승용차,0,0,0,191,0,0
2015-11-18,1,2,1,2,0,0,1,경북,봉화군,1,5,0,0,0,0,8,128.739,36.9205,경북봉화군,0,승용차농기계,0,0,0,149,0,0
2015-11-18,0,2,1,3,2,0,0,전남,완도군,1,6,0,0,0,0,1,126.9895,34.3087,전남완도군,1,승용차없음,0,0,0,141,0,0
2015-11-19,0,3,1,1,0,0,0,전남,여수시,1,6,0,1,1,0,1,127.6747,34.8402,전남여수시,0,승용차없음,0,0,0,102,0,0
2015-11-19,0,3,1,1,0,0,0,경남,거제시,1,10,0,0,0,0,1,128.6952,35.0024,경남거제시,0,승용차없음,0,0,0,15,0,0
2015-11-19,1,3,1,2,1,0,0,강원,정선군,1,8,0,1,1,1,11,128.9157,37.5225,강원정선군,0,화물차특수차,0,0,0,198,0,0
2015-11-19,1,3,1,1,0,0,0,전남,나주시,1,10,0,0,0,0,1,126.6399,34.9202,전남나주시,0,승용차없음,0,0,0,33,0,0
2015-11-19,0,3,1,1,0,0,0,경북,성주군,1,5,0,2,4,0,8,128.305,35.9183,경북성주군,0,승용차농기계,0,0,0,168,0,0
2015-11-19,0,3,1,1,0,0,0,경남,밀양시,1,10,0,0,0,0,1,128.6516,35.4535,경남밀양시,0,승용차없음,0,0,0,177,0,0
2015-11-19,0,3,1,2,0,0,1,경기,구리시,1,10,0,1,1,6,1,127.148,37.5865,경기구리시,0,원동기장치자전거없음,0,0,0,165,0,0
2015-11-20,0,4,1,1,0,0,0,대전,중구,1,6,0,0,3,2,1,127.4106,36.3098,대전중구,0,승합차없음,0,0,0,39,0,0
2015-11-20,0,4,1,1,0,0,0,서울,중랑구,1,6,0,0,0,7,1,127.1075,37.6006,서울중랑구,0,자전거없음,0,0,0,196,0,0
2015-11-20,0,4,1,1,0,0,0,경기,성남시,1,6,0,0,0,0,1,127.1378,37.4271,경기성남시,0,승용차없음,0,0,0,95,0,0
2015-11-20,1,4,1,1,0,0,0,경북,경주시,1,1,5,0,0,6,3,129.2244,35.8688,경북경주시,0,원동기장치자전거화물차,0,0,0,100,0,0
2015-11-20,0,4,1,1,0,0,0,전남,무안군,1,10,0,1,2,4,1,126.4778,34.9997,전남무안군,0,이륜차없음,0,0,0,101,0,0
2015-11-20,0,4,1,2,0,0,1,경기,수원시,1,9,6,1,1,4,2,126.9927,37.2961,경기수원시,0,이륜차승용차,0,0,0,99,0,0
2015-11-21,1,5,1,1,0,0,0,전북,김제시,1,9,9,1,1,0,7,126.8854,35.8095,전북김제시,0,승용차원동기장치자전거,0,1,0,34,0,0
2015-11-21,1,5,1,2,1,0,0,경기,평택시,1,10,0,0,0,4,1,127.0546,37.0686,경기평택시,0,이륜차없음,0,1,0,14,0,0
2015-11-21,1,5,1,1,0,0,0,경남,진주시,1,10,0,0,0,1,1,128.1797,35.2024,경남진주시,0,화물차없음,0,1,0,42,0,0
2015-11-21,0,5,1,1,0,0,0,충남,당진시,1,8,5,0,0,1,2,126.7827,36.946,충남당진시,0,화물차승용차,0,1,0,46,0,0
2015-11-21,0,5,1,1,0,0,0,전남,나주시,1,9,5,0,0,6,2,126.705,34.9771,전남나주시,0,원동기장치자전거승용차,0,1,0,33,0,0
2015-11-21,0,5,1,6,0,5,0,경남,밀양시,1,9,0,0,0,1,3,128.8897,35.5954,경남밀양시,1,화물차화물차,0,1,0,177,0,0
2015-11-22,0,6,1,2,1,0,0,강원,원주시,1,6,0,1,1,0,1,127.9492,37.3783,강원원주시,0,승용차없음,0,1,0,36,0,0
2015-11-22,1,6,1,1,0,0,0,경남,창원시(통합),1,10,0,0,0,6,1,128.5743,35.2083,경남창원시(통합),0,원동기장치자전거없음,0,1,0,86,0,0
2015-11-22,1,6,1,1,0,0,0,경북,청도군,1,6,0,0,0,0,1,128.7624,35.6245,경북청도군,0,승용차없음,0,1,0,3,0,0
2015-11-22,0,6,1,1,0,0,0,경기,화성시,1,5,0,0,0,2,4,126.9476,37.2192,경기화성시,0,승합차이륜차,0,1,0,50,0,0
2015-11-22,0,6,1,18,6,10,1,경기,고양시,1,9,5,0,0,2,2,126.7968,37.6363,경기고양시,2,승합차승용차,0,1,0,40,0,0
2015-11-22,0,6,1,1,0,0,0,부산,강서구,1,10,3,0,0,4,1,128.8519,35.1389,부산강서구,0,이륜차없음,0,1,0,206,0,0
2015-11-23,0,0,1,1,0,0,0,경기,고양시,1,5,0,0,0,0,3,126.8336,37.6211,경기고양시,0,승용차화물차,0,0,0,40,0,0
2015-11-23,0,0,1,1,0,0,0,대전,서구,1,6,0,0,0,0,1,127.3875,36.3421,대전서구,0,승용차없음,0,0,0,4,0,0
2015-11-23,0,0,1,1,0,0,0,경기,수원시,1,5,0,1,2,0,2,127.0469,37.2454,경기수원시,0,승용차승용차,0,0,0,99,0,0
2015-11-23,0,0,1,1,0,0,0,인천,부평구,1,1,0,0,0,0,5,126.71,37.5168,인천부평구,0,승용차자전거,0,0,0,44,0,0
2015-11-23,0,0,1,2,0,1,0,경남,고성군,1,9,0,1,2,0,9,128.1767,35.0169,경남고성군,0,승용차건설기계,0,0,0,87,0,0
2015-11-23,1,0,1,1,0,0,0,전남,나주시,1,6,0,0,0,6,1,126.651,35.0154,전남나주시,0,원동기장치자전거없음,0,0,0,33,0,0
2015-11-23,1,0,1,2,0,1,0,광주,동구,1,9,5,1,2,4,2,126.9317,35.1544,광주동구,0,이륜차승용차,0,0,0,162,0,0
2015-11-23,0,0,1,1,0,0,0,전남,고흥군,1,5,0,0,0,1,8,127.2609,34.6812,전남고흥군,0,화물차농기계,0,0,0,191,0,0
2015-11-24,1,1,1,1,0,0,0,전북,김제시,1,5,0,0,0,1,5,126.8396,35.856,전북김제시,0,화물차자전거,0,0,0,34,0,0
2015-11-24,1,1,1,2,0,1,0,경기,시흥시,1,8,0,1,1,0,4,126.7455,37.3363,경기시흥시,0,승용차이륜차,0,0,0,73,0,0
2015-11-24,1,1,1,1,0,0,0,인천,연수구,1,5,0,0,0,1,9,126.6598,37.3972,인천연수구,0,화물차건설기계,0,0,0,35,0,0
2015-11-24,0,1,1,1,0,0,0,제주,제주시,1,1,0,0,0,0,2,126.4149,33.483,제주제주시,0,승용차승용차,0,0,0,90,0,0
2015-11-25,0,2,1,1,0,0,0,광주,서구,1,6,0,1,2,0,1,126.8796,35.1382,광주서구,0,승용차없음,0,0,0,222,0,0
2015-11-25,0,2,1,1,0,0,0,경기,오산시,1,6,0,0,0,0,1,127.0728,37.1354,경기오산시,0,승용차없음,0,0,0,143,0,0
2015-11-25,1,2,1,1,0,0,0,경기,평택시,1,1,0,0,0,1,5,127.1208,37.0236,경기평택시,0,화물차자전거,0,0,0,14,0,0
2015-11-25,1,2,1,1,0,0,0,경북,영천시,1,9,5,0,0,0,11,128.8232,35.9824,경북영천시,0,승용차특수차,0,0,0,5,0,0
2015-11-25,1,2,1,1,0,0,0,충북,음성군,1,5,0,0,0,0,5,127.552,36.9253,충북음성군,0,승용차자전거,0,0,0,110,0,0
2015-11-25,0,2,1,4,3,0,0,경기,양평군,1,9,5,0,0,0,2,127.4667,37.504,경기양평군,1,승용차승용차,0,0,0,48,0,0
2015-11-25,0,2,1,1,0,0,0,경북,칠곡군,1,10,0,0,0,0,1,128.5339,36.0936,경북칠곡군,0,승용차없음,0,0,0,21,0,0
2015-11-26,0,3,1,2,1,0,0,경기,고양시,1,6,0,0,0,0,1,126.8686,37.6021,경기고양시,0,승용차없음,0,0,0,40,0,0
2015-11-26,0,3,1,1,0,0,0,제주,서귀포시,1,6,0,0,0,0,1,126.7598,33.4193,제주서귀포시,0,승용차없음,0,0,0,62,0,0
2015-11-26,0,3,1,3,1,1,0,울산,북구,1,8,6,1,1,0,3,129.3614,35.5616,울산북구,0,승용차화물차,0,0,0,158,0,0
2015-11-26,1,3,1,1,0,0,0,서울,송파구,1,5,0,0,0,1,9,127.0714,37.508,서울송파구,0,화물차건설기계,0,0,0,156,0,0
2015-11-26,1,3,1,2,1,0,0,전북,완주군,1,9,5,0,0,0,2,127.1799,35.9455,전북완주군,0,승용차승용차,0,0,0,28,0,0
2015-11-26,1,3,2,3,1,0,0,충남,예산군,1,1,0,0,0,0,2,126.865,36.5981,충남예산군,1,승용차승용차,0,0,0,187,0,0
2015-11-26,0,3,1,1,0,0,0,강원,양구군,1,5,3,0,0,0,8,127.9929,38.1204,강원양구군,0,승용차농기계,0,0,0,115,0,0
2015-11-26,0,3,1,1,0,0,0,인천,서구,1,8,6,1,1,2,7,126.6727,37.5134,인천서구,0,승합차원동기장치자전거,0,0,0,97,0,0
2015-11-26,0,3,1,2,1,0,0,경기,안산시,1,9,5,0,0,5,3,126.854,37.31,경기안산시,0,특수차화물차,0,0,0,2,0,0
2015-11-27,0,4,2,2,0,0,0,서울,광진구,1,6,0,0,0,0,1,127.0825,37.556,서울광진구,0,승용차없음,0,0,0,183,0,0
2015-11-27,0,4,1,1,0,0,0,강원,횡성군,1,10,4,0,0,1,1,127.9815,37.4823,강원횡성군,0,화물차없음,0,0,0,31,0,0
2015-11-27,1,4,1,1,0,0,0,경북,경주시,1,1,0,0,0,0,4,129.2457,35.9527,경북경주시,0,승용차이륜차,0,0,0,100,0,0
2015-11-27,1,4,1,1,0,0,0,충북,청주시,1,10,0,0,0,0,1,127.5243,36.732,충북청주시,0,승용차없음,0,0,0,83,0,0
2015-11-27,1,4,1,2,0,1,0,충남,공주시,1,9,5,0,0,0,3,127.1487,36.4803,충남공주시,0,승용차화물차,0,0,0,19,0,0
2015-11-27,1,4,1,1,0,0,0,충북,보은군,1,6,0,1,1,0,1,127.8166,36.5213,충북보은군,0,승용차없음,0,0,0,32,0,0
2015-11-27,1,4,1,1,0,0,0,서울,영등포구,1,8,6,1,1,7,2,126.8875,37.5214,서울영등포구,0,자전거승용차,0,0,0,150,0,0
2015-11-27,1,4,1,1,0,0,0,부산,동래구,1,8,5,0,0,6,2,129.0703,35.2095,부산동래구,0,원동기장치자전거승용차,0,0,0,216,0,0