발생년월일,주야,요일,사망자수,사상자수,중상자수,경상자수,부상신고자수,발생지시도,발생지시군구,사고유형_대분류,사고유형_중분류,법규위반,도로형태_대분류,도로형태,당사자종별_1당_대분류,당사자종별_2당_대분류,경도,위도,발생지,사고피해정도,사고차량타입,도시여부,주말/공휴일,인구수,발생지번호,보행자의위치,무단횡단여부
2015-11-27,0,4,1,1,0,0,0,경기,용인시,1,1,0,0,0,0,1,127.0783,37.3014,경기용인시,0,승용차없음,0,0,0,51,0,0
2015-11-28,0,5,2,2,0,0,0,경북,경산시,1,10,0,0,0,0,1,128.7721,35.8138,경북경산시,0,승용차없음,0,1,0,52,0,0
2015-11-28,0,5,1,2,1,0,0,경남,함안군,1,6,0,0,0,0,1,128.4537,35.272,경남함안군,0,승용차없음,0,1,0,117,0,0
2015-11-28,0,5,1,1,0,0,0,경기,안성시,1,10,0,1,1,0,1,127.2795,37.0056,경기안성시,0,승용차없음,0,1,0,23,0,0
2015-11-28,0,5,1,2,0,1,0,강원,홍천군,1,9,5,0,0,0,3,127.7728,37.6157,강원홍천군,0,승용차화물차,0,1,0,82,0,0
2015-11-28,0,5,1,2,1,0,0,서울,동대문구,1,9,5,0,0,3,4,127.0468,37.5814,서울동대문구,0,건설기계이륜차,0,1,0,201,0,0
2015-11-28,0,5,1,1,0,0,0,강원,영월군,1,5,0,0,0,0,3,128.3536,37.1746,강원영월군,0,승용차화물차,0,1,0,114,0,0
2015-11-28,1,5,1,1,0,0,0,경기,시흥시,1,5,0,0,0,1,2,126.8097,37.4446,경기시흥시,0,화물차승용차,0,1,0,73,0,0
2015-11-28,1,5,1,1,0,0,0,전남,고흥군,1,9,0,0,0,1,8,127.3005,34.6576,전남고흥군,0,화물차농기계,0,1,0,191,0,0
2015-11-28,1,5,1,1,0,0,0,경남,양산시,1,9,7,1,1,2,8,129.0901,35.484,경남양산시,0,승합차농기계,0,1,0,49,0,0
2015-11-29,0,6,1,1,0,0,0,경북,군위군,1,6,0,0,0,0,1,128.5639,36.1993,경북군위군,0,승용차없음,0,1,0,170,0,0
2015-11-29,0,6,1,2,1,0,0,경남,김해시,1,1,6,1,1,0,2,128.9151,35.2291,경남김해시,0,승용차승용차,0,1,0,13,0,0
2015-11-29,1,6,2,5,0,3,0,충북,청주시,1,5,0,2,4,0,2,127.4301,36.5301,충북청주시,1,승용차승용차,0,1,0,83,0,0
2015-11-29,1,6,1,2,0,1,0,광주,서구,1,9,6,1,1,0,6,126.8388,35.1517,광주서구,0,승용차승합차,0,1,0,222,0,0
2015-11-29,1,6,1,1,0,0,0,전북,전주시,1,8,3,0,0,6,3,127.1292,35.8877,전북전주시,0,원동기장치자전거화물차,0,1,0,11,0,0
2015-11-29,1,6,1,3,1,0,1,경남,함양군,1,10,0,0,0,0,1,127.8275,35.6676,경남함양군,0,승용차없음,0,1,0,108,0,0
2015-11-29,1,6,1,1,0,0,0,경기,양주시,1,5,0,0,0,4,9,127.0801,37.7995,경기양주시,0,이륜차건설기계,0,1,0,59,0,0
2015-11-29,0,6,1,1,0,0,0,경기,화성시,1,1,0,0,0,4,1,126.9005,37.1181,경기화성시,0,이륜차없음,0,1,0,50,0,0
2015-11-29,0,6,1,2,1,0,0,경북,김천시,1,8,10,0,0,1,2,128.27,36.1581,경북김천시,0,화물차승용차,0,1,0,76,0,0
2015-11-29,0,6,1,1,0,0,0,경남,창원시(통합),1,9,0,0,0,0,3,128.6743,35.3034,경남창원시(통합),0,승용차화물차,0,1,0,86,0,0
2015-11-30,0,0,1,2,1,0,0,경기,오산시,1,5,0,0,0,0,2,127.0855,37.1393,경기오산시,0,승용차승용차,0,0,0,143,0,0
2015-11-30,0,0,2,3,1,0,0,경기,오산시,1,1,0,0,0,0,6,127.1173,37.1034,경기오산시,1,승용차승합차,0,0,0,143,0,0
2015-11-30,1,0,1,1,0,0,0,부산,기장군,1,5,3,0,0,1,3,129.2353,35.3223,부산기장군,0,화물차화물차,0,0,0,85,0,0
2015-11-30,1,0,1,1,0,0,0,경기,파주시,1,9,0,1,2,1,3,126.6831,37.701,경기파주시,0,화물차화물차,0,0,0,175,0,0
2015-11-30,1,0,1,2,1,0,0,경기,포천시,1,9,5,0,0,0,2,127.3081,37.9398,경기포천시,0,승용차승용차,0,0,0,171,0,0
2015-11-30,1,0,3,11,6,2,0,경남,고성군,1,9,8,1,1,1,6,128.194,34.9404,경남고성군,2,화물차승합차,0,0,0,87,0,0
2015-11-30,1,0,1,1,0,0,0,경북,구미시,1,1,0,0,0,3,4,128.3142,36.2189,경북구미시,0,건설기계이륜차,0,0,0,144,0,0
2015-11-30,0,0,1,2,1,0,0,전북,전주시,1,1,0,1,2,0,2,127.1004,35.8563,전북전주시,0,승용차승용차,0,0,0,11,0,0
2015-12-01,1,1,1,2,0,1,0,세종,세종,1,10,0,1,2,1,1,127.1511,36.7169,세종세종,0,화물차없음,1,0,0,229,0,0
2015-12-01,1,1,1,2,1,0,0,전남,순천시,1,1,0,0,0,0,12,127.3716,34.9988,전남순천시,0,승용차기타,0,0,0,27,0,0
2015-12-01,1,1,1,3,0,2,0,충남,당진시,1,5,0,0,0,0,3,126.5934,36.928,충남당진시,0,승용차화물차,0,0,0,46,0,0
2015-12-01,1,1,1,1,0,0,0,충남,서천군,1,10,0,0,0,6,1,126.6996,36.0212,충남서천군,0,원동기장치자전거없음,0,0,0,10,0,0
2015-12-01,1,1,1,1,0,0,0,전남,고흥군,1,5,6,1,2,0,4,127.1397,34.5366,전남고흥군,0,승용차이륜차,0,0,0,191,0,0
2015-12-01,1,1,1,1,0,0,0,경기,수원시,1,9,6,1,1,7,6,126.9788,37.276,경기수원시,0,자전거승합차,0,0,0,99,0,0
2015-12-01,1,1,1,3,0,2,0,전남,고흥군,1,10,0,0,0,1,1,127.3356,34.6751,전남고흥군,0,화물차없음,0,0,0,191,0,0
2015-12-01,1,1,1,1,0,0,0,강원,삼척시,1,11,0,0,0,4,1,129.164,37.4087,강원삼척시,0,이륜차없음,0,0,0,78,0,0
2015-12-01,0,1,1,8,0,5,2,경기,평택시,1,5,0,0,0,1,6,127.0676,36.9621,경기평택시,1,화물차승합차,0,0,0,14,0,0
2015-12-01,0,1,1,1,0,0,0,광주,광산구,1,9,6,1,1,1,4,126.8174,35.1717,광주광산구,0,화물차이륜차,0,0,0,135,0,0
2015-12-01,0,1,1,2,0,1,0,충북,청주시,1,9,5,0,0,0,2,127.4281,36.5835,충북청주시,0,승용차승용차,0,0,0,83,0,0
2015-12-02,0,2,2,6,4,0,0,전북,김제시,1,8,6,1,1,1,2,126.9055,35.8053,전북김제시,2,화물차승용차,0,0,0,34,0,0
2015-12-02,1,2,1,3,0,2,0,경기,성남시,1,5,0,1,2,0,2,127.0947,37.4,경기성남시,0,승용차승용차,0,0,0,95,0,0
2015-12-02,1,2,1,1,0,0,0,인천,남동구,1,5,0,1,2,0,3,126.7393,37.4078,인천남동구,0,승용차화물차,0,0,0,29,0,0
2015-12-02,1,2,1,2,0,1,0,강원,정선군,1,9,5,0,0,0,9,128.67,37.4087,강원정선군,0,승용차건설기계,0,0,0,198,0,0
2015-12-02,1,2,1,3,0,2,0,전남,해남군,1,9,5,0,0,0,6,126.5798,34.4075,전남해남군,0,승용차승합차,0,0,0,119,0,0
2015-12-02,1,2,1,1,0,0,0,경남,고성군,1,9,7,1,1,1,4,128.2158,35.1079,경남고성군,0,화물차이륜차,0,0,0,87,0,0
2015-12-02,1,2,1,1,0,0,0,서울,영등포구,1,9,8,1,1,7,2,126.9103,37.4969,서울영등포구,0,자전거승용차,0,0,0,150,0,0
2015-12-02,0,2,1,1,0,0,0,경남,사천시,1,1,0,0,0,0,2,128.0495,35.0875,경남사천시,0,승용차승용차,0,0,0,57,0,0
2015-12-02,0,2,1,2,1,0,0,경기,수원시,1,9,6,1,1,0,2,126.9641,37.2613,경기수원시,0,승용차승용차,0,0,0,99,0,0
2015-12-03,0,3,1,2,1,0,0,경기,평택시,1,6,0,1,2,0,1,127.069,36.9971,경기평택시,0,승용차없음,0,0,0,14,0,0
2015-12-03,0,3,1,2,1,0,0,경기,안산시,1,1,6,1,1,0,2,126.856,37.3056,경기안산시,0,승용차승용차,0,0,0,2,0,0
2015-12-03,1,3,1,1,0,0,0,충북,괴산군,1,10,0,1,1,6,1,127.7503,36.8477,충북괴산군,0,원동기장치자전거없음,0,0,0,179,0,0
2015-12-03,0,3,1,1,0,0,0,대구,북구,1,9,0,0,0,0,12,128.5704,35.9504,대구북구,0,승용차기타,0,0,0,112,0,0
2015-12-03,0,3,1,1,0,0,0,전북,진안군,1,6,0,0,0,1,1,127.4672,35.783,전북진안군,0,화물차없음,0,0,0,192,0,0
2015-12-03,0,3,1,2,0,1,0,전북,익산시,1,9,0,0,0,1,3,127.1032,36.0147,전북익산시,0,화물차화물차,0,0,0,125,0,0
2015-12-04,1,4,1,1,0,0,0,전남,영광군,1,5,0,0,0,6,3,126.4858,35.2826,전남영광군,0,원동기장치자전거화물차,0,0,0,127,0,0
2015-12-04,1,4,1,1,0,0,0,경북,영주시,1,5,0,0,0,1,3,128.6301,36.8032,경북영주시,0,화물차화물차,0,0,0,113,0,0
2015-12-04,1,4,1,2,1,0,0,경북,안동시,1,1,0,0,0,1,3,128.6488,36.5877,경북안동시,0,화물차화물차,0,0,0,66,0,0
2015-12-04,1,4,1,1,0,0,0,인천,남구,1,1,0,1,1,3,5,126.6831,37.4698,인천남동구,0,건설기계자전거,0,0,0,29,0,0
2015-12-04,0,4,1,1,0,0,0,경남,김해시,1,10,0,2,4,6,1,128.9941,35.2435,경남김해시,0,원동기장치자전거없음,0,0,0,13,0,0
2015-12-05,0,5,2,8,6,0,0,충남,논산시,1,9,2,0,0,0,3,127.0548,36.1734,충남논산시,2,승용차화물차,0,1,0,61,0,0
2015-12-06,1,6,1,2,0,1,0,전북,군산시,1,9,5,0,0,0,3,126.7504,35.9446,전북군산시,0,승용차화물차,0,1,0,166,0,0
2015-12-06,1,6,1,3,2,0,0,경남,함안군,1,9,6,1,1,0,2,128.4269,35.2418,경남함안군,1,승용차승용차,0,1,0,117,0,0
2015-12-06,1,6,1,4,2,1,0,충북,진천군,1,9,5,0,0,0,2,127.5091,36.8461,충북진천군,1,승용차승용차,0,1,0,60,0,0
2015-12-06,0,6,1,3,2,0,0,경기,고양시,1,9,6,1,1,0,2,126.8298,37.6451,경기고양시,1,승용차승용차,0,1,0,40,0,0
2015-12-06,0,6,1,12,2,9,0,강원,양양군,1,5,0,0,0,2,3,128.7176,37.9959,강원양양군,2,승합차화물차,0,1,0,164,0,0
2015-12-06,0,6,1,1,0,0,0,충북,옥천군,1,1,5,0,0,1,3,127.6241,36.2509,충북옥천군,0,화물차화물차,0,1,0,142,0,0
2015-12-07,0,0,1,1,0,0,0,경남,김해시,1,10,0,1,2,0,1,128.8241,35.1822,경남김해시,0,승용차없음,0,0,0,13,0,0
2015-12-07,0,0,2,3,1,0,0,부산,강서구,1,1,0,1,2,0,2,128.8846,35.1124,부산강서구,1,승용차승용차,0,0,0,206,0,0
2015-12-07,0,0,1,2,1,0,0,경남,진주시,1,1,5,1,2,0,3,128.0687,35.1974,경남진주시,0,승용차화물차,0,0,0,42,0,0
2015-12-07,1,0,1,1,0,0,0,대구,달서구,1,1,0,1,2,0,2,128.5338,35.8314,대구달서구,0,승용차승용차,0,0,0,20,0,0
2015-12-07,1,0,1,1,0,0,0,경기,포천시,1,10,0,0,0,3,1,127.242,37.7839,경기포천시,0,건설기계없음,0,0,0,171,0,0
2015-12-07,1,0,1,1,0,0,0,전남,완도군,1,5,0,0,0,0,8,126.574,34.198,전남완도군,0,승용차농기계,0,0,0,141,0,0
2015-12-07,1,0,1,1,0,0,0,전남,진도군,1,9,3,0,0,1,8,126.2906,34.5208,전남진도군,0,화물차농기계,0,0,0,71,0,0
2015-12-07,1,0,1,1,0,0,0,전남,순천시,1,10,0,1,1,1,1,127.4876,35.1071,전남순천시,0,화물차없음,0,0,0,27,0,0
2015-12-07,1,0,1,1,0,0,0,전남,완도군,1,8,3,0,0,0,8,126.5628,34.1766,전남완도군,0,승용차농기계,0,0,0,141,0,0
2015-12-07,1,0,1,4,2,1,0,전남,여수시,1,9,5,0,0,0,2,127.7287,34.8182,전남여수시,1,승용차승용차,0,0,0,102,0,0
2015-12-07,1,0,1,1,0,0,0,충북,충주시,1,1,8,1,1,3,7,127.7804,36.9794,충북충주시,0,건설기계원동기장치자전거,0,0,0,6,0,0
2015-12-07,1,0,1,4,2,1,0,전남,장흥군,1,9,5,0,0,1,3,126.904,34.7236,전남장흥군,1,화물차화물차,0,0,0,56,0,0
2015-12-07,1,0,1,1,0,0,0,인천,연수구,1,9,0,0,0,1,9,126.6845,37.3866,인천연수구,0,화물차건설기계,0,0,0,35,0,0
2015-12-08,1,1,1,5,3,1,0,부산,강서구,1,1,3,0,0,1,2,128.9474,35.1078,부산강서구,1,화물차승용차,0,0,0,206,0,0
2015-12-08,1,1,1,1,0,0,0,충남,금산군,1,5,0,1,1,4,3,127.5506,36.1133,충남금산군,0,이륜차화물차,0,0,0,68,0,0
2015-12-08,0,1,1,1,0,0,0,경기,시흥시,1,5,0,0,0,0,5,126.813,37.4296,경기시흥시,0,승용차자전거,0,0,0,73,0,0
2015-12-08,0,1,2,5,2,1,0,충남,보령시,1,9,2,1,1,0,11,126.6052,36.3565,충남보령시,1,승용차특수차,0,0,0,136,0,0
2015-12-09,0,2,1,1,0,0,0,광주,북구,1,9,6,1,1,0,7,126.8958,35.1709,광주북구,0,승용차원동기장치자전거,0,0,0,137,0,0
2015-12-09,1,2,1,1,0,0,0,경기,광주시,1,6,0,1,2,0,1,127.2818,37.4796,경기광주시,0,승용차없음,0,0,0,9,0,0
2015-12-09,1,2,1,1,0,0,0,경남,합천군,1,10,0,2,4,9,1,128.128,35.4157,경남합천군,0,농기계없음,0,0,0,133,0,0
2015-12-09,1,2,1,1,0,0,0,충북,음성군,1,9,2,0,0,1,4,127.6579,36.881,충북음성군,0,화물차이륜차,0,0,0,110,0,0
2015-12-09,0,2,1,1,0,0,0,전북,김제시,1,9,6,1,1,6,3,126.909,35.8019,전북김제시,0,원동기장치자전거화물차,0,0,0,34,0,0
2015-12-09,0,2,1,1,0,0,0,경북,김천시,1,8,0,0,0,4,2,128.1198,36.1448,경북김천시,0,이륜차승용차,0,0,0,76,0,0
2015-12-09,0,2,1,2,0,1,0,충북,청주시,1,5,3,0,0,1,3,127.4255,36.6909,충북청주시,0,화물차화물차,0,0,0,83,0,0
2015-12-09,0,2,1,3,2,0,0,충남,논산시,1,9,5,0,0,0,2,127.0984,36.1154,충남논산시,1,승용차승용차,0,0,0,61,0,0
2015-12-10,0,3,1,2,1,0,0,광주,광산구,1,6,0,0,0,0,1,126.7869,35.1605,광주광산구,0,승용차없음,0,0,0,135,0,0
2015-12-10,1,3,1,3,0,2,0,경기,화성시,1,9,5,0,0,0,3,126.9388,37.0748,경기화성시,0,승용차화물차,0,0,0,50,0,0
2015-12-10,1,3,1,1,0,0,0,경북,문경시,1,8,0,0,0,0,5,128.1967,36.5921,경북문경시,0,승용차자전거,0,0,0,74,0,0
2015-12-11,1,4,1,1,0,0,0,전남,함평군,1,5,2,0,0,1,7,126.6273,35.2046,전남함평군,0,화물차원동기장치자전거,0,0,0,157,0,0
2015-12-11,1,4,1,1,0,0,0,광주,동구,1,9,0,1,1,0,4,126.9191,35.1575,광주동구,0,승용차이륜차,0,0,0,162,0,0
2015-12-11,0,4,1,1,0,0,0,전북,완주군,1,1,0,0,0,0,6,127.2367,35.8549,전북완주군,0,승용차승합차,0,0,0,28,0,0
2015-12-12,0,5,4,7,3,0,0,경기,고양시,1,9,5,0,0,0,2,126.8416,37.6075,경기고양시,2,승용차승용차,0,1,0,40,0,0
2015-12-12,1,5,1,1,0,0,0,서울,강동구,1,8,3,0,0,4,2,127.1548,37.5551,서울강동구,0,이륜차승용차,0,1,0,91,0,0
2015-12-12,1,5,1,1,0,0,0,충남,천안시,1,8,0,1,2,0,5,127.2222,36.9145,충남천안시,0,승용차자전거,0,1,0,63,0,0
2015-12-12,1,5,1,34,13,16,4,경기,성남시,1,5,0,0,0,2,6,127.0979,37.4066,경기성남시,2,승합차승합차,0,1,0,95,0,0
2015-12-12,0,5,1,1,0,0,0,서울,서대문구,1,1,5,0,0,4,7,126.9478,37.5938,서울서대문구,0,이륜차원동기장치자전거,0,1,0,195,0,0
2015-12-13,0,6,1,5,1,3,0,경기,동두천시,1,8,2,1,1,0,2,127.0531,37.9025,경기동두천시,1,승용차승용차,0,1,0,94,0,0
2015-12-13,0,6,1,1,0,0,0,경남,남해군,1,10,0,0,0,0,1,128.0188,34.8978,경남남해군,0,승용차없음,0,1,0,197,0,0
2015-12-13,1,6,1,1,0,0,0,서울,용산구,1,1,3,0,0,0,4,126.9583,37.5168,서울용산구,0,승용차이륜차,0,1,0,134,0,0
2015-12-13,1,6,1,1,0,0,0,경기,김포시,1,9,0,1,2,1,7,126.6307,37.6195,경기김포시,0,화물차원동기장치자전거,0,1,0,47,0,0
2015-12-13,0,6,1,6,0,4,1,강원,평창군,1,5,0,0,0,0,2,128.5491,37.6474,강원평창군,1,승용차승용차,0,1,0,24,0,0
2015-12-13,0,6,1,3,1,1,0,인천,부평구,1,5,6,1,1,4,4,126.7034,37.5087,인천부평구,0,이륜차이륜차,0,1,0,44,0,0
2015-12-14,0,0,1,1,0,0,0,서울,강남구,1,8,0,1,1,4,2,127.0631,37.5089,서울강남구,0,이륜차승용차,0,0,0,89,0,0
2015-12-14,1,0,1,2,0,1,0,전북,전주시,1,9,5,0,0,6,2,127.1487,35.8135,전북전주시,0,원동기장치자전거승용차,0,0,0,11,0,0
2015-12-14,1,0,1,2,0,1,0,강원,평창군,1,9,5,0,0,0,9,128.4226,37.4392,강원평창군,0,승용차건설기계,0,0,0,24,0,0
2015-12-15,0,1,1,1,0,0,0,경기,화성시,1,10,0,1,1,0,1,127.0391,37.2024,경기화성시,0,승용차없음,0,0,0,50,0,0
2015-12-15,0,1,1,1,0,0,0,전남,영암군,1,10,0,0,0,4,1,126.4887,34.7417,전남영암군,0,이륜차없음,0,0,0,16,0,0
2015-12-15,0,1,1,1,0,0,0,서울,서초구,1,1,0,0,0,4,9,126.9836,37.4707,서울서초구,0,이륜차건설기계,0,0,0,214,0,0
2015-12-15,1,1,1,2,1,0,0,제주,서귀포시,1,1,5,0,0,0,3,126.3533,33.3274,제주서귀포시,0,승용차화물차,0,0,0,62,0,0
2015-12-15,1,1,1,2,0,1,0,경기,화성시,1,5,0,1,2,1,3,126.8025,37.0897,경기화성시,0,화물차화물차,0,0,0,50,0,0
2015-12-15,1,1,1,2,0,1,0,경북,문경시,1,5,0,0,0,1,3,128.1328,36.6632,경북문경시,0,화물차화물차,0,0,0,74,0,0
2015-12-15,1,1,1,2,0,1,0,인천,부평구,1,5,0,0,0,1,3,126.7545,37.4681,인천부평구,0,화물차화물차,0,0,0,44,0,0
2015-12-15,1,1,2,2,0,0,0,서울,성북구,1,6,0,0,0,0,1,127.0626,37.6139,서울성북구,0,승용차없음,0,0,0,167,0,0
2015-12-15,1,1,1,1,0,0,0,경남,남해군,1,9,0,1,2,6,9,127.9469,34.8078,경남남해군,0,원동기장치자전거건설기계,0,0,0,197,0,0
2015-12-16,1,2,1,1,0,0,0,제주,제주시,1,1,0,1,1,1,3,126.3055,33.4462,제주제주시,0,화물차화물차,0,0,0,90,0,0
2015-12-16,1,2,1,1,0,0,0,전북,정읍시,1,8,8,1,1,0,2,126.9903,35.6087,전북정읍시,0,승용차승용차,0,0,0,12,0,0
2015-12-16,1,2,1,2,0,1,0,전남,화순군,1,9,5,0,0,1,9,127.0161,35.0281,전남화순군,0,화물차건설기계,0,0,0,88,0,0
2015-12-16,1,2,1,3,2,0,0,강원,홍천군,1,5,0,0,0,1,3,127.8885,37.6945,강원홍천군,1,화물차화물차,0,0,0,82,0,0
2015-12-16,0,2,1,1,0,0,0,전남,여수시,1,9,0,1,1,0,3,127.6335,34.7607,전남여수시,0,승용차화물차,0,0,0,102,0,0
2015-12-17,0,3,1,1,0,0,0,충남,아산시,1,6,0,0,0,0,1,126.9902,36.7874,충남아산시,0,승용차없음,0,0,0,53,0,0
2015-12-17,1,3,1,1,0,0,0,경기,남양주시,1,5,0,0,0,4,3,127.15,37.6042,경기남양주시,0,이륜차화물차,0,0,0,70,0,0
2015-12-17,1,3,1,1,0,0,0,경기,광명시,1,9,0,0,0,4,9,126.8868,37.4614,경기광명시,0,이륜차건설기계,0,0,0,81,0,0
2015-12-17,1,3,1,1,0,0,0,인천,남동구,1,8,5,0,0,4,6,126.725,37.4601,인천남동구,0,이륜차승합차,0,0,0,29,0,0
2015-12-17,1,3,1,2,0,1,0,전북,임실군,1,9,5,0,0,0,2,127.3148,35.5384,전북임실군,0,승용차승용차,0,0,0,152,0,0
2015-12-17,1,3,1,1,0,0,0,경북,영천시,1,8,0,1,1,1,2,128.7937,36.0326,경북영천시,0,화물차승용차,0,0,0,5,0,0
2015-12-17,0,3,1,2,0,1,0,울산,중구,1,10,0,0,0,0,1,129.2662,35.57,울산중구,0,승용차없음,0,0,0,205,0,0
2015-12-17,0,3,1,1,0,0,0,울산,동구,1,10,0,0,0,4,1,129.4125,35.5327,울산동구,0,이륜차없음,0,0,0,225,0,0
2015-12-18,0,4,2,3,1,0,0,충북,음성군,1,5,0,0,0,2,4,127.6836,36.9495,충북음성군,1,승합차이륜차,0,0,0,110,0,0
2015-12-18,0,4,1,4,3,0,0,경북,상주시,1,10,0,0,0,0,1,128.0896,36.2547,경북상주시,1,승용차없음,0,0,0,58,0,0
2015-12-18,1,4,2,5,2,1,0,부산,강서구,1,8,5,0,0,1,9,128.918,35.1215,부산강서구,1,화물차건설기계,0,0,0,206,0,0
2015-12-18,1,4,1,3,1,1,0,경기,양주시,1,9,5,0,0,0,2,127.0194,37.893,경기양주시,0,승용차승용차,0,0,0,59,0,0
2015-12-18,1,4,1,2,0,0,1,충남,아산시,1,9,5,0,0,3,9,126.9399,36.864,충남아산시,0,건설기계건설기계,0,0,0,53,0,0
2015-12-18,1,4,1,1,0,0,0,전남,신안군,1,10,0,0,0,4,1,125.998,34.7618,전남신안군,0,이륜차없음,0,0,0,132,0,0
2015-12-18,1,4,1,1,0,0,0,경북,의성군,1,5,0,0,0,1,4,128.5796,36.2821,경북의성군,0,화물차이륜차,0,0,0,105,0,0
2015-12-18,1,4,1,1,0,0,0,경남,사천시,1,9,0,0,0,9,4,128.0533,35.059,경남사천시,0,농기계이륜차,0,0,0,57,0,0
2015-12-18,1,4,1,1,0,0,0,전북,임실군,1,10,0,0,0,4,1,127.2641,35.6018,전북임실군,0,이륜차없음,0,0,0,152,0,0
2015-12-18,0,4,1,1,0,0,0,충남,천안시,1,1,0,0,0,1,5,127.153,36.825,충남천안시,0,화물차자전거,0,0,0,63,0,0
2015-12-18,0,4,1,2,0,1,0,충북,청주시,1,9,0,0,0,0,9,127.5142,36.658,충북청주시,0,승용차건설기계,0,0,0,83,0,0
2015-12-19,0,5,1,4,0,0,3,경기,용인시,1,5,0,0,0,0,11,127.1037,37.2915,경기용인시,0,승용차특수차,0,1,0,51,0,0
2015-12-19,1,5,1,2,0,1,0,대구,달성군,1,5,0,0,0,1,3,128.423,35.7684,대구달성군,0,화물차화물차,0,1,0,30,0,0
2015-12-19,1,5,1,1,0,0,0,서울,마포구,1,5,0,0,0,0,5,126.9012,37.5752,서울마포구,0,승용차자전거,0,1,0,159,0,0
2015-12-19,1,5,1,1,0,0,0,서울,서초구,1,5,0,0,0,0,6,127.09,37.4633,서울서초구,0,승용차승합차,0,1,0,214,0,0
2015-12-19,1,5,2,11,4,5,0,전남,담양군,1,1,2,0,0,0,2,126.9567,35.2262,전남담양군,2,승용차승용차,0,1,0,181,0,0
2015-12-19,1,5,1,1,0,0,0,경기,파주시,1,1,0,0,0,0,5,126.771,37.8649,경기파주시,0,승용차자전거,0,1,0,175,0,0
2015-12-19,1,5,1,1,0,0,0,제주,서귀포시,1,1,0,1,1,0,9,126.3923,33.3135,제주서귀포시,0,승용차건설기계,0,1,0,62,0,0
2015-12-19,0,5,1,10,6,3,0,경기,용인시,1,1,0,0,0,2,2,127.0952,37.1283,경기용인시,2,승합차승용차,0,1,0,51,0,0
2015-12-20,0,6,1,1,0,0,0,경기,안성시,1,10,0,0,0,0,1,127.2361,37.028,경기안성시,0,승용차없음,0,1,0,23,0,0
2015-12-20,0,6,1,2,0,0,1,경남,창원시(통합),1,5,0,0,0,0,3,128.7184,35.1933,경남창원시(통합),0,승용차화물차,0,1,0,86,0,0
2015-12-20,1,6,1,2,0,1,0,경기,여주시,1,1,0,0,0,0,2,127.5444,37.2397,경기여주시,0,승용차승용차,0,1,0,22,0,0
2015-12-20,1,6,1,4,2,1,0,강원,정선군,1,5,5,0,0,3,3,128.8231,37.4988,강원정선군,1,건설기계화물차,0,1,0,198,0,0
2015-12-20,0,6,1,4,0,3,0,전북,정읍시,1,5,0,0,0,0,9,126.9502,35.6618,전북정읍시,1,승용차건설기계,0,1,0,12,0,0
2015-12-21,0,0,1,1,0,0,0,강원,강릉시,1,10,0,0,0,0,1,128.9173,37.7116,강원강릉시,0,승용차없음,0,0,0,194,0,0
2015-12-21,0,0,1,1,0,0,0,충남,천안시,1,5,0,0,0,0,2,127.1034,36.8249,충남천안시,0,승용차승용차,0,0,0,63,0,0
2015-12-21,1,0,1,2,1,0,0,경북,상주시,1,10,0,0,0,1,1,128.2226,36.413,경북상주시,0,화물차없음,0,0,0,58,0,0
2015-12-21,1,0,1,4,0,2,1,경기,용인시,1,9,5,0,0,2,6,127.2168,37.269,경기용인시,0,승합차승합차,0,0,0,51,0,0
2015-12-21,1,0,1,2,0,1,0,대구,달서구,1,9,6,1,1,4,2,128.5579,35.8378,대구달서구,0,이륜차승용차,0,0,0,20,0,0
2015-12-21,1,0,1,1,0,0,0,충남,부여군,1,5,0,0,0,1,2,127.0631,36.2788,충남부여군,0,화물차승용차,0,0,0,129,0,0
2015-12-21,0,0,1,2,1,0,0,경북,봉화군,1,9,5,0,0,1,2,128.7534,36.8275,경북봉화군,0,화물차승용차,0,0,0,149,0,0
2015-12-21,0,0,1,1,0,0,0,경남,산청군,1,5,0,0,0,1,3,127.9467,35.2954,경남산청군,0,화물차화물차,0,0,0,224,0,0
2015-12-21,0,0,1,1,0,0,0,경기,용인시,1,9,6,1,1,6,2,127.11,37.2943,경기용인시,0,원동기장치자전거승용차,0,0,0,51,0,0
2015-12-21,0,0,1,1,0,0,0,경북,경주시,1,11,0,0,0,4,1,129.2013,35.9946,경북경주시,0,이륜차없음,0,0,0,100,0,0
2015-12-22,0,1,1,2,1,0,0,인천,연수구,1,10,0,0,0,0,1,126.6425,37.4316,인천연수구,0,승용차없음,0,0,0,35,0,0
2015-12-22,0,1,1,1,0,0,0,인천,계양구,1,9,0,0,0,0,3,126.7544,37.5747,인천계양구,0,승용차화물차,0,0,0,7,0,0
2015-12-22,1,1,1,3,2,0,0,경북,칠곡군,1,9,5,0,0,0,3,128.5853,35.9853,경북칠곡군,1,승용차화물차,0,0,0,21,0,0
2015-12-22,1,1,1,1,0,0,0,충북,진천군,1,10,0,0,0,2,1,127.4348,36.9661,충북진천군,0,승합차없음,0,0,0,60,0,0
2015-12-22,1,1,1,1,0,0,0,경남,거제시,1,5,0,0,0,4,2,128.714,34.8659,경남거제시,0,이륜차승용차,0,0,0,15,0,0