발생년월일,주야,요일,사망자수,사상자수,중상자수,경상자수,부상신고자수,발생지시도,발생지시군구,사고유형_대분류,사고유형_중분류,법규위반,도로형태_대분류,도로형태,당사자종별_1당_대분류,당사자종별_2당_대분류,경도,위도,발생지,사고피해정도,사고차량타입,도시여부,주말/공휴일,인구수,발생지번호,보행자의위치,무단횡단여부
2015-12-22,1,1,2,3,1,0,0,전북,김제시,1,8,8,1,1,3,3,126.8372,35.8976,전북김제시,1,건설기계화물차,0,0,0,34,0,0
2015-12-22,1,1,1,1,0,0,0,강원,양양군,1,10,0,0,0,0,1,128.6112,38.0608,강원양양군,0,승용차없음,0,0,0,164,0,0
2015-12-22,0,1,1,1,0,0,0,경기,용인시,1,5,5,0,0,0,2,127.2624,37.19,경기용인시,0,승용차승용차,0,0,0,51,0,0
2015-12-22,0,1,1,1,0,0,0,서울,종로구,1,1,0,0,0,4,1,126.9615,37.5723,서울종로구,0,이륜차없음,0,0,0,116,0,0
2015-12-23,1,2,1,1,0,0,0,경기,안산시,1,9,6,1,2,4,2,126.74,37.3136,경기안산시,0,이륜차승용차,0,0,0,2,0,0
2015-12-23,0,2,1,3,1,1,0,충북,옥천군,1,1,0,0,0,1,3,127.6001,36.2959,충북옥천군,0,화물차화물차,0,0,0,142,0,0
2015-12-23,0,2,1,1,0,0,0,경북,성주군,1,6,0,0,0,0,1,128.3608,35.8651,경북성주군,0,승용차없음,0,0,0,168,0,0
2015-12-24,1,3,1,1,0,0,0,경남,거창군,1,10,0,0,0,0,1,127.9485,35.7429,경남거창군,0,승용차없음,0,0,0,154,0,0
2015-12-24,1,3,1,1,0,0,0,경남,남해군,1,10,0,0,0,4,1,127.8715,34.7805,경남남해군,0,이륜차없음,0,0,0,197,0,0
2015-12-24,1,3,1,1,0,0,0,서울,용산구,1,6,0,0,0,4,1,126.9928,37.5198,서울용산구,0,이륜차없음,0,0,0,134,0,0
2015-12-24,1,3,1,1,0,0,0,전남,담양군,1,8,0,0,0,4,3,126.9555,35.2694,전남담양군,0,이륜차화물차,0,0,0,181,0,0
2015-12-24,0,3,1,1,0,0,0,충남,금산군,1,5,2,0,0,0,5,127.4846,36.2071,충남금산군,0,승용차자전거,0,0,0,68,0,0
2015-12-25,0,4,1,3,0,2,0,경북,김천시,1,5,0,0,0,1,3,128.0019,36.1979,경북김천시,0,화물차화물차,0,1,0,76,0,0
2015-12-25,1,4,1,1,0,0,0,충남,서산시,1,6,0,0,0,1,1,126.4217,36.9555,충남서산시,0,화물차없음,0,1,0,69,0,0
2015-12-25,1,4,1,3,2,0,0,경남,함안군,1,9,0,0,0,2,8,128.3984,35.2968,경남함안군,1,승합차농기계,0,1,0,117,0,0
2015-12-25,0,4,1,3,1,1,0,경북,청송군,1,9,7,1,1,0,2,129.0614,36.5335,경북청송군,0,승용차승용차,0,1,0,203,0,0
2015-12-25,0,4,1,2,0,1,0,경남,양산시,1,9,0,1,1,0,2,129.1573,35.3796,경남양산시,0,승용차승용차,0,1,0,49,0,0
2015-12-26,0,5,1,1,0,0,0,경기,용인시,1,10,0,0,0,0,1,127.2363,37.3055,경기용인시,0,승용차없음,0,1,0,51,0,0
2015-12-26,1,5,1,6,4,0,1,경기,안성시,1,5,0,0,0,2,2,127.271,36.9693,경기안성시,1,승합차승용차,0,1,0,23,0,0
2015-12-26,1,5,1,1,0,0,0,충남,서산시,1,6,0,0,0,1,1,126.383,36.6457,충남서산시,0,화물차없음,0,1,0,69,0,0
2015-12-26,1,5,1,2,0,1,0,경기,포천시,1,10,0,0,0,0,1,127.2155,37.8233,경기포천시,0,승용차없음,0,1,0,171,0,0
2015-12-26,1,5,1,1,0,0,0,전남,진도군,1,10,0,2,4,0,1,126.2981,34.5097,전남진도군,0,승용차없음,0,1,0,71,0,0
2015-12-26,1,5,1,2,1,0,0,경기,이천시,1,1,0,1,1,0,3,127.5659,37.1092,경기이천시,0,승용차화물차,0,1,0,41,0,0
2015-12-26,1,5,1,2,1,0,0,경기,이천시,1,9,0,1,1,0,3,127.5657,37.1087,경기이천시,0,승용차화물차,0,1,0,41,0,0
2015-12-26,1,5,1,3,1,0,1,경기,안성시,1,1,0,0,0,1,6,127.1549,36.9925,경기안성시,0,화물차승합차,0,1,0,23,0,0
2015-12-26,0,5,1,5,1,2,1,서울,성동구,1,1,3,0,0,0,6,127.0602,37.5439,서울성동구,1,승용차승합차,0,1,0,84,0,0
2015-12-27,0,6,1,1,0,0,0,경남,창원시(통합),1,9,0,0,0,1,3,128.7982,35.1174,경남창원시(통합),0,화물차화물차,0,1,0,86,0,0
2015-12-27,1,6,1,1,0,0,0,전남,해남군,1,10,0,0,0,0,1,126.6036,34.559,전남해남군,0,승용차없음,0,1,0,119,0,0
2015-12-27,1,6,1,1,0,0,0,부산,연제구,1,8,0,0,0,3,5,129.0879,35.1908,부산연제구,0,건설기계자전거,0,1,0,221,0,0
2015-12-27,0,6,1,1,0,0,0,전남,영광군,1,10,0,0,0,6,1,126.476,35.3976,전남영광군,0,원동기장치자전거없음,0,1,0,127,0,0
2015-12-27,0,6,1,1,0,0,0,전북,남원시,1,8,0,0,0,0,5,127.3824,35.4034,전북남원시,0,승용차자전거,0,1,0,193,0,0
2015-12-28,0,0,1,2,1,0,0,경기,안성시,1,5,0,0,0,0,3,127.1744,37.0043,경기안성시,0,승용차화물차,0,0,0,23,0,0
2015-12-28,1,0,2,4,0,0,2,제주,서귀포시,1,1,0,1,1,1,6,126.6004,33.3006,제주서귀포시,1,화물차승합차,0,0,0,62,0,0
2015-12-28,0,0,1,1,0,0,0,충남,예산군,1,5,0,0,0,1,11,126.825,36.7398,충남예산군,0,화물차특수차,0,0,0,187,0,0
2015-12-28,0,0,1,1,0,0,0,경북,경주시,1,1,0,0,0,0,5,129.2731,35.8579,경북경주시,0,승용차자전거,0,0,0,100,0,0
2015-12-28,0,0,1,1,0,0,0,경기,의정부시,1,8,6,1,2,4,5,127.0349,37.7379,경기의정부시,0,이륜차자전거,0,0,0,64,0,0
2015-12-29,0,1,1,1,0,0,0,충북,청주시,1,8,0,1,1,0,7,127.4699,36.6553,충북청주시,0,승용차원동기장치자전거,0,0,0,83,0,0
2015-12-29,0,1,1,1,0,0,0,경남,밀양시,1,5,3,0,0,0,3,128.7742,35.4758,경남밀양시,0,승용차화물차,0,0,0,177,0,0
2015-12-29,0,1,1,1,0,0,0,대구,달서구,1,1,0,0,0,4,1,128.5581,35.858,대구달서구,0,이륜차없음,0,0,0,20,0,0
2015-12-29,1,1,1,1,0,0,0,대전,대덕구,1,1,0,0,0,1,3,127.4179,36.4319,대전대덕구,0,화물차화물차,0,0,0,77,0,0
2015-12-29,1,1,1,1,0,0,0,강원,춘천시,1,8,0,0,0,0,5,127.7751,37.8535,강원춘천시,0,승용차자전거,0,0,0,111,0,0
2015-12-29,1,1,1,2,1,0,0,경북,안동시,1,9,0,0,0,1,2,128.9184,36.4145,경북안동시,0,화물차승용차,0,0,0,66,0,0
2015-12-29,1,1,1,4,2,1,0,경기,의정부시,1,9,5,0,0,0,2,127.0846,37.7594,경기의정부시,1,승용차승용차,0,0,0,64,0,0
2015-12-29,1,1,1,1,0,0,0,부산,중구,1,8,9,1,2,6,6,129.028,35.1032,부산중구,0,원동기장치자전거승합차,0,0,0,228,0,0
2015-12-29,1,1,1,8,3,4,0,경남,사천시,1,9,6,1,1,2,2,128.1571,35.0359,경남사천시,2,승합차승용차,0,0,0,57,0,0
2015-12-29,0,1,1,2,1,0,0,전북,전주시,1,8,6,1,1,4,2,127.1058,35.8111,전북전주시,0,이륜차승용차,0,0,0,11,0,0
2015-12-30,0,2,1,2,1,0,0,충북,진천군,1,10,0,1,1,0,1,127.477,36.9272,충북진천군,0,승용차없음,0,0,0,60,0,0
2015-12-30,0,2,1,4,3,0,0,부산,연제구,1,6,0,1,2,0,1,129.0838,35.1719,부산연제구,1,승용차없음,0,0,0,221,0,0
2015-12-30,0,2,1,1,0,0,0,서울,중랑구,1,10,0,0,0,0,1,127.1253,37.6014,서울중랑구,0,승용차없음,0,0,0,196,0,0
2015-12-30,0,2,1,8,3,4,0,대전,유성구,1,8,6,1,1,0,2,127.3205,36.3044,대전유성구,2,승용차승용차,0,0,0,148,0,0
2015-12-30,1,2,1,5,3,0,1,광주,북구,1,1,0,0,0,0,2,126.8817,35.1752,광주북구,1,승용차승용차,0,0,0,137,0,0
2015-12-30,1,2,1,1,0,0,0,경북,안동시,1,8,8,1,1,0,4,128.71,36.5712,경북안동시,0,승용차이륜차,0,0,0,66,0,0
2015-12-30,1,2,1,1,0,0,0,경북,김천시,1,10,0,0,0,3,1,128.1764,36.0446,경북김천시,0,건설기계없음,0,0,0,76,0,0
2015-12-30,1,2,1,5,2,2,0,전남,담양군,1,1,3,0,0,0,2,126.973,35.2226,전남담양군,1,승용차승용차,0,0,0,181,0,0
2015-12-30,1,2,2,2,0,0,0,충북,음성군,1,1,0,0,0,1,1,127.654,37.006,충북음성군,0,화물차없음,0,0,0,110,0,0
2015-12-30,0,2,1,2,0,1,0,경기,용인시,1,9,0,0,0,1,3,127.2028,37.1791,경기용인시,0,화물차화물차,0,0,0,51,0,0
2015-12-31,0,3,1,2,1,0,0,충남,당진시,1,10,0,1,2,1,1,126.594,36.9639,충남당진시,0,화물차없음,0,0,0,46,0,0
2015-12-31,0,3,1,7,4,2,0,전남,무안군,1,6,0,0,0,0,1,126.4877,34.9995,전남무안군,2,승용차없음,0,0,0,101,0,0
2015-12-31,1,3,1,4,3,0,0,충남,당진시,1,6,0,0,0,0,1,126.5855,36.8516,충남당진시,1,승용차없음,0,0,0,46,0,0
2015-12-31,1,3,1,6,3,2,0,경북,영천시,1,9,0,0,0,0,3,128.9465,35.9743,경북영천시,1,승용차화물차,0,0,0,5,0,0
2012-05-09,0,2,1,1,0,0,0,경남,거창군,1,5,0,0,0,0,3,127.8532,35.5807,경남거창군,0,승용차화물차,0,0,0,154,0,0
2012-03-30,1,4,1,1,0,0,0,경기,용인시,1,5,0,0,0,1,11,127.0529,37.3176,경기용인시,0,화물차특수차,0,0,0,51,0,0
2012-10-26,0,4,1,2,1,0,0,경북,김천시,1,7,0,0,0,0,2,128.0032,36.1909,경북김천시,0,승용차승용차,0,0,0,76,0,0
2012-06-28,1,3,1,1,0,0,0,경기,이천시,1,5,0,0,0,1,2,127.4204,37.239,경기이천시,0,화물차승용차,0,0,0,41,0,0
2012-06-18,0,0,1,1,0,0,0,전남,광양시,1,5,0,2,4,1,3,127.6484,34.9644,전남광양시,0,화물차화물차,0,0,0,130,0,0
2012-07-15,1,6,1,5,0,4,0,전남,광양시,1,10,0,0,0,2,1,127.7275,34.9873,전남광양시,1,승합차없음,0,1,0,130,0,0
2012-05-31,0,3,1,2,1,0,0,경기,하남시,1,5,0,0,0,0,9,127.1774,37.5784,경기하남시,0,승용차건설기계,0,0,0,67,0,0
2012-09-17,1,0,1,1,0,0,0,충남,논산시,1,6,0,0,0,0,1,127.1355,36.1229,충남논산시,0,승용차없음,0,0,0,61,0,0
2012-10-01,0,0,1,5,1,3,0,경남,밀양시,1,7,9,0,0,0,2,128.774,35.4498,경남밀양시,1,승용차승용차,0,1,0,177,0,0
2012-08-16,1,3,1,1,0,0,0,전북,진안군,1,10,0,0,0,5,1,127.4248,35.7755,전북진안군,0,특수차없음,0,0,0,192,0,0
2012-08-30,1,3,1,5,1,3,0,대구,북구,1,5,0,0,0,1,3,128.5375,35.8947,대구북구,1,화물차화물차,0,0,0,112,0,0
2012-09-16,0,6,1,1,0,0,0,대구,달성군,1,5,0,0,0,0,11,128.4843,35.8014,대구달성군,0,승용차특수차,0,1,0,30,0,0
2012-09-24,1,0,2,2,0,0,0,전북,무주군,1,1,0,0,0,1,3,127.6584,35.9646,전북무주군,0,화물차화물차,0,0,0,182,0,0
2012-10-16,0,1,1,1,0,0,0,경기,화성시,1,5,0,0,0,0,11,126.9016,37.289,경기화성시,0,승용차특수차,0,0,0,50,0,0
2012-12-14,0,4,1,2,0,1,0,경기,광명시,1,5,0,0,0,1,3,126.852,37.4393,경기광명시,0,화물차화물차,0,0,0,81,0,0
2012-11-06,0,1,1,1,0,0,0,경남,진주시,1,6,0,0,0,1,1,128.2716,35.2313,경남진주시,0,화물차없음,0,0,0,42,0,0
2012-08-11,0,5,1,1,0,0,0,경북,구미시,1,5,0,0,0,0,11,128.2576,36.2677,경북구미시,0,승용차특수차,0,1,0,144,0,0
2012-09-20,0,3,1,3,0,2,0,경북,구미시,1,5,0,0,0,1,3,128.2489,36.2767,경북구미시,0,화물차화물차,0,0,0,144,0,0
2012-01-01,0,6,1,6,5,0,0,전북,정읍시,1,9,5,0,0,0,2,126.9094,35.6341,전북정읍시,1,승용차승용차,0,1,0,12,0,0
2012-01-01,0,6,1,2,1,0,0,충남,서산시,1,6,0,0,0,0,1,126.5045,36.7506,충남서산시,0,승용차없음,0,1,0,69,0,0
2012-01-04,1,2,1,1,0,0,0,경남,김해시,1,7,3,0,0,7,3,128.8591,35.2207,경남김해시,0,자전거화물차,0,0,0,13,0,0
2012-01-05,1,3,1,1,0,0,0,충남,태안군,1,1,0,2,4,1,1,126.2918,36.7598,충남태안군,0,화물차없음,0,0,0,169,0,0
2012-01-13,1,1,1,1,0,0,0,서울,강서구,1,1,0,0,0,4,1,126.822,37.5442,서울강서구,0,이륜차없음,0,0,0,43,0,0
2012-01-13,0,4,1,1,0,0,0,경기,양평군,1,5,0,0,0,1,3,127.4149,37.5155,경기양평군,0,화물차화물차,0,0,0,48,0,0
2012-01-10,1,1,1,1,0,0,0,인천,강화군,1,9,5,0,0,1,7,126.4716,37.6469,인천강화군,0,화물차원동기장치자전거,0,0,0,92,0,0
2012-01-11,1,2,1,1,0,0,0,인천,연수구,1,7,7,1,1,0,4,126.67,37.4052,인천연수구,0,승용차이륜차,0,0,0,35,0,0
2012-03-05,1,0,1,1,0,0,0,경기,양주시,1,11,0,0,0,0,1,126.9331,37.6858,경기양주시,0,승용차없음,0,0,0,59,0,0
2012-02-10,0,4,1,5,3,1,0,경남,진주시,1,1,0,0,0,1,2,128.2711,35.232,경남진주시,1,화물차승용차,0,0,0,42,0,0
2012-01-18,0,2,1,1,0,0,0,경남,창원시(통합),1,7,0,0,0,0,3,128.6469,35.2749,경남창원시(통합),0,승용차화물차,0,0,0,86,0,0
2012-04-26,1,3,1,1,0,0,0,경남,함안군,1,1,0,0,0,0,1,128.4015,35.2875,경남함안군,0,승용차없음,0,0,0,117,0,0
2012-01-01,1,6,1,1,0,0,0,충남,청양군,1,6,0,0,0,0,1,126.8303,36.4913,충남청양군,0,승용차없음,0,1,0,174,0,0
2012-01-01,0,6,1,1,0,0,0,경북,경산시,1,6,0,0,0,6,1,128.763,35.8474,경북경산시,0,원동기장치자전거없음,0,1,0,52,0,0
2012-01-01,1,6,1,3,1,1,0,강원,강릉시,1,6,0,0,0,1,1,128.8393,37.6693,강원강릉시,0,화물차없음,0,1,0,194,0,0
2012-01-09,1,0,1,1,0,0,0,부산,기장군,1,5,0,0,0,6,11,129.2007,35.2568,부산기장군,0,원동기장치자전거특수차,0,0,0,85,0,0
2012-01-07,0,5,1,1,0,0,0,경기,광주시,1,6,0,0,0,1,1,127.297,37.3747,경기광주시,0,화물차없음,0,1,0,9,0,0
2012-01-06,1,4,1,2,0,1,0,전북,남원시,1,9,5,0,0,0,3,127.3879,35.4262,전북남원시,0,승용차화물차,0,0,0,193,0,0
2012-02-28,0,1,1,2,0,1,0,부산,강서구,1,7,0,0,0,0,11,128.9458,35.2223,부산강서구,0,승용차특수차,0,0,0,206,0,0
2012-01-13,0,4,1,2,1,0,0,충북,괴산군,1,5,0,0,0,1,3,127.9981,36.7438,충북괴산군,0,화물차화물차,0,0,0,179,0,0
2012-02-22,0,2,1,1,0,0,0,충북,제천시,1,6,0,0,0,0,1,128.138,37.1403,충북제천시,0,승용차없음,0,0,0,103,0,0
2012-03-27,1,1,1,3,2,0,0,경기,안산시,1,7,0,0,0,1,3,126.8595,37.3479,경기안산시,1,화물차화물차,0,0,0,2,0,0
2012-04-12,0,3,1,3,2,0,0,전북,완주군,1,1,0,0,0,0,1,127.2584,35.8037,전북완주군,1,승용차없음,0,0,0,28,0,0
2012-06-11,1,0,1,3,1,1,0,전북,완주군,1,6,0,2,4,0,1,127.0395,35.8357,전북완주군,0,승용차없음,0,0,0,28,0,0
2012-01-14,1,5,1,4,3,0,0,충북,음성군,1,7,0,0,0,1,2,127.5022,36.967,충북음성군,1,화물차승용차,0,1,0,110,0,0
2012-01-10,0,1,1,1,0,0,0,경기,용인시,1,5,0,1,1,2,4,127.1927,37.2584,경기용인시,0,승합차이륜차,0,0,0,51,0,0
2012-01-16,0,0,1,4,0,2,1,경기,용인시,1,5,0,0,0,0,2,127.1035,37.2938,경기용인시,0,승용차승용차,0,0,0,51,0,0
2012-04-29,0,6,1,1,0,0,0,경남,진주시,1,7,0,0,0,0,2,128.2211,35.1849,경남진주시,0,승용차승용차,0,1,0,42,0,0
2012-04-27,0,4,1,3,1,1,0,경북,영천시,1,5,0,0,0,1,11,128.8957,35.8988,경북영천시,0,화물차특수차,0,0,0,5,0,0
2012-05-22,1,1,1,8,6,1,0,경기,평택시,1,5,0,0,0,1,3,126.8679,36.9654,경기평택시,2,화물차화물차,0,0,0,14,0,0
2012-05-13,1,6,1,12,8,1,2,충남,천안시,1,1,0,0,0,2,1,127.1888,36.9122,충남천안시,2,승합차없음,0,1,0,63,0,0
2012-04-28,0,5,1,4,3,0,0,인천,남동구,1,5,0,0,0,0,2,126.7325,37.4332,인천남동구,1,승용차승용차,0,1,0,29,0,0
2012-05-14,0,0,2,6,3,1,0,인천,계양구,1,1,3,0,0,0,2,126.7164,37.5238,인천계양구,1,승용차승용차,0,0,0,7,0,0
2012-07-12,1,3,1,2,0,1,0,경기,안양시,1,9,0,0,0,1,2,126.9569,37.379,경기안양시,0,화물차승용차,0,0,0,151,0,0
2012-07-09,1,0,1,4,3,0,0,서울,서초구,1,5,0,0,0,0,2,127.0514,37.451,서울서초구,1,승용차승용차,0,0,0,214,0,0
2012-08-13,0,0,2,4,2,0,0,경북,상주시,1,5,0,0,0,1,3,128.2393,36.371,경북상주시,1,화물차화물차,0,0,0,58,0,0
2012-09-06,1,3,2,2,0,0,0,경기,이천시,1,5,0,0,0,1,2,127.4287,37.2298,경기이천시,0,화물차승용차,0,0,0,41,0,0
2012-09-01,1,5,1,1,0,0,0,경남,김해시,1,6,0,0,0,1,1,128.8115,35.2204,경남김해시,0,화물차없음,0,1,0,13,0,0
2012-09-07,1,4,1,3,0,2,0,충남,보령시,1,6,0,0,0,0,1,126.5887,36.4731,충남보령시,0,승용차없음,0,0,0,136,0,0
2012-08-03,0,4,1,2,0,1,0,경기,이천시,1,5,0,0,0,1,3,127.3991,37.2399,경기이천시,0,화물차화물차,0,0,0,41,0,0
2012-12-21,0,4,1,2,1,0,0,전남,보성군,1,10,0,0,0,1,1,127.0535,34.8053,전남보성군,0,화물차없음,0,0,0,122,0,0
2012-10-22,0,0,1,1,0,0,0,충남,보령시,1,6,0,0,0,0,1,126.5905,36.1948,충남보령시,0,승용차없음,0,0,0,136,0,0
2012-09-14,1,4,1,1,0,0,0,경기,가평군,1,1,10,0,0,2,2,127.5337,37.6847,경기가평군,0,승합차승용차,0,0,0,176,0,0
2012-08-22,0,2,1,1,0,0,0,경기,가평군,1,1,0,0,0,0,1,127.5369,37.6867,경기가평군,0,승용차없음,0,0,0,176,0,0
2012-11-15,1,3,1,2,1,0,0,전북,장수군,1,5,0,0,0,1,9,127.6572,35.6877,전북장수군,0,화물차건설기계,0,0,0,155,0,0
2012-11-23,0,4,1,1,0,0,0,충북,청주시,1,1,4,0,0,0,3,127.4246,36.6736,충북청주시,0,승용차화물차,0,0,0,83,0,0
2012-11-11,1,6,2,8,0,6,0,경기,시흥시,1,7,3,0,0,2,2,126.8682,37.3691,경기시흥시,2,승합차승용차,0,1,0,73,0,0
2012-08-02,1,3,1,5,1,3,0,경북,김천시,1,5,0,0,0,1,3,128.0885,36.1342,경북김천시,1,화물차화물차,0,0,0,76,0,0
2012-09-11,1,1,1,2,1,0,0,경기,안성시,1,10,0,0,0,0,1,127.1547,36.9927,경기안성시,0,승용차없음,0,0,0,23,0,0
2012-01-01,0,6,1,1,0,0,0,부산,강서구,1,1,0,0,0,0,11,128.9687,35.2121,부산강서구,0,승용차특수차,0,1,0,206,0,0
2012-01-10,0,1,1,1,0,0,0,대구,서구,1,1,0,0,0,0,2,128.5741,35.8627,대구서구,0,승용차승용차,0,0,0,107,0,0
2012-01-10,0,1,1,1,0,0,0,경기,이천시,1,5,0,0,0,0,2,127.4325,37.2858,경기이천시,0,승용차승용차,0,0,0,41,0,0
2012-01-10,0,1,1,1,0,0,0,경기,남양주시,1,6,0,0,0,0,1,127.3751,37.6769,경기남양주시,0,승용차없음,0,0,0,70,0,0
2012-01-13,1,4,1,1,0,0,0,경기,여주시,1,7,0,0,0,0,7,127.6392,37.2657,경기여주시,0,승용차원동기장치자전거,0,0,0,22,0,0
2012-12-17,0,0,1,1,0,0,0,인천,남구,1,10,0,0,0,1,1,126.6381,37.4432,인천남동구,0,화물차없음,0,0,0,29,0,0
2012-10-06,1,5,1,6,0,5,0,경기,용인시,1,5,0,0,0,1,6,127.1072,37.2906,경기용인시,1,화물차승합차,0,1,0,51,0,0
2012-12-14,1,4,1,1,0,0,0,전북,무주군,1,1,0,0,0,2,2,127.6628,35.947,전북무주군,0,승합차승용차,0,0,0,182,0,0
2012-12-03,0,0,1,2,1,0,0,경북,상주시,1,5,0,0,0,0,11,127.9655,36.4428,경북상주시,0,승용차특수차,0,0,0,58,0,0
2012-11-28,1,2,1,2,0,1,0,경북,고령군,1,5,0,0,0,1,3,128.3471,35.7983,경북고령군,0,화물차화물차,0,0,0,220,0,0
2012-01-03,1,1,1,1,0,0,0,전남,영광군,1,11,0,0,0,0,1,126.4994,35.1992,전남영광군,0,승용차없음,0,0,0,127,0,0
2012-01-05,1,3,2,3,1,0,0,경남,고성군,1,7,7,1,1,1,9,128.3579,35.0384,경남고성군,1,화물차건설기계,0,0,0,87,0,0
2012-01-07,1,5,1,2,0,1,0,충북,청원군,1,11,4,0,0,0,1,127.6069,36.7245,충북청주시,0,승용차없음,0,1,0,83,0,0
2012-01-07,0,5,1,1,0,0,0,경기,안산시,1,7,0,1,1,0,4,126.8203,37.3104,경기안산시,0,승용차이륜차,0,1,0,2,0,0
2012-01-13,0,4,1,1,0,0,0,전북,부안군,1,7,5,1,2,1,7,126.7217,35.7242,전북부안군,0,화물차원동기장치자전거,0,0,0,185,0,0
2012-01-14,1,5,1,2,1,0,0,경기,김포시,1,7,5,0,0,0,2,126.7805,37.5875,경기김포시,0,승용차승용차,0,1,0,47,0,0
2012-01-14,0,5,1,2,1,0,0,경기,포천시,1,5,0,0,0,1,3,127.2911,37.8639,경기포천시,0,화물차화물차,0,1,0,171,0,0
2012-01-11,0,2,1,2,1,0,0,경기,시흥시,1,5,0,0,0,0,2,126.7458,37.3461,경기시흥시,0,승용차승용차,0,0,0,73,0,0
2012-01-09,1,0,1,1,0,0,0,경기,평택시,1,6,0,1,2,3,1,127.0102,37.0366,경기평택시,0,건설기계없음,0,0,0,14,0,0
2012-05-21,1,0,1,1,0,0,0,대구,달성군,1,5,0,0,0,0,9,128.4816,35.7422,대구달성군,0,승용차건설기계,0,0,0,30,0,0
2012-05-19,1,5,1,3,1,1,0,충남,보령시,1,10,0,0,0,0,1,126.5634,36.2616,충남보령시,0,승용차없음,0,1,0,136,0,0
2012-05-04,0,4,1,2,1,0,0,대구,북구,1,5,3,0,0,1,3,128.5247,35.8929,대구북구,0,화물차화물차,0,0,0,112,0,0
2012-05-03,0,3,2,4,2,0,0,대구,달성군,1,5,0,0,0,0,3,128.497,35.8087,대구달성군,1,승용차화물차,0,0,0,30,0,0
2012-06-29,0,4,1,1,0,0,0,경기,양주시,1,10,0,0,0,0,1,126.9316,37.6846,경기양주시,0,승용차없음,0,0,0,59,0,0
2012-07-13,0,4,1,4,3,0,0,전북,남원시,1,9,5,0,0,0,2,127.4984,35.4925,전북남원시,1,승용차승용차,0,0,0,193,0,0
2012-08-07,1,1,1,3,0,2,0,경기,용인시,1,5,0,0,0,1,3,127.271,37.2469,경기용인시,0,화물차화물차,0,0,0,51,0,0
2012-01-01,0,6,1,3,0,2,0,전북,익산시,1,5,0,1,2,0,2,126.9774,35.9405,전북익산시,0,승용차승용차,0,1,0,125,0,0
2012-01-01,1,6,2,2,0,0,0,경남,합천군,1,7,2,1,1,2,2,128.156,35.7335,경남합천군,0,승합차승용차,0,1,0,133,0,0
2012-01-10,1,1,1,1,0,0,0,울산,남구,1,7,0,0,0,7,2,129.3074,35.5466,울산남구,0,자전거승용차,0,0,0,213,0,0
2012-01-13,1,4,1,1,0,0,0,경남,창원시(통합),1,1,6,1,2,2,5,128.684,35.2253,경남창원시(통합),0,승합차자전거,0,0,0,86,0,0
2012-04-08,0,6,1,3,0,0,2,경남,함양군,1,1,0,0,0,0,3,127.7829,35.5203,경남함양군,0,승용차화물차,0,1,0,108,0,0
2012-03-24,1,5,1,1,0,0,0,경남,사천시,1,1,0,0,0,0,1,127.9368,35.0545,경남사천시,0,승용차없음,0,1,0,57,0,0
2012-05-25,1,3,1,3,1,1,0,경기,구리시,1,6,0,0,0,0,1,127.1571,37.5899,경기구리시,0,승용차없음,0,0,0,165,0,0
2012-05-14,0,0,1,3,1,1,0,강원,원주시,1,5,0,0,0,1,3,127.8183,37.2986,강원원주시,0,화물차화물차,0,0,0,36,0,0
2012-04-09,0,0,1,10,4,5,0,충남,청양군,1,5,0,0,0,2,3,126.9397,36.3684,충남청양군,2,승합차화물차,0,0,0,174,0,0
2012-07-03,1,1,1,1,0,0,0,경남,김해시,1,7,0,0,0,0,2,128.9829,35.2596,경남김해시,0,승용차승용차,0,0,0,13,0,0
2012-06-04,1,0,1,2,0,1,0,경남,김해시,1,5,0,0,0,2,3,128.7138,35.2788,경남김해시,0,승합차화물차,0,0,0,13,0,0
2012-05-15,1,1,1,2,1,0,0,전북,완주군,1,5,0,0,0,1,3,127.2084,35.868,전북완주군,0,화물차화물차,0,0,0,28,0,0
2012-05-31,0,3,1,3,2,0,0,전북,완주군,1,5,0,0,0,1,3,127.1024,35.9268,전북완주군,1,화물차화물차,0,0,0,28,0,0
2012-07-30,0,0,1,1,0,0,0,경북,청도군,1,5,0,0,0,1,3,128.7455,35.6647,경북청도군,0,화물차화물차,0,0,0,3,0,0
2012-07-20,0,4,1,2,1,0,0,충북,진천군,1,5,0,0,0,1,3,127.4772,36.8636,충북진천군,0,화물차화물차,0,0,0,60,0,0
2012-07-11,1,2,1,1,0,0,0,울산,울주군,1,6,0,0,0,0,1,129.2454,35.5289,울산울주군,0,승용차없음,0,0,0,17,0,0
2012-09-09,1,6,1,3,1,1,0,전북,부안군,1,5,0,0,0,2,3,126.7237,35.6564,전북부안군,0,승합차화물차,0,1,0,185,0,0
2012-11-02,0,4,1,4,2,1,0,대구,수성구,1,5,0,0,0,0,3,128.6934,35.8349,대구수성구,1,승용차화물차,0,0,0,37,0,0
2012-11-24,0,5,5,6,1,0,0,경기,안성시,1,5,0,0,0,2,2,127.1357,37.0613,경기안성시,2,승합차승용차,0,1,0,23,0,0
2012-07-05,0,3,1,1,0,0,0,경북,김천시,1,5,0,0,0,1,3,128.1682,36.1305,경북김천시,0,화물차화물차,0,0,0,76,0,0
2012-08-07,0,1,1,6,5,0,0,대구,동구,1,5,0,0,0,1,2,128.6997,35.8826,대구동구,1,화물차승용차,0,0,0,26,0,0