발생년월일,주야,요일,사망자수,사상자수,중상자수,경상자수,부상신고자수,발생지시도,발생지시군구,사고유형_대분류,사고유형_중분류,법규위반,도로형태_대분류,도로형태,당사자종별_1당_대분류,당사자종별_2당_대분류,경도,위도,발생지,사고피해정도,사고차량타입,도시여부,주말/공휴일,인구수,발생지번호,보행자의위치,무단횡단여부
2012-08-18,0,5,1,1,0,0,0,경북,칠곡군,1,5,0,0,0,0,2,128.4388,35.9736,경북칠곡군,0,승용차승용차,0,1,0,21,0,0
2012-01-14,0,5,1,5,4,0,0,인천,남동구,1,7,7,1,1,0,2,126.7024,37.4197,인천남동구,1,승용차승용차,0,1,0,29,0,0
2012-01-11,0,2,1,1,0,0,0,경남,통영시,1,6,0,0,0,1,1,128.4513,34.8845,경남통영시,0,화물차없음,0,0,0,212,0,0
2012-02-17,0,4,1,1,0,0,0,충남,천안시,1,6,0,0,0,1,1,127.2185,36.7604,충남천안시,0,화물차없음,0,0,0,63,0,0
2012-03-25,0,6,1,1,0,0,0,경남,김해시,1,6,0,0,0,0,1,128.9791,35.2366,경남김해시,0,승용차없음,0,1,0,13,0,0
2012-04-27,1,4,2,3,1,0,0,전남,함평군,1,6,0,0,0,0,1,126.4804,35.1317,전남함평군,1,승용차없음,0,0,0,157,0,0
2012-04-03,1,1,1,1,0,0,0,경남,양산시,1,9,5,0,0,1,2,129.0107,35.3085,경남양산시,0,화물차승용차,0,0,0,49,0,0
2012-05-07,1,0,1,28,12,15,0,경남,양산시,1,5,0,0,0,2,2,129.0336,35.3309,경남양산시,2,승합차승용차,0,0,0,49,0,0
2012-04-29,0,6,1,1,0,0,0,경기,하남시,1,7,3,0,0,0,2,127.1597,37.5138,경기하남시,0,승용차승용차,0,1,0,67,0,0
2012-05-25,0,4,1,2,0,1,0,경기,광주시,1,5,0,0,0,1,3,127.2563,37.453,경기광주시,0,화물차화물차,0,0,0,9,0,0
2012-06-12,1,1,1,1,0,0,0,충북,보은군,1,10,0,0,0,0,1,127.8634,36.4482,충북보은군,0,승용차없음,0,0,0,32,0,0
2012-07-05,1,3,5,10,3,2,0,경기,화성시,1,5,0,0,0,2,2,126.9736,37.1826,경기화성시,2,승합차승용차,0,0,0,50,0,0
2012-06-11,0,6,4,5,1,0,0,인천,중구,1,5,0,0,0,0,2,126.5355,37.5169,인천중구,1,승용차승용차,0,0,0,72,0,0
2012-09-08,0,5,1,3,2,0,0,경남,산청군,1,10,0,0,0,0,1,127.8595,35.4297,경남산청군,1,승용차없음,0,1,0,224,0,0
2012-09-06,1,3,1,2,1,0,0,강원,원주시,1,5,0,0,0,1,3,127.8991,37.3624,강원원주시,0,화물차화물차,0,0,0,36,0,0
2012-09-19,0,2,1,2,0,1,0,경기,안산시,1,5,0,0,0,1,3,126.8732,37.3403,경기안산시,0,화물차화물차,0,0,0,2,0,0
2012-10-30,0,1,1,1,0,0,0,경기,용인시,1,5,0,0,0,0,3,127.1085,37.1189,경기용인시,0,승용차화물차,0,0,0,51,0,0
2012-09-27,0,3,1,3,0,2,0,충북,청원군,1,5,0,0,0,0,3,127.4617,36.7398,충북청주시,0,승용차화물차,0,0,0,83,0,0
2012-11-14,1,2,1,1,0,0,0,충북,음성군,1,5,0,0,0,1,3,127.4725,36.9429,충북음성군,0,화물차화물차,0,0,0,110,0,0
2012-01-01,1,6,1,1,0,0,0,경북,상주시,1,6,0,0,0,0,1,127.911,36.4473,경북상주시,0,승용차없음,0,1,0,58,0,0
2012-01-03,1,1,1,1,0,0,0,전북,고창군,1,5,0,0,0,4,2,126.6467,35.3655,전북고창군,0,이륜차승용차,0,0,0,219,0,0
2012-01-04,1,2,1,1,0,0,0,전북,군산시,1,5,0,0,0,1,11,126.742,35.9436,전북군산시,0,화물차특수차,0,0,0,166,0,0
2012-01-10,0,1,1,2,1,0,0,충남,논산시,1,5,0,1,2,1,9,127.1785,36.2122,충남논산시,0,화물차건설기계,0,0,0,61,0,0
2012-02-03,0,4,1,3,0,2,0,경북,경산시,1,10,0,0,0,1,1,128.7353,35.7908,경북경산시,0,화물차없음,0,0,0,52,0,0
2012-03-18,1,6,1,1,0,0,0,경북,청도군,1,5,0,0,0,0,3,128.7456,35.6595,경북청도군,0,승용차화물차,0,1,0,3,0,0
2012-01-16,1,0,1,4,0,3,0,경기,수원시,1,5,0,0,0,1,3,126.9947,37.3168,경기수원시,1,화물차화물차,0,0,0,99,0,0
2012-10-17,0,2,1,5,3,1,0,대구,동구,1,7,0,0,0,0,2,128.6669,35.9168,대구동구,1,승용차승용차,0,0,0,26,0,0
2012-09-13,0,2,1,1,0,0,0,울산,울주군,1,5,0,0,0,0,3,129.2551,35.4104,울산울주군,0,승용차화물차,0,0,0,17,0,0
2012-11-14,1,2,1,9,8,0,0,경기,의왕시,1,5,0,0,0,0,6,126.9955,37.3857,경기의왕시,2,승용차승합차,0,0,0,199,0,0
2012-08-22,0,2,1,1,0,0,0,경북,경산시,1,5,0,0,0,5,2,128.7363,35.7525,경북경산시,0,특수차승용차,0,0,0,52,0,0
2012-01-10,1,1,1,1,0,0,0,경북,예천군,1,9,0,1,1,4,3,128.3024,36.513,경북예천군,0,이륜차화물차,0,0,0,55,0,0
2012-01-11,0,2,1,1,0,0,0,전남,목포시,1,7,5,0,0,7,3,126.3931,34.7957,전남목포시,0,자전거화물차,0,0,0,153,0,0
2012-01-11,0,2,1,1,0,0,0,부산,연제구,1,1,0,2,4,4,12,129.0708,35.1857,부산연제구,0,이륜차기타,0,0,0,221,0,0
2012-01-08,1,6,2,5,2,1,0,경북,영천시,1,6,0,0,0,0,1,128.9276,35.9042,경북영천시,1,승용차없음,0,1,0,5,0,0
2012-02-04,0,5,1,1,0,0,0,경기,평택시,1,6,0,0,0,0,1,126.8677,36.9649,경기평택시,0,승용차없음,0,1,0,14,0,0
2012-01-29,0,5,1,2,1,0,0,충남,당진시,1,6,0,0,0,0,1,126.7093,36.8945,충남당진시,0,승용차없음,0,1,0,46,0,0
2012-05-12,1,5,1,3,0,2,0,강원,평창군,1,6,0,0,0,0,1,128.4445,37.6071,강원평창군,0,승용차없음,0,1,0,24,0,0
2012-05-22,0,1,1,5,1,3,0,전북,완주군,1,11,0,0,0,0,1,127.0575,35.9027,전북완주군,1,승용차없음,0,0,0,28,0,0
2012-03-27,1,1,4,9,5,0,0,경기,남양주시,1,5,0,0,0,2,3,127.3496,37.6342,경기남양주시,2,승합차화물차,0,0,0,70,0,0
2012-04-24,0,1,1,2,0,0,1,경남,밀양시,1,5,0,0,0,1,2,128.7886,35.5546,경남밀양시,0,화물차승용차,0,0,0,177,0,0
2012-05-12,1,5,1,1,0,0,0,인천,남동구,1,10,0,0,0,1,1,126.7769,37.4586,인천남동구,0,화물차없음,0,1,0,29,0,0
2012-01-01,0,6,1,1,0,0,0,경북,예천군,1,11,0,0,0,0,1,128.2849,36.5067,경북예천군,0,승용차없음,0,1,0,55,0,0
2012-01-09,0,0,1,2,1,0,0,경기,성남시,1,1,0,0,0,0,1,127.1747,37.4505,경기성남시,0,승용차없음,0,0,0,95,0,0
2012-01-07,1,5,3,7,2,2,0,충남,천안시,1,7,7,1,1,1,2,127.1216,36.8341,충남천안시,2,화물차승용차,0,1,0,63,0,0
2012-01-12,0,3,1,2,1,0,0,대전,유성구,1,1,6,1,1,0,2,127.3182,36.3872,대전유성구,0,승용차승용차,0,0,0,148,0,0
2012-01-22,1,6,1,5,4,0,0,대구,북구,1,1,0,0,0,0,2,128.5272,35.918,대구북구,1,승용차승용차,0,1,0,112,0,0
2012-01-05,1,3,1,1,0,0,0,충북,옥천군,1,5,0,0,0,0,3,127.7271,36.2744,충북옥천군,0,승용차화물차,0,0,0,142,0,0
2012-06-17,0,6,1,1,0,0,0,경기,용인시,1,10,0,0,0,0,1,127.114,37.2916,경기용인시,0,승용차없음,0,1,0,51,0,0
2012-07-01,0,6,1,2,1,0,0,경기,하남시,1,5,0,0,0,0,3,127.2058,37.5314,경기하남시,0,승용차화물차,0,1,0,67,0,0
2012-07-24,0,1,1,1,0,0,0,경북,칠곡군,1,5,0,0,0,1,3,128.534,36.091,경북칠곡군,0,화물차화물차,0,0,0,21,0,0
2012-12-25,0,1,1,2,1,0,0,경기,군포시,1,6,0,0,0,1,1,126.9003,37.3222,경기군포시,0,화물차없음,0,1,0,126,0,0
2012-09-04,1,1,1,8,0,3,4,전북,전주시,1,1,0,0,0,2,2,127.1891,35.8337,전북전주시,1,승합차승용차,0,0,0,11,0,0
2012-09-25,0,1,1,2,1,0,0,경기,화성시,1,1,0,0,0,0,1,127.0982,37.2184,경기화성시,0,승용차없음,0,0,0,50,0,0
2012-09-21,0,4,1,1,0,0,0,경기,안성시,1,1,0,0,0,1,2,127.1569,36.9873,경기안성시,0,화물차승용차,0,0,0,23,0,0
2012-10-28,1,6,1,5,3,1,0,전북,정읍시,1,5,0,0,0,1,3,126.8266,35.5676,전북정읍시,1,화물차화물차,0,1,0,12,0,0
2012-10-04,0,3,1,1,0,0,0,경기,하남시,1,7,0,0,0,2,2,127.2373,37.4939,경기하남시,0,승합차승용차,0,0,0,67,0,0
2012-08-18,1,5,1,3,2,0,0,경기,여주시,1,6,0,0,0,0,1,127.6574,37.2536,경기여주시,1,승용차없음,0,1,0,22,0,0
2012-11-03,0,5,1,22,6,12,3,경북,예천군,1,5,0,0,0,2,3,128.5364,36.6565,경북예천군,2,승합차화물차,0,1,0,55,0,0
2012-07-25,0,2,1,1,0,0,0,충남,서천군,1,1,0,0,0,0,1,126.7766,36.2117,충남서천군,0,승용차없음,0,0,0,10,0,0
2012-07-14,0,5,1,2,1,0,0,대구,북구,1,6,0,0,0,1,1,128.5259,35.8908,대구북구,0,화물차없음,0,1,0,112,0,0
2012-06-24,0,6,1,1,0,0,0,경기,평택시,1,6,0,0,0,0,1,126.8407,36.9519,경기평택시,0,승용차없음,0,1,0,14,0,0
2012-07-17,1,1,1,1,0,0,0,전남,보성군,1,10,0,0,0,0,1,127.2697,34.8333,전남보성군,0,승용차없음,0,0,0,122,0,0
2012-02-05,1,6,1,4,3,0,0,충남,천안시,1,1,0,0,0,0,2,127.2803,36.7335,충남천안시,1,승용차승용차,0,1,0,63,0,0
2012-05-01,0,1,1,8,5,2,0,경기,안양시,1,10,0,0,0,2,1,126.8841,37.4063,경기안양시,2,승합차없음,0,1,0,151,0,0
2012-03-25,0,6,1,1,0,0,0,경기,안양시,1,1,0,0,0,0,1,126.9518,37.3779,경기안양시,0,승용차없음,0,1,0,151,0,0
2012-07-12,1,3,1,2,0,0,1,충남,논산시,1,7,0,0,0,0,3,127.0514,36.2065,충남논산시,0,승용차화물차,0,0,0,61,0,0
2012-06-10,0,6,1,1,0,0,0,전남,보성군,1,6,0,0,0,0,1,127.3287,34.8228,전남보성군,0,승용차없음,0,1,0,122,0,0
2012-07-09,0,0,1,1,0,0,0,울산,울주군,1,6,0,0,0,1,1,129.1151,35.5406,울산울주군,0,화물차없음,0,0,0,17,0,0
2012-06-20,0,2,1,3,1,1,0,경기,시흥시,1,7,0,2,0,1,2,126.7906,37.4574,경기시흥시,0,화물차승용차,0,0,0,73,0,0
2012-11-27,1,1,1,2,0,1,0,경북,고령군,1,9,5,0,0,0,3,128.3445,35.7496,경북고령군,0,승용차화물차,0,0,0,220,0,0
2012-01-28,0,5,1,3,1,1,0,충남,천안시,1,1,0,0,0,2,2,127.2968,36.7314,충남천안시,0,승합차승용차,0,1,0,63,0,0
2012-02-21,0,1,1,2,1,0,0,충북,청원군,1,5,0,0,0,0,2,127.3053,36.728,충북청주시,0,승용차승용차,0,0,0,83,0,0
2012-04-13,0,4,2,11,3,6,0,경북,상주시,1,5,0,0,0,5,2,128.2199,36.3679,경북상주시,2,특수차승용차,0,0,0,58,0,0
2012-05-25,0,4,1,8,7,0,0,경북,상주시,1,5,0,0,0,1,2,128.2167,36.3682,경북상주시,2,화물차승용차,0,0,0,58,0,0
2012-03-21,0,1,2,2,0,0,0,경북,상주시,1,6,0,0,0,0,1,128.0251,36.43,경북상주시,0,승용차없음,0,0,0,58,0,0
2012-04-03,0,1,1,1,0,0,0,경북,상주시,1,5,0,0,0,1,3,127.9666,36.4428,경북상주시,0,화물차화물차,0,0,0,58,0,0
2012-05-04,0,4,1,3,2,0,0,경북,상주시,1,5,0,0,0,1,3,128.2271,36.3519,경북상주시,1,화물차화물차,0,0,0,58,0,0
2012-05-09,1,2,1,4,3,0,0,경기,용인시,1,7,10,0,0,1,2,127.3156,37.247,경기용인시,1,화물차승용차,0,0,0,51,0,0
2012-04-07,1,5,2,4,2,0,0,경기,이천시,1,5,3,0,0,0,3,127.4232,37.2378,경기이천시,1,승용차화물차,0,1,0,41,0,0
2012-05-08,1,1,1,2,0,1,0,경북,상주시,1,5,0,0,0,1,3,128.1622,36.5353,경북상주시,0,화물차화물차,0,0,0,58,0,0
2012-05-02,0,3,1,1,0,0,0,경북,영주시,1,6,0,0,0,1,1,128.5358,36.8479,경북영주시,0,화물차없음,0,0,0,113,0,0
2012-07-18,1,2,1,3,0,2,0,대구,달성군,1,1,0,0,0,3,3,128.4407,35.6479,대구달성군,0,건설기계화물차,0,0,0,30,0,0
2012-08-20,1,0,1,1,0,0,0,경기,안양시,1,1,0,2,0,0,2,126.8845,37.4263,경기안양시,0,승용차승용차,0,0,0,151,0,0
2012-12-28,0,4,1,3,2,0,0,경남,양산시,1,10,0,0,0,0,1,129.0497,35.3727,경남양산시,1,승용차없음,0,0,0,49,0,0
2012-12-24,1,0,1,1,0,0,0,경남,김해시,1,1,0,0,0,1,1,128.9364,35.3301,경남김해시,0,화물차없음,0,0,0,13,0,0
2012-08-29,1,2,1,1,0,0,0,부산,강서구,1,1,0,0,0,0,6,128.9377,35.1585,부산강서구,0,승용차승합차,0,0,0,206,0,0
2012-09-20,0,3,1,1,0,0,0,부산,강서구,1,5,0,0,0,0,3,128.9151,35.1622,부산강서구,0,승용차화물차,0,0,0,206,0,0
2012-08-20,0,0,1,1,0,0,0,울산,울주군,1,6,0,0,0,0,1,129.2704,35.4218,울산울주군,0,승용차없음,0,0,0,17,0,0
2012-08-02,1,3,1,2,1,0,0,충북,청원군,1,6,0,0,0,0,1,127.5611,36.5121,충북청주시,0,승용차없음,0,0,0,83,0,0
2012-01-03,1,1,1,3,2,0,0,충북,음성군,1,7,6,1,1,0,3,127.6015,36.9903,충북음성군,1,승용차화물차,0,0,0,110,0,0
2012-01-04,0,2,1,4,3,0,0,경기,성남시,1,5,0,0,0,1,6,127.1293,37.428,경기성남시,1,화물차승합차,0,0,0,95,0,0
2012-01-12,0,3,1,1,0,0,0,경기,포천시,1,6,0,1,2,0,1,127.3672,38.0378,경기포천시,0,승용차없음,0,0,0,171,0,0
2012-01-12,1,3,1,1,0,0,0,경북,상주시,1,7,3,0,0,1,7,128.1962,36.4182,경북상주시,0,화물차원동기장치자전거,0,0,0,58,0,0
2012-01-12,1,3,1,1,0,0,0,대구,북구,1,7,8,1,1,0,7,128.6215,35.9081,대구북구,0,승용차원동기장치자전거,0,0,0,112,0,0
2012-01-11,1,2,1,1,0,0,0,충남,아산시,1,7,8,1,1,3,2,126.9559,36.7119,충남아산시,0,건설기계승용차,0,0,0,53,0,0
2012-02-28,0,1,1,2,1,0,0,경북,상주시,1,5,0,0,0,1,3,127.934,36.4426,경북상주시,0,화물차화물차,0,0,0,58,0,0
2012-02-02,1,3,1,5,2,2,0,경기,용인시,1,1,0,0,0,0,2,127.0797,37.2786,경기용인시,1,승용차승용차,0,0,0,51,0,0
2012-03-12,1,0,1,1,0,0,0,경북,경주시,1,7,0,0,0,1,3,129.1944,35.7572,경북경주시,0,화물차화물차,0,0,0,100,0,0
2012-05-12,1,5,1,1,0,0,0,부산,기장군,1,5,0,0,0,1,2,129.2063,35.2342,부산기장군,0,화물차승용차,0,1,0,85,0,0
2012-11-05,0,0,1,1,0,0,0,대전,대덕구,1,5,0,0,0,0,2,127.4618,36.3528,대전대덕구,0,승용차승용차,0,0,0,77,0,0
2012-08-28,0,1,1,2,0,1,0,서울,서초구,1,5,0,0,0,0,3,127.0513,37.4518,서울서초구,0,승용차화물차,0,0,0,214,0,0
2012-04-13,0,4,2,3,1,0,0,경기,안성시,1,11,0,0,0,0,1,127.1677,37.0248,경기안성시,1,승용차없음,0,0,0,23,0,0
2012-05-01,1,1,1,1,0,0,0,충북,청원군,1,5,0,0,0,1,2,127.4276,36.574,충북청주시,0,화물차승용차,0,1,0,83,0,0
2012-04-17,0,1,1,2,0,1,0,경기,평택시,1,5,0,0,0,1,3,127.0537,37.0248,경기평택시,0,화물차화물차,0,0,0,14,0,0
2012-03-24,1,5,1,1,0,0,0,경기,오산시,1,6,2,0,0,0,1,127.0398,37.1781,경기오산시,0,승용차없음,0,1,0,143,0,0
2012-05-19,0,5,1,2,1,0,0,경기,화성시,1,1,0,0,0,0,3,126.9737,37.1824,경기화성시,0,승용차화물차,0,1,0,50,0,0
2012-06-22,1,4,1,2,1,0,0,대구,수성구,1,5,0,0,0,1,3,128.6932,35.8353,대구수성구,0,화물차화물차,0,0,0,37,0,0
2012-07-10,0,1,1,1,0,0,0,경기,용인시,1,5,0,0,0,0,3,127.1226,37.0931,경기용인시,0,승용차화물차,0,0,0,51,0,0
2012-07-01,0,6,1,9,4,4,0,충남,천안시,1,1,0,0,0,2,2,127.189,36.8791,충남천안시,2,승합차승용차,0,1,0,63,0,0
2012-12-22,0,5,1,4,3,0,0,충북,청주시,1,1,0,0,0,2,2,127.3914,36.6161,충북청주시,1,승합차승용차,0,1,0,83,0,0
2012-03-06,1,1,3,7,2,2,0,경기,이천시,1,7,0,0,0,1,2,127.4301,37.2351,경기이천시,2,화물차승용차,0,0,0,41,0,0
2012-02-11,1,5,1,1,0,0,0,경기,구리시,1,10,0,0,0,1,1,127.1348,37.6414,경기구리시,0,화물차없음,0,1,0,165,0,0
2012-01-05,0,3,1,1,0,0,0,제주,서귀포시,1,1,0,0,0,6,3,126.6688,33.275,제주서귀포시,0,원동기장치자전거화물차,0,0,0,62,0,0
2012-01-07,0,6,1,1,0,0,0,서울,강남구,1,7,6,1,1,7,2,127.0509,37.5005,서울강남구,0,자전거승용차,0,1,0,89,0,0
2012-01-08,1,6,1,1,0,0,0,전남,장흥군,1,11,0,0,0,6,1,126.967,34.5566,전남장흥군,0,원동기장치자전거없음,0,1,0,56,0,0
2012-01-06,1,4,1,3,0,2,0,전남,신안군,1,6,0,0,0,1,1,126.044,34.885,전남신안군,0,화물차없음,0,0,0,132,0,0
2012-01-13,1,4,1,4,2,1,0,강원,평창군,1,7,0,1,1,0,3,128.6959,37.6864,강원평창군,1,승용차화물차,0,0,0,24,0,0
2012-01-10,1,1,1,1,0,0,0,충북,청원군,1,7,6,1,1,1,3,127.458,36.7376,충북청주시,0,화물차화물차,0,0,0,83,0,0
2012-03-03,1,5,1,1,0,0,0,전북,완주군,1,6,0,0,0,1,1,127.2185,35.7599,전북완주군,0,화물차없음,0,1,0,28,0,0
2012-04-16,1,0,1,4,1,2,0,울산,울주군,1,5,0,0,0,1,2,129.2244,35.5725,울산울주군,1,화물차승용차,0,0,0,17,0,0
2012-03-26,0,0,1,1,0,0,0,경북,구미시,1,1,4,0,0,8,12,128.2603,36.2042,경북구미시,0,기타기타,0,0,0,144,0,0
2012-01-03,1,1,1,1,0,0,0,인천,계양구,1,7,0,1,1,1,5,126.7317,37.5381,인천계양구,0,화물차자전거,0,0,0,7,0,0
2012-01-03,0,1,1,1,0,0,0,충남,태안군,1,6,0,0,0,0,1,126.3161,36.6097,충남태안군,0,승용차없음,0,0,0,169,0,0
2012-01-05,1,3,1,1,0,0,0,경기,수원시,1,1,0,0,0,2,1,127.0165,37.279,경기수원시,0,승합차없음,0,0,0,99,0,0
2012-01-09,0,0,1,3,2,0,0,충북,청주시,1,1,0,0,0,2,2,127.4527,36.6048,충북청주시,1,승합차승용차,0,0,0,83,0,0
2012-01-07,1,5,2,3,1,0,0,경기,가평군,1,11,0,2,4,0,1,127.3531,37.7467,경기가평군,1,승용차없음,0,1,0,176,0,0
2012-01-06,0,4,1,1,0,0,0,경기,가평군,1,11,0,0,0,0,1,127.4575,37.7156,경기가평군,0,승용차없음,0,0,0,176,0,0
2012-02-11,0,4,1,3,2,0,0,충남,보령시,1,10,0,0,0,0,1,126.565,36.2629,충남보령시,1,승용차없음,0,1,0,136,0,0
2012-02-07,0,1,1,2,0,1,0,경북,구미시,1,5,3,0,0,1,3,128.3616,36.0954,경북구미시,0,화물차화물차,0,0,0,144,0,0
2012-02-03,1,4,1,1,0,0,0,인천,부평구,1,1,0,0,0,1,2,126.7535,37.4754,인천부평구,0,화물차승용차,0,0,0,44,0,0
2012-06-22,1,4,3,8,4,1,0,전북,남원시,1,11,0,0,0,2,1,127.5668,35.4822,전북남원시,2,승합차없음,0,0,0,193,0,0
2012-06-08,0,4,1,2,1,0,0,서울,송파구,1,5,0,0,0,0,3,127.1398,37.495,서울송파구,0,승용차화물차,0,0,0,156,0,0
2012-05-22,0,1,1,4,2,1,0,경북,문경시,1,5,0,0,0,1,3,128.1475,36.6272,경북문경시,1,화물차화물차,0,0,0,74,0,0
2012-05-05,1,5,1,2,0,1,0,울산,울주군,1,5,0,0,0,1,3,129.1895,35.7172,울산울주군,0,화물차화물차,0,1,0,17,0,0
2012-05-23,0,2,1,1,0,0,0,경북,군위군,1,1,0,0,0,1,2,128.5562,36.2289,경북군위군,0,화물차승용차,0,0,0,170,0,0
2012-07-05,1,3,1,1,0,0,0,경남,진주시,1,5,0,0,0,1,6,128.2023,35.1816,경남진주시,0,화물차승합차,0,0,0,42,0,0
2012-07-08,0,6,1,5,2,2,0,경남,진주시,1,5,0,0,0,1,3,128.1708,35.173,경남진주시,1,화물차화물차,0,1,0,42,0,0
2012-06-26,1,1,1,1,0,0,0,경기,성남시,1,10,0,0,0,1,1,127.0889,37.4039,경기성남시,0,화물차없음,0,0,0,95,0,0
2012-07-26,0,3,4,14,1,8,1,경기,성남시,1,5,0,0,0,2,2,127.0649,37.3959,경기성남시,2,승합차승용차,0,0,0,95,0,0
2012-11-15,0,3,1,5,1,3,0,전남,영광군,1,5,0,0,0,0,2,126.5499,35.2866,전남영광군,1,승용차승용차,0,0,0,127,0,0
2012-11-18,1,6,1,4,1,2,0,전남,무안군,1,6,0,0,0,0,1,126.4941,34.9871,전남무안군,1,승용차없음,0,1,0,101,0,0
2012-12-11,0,1,1,1,0,0,0,충남,천안시,1,7,0,0,0,1,3,127.1656,36.8124,충남천안시,0,화물차화물차,0,0,0,63,0,0
2012-08-17,0,4,1,2,0,1,0,경북,문경시,1,7,0,0,0,0,3,128.1381,36.6575,경북문경시,0,승용차화물차,0,0,0,74,0,0
2012-08-26,1,6,3,4,1,0,0,강원,평창군,1,6,0,0,0,0,1,128.4099,37.5851,강원평창군,1,승용차없음,0,1,0,24,0,0
2012-09-04,0,1,1,3,1,1,0,강원,횡성군,1,6,0,0,0,0,1,127.9776,37.5499,강원횡성군,0,승용차없음,0,0,0,31,0,0
2012-08-28,1,1,1,1,0,0,0,경북,경주시,1,5,0,0,0,1,3,129.1942,35.7238,경북경주시,0,화물차화물차,0,0,0,100,0,0
2012-08-24,0,4,1,2,1,0,0,울산,울주군,1,6,0,0,0,0,1,129.2225,35.5733,울산울주군,0,승용차없음,0,0,0,17,0,0
2012-12-28,1,4,1,1,0,0,0,경남,함양군,1,10,0,0,0,1,1,127.6521,35.6903,경남함양군,0,화물차없음,0,0,0,108,0,0
2012-01-03,0,1,1,1,0,0,0,충남,서산시,1,6,0,0,0,0,1,126.3959,36.9693,충남서산시,0,승용차없음,0,0,0,69,0,0
2012-01-13,0,4,1,1,0,0,0,충남,예산군,1,1,0,1,2,6,1,126.8326,36.6833,충남예산군,0,원동기장치자전거없음,0,0,0,187,0,0
2012-01-10,0,1,1,3,2,0,0,부산,연제구,1,7,6,0,0,6,2,129.0676,35.1773,부산연제구,1,원동기장치자전거승용차,0,0,0,221,0,0
2012-05-21,1,0,1,1,0,0,0,경기,의왕시,1,10,0,0,0,5,1,126.9555,37.3285,경기의왕시,0,특수차없음,0,0,0,199,0,0
2012-05-02,0,2,1,3,2,0,0,경기,여주시,1,10,0,0,0,0,1,127.547,37.2487,경기여주시,1,승용차없음,0,0,0,22,0,0
2012-06-08,1,4,1,1,0,0,0,경북,안동시,1,6,0,0,0,1,1,128.6176,36.4421,경북안동시,0,화물차없음,0,0,0,66,0,0
2012-05-27,1,6,1,7,2,4,0,경북,구미시,1,10,0,0,0,2,1,128.337,36.1318,경북구미시,1,승합차없음,0,1,0,144,0,0
2012-05-28,0,0,1,1,0,0,0,경북,김천시,1,7,0,0,0,0,3,128.2844,36.1503,경북김천시,0,승용차화물차,0,1,0,76,0,0
2012-07-16,0,0,1,1,0,0,0,경북,안동시,1,6,0,0,0,1,1,128.6414,36.5465,경북안동시,0,화물차없음,0,0,0,66,0,0
2012-06-30,1,5,1,2,0,1,0,경기,시흥시,1,7,0,0,0,0,2,126.7671,37.3758,경기시흥시,0,승용차승용차,0,1,0,73,0,0
2012-12-11,0,1,1,7,0,0,6,경기,하남시,1,5,0,0,0,2,3,127.1949,37.5312,경기하남시,1,승합차화물차,0,0,0,67,0,0
2012-01-10,0,1,1,5,4,0,0,전북,남원시,1,11,0,0,0,0,1,127.3721,35.4496,전북남원시,1,승용차없음,0,0,0,193,0,0
2012-01-07,1,5,1,3,2,0,0,서울,동작구,1,5,0,0,3,0,2,126.9062,37.4889,서울동작구,1,승용차승용차,0,1,0,93,0,0
2012-01-11,1,2,1,2,1,0,0,경북,영덕군,1,7,6,1,1,6,9,129.3742,36.2865,경북영덕군,0,원동기장치자전거건설기계,0,0,0,54,0,0
2012-03-18,0,6,1,1,0,0,0,충북,충주시,1,5,0,0,0,0,3,127.8428,37.0182,충북충주시,0,승용차화물차,0,1,0,6,0,0
2012-02-15,0,2,1,12,10,1,0,충북,음성군,1,5,0,0,0,2,3,127.6525,37.1407,충북음성군,2,승합차화물차,0,0,0,110,0,0
2012-01-20,0,4,1,2,0,1,0,충북,음성군,1,5,0,0,0,1,3,127.6524,37.141,충북음성군,0,화물차화물차,0,0,0,110,0,0
2012-03-20,0,1,1,3,0,2,0,대구,동구,1,5,0,0,0,0,3,128.656,35.9146,대구동구,0,승용차화물차,0,0,0,26,0,0
2012-02-19,0,6,1,1,0,0,0,경남,진주시,1,5,0,0,0,1,3,128.1606,35.1723,경남진주시,0,화물차화물차,0,1,0,42,0,0
2012-02-08,1,2,1,2,1,0,0,경기,용인시,1,5,0,0,0,1,12,127.1576,37.2879,경기용인시,0,화물차기타,0,0,0,51,0,0
2012-04-14,1,5,1,2,0,1,0,경기,양주시,1,1,0,0,0,0,1,127.0113,37.7208,경기양주시,0,승용차없음,0,1,0,59,0,0
2012-09-02,0,6,1,2,1,0,0,경기,화성시,1,10,0,0,0,0,1,126.8898,37.0629,경기화성시,0,승용차없음,0,1,0,50,0,0
2012-01-01,0,6,2,12,9,1,0,경기,포천시,1,9,5,0,0,0,2,127.1483,37.8269,경기포천시,2,승용차승용차,0,1,0,171,0,0
2012-01-03,1,1,1,1,0,0,0,경북,경주시,1,10,0,1,2,7,1,129.2291,35.9929,경북경주시,0,자전거없음,0,0,0,100,0,0
2012-01-08,0,6,1,1,0,0,0,전북,장수군,1,9,5,2,4,4,3,127.4982,35.5708,전북장수군,0,이륜차화물차,0,1,0,155,0,0
2012-01-05,1,3,1,1,0,0,0,인천,강화군,1,6,0,0,0,0,1,126.5159,37.7317,인천강화군,0,승용차없음,0,0,0,92,0,0