발생년월일,주야,요일,사망자수,사상자수,중상자수,경상자수,부상신고자수,발생지시도,발생지시군구,사고유형_대분류,사고유형_중분류,법규위반,도로형태_대분류,도로형태,당사자종별_1당_대분류,당사자종별_2당_대분류,경도,위도,발생지,사고피해정도,사고차량타입,도시여부,주말/공휴일,인구수,발생지번호,보행자의위치,무단횡단여부
2012-01-05,0,3,1,1,0,0,0,경기,안산시,1,6,0,1,2,0,1,126.7795,37.3328,경기안산시,0,승용차없음,0,0,0,2,0,0
2012-01-12,0,3,1,1,0,0,0,전남,무안군,1,6,0,0,0,0,1,126.3503,35.0664,전남무안군,0,승용차없음,0,0,0,101,0,0
2012-03-13,0,1,1,2,1,0,0,전남,담양군,1,1,0,2,4,1,2,126.9708,35.261,전남담양군,0,화물차승용차,0,0,0,181,0,0
2012-02-25,0,5,1,2,1,0,0,경남,거창군,1,9,5,0,0,1,3,127.9824,35.7116,경남거창군,0,화물차화물차,0,1,0,154,0,0
2012-02-19,0,6,1,1,0,0,0,경남,밀양시,1,5,3,0,0,0,11,128.7967,35.5105,경남밀양시,0,승용차특수차,0,1,0,177,0,0
2012-04-09,0,0,1,2,1,0,0,대구,동구,1,5,3,0,0,5,9,128.6456,35.9168,대구동구,0,특수차건설기계,0,0,0,26,0,0
2012-05-20,0,6,1,2,1,0,0,대구,동구,1,6,0,0,0,1,1,128.6902,35.8882,대구동구,0,화물차없음,0,1,0,26,0,0
2012-12-11,1,1,1,2,0,1,0,경남,합천군,1,9,5,0,0,1,2,128.1866,35.6953,경남합천군,0,화물차승용차,0,0,0,133,0,0
2012-12-15,0,5,1,1,0,0,0,경남,산청군,1,6,0,0,0,3,1,127.9756,35.2675,경남산청군,0,건설기계없음,0,1,0,224,0,0
2012-11-06,0,1,1,3,1,1,0,충북,충주시,1,5,0,0,0,0,3,127.7209,37.0846,충북충주시,0,승용차화물차,0,0,0,6,0,0
2012-10-16,1,1,1,2,0,1,0,충북,괴산군,1,5,0,0,0,1,3,127.9925,36.7339,충북괴산군,0,화물차화물차,0,0,0,179,0,0
2012-10-11,0,3,1,2,0,1,0,경북,김천시,1,5,0,0,0,1,3,128.2658,36.166,경북김천시,0,화물차화물차,0,0,0,76,0,0
2012-08-10,1,4,1,1,0,0,0,경북,영천시,1,7,0,0,0,0,3,128.9458,36.0417,경북영천시,0,승용차화물차,0,0,0,5,0,0
2012-01-01,0,6,1,4,0,3,0,서울,중구,1,7,6,1,1,2,2,126.9923,37.5682,서울중구,1,승합차승용차,0,1,0,8,0,0
2012-01-09,0,0,1,1,0,0,0,인천,부평구,1,6,0,0,0,6,1,126.7319,37.5137,인천부평구,0,원동기장치자전거없음,0,0,0,44,0,0
2012-01-08,1,6,1,2,1,0,0,경북,포항시,1,6,0,0,0,2,1,129.2826,36.0375,경북포항시,0,승합차없음,0,1,0,160,0,0
2012-01-09,0,0,1,1,0,0,0,경기,파주시,1,6,0,0,0,0,1,126.7827,37.8222,경기파주시,0,승용차없음,0,0,0,175,0,0
2012-01-06,1,4,1,1,0,0,0,경기,안양시,1,7,0,0,0,7,6,126.9526,37.3829,경기안양시,0,자전거승합차,0,0,0,151,0,0
2012-01-13,1,4,1,3,0,1,1,부산,연제구,1,7,6,1,1,0,2,129.0793,35.18,부산연제구,0,승용차승용차,0,0,0,221,0,0
2012-12-28,1,4,1,1,0,0,0,경북,김천시,1,10,0,0,0,5,1,128.1207,36.1297,경북김천시,0,특수차없음,0,0,0,76,0,0
2012-11-26,1,0,1,1,0,0,0,경남,양산시,1,5,0,0,0,0,3,129.0488,35.3257,경남양산시,0,승용차화물차,0,0,0,49,0,0
2012-09-11,0,1,1,3,1,1,0,경기,안성시,1,5,0,0,0,1,3,127.135,37.0682,경기안성시,0,화물차화물차,0,0,0,23,0,0
2012-12-26,0,2,1,3,1,1,0,경남,함양군,1,10,0,0,0,0,1,127.6643,35.6771,경남함양군,0,승용차없음,0,0,0,108,0,0
2012-01-02,1,0,1,2,1,0,0,경기,파주시,1,9,5,0,0,0,3,126.7581,37.7905,경기파주시,0,승용차화물차,0,0,0,175,0,0
2012-01-09,0,0,1,1,0,0,0,울산,울주군,1,1,10,0,0,3,3,129.3514,35.4345,울산울주군,0,건설기계화물차,0,0,0,17,0,0
2012-05-26,0,5,1,1,0,0,0,충남,당진시,1,6,0,0,0,2,1,126.6482,36.8623,충남당진시,0,승합차없음,0,1,0,46,0,0
2012-04-30,1,0,1,11,0,10,0,경기,이천시,1,1,0,0,0,1,2,127.4247,37.2437,경기이천시,2,화물차승용차,0,0,0,41,0,0
2012-03-02,0,4,1,1,0,0,0,경남,함안군,1,5,0,0,0,1,11,128.3373,35.291,경남함안군,0,화물차특수차,0,0,0,117,0,0
2012-01-26,0,3,1,2,1,0,0,전북,남원시,1,9,5,0,0,0,11,127.6169,35.5219,전북남원시,0,승용차특수차,0,0,0,193,0,0
2012-02-06,1,0,1,2,0,1,0,경기,용인시,1,5,0,0,0,1,3,127.2859,37.2395,경기용인시,0,화물차화물차,0,0,0,51,0,0
2012-01-02,0,0,1,2,0,1,0,경기,하남시,1,5,0,0,0,0,2,127.1777,37.5166,경기하남시,0,승용차승용차,0,0,0,67,0,0
2012-01-26,1,3,1,1,0,0,0,인천,중구,1,6,0,0,0,0,1,126.4871,37.4827,인천중구,0,승용차없음,0,0,0,72,0,0
2012-01-18,1,2,1,1,0,0,0,인천,연수구,1,5,0,0,0,1,3,126.593,37.4049,인천연수구,0,화물차화물차,0,0,0,35,0,0
2012-03-22,0,3,1,1,0,0,0,인천,계양구,1,5,0,0,0,0,2,126.7065,37.5237,인천계양구,0,승용차승용차,0,0,0,7,0,0
2012-06-02,1,5,1,1,0,0,0,전남,영광군,1,11,0,0,0,1,1,126.4832,35.1754,전남영광군,0,화물차없음,0,1,0,127,0,0
2012-06-05,0,1,1,3,0,2,0,전남,장성군,1,5,0,2,4,5,3,126.8079,35.252,전남장성군,0,특수차화물차,0,0,0,146,0,0
2012-07-07,0,5,2,12,3,6,1,전남,장성군,1,5,0,0,0,2,2,126.7951,35.2664,전남장성군,2,승합차승용차,0,1,0,146,0,0
2012-07-19,1,3,1,1,0,0,0,강원,춘천시,1,6,0,0,0,1,1,127.7716,37.8006,강원춘천시,0,화물차없음,0,0,0,111,0,0
2012-06-26,1,1,2,2,0,0,0,광주,광산구,1,6,0,2,4,0,1,126.8552,35.1927,광주광산구,0,승용차없음,0,0,0,135,0,0
2012-08-05,0,6,1,2,1,0,0,전북,완주군,1,1,10,0,0,8,2,127.272,35.8018,전북완주군,0,기타승용차,0,1,0,28,0,0
2012-12-05,1,2,1,1,0,0,0,경기,양주시,1,6,0,0,0,0,1,126.9955,37.7234,경기양주시,0,승용차없음,0,0,0,59,0,0
2012-12-20,1,3,1,1,0,0,0,인천,남동구,1,6,0,0,0,1,1,126.751,37.4325,인천남동구,0,화물차없음,0,0,0,29,0,0
2012-10-17,0,2,3,35,26,6,0,대구,동구,1,7,0,0,0,2,2,128.7265,35.8756,대구동구,2,승합차승용차,0,0,0,26,0,0
2012-11-17,1,5,1,9,2,6,0,경기,화성시,1,7,3,0,0,0,6,127.0958,37.1828,경기화성시,2,승용차승합차,0,1,0,50,0,0
2012-12-24,0,0,1,6,5,0,0,전북,남원시,1,10,0,0,0,1,1,127.2748,35.3882,전북남원시,1,화물차없음,0,0,0,193,0,0
2012-05-11,0,4,1,3,2,0,0,경북,울진군,1,5,0,0,0,1,3,129.3997,36.9703,경북울진군,1,화물차화물차,0,0,0,208,0,0
2012-05-12,1,5,1,1,0,0,0,인천,부평구,1,1,0,0,0,4,1,126.6959,37.5093,인천부평구,0,이륜차없음,0,1,0,44,0,0
2012-05-11,1,4,1,2,0,1,0,전남,영암군,1,7,6,1,1,0,3,126.466,34.7666,전남영암군,0,승용차화물차,0,0,0,16,0,0
2012-05-16,0,2,1,2,0,1,0,경기,광주시,1,5,3,0,0,1,3,127.1904,37.4197,경기광주시,0,화물차화물차,0,0,0,9,0,0
2012-05-16,1,2,1,1,0,0,0,광주,남구,1,6,0,0,0,0,1,126.8371,35.0775,광주남구,0,승용차없음,0,0,0,190,0,0
2012-05-14,1,0,1,1,0,0,0,충남,보령시,1,1,4,0,0,1,1,126.3454,36.3978,충남보령시,0,화물차없음,0,0,0,136,0,0
2012-05-21,0,0,1,1,0,0,0,경기,군포시,1,7,0,1,2,0,2,126.9303,37.3586,경기군포시,0,승용차승용차,0,0,0,126,0,0
2012-05-20,1,6,1,1,0,0,0,서울,강북구,1,6,0,0,0,4,1,127.0367,37.6125,서울강북구,0,이륜차없음,0,1,0,200,0,0
2012-05-20,0,6,1,2,0,1,0,전남,장성군,1,6,0,0,0,0,1,126.8012,35.3261,전남장성군,0,승용차없음,0,1,0,146,0,0
2012-05-21,0,0,1,1,0,0,0,경기,김포시,1,5,0,0,0,0,8,126.6002,37.7272,경기김포시,0,승용차농기계,0,0,0,47,0,0
2012-05-21,1,0,1,1,0,0,0,전북,남원시,1,7,10,0,0,4,3,127.4077,35.4303,전북남원시,0,이륜차화물차,0,0,0,193,0,0
2012-05-27,0,6,1,4,1,2,0,대구,북구,1,5,0,0,0,0,11,128.5335,35.8944,대구북구,1,승용차특수차,0,1,0,112,0,0
2012-05-25,1,4,1,5,2,2,0,경기,오산시,1,7,6,1,1,0,6,127.0467,37.1896,경기오산시,1,승용차승합차,0,0,0,143,0,0
2012-05-26,0,5,1,1,0,0,0,충남,부여군,1,10,0,0,0,0,1,126.9668,36.2687,충남부여군,0,승용차없음,0,1,0,129,0,0
2012-06-01,1,4,1,1,0,0,0,경북,영덕군,1,6,0,0,0,0,1,129.219,36.461,경북영덕군,0,승용차없음,0,0,0,54,0,0
2012-06-03,0,6,1,3,0,2,0,전북,김제시,1,6,0,0,0,0,1,127.0043,35.8754,전북김제시,0,승용차없음,0,1,0,34,0,0
2012-06-04,1,0,1,1,0,0,0,전북,완주군,1,5,0,0,0,0,7,127.1656,35.9255,전북완주군,0,승용차원동기장치자전거,0,0,0,28,0,0
2012-06-09,1,5,1,18,7,10,0,충남,보령시,1,9,5,0,0,1,6,126.602,36.2899,충남보령시,2,화물차승합차,0,1,0,136,0,0
2012-06-09,1,5,1,2,1,0,0,충남,서산시,1,7,6,1,1,0,7,126.5258,36.6694,충남서산시,0,승용차원동기장치자전거,0,1,0,69,0,0
2012-06-08,1,4,1,1,0,0,0,전남,장성군,1,7,7,1,1,1,2,126.8357,35.2643,전남장성군,0,화물차승용차,0,0,0,146,0,0
2012-06-08,1,4,1,1,0,0,0,경북,포항시,1,7,0,0,0,6,2,129.5506,35.9737,경북포항시,0,원동기장치자전거승용차,0,0,0,160,0,0
2012-06-07,0,3,1,1,0,0,0,강원,홍천군,1,6,0,0,0,0,1,127.9131,37.7063,강원홍천군,0,승용차없음,0,0,0,82,0,0
2012-06-08,0,4,1,2,1,0,0,경북,포항시,1,7,0,2,0,0,6,129.3095,36.0001,경북포항시,0,승용차승합차,0,0,0,160,0,0
2012-06-07,1,3,1,1,0,0,0,경기,광명시,1,5,3,0,0,6,3,126.874,37.4776,경기광명시,0,원동기장치자전거화물차,0,0,0,81,0,0
2012-04-27,0,4,1,2,1,0,0,대구,달성군,1,1,2,0,0,0,8,128.4232,35.6634,대구달성군,0,승용차농기계,0,0,0,30,0,0
2012-04-25,1,2,1,2,1,0,0,인천,동구,1,9,6,1,1,0,9,126.6512,37.4832,인천동구,0,승용차건설기계,0,0,0,207,0,0
2012-04-30,0,0,1,1,0,0,0,경기,포천시,1,6,0,0,0,0,1,127.3605,38.0235,경기포천시,0,승용차없음,0,0,0,171,0,0
2012-04-27,0,4,1,2,1,0,0,경기,시흥시,1,7,6,1,1,0,4,126.6992,37.3422,경기시흥시,0,승용차이륜차,0,0,0,73,0,0
2012-05-04,1,4,1,4,0,2,1,경기,평택시,1,7,6,1,1,2,2,127.0995,37.0445,경기평택시,0,승합차승용차,0,0,0,14,0,0
2012-05-04,0,4,1,4,0,3,0,충북,음성군,1,9,5,0,0,1,3,127.5365,36.9482,충북음성군,1,화물차화물차,0,0,0,110,0,0
2012-05-02,1,2,1,3,0,1,1,충북,충주시,1,9,5,0,0,0,3,127.9736,37.1136,충북충주시,0,승용차화물차,0,0,0,6,0,0
2012-05-02,0,2,1,1,0,0,0,전북,정읍시,1,6,0,0,0,0,1,126.7349,35.6165,전북정읍시,0,승용차없음,0,0,0,12,0,0
2012-05-06,1,6,1,1,0,0,0,전북,부안군,1,10,0,0,0,4,1,126.7544,35.7118,전북부안군,0,이륜차없음,0,1,0,185,0,0
2012-05-13,0,6,1,1,0,0,0,경기,양평군,1,1,0,0,0,0,4,127.7921,37.535,경기양평군,0,승용차이륜차,0,1,0,48,0,0
2012-05-10,1,3,1,1,0,0,0,경북,문경시,1,6,0,0,0,0,1,128.1133,36.7212,경북문경시,0,승용차없음,0,0,0,74,0,0
2012-05-16,0,2,1,1,0,0,0,대구,수성구,1,1,0,0,0,6,1,128.7208,35.8359,대구수성구,0,원동기장치자전거없음,0,0,0,37,0,0
2012-05-23,1,2,1,1,0,0,0,충북,청주시,1,1,0,1,1,0,5,127.4955,36.6219,충북청주시,0,승용차자전거,0,0,0,83,0,0
2012-05-26,0,5,2,2,0,0,0,대구,북구,1,10,0,1,2,4,1,128.6021,35.8882,대구북구,0,이륜차없음,0,1,0,112,0,0
2012-05-26,0,5,1,1,0,0,0,인천,남동구,1,7,0,1,1,0,7,126.7387,37.4415,인천남동구,0,승용차원동기장치자전거,0,1,0,29,0,0
2012-05-30,1,2,1,2,0,1,0,울산,북구,1,5,0,1,2,1,2,129.3509,35.6256,울산북구,0,화물차승용차,0,0,0,158,0,0
2012-05-31,1,3,1,3,1,1,0,경기,성남시,1,5,0,0,0,0,2,127.1548,37.4473,경기성남시,0,승용차승용차,0,0,0,95,0,0
2012-05-31,0,3,1,1,0,0,0,충남,공주시,1,5,0,1,2,0,3,127.1233,36.5126,충남공주시,0,승용차화물차,0,0,0,19,0,0
2012-06-06,1,2,1,1,0,0,0,서울,양천구,1,7,5,1,2,7,2,126.8771,37.5242,서울양천구,0,자전거승용차,0,1,0,140,0,0
2012-06-05,0,1,1,1,0,0,0,대구,수성구,1,7,0,1,1,3,4,128.6451,35.8766,대구수성구,0,건설기계이륜차,0,0,0,37,0,0
2012-06-10,0,6,1,2,0,1,0,광주,광산구,1,7,6,1,1,6,2,126.8287,35.1861,광주광산구,0,원동기장치자전거승용차,0,1,0,135,0,0
2012-06-09,1,5,1,1,0,0,0,강원,양양군,1,10,0,0,0,6,1,128.583,38.1276,강원양양군,0,원동기장치자전거없음,0,1,0,164,0,0
2012-06-09,0,5,1,1,0,0,0,울산,남구,1,6,0,1,2,0,1,129.2881,35.5464,울산남구,0,승용차없음,0,1,0,213,0,0
2012-06-12,1,1,1,1,0,0,0,부산,연제구,1,7,0,0,0,3,4,129.0852,35.1776,부산연제구,0,건설기계이륜차,0,0,0,221,0,0
2012-06-13,0,2,1,1,0,0,0,전남,여수시,1,6,0,0,0,0,1,127.7205,34.756,전남여수시,0,승용차없음,0,0,0,102,0,0
2012-04-26,1,3,1,1,0,0,0,대구,동구,1,7,2,1,1,1,5,128.7137,35.8721,대구동구,0,화물차자전거,0,0,0,26,0,0
2012-04-25,1,2,1,2,1,0,0,강원,양구군,1,6,0,0,0,0,1,128.0097,38.0811,강원양구군,0,승용차없음,0,0,0,115,0,0
2012-04-30,0,0,1,1,0,0,0,경기,김포시,1,6,0,0,0,0,1,126.7721,37.6003,경기김포시,0,승용차없음,0,0,0,47,0,0
2012-04-30,1,0,1,3,0,2,0,서울,강동구,1,5,0,0,0,0,2,127.1436,37.5502,서울강동구,0,승용차승용차,0,0,0,91,0,0
2012-04-28,1,5,1,5,1,3,0,전남,화순군,1,9,5,0,0,0,6,126.9583,34.9618,전남화순군,1,승용차승합차,0,1,0,88,0,0
2012-04-29,1,6,2,5,3,0,0,경북,영천시,1,6,0,0,0,1,1,128.7449,36.0906,경북영천시,1,화물차없음,0,1,0,5,0,0
2012-05-05,1,5,1,1,0,0,0,충남,홍성군,1,1,7,1,1,6,3,126.521,36.6211,충남홍성군,0,원동기장치자전거화물차,0,1,0,38,0,0
2012-05-03,1,3,1,1,0,0,0,강원,원주시,1,5,0,0,0,0,5,127.9556,37.3182,강원원주시,0,승용차자전거,0,0,0,36,0,0
2012-05-06,0,6,1,1,0,0,0,전북,익산시,1,10,0,0,0,4,1,127.043,36.0004,전북익산시,0,이륜차없음,0,1,0,125,0,0
2012-05-06,0,6,1,1,0,0,0,경북,경산시,1,5,0,0,0,1,3,128.7267,35.7672,경북경산시,0,화물차화물차,0,1,0,52,0,0
2012-05-06,0,6,1,1,0,0,0,경기,고양시,1,5,0,0,0,4,3,126.8661,37.6395,경기고양시,0,이륜차화물차,0,1,0,40,0,0
2012-05-05,1,5,1,1,0,0,0,전남,완도군,1,10,0,1,2,1,1,126.8775,34.3925,전남완도군,0,화물차없음,0,1,0,141,0,0
2012-05-13,0,6,1,1,0,0,0,부산,강서구,1,10,0,2,4,6,1,128.9151,35.0891,부산강서구,0,원동기장치자전거없음,0,1,0,206,0,0
2012-05-13,1,6,1,2,0,1,0,충북,증평군,1,7,6,1,1,6,2,127.6131,36.8005,충북증평군,0,원동기장치자전거승용차,0,1,0,138,0,0
2012-05-13,1,6,1,1,0,0,0,충남,당진시,1,9,5,0,0,4,3,126.5697,36.8739,충남당진시,0,이륜차화물차,0,1,0,46,0,0
2012-05-15,1,1,1,1,0,0,0,경북,포항시,1,10,0,0,0,0,1,129.3182,36.0549,경북포항시,0,승용차없음,0,0,0,160,0,0
2012-05-19,1,5,4,12,1,7,0,광주,남구,1,1,6,1,2,3,2,126.9075,35.1246,광주남구,2,건설기계승용차,0,1,0,190,0,0
2012-05-25,0,4,1,1,0,0,0,충북,괴산군,1,11,0,0,0,0,1,127.7406,36.8625,충북괴산군,0,승용차없음,0,0,0,179,0,0
2012-05-24,1,3,1,3,0,1,1,전남,화순군,1,1,6,1,2,0,6,126.9903,35.0606,전남화순군,0,승용차승합차,0,0,0,88,0,0
2012-05-28,0,0,1,1,0,0,0,경기,화성시,1,6,0,0,3,1,1,127.0627,37.213,경기화성시,0,화물차없음,0,1,0,50,0,0
2012-05-26,0,5,1,1,0,0,0,충남,서산시,1,7,5,1,2,7,2,126.5094,36.746,충남서산시,0,자전거승용차,0,1,0,69,0,0
2012-05-26,0,5,1,4,2,1,0,부산,동래구,1,9,5,0,0,0,3,129.1036,35.1967,부산동래구,1,승용차화물차,0,1,0,216,0,0
2012-05-26,1,5,1,1,0,0,0,부산,기장군,1,5,0,0,0,0,4,129.2465,35.3292,부산기장군,0,승용차이륜차,0,1,0,85,0,0
2012-05-30,0,2,1,5,4,0,0,충북,보은군,1,6,0,0,0,1,1,127.7531,36.4073,충북보은군,1,화물차없음,0,0,0,32,0,0
2012-05-29,1,1,2,3,0,1,0,인천,중구,1,9,5,0,0,0,2,126.4866,37.4813,인천중구,1,승용차승용차,0,0,0,72,0,0
2012-05-29,0,1,1,1,0,0,0,충남,당진시,1,5,0,0,0,0,8,126.7665,36.7992,충남당진시,0,승용차농기계,0,0,0,46,0,0
2012-06-05,0,1,1,2,0,1,0,전북,남원시,1,7,6,1,1,2,5,127.3783,35.4013,전북남원시,0,승합차자전거,0,0,0,193,0,0
2012-06-03,1,6,1,1,0,0,0,충북,청원군,1,1,6,1,1,4,2,127.4841,36.7591,충북청주시,0,이륜차승용차,0,1,0,83,0,0
2012-06-09,0,5,1,1,0,0,0,경기,여주시,1,10,0,0,0,1,1,127.6672,37.2337,경기여주시,0,화물차없음,0,1,0,22,0,0
2012-06-09,0,5,1,3,1,1,0,경기,이천시,1,5,0,0,0,0,3,127.4632,37.2789,경기이천시,0,승용차화물차,0,1,0,41,0,0
2012-04-26,0,3,1,3,1,1,0,충남,예산군,1,7,6,1,1,0,3,126.8291,36.6987,충남예산군,0,승용차화물차,0,0,0,187,0,0
2012-04-26,0,3,1,2,1,0,0,충남,예산군,1,7,5,0,0,0,3,126.8378,36.6994,충남예산군,0,승용차화물차,0,0,0,187,0,0
2012-11-10,1,5,1,1,0,0,0,경남,합천군,1,7,3,0,0,1,2,128.1283,35.7255,경남합천군,0,화물차승용차,0,1,0,133,0,0
2012-01-03,1,1,1,2,0,1,0,서울,관악구,1,1,3,0,0,0,4,126.9373,37.4645,서울관악구,0,승용차이륜차,0,0,0,188,0,0
2012-01-08,1,6,1,3,2,0,0,경남,창원시(통합),1,6,0,0,0,0,1,128.5478,35.1497,경남창원시(통합),1,승용차없음,0,1,0,86,0,0
2012-05-29,0,1,1,1,0,0,0,경기,파주시,1,1,6,1,1,7,6,126.7517,37.7297,경기파주시,0,자전거승합차,0,0,0,175,0,0
2012-06-06,0,2,1,1,0,0,0,강원,횡성군,1,6,0,0,0,4,1,128.008,37.526,강원횡성군,0,이륜차없음,0,1,0,31,0,0
2012-06-04,1,0,1,2,0,1,0,전남,완도군,1,1,5,0,0,0,7,126.5724,34.1618,전남완도군,0,승용차원동기장치자전거,0,0,0,141,0,0
2012-06-10,1,6,1,4,3,0,0,제주,제주시,1,10,0,0,0,0,1,126.4761,33.3972,제주제주시,1,승용차없음,0,1,0,90,0,0
2012-06-08,1,4,1,1,0,0,0,대구,동구,1,9,0,0,0,1,5,128.6862,35.8795,대구동구,0,화물차자전거,0,0,0,26,0,0
2012-06-08,0,4,1,1,0,0,0,충북,제천시,1,7,0,1,1,2,5,128.2002,37.1089,충북제천시,0,승합차자전거,0,0,0,103,0,0
2012-06-07,0,3,1,1,0,0,0,경북,구미시,1,6,0,0,0,0,1,128.3932,36.1065,경북구미시,0,승용차없음,0,0,0,144,0,0
2012-06-08,1,4,1,1,0,0,0,경북,문경시,1,11,0,0,0,1,1,128.1547,36.6421,경북문경시,0,화물차없음,0,0,0,74,0,0
2012-04-23,0,0,1,1,0,0,0,충남,당진시,1,6,0,0,0,0,1,126.5741,36.99,충남당진시,0,승용차없음,0,0,0,46,0,0
2012-04-30,0,0,1,1,0,0,0,경기,안성시,1,7,7,1,1,0,4,127.4364,37.1196,경기안성시,0,승용차이륜차,0,0,0,23,0,0
2012-05-01,0,1,1,1,0,0,0,경기,안양시,1,9,0,0,0,7,5,126.9354,37.396,경기안양시,0,자전거자전거,0,1,0,151,0,0
2012-05-03,0,3,1,1,0,0,0,경기,시흥시,1,6,0,0,0,4,1,126.7888,37.431,경기시흥시,0,이륜차없음,0,0,0,73,0,0
2012-05-05,1,5,1,1,0,0,0,전남,순천시,1,5,0,0,0,6,9,127.4994,34.9573,전남순천시,0,원동기장치자전거건설기계,0,1,0,27,0,0
2012-05-11,1,4,1,1,0,0,0,경기,의왕시,1,10,0,1,2,6,1,126.9875,37.3892,경기의왕시,0,원동기장치자전거없음,0,0,0,199,0,0
2012-05-10,0,3,1,2,1,0,0,충북,청원군,1,5,0,1,1,0,2,127.5421,36.725,충북청주시,0,승용차승용차,0,0,0,83,0,0
2012-05-21,1,0,1,3,2,0,0,경남,산청군,1,9,5,0,3,0,2,128.0007,35.334,경남산청군,1,승용차승용차,0,0,0,224,0,0
2012-05-18,0,4,1,1,0,0,0,전남,나주시,1,6,0,0,0,0,1,126.8618,34.9129,전남나주시,0,승용차없음,0,0,0,33,0,0
2012-05-28,0,0,1,1,0,0,0,광주,북구,1,6,0,0,0,0,1,126.9378,35.1917,광주북구,0,승용차없음,0,1,0,137,0,0
2012-06-01,0,4,1,1,0,0,0,전남,고흥군,1,7,2,1,1,1,4,127.2596,34.7391,전남고흥군,0,화물차이륜차,0,0,0,191,0,0
2012-06-05,0,1,1,5,1,1,2,부산,사하구,1,9,5,0,0,0,2,128.9562,35.1015,부산사하구,1,승용차승용차,0,0,0,25,0,0
2012-06-04,1,0,1,1,0,0,0,경남,창녕군,1,11,0,0,0,6,1,128.5318,35.4337,경남창녕군,0,원동기장치자전거없음,0,0,0,211,0,0
2012-06-11,1,0,1,1,0,0,0,부산,영도구,1,1,3,0,3,4,2,129.0616,35.0971,부산영도구,0,이륜차승용차,0,0,0,173,0,0
2012-06-08,1,4,1,3,2,0,0,경남,밀양시,1,5,0,1,2,0,8,128.7051,35.5311,경남밀양시,1,승용차농기계,0,0,0,177,0,0
2012-04-26,1,3,1,1,0,0,0,충북,충주시,1,5,0,0,0,2,5,127.947,36.966,충북충주시,0,승합차자전거,0,0,0,6,0,0
2012-05-01,1,1,1,1,0,0,0,경남,창원시(통합),1,1,0,1,2,2,4,128.5173,35.1524,경남창원시(통합),0,승합차이륜차,0,1,0,86,0,0
2012-04-29,1,6,1,1,0,0,0,경남,하동군,1,7,0,0,0,1,4,127.8817,35.1728,경남하동군,0,화물차이륜차,0,1,0,172,0,0
2012-04-28,0,5,1,6,0,4,1,전남,무안군,1,7,7,1,1,0,6,126.345,35.0719,전남무안군,1,승용차승합차,0,1,0,101,0,0
2012-05-03,0,3,1,1,0,0,0,광주,동구,1,6,0,0,0,0,1,126.9607,35.0931,광주동구,0,승용차없음,0,0,0,162,0,0
2012-05-08,1,1,4,8,3,1,0,강원,홍천군,1,1,5,0,0,0,6,127.9298,37.7273,강원홍천군,2,승용차승합차,0,0,0,82,0,0
2012-06-09,0,5,1,3,1,1,0,경기,남양주시,1,9,6,1,1,4,2,127.1649,37.6099,경기남양주시,0,이륜차승용차,0,1,0,70,0,0
2012-04-27,1,4,1,1,0,0,0,경기,부천시,1,7,3,0,0,0,4,126.7827,37.4812,경기부천시,0,승용차이륜차,0,0,0,65,0,0
2012-04-26,0,3,1,1,0,0,0,제주,서귀포시,1,6,0,1,1,0,1,126.5244,33.2469,제주서귀포시,0,승용차없음,0,0,0,62,0,0
2012-04-27,0,4,1,2,0,1,0,충남,논산시,1,5,0,0,0,6,8,127.0519,36.2109,충남논산시,0,원동기장치자전거농기계,0,0,0,61,0,0
2012-04-24,0,1,1,1,0,0,0,경기,양주시,1,10,0,0,0,6,1,126.9692,37.8383,경기양주시,0,원동기장치자전거없음,0,0,0,59,0,0
2012-04-30,1,0,1,1,0,0,0,전남,광양시,1,1,2,1,1,0,4,127.7199,35.0233,전남광양시,0,승용차이륜차,0,0,0,130,0,0
2012-04-27,1,4,1,5,4,0,0,전남,광양시,1,11,0,0,0,1,1,127.7468,34.991,전남광양시,1,화물차없음,0,0,0,130,0,0
2012-04-28,0,5,1,1,0,0,0,경북,경주시,1,6,0,0,0,0,1,129.271,35.794,경북경주시,0,승용차없음,0,1,0,100,0,0
2012-04-27,0,4,1,1,0,0,0,경북,청도군,1,11,0,1,2,6,1,128.8882,35.7004,경북청도군,0,원동기장치자전거없음,0,0,0,3,0,0
2012-05-04,1,4,1,7,0,3,3,경기,동두천시,1,7,0,0,0,2,3,127.0662,37.9118,경기동두천시,1,승합차화물차,0,0,0,94,0,0
2012-05-02,1,2,1,1,0,0,0,경기,의정부시,1,7,0,0,3,1,5,127.085,37.7435,경기의정부시,0,화물차자전거,0,0,0,64,0,0
2012-05-02,1,2,1,1,0,0,0,경기,이천시,1,1,0,2,4,1,8,127.61,37.1047,경기이천시,0,화물차농기계,0,0,0,41,0,0
2012-05-09,1,2,1,1,0,0,0,경남,합천군,1,11,0,0,0,6,1,128.0015,35.4819,경남합천군,0,원동기장치자전거없음,0,0,0,133,0,0
2012-05-05,1,5,1,1,0,0,0,경북,문경시,1,1,0,1,1,0,4,128.0472,36.6582,경북문경시,0,승용차이륜차,0,1,0,74,0,0
2012-05-05,1,5,1,1,0,0,0,충남,아산시,1,1,0,0,0,9,1,127.0875,36.8013,충남아산시,0,농기계없음,0,1,0,53,0,0