발생년월일,주야,요일,사망자수,사상자수,중상자수,경상자수,부상신고자수,발생지시도,발생지시군구,사고유형_대분류,사고유형_중분류,법규위반,도로형태_대분류,도로형태,당사자종별_1당_대분류,당사자종별_2당_대분류,경도,위도,발생지,사고피해정도,사고차량타입,도시여부,주말/공휴일,인구수,발생지번호,보행자의위치,무단횡단여부
2012-05-05,1,5,1,1,0,0,0,충남,천안시,1,10,0,0,0,4,1,127.2759,36.9074,충남천안시,0,이륜차없음,0,1,0,63,0,0
2012-05-11,0,4,1,1,0,0,0,강원,동해시,1,7,0,1,1,1,5,129.1083,37.4888,강원동해시,0,화물차자전거,0,0,0,210,0,0
2012-05-16,0,2,1,1,0,0,0,경기,용인시,1,6,0,0,0,0,1,127.3883,37.1437,경기용인시,0,승용차없음,0,0,0,51,0,0
2012-05-19,1,5,1,1,0,0,0,경북,안동시,1,1,0,0,0,9,1,128.8756,36.6667,경북안동시,0,농기계없음,0,1,0,66,0,0
2012-05-23,1,2,1,2,0,1,0,충남,천안시,1,9,7,1,1,1,3,127.3254,36.7678,충남천안시,0,화물차화물차,0,0,0,63,0,0
2012-05-23,1,2,1,2,1,0,0,경남,의령군,1,7,5,1,1,3,4,128.2481,35.3212,경남의령군,0,건설기계이륜차,0,0,0,189,0,0
2012-05-27,1,6,1,1,0,0,0,전북,부안군,1,7,0,1,1,6,2,126.7623,35.6738,전북부안군,0,원동기장치자전거승용차,0,1,0,185,0,0
2012-05-27,0,6,1,2,1,0,0,경기,안성시,1,6,0,0,0,0,1,127.2185,37.1126,경기안성시,0,승용차없음,0,1,0,23,0,0
2012-05-26,0,5,1,1,0,0,0,경기,연천군,1,9,5,0,0,0,2,127.1053,38.0376,경기연천군,0,승용차승용차,0,1,0,106,0,0
2012-05-29,0,1,1,1,0,0,0,울산,중구,1,7,0,0,0,2,5,129.342,35.5677,울산중구,0,승합차자전거,0,0,0,205,0,0
2012-06-06,0,2,1,1,0,0,0,서울,구로구,1,7,6,1,1,4,6,126.8852,37.507,서울구로구,0,이륜차승합차,0,1,0,79,0,0
2012-06-15,1,4,1,3,2,0,0,강원,춘천시,1,7,6,1,1,0,2,127.7323,37.8467,강원춘천시,1,승용차승용차,0,0,0,111,0,0
2012-04-24,1,1,1,1,0,0,0,경북,영덕군,1,9,5,0,0,0,4,129.3028,36.4312,경북영덕군,0,승용차이륜차,0,0,0,54,0,0
2012-05-05,0,5,1,2,0,1,0,경기,양주시,1,1,0,0,0,0,4,127.0553,37.8127,경기양주시,0,승용차이륜차,0,1,0,59,0,0
2012-05-04,1,4,1,1,0,0,0,대구,달성군,1,1,0,0,0,4,1,128.4591,35.8626,대구달성군,0,이륜차없음,0,0,0,30,0,0
2012-05-03,0,3,1,4,0,3,0,경기,안양시,1,9,6,1,1,4,2,126.9214,37.3932,경기안양시,1,이륜차승용차,0,0,0,151,0,0
2012-05-07,1,0,1,1,0,0,0,강원,화천군,1,6,0,0,0,0,1,127.7411,38.142,강원화천군,0,승용차없음,0,0,0,218,0,0
2012-05-14,0,0,1,2,1,0,0,부산,강서구,1,5,0,1,2,1,3,128.9194,35.1147,부산강서구,0,화물차화물차,0,0,0,206,0,0
2012-05-22,0,1,1,1,0,0,0,충남,당진시,1,6,0,0,0,1,1,126.6985,36.9651,충남당진시,0,화물차없음,0,0,0,46,0,0
2012-05-22,1,1,1,1,0,0,0,충북,충주시,1,9,0,0,0,5,3,127.8982,36.9317,충북충주시,0,특수차화물차,0,0,0,6,0,0
2012-05-22,1,1,1,2,1,0,0,전북,정읍시,1,11,0,0,0,0,1,126.8381,35.5695,전북정읍시,0,승용차없음,0,0,0,12,0,0
2012-05-22,1,1,1,1,0,0,0,충남,당진시,1,7,7,1,1,9,3,126.7943,36.8335,충남당진시,0,농기계화물차,0,0,0,46,0,0
2012-05-28,1,0,1,2,1,0,0,대구,동구,1,6,0,1,1,1,1,128.7103,35.9586,대구동구,0,화물차없음,0,1,0,26,0,0
2012-06-05,1,1,1,1,0,0,0,충남,서천군,1,10,0,2,4,4,1,126.5987,36.1457,충남서천군,0,이륜차없음,0,0,0,10,0,0
2012-06-05,1,1,1,1,0,0,0,부산,강서구,1,5,0,0,0,1,3,128.9455,35.1341,부산강서구,0,화물차화물차,0,0,0,206,0,0
2012-06-04,1,0,1,2,0,1,0,경기,용인시,1,5,0,0,0,1,3,127.0905,37.2226,경기용인시,0,화물차화물차,0,0,0,51,0,0
2012-06-10,1,6,1,1,0,0,0,충남,서산시,1,6,0,0,0,0,1,126.4416,36.8346,충남서산시,0,승용차없음,0,1,0,69,0,0
2012-06-09,0,5,1,1,0,0,0,전남,보성군,1,10,0,0,0,0,1,127.0749,34.765,전남보성군,0,승용차없음,0,1,0,122,0,0
2012-06-13,0,2,1,1,0,0,0,충남,부여군,1,11,0,2,4,4,1,126.8804,36.1765,충남부여군,0,이륜차없음,0,0,0,129,0,0
2012-06-13,0,2,1,1,0,0,0,경남,거제시,1,7,6,1,1,1,4,128.6088,34.8887,경남거제시,0,화물차이륜차,0,0,0,15,0,0
2012-04-26,0,3,1,1,0,0,0,전남,나주시,1,6,0,2,4,1,1,126.7906,34.9706,전남나주시,0,화물차없음,0,0,0,33,0,0
2012-04-25,1,2,1,1,0,0,0,경남,창원시(통합),1,7,7,1,1,0,6,128.6124,35.2553,경남창원시(통합),0,승용차승합차,0,0,0,86,0,0
2012-04-25,0,2,1,1,0,0,0,경남,거제시,1,1,0,2,4,0,2,128.5489,34.9059,경남거제시,0,승용차승용차,0,0,0,15,0,0
2012-04-24,0,1,1,1,0,0,0,충남,예산군,1,5,0,0,0,0,5,126.8318,36.7233,충남예산군,0,승용차자전거,0,0,0,187,0,0
2012-04-24,1,1,1,1,0,0,0,경남,창녕군,1,9,5,0,0,0,7,128.5098,35.4586,경남창녕군,0,승용차원동기장치자전거,0,0,0,211,0,0
2012-05-01,1,1,1,1,0,0,0,강원,원주시,1,6,0,0,0,0,1,128.1246,37.252,강원원주시,0,승용차없음,0,1,0,36,0,0
2012-05-01,1,1,1,1,0,0,0,경기,파주시,1,6,0,1,2,0,1,126.7603,37.7187,경기파주시,0,승용차없음,0,1,0,175,0,0
2012-05-03,1,3,1,1,0,0,0,전남,장성군,1,1,0,0,0,4,1,126.7568,35.304,전남장성군,0,이륜차없음,0,0,0,146,0,0
2012-05-12,0,5,1,4,2,0,1,경기,시흥시,1,5,0,0,0,0,2,126.7886,37.4161,경기시흥시,1,승용차승용차,0,1,0,73,0,0
2012-05-12,1,5,1,1,0,0,0,제주,제주시,1,1,0,0,0,1,1,126.1819,33.3546,제주제주시,0,화물차없음,0,1,0,90,0,0
2012-05-13,1,6,1,1,0,0,0,전북,진안군,1,6,0,0,0,0,1,127.3527,35.8337,전북진안군,0,승용차없음,0,1,0,192,0,0
2012-05-11,1,4,1,1,0,0,0,경기,고양시,1,7,0,0,0,6,3,126.9009,37.6865,경기고양시,0,원동기장치자전거화물차,0,0,0,40,0,0
2012-05-16,1,2,1,2,1,0,0,경북,칠곡군,1,5,0,0,0,1,4,128.4955,35.9081,경북칠곡군,0,화물차이륜차,0,0,0,21,0,0
2012-05-22,0,1,1,1,0,0,0,경북,상주시,1,11,0,0,0,6,1,128.1411,36.5755,경북상주시,0,원동기장치자전거없음,0,0,0,58,0,0
2012-06-04,0,0,1,1,0,0,0,전남,담양군,1,6,0,0,0,0,1,126.9203,35.2974,전남담양군,0,승용차없음,0,0,0,181,0,0
2012-06-05,0,1,1,1,0,0,0,충북,청원군,1,6,0,0,0,0,1,127.334,36.6148,충북청주시,0,승용차없음,0,0,0,83,0,0
2012-06-09,0,5,1,1,0,0,0,충북,영동군,1,5,0,0,0,0,8,127.9225,36.2266,충북영동군,0,승용차농기계,0,1,0,75,0,0
2012-06-10,1,6,1,1,0,0,0,제주,서귀포시,1,6,0,0,0,4,1,126.5989,33.3133,제주서귀포시,0,이륜차없음,0,1,0,62,0,0
2012-06-15,1,4,1,1,0,0,0,서울,송파구,1,1,0,1,2,2,5,127.1137,37.5199,서울송파구,0,승합차자전거,0,0,0,156,0,0
2012-06-14,1,0,1,1,0,0,0,경기,시흥시,1,1,7,1,1,0,4,126.7894,37.4363,경기시흥시,0,승용차이륜차,0,0,0,73,0,0
2012-04-25,1,2,1,1,0,0,0,울산,중구,1,5,3,1,2,0,6,129.3241,35.5542,울산중구,0,승용차승합차,0,0,0,205,0,0
2012-04-28,1,5,1,1,0,0,0,강원,영월군,1,6,0,0,0,0,1,128.4266,37.2099,강원영월군,0,승용차없음,0,1,0,114,0,0
2012-05-12,1,5,1,4,2,1,0,충북,청원군,1,7,5,0,0,0,2,127.4354,36.7082,충북청주시,1,승용차승용차,0,1,0,83,0,0
2012-05-11,1,4,1,1,0,0,0,충북,청주시,1,7,0,1,2,0,5,127.482,36.6072,충북청주시,0,승용차자전거,0,0,0,83,0,0
2012-05-17,1,3,1,1,0,0,0,강원,양양군,1,10,0,0,0,9,1,128.6012,38.0439,강원양양군,0,농기계없음,0,0,0,164,0,0
2012-05-14,0,0,1,1,0,0,0,충남,보령시,1,6,0,0,0,1,1,126.5861,36.2262,충남보령시,0,화물차없음,0,0,0,136,0,0
2012-05-15,0,1,1,1,0,0,0,경북,칠곡군,1,6,0,0,0,1,1,128.3498,36.0438,경북칠곡군,0,화물차없음,0,0,0,21,0,0
2012-05-20,1,6,1,1,0,0,0,전남,순천시,1,7,6,1,1,4,2,127.5556,34.8984,전남순천시,0,이륜차승용차,0,1,0,27,0,0
2012-05-21,0,0,1,1,0,0,0,전남,순천시,1,11,0,1,2,0,1,127.5001,34.9395,전남순천시,0,승용차없음,0,0,0,27,0,0
2012-05-21,1,0,1,1,0,0,0,경북,영천시,1,9,5,1,2,2,3,128.9759,36.0333,경북영천시,0,승합차화물차,0,0,0,5,0,0
2012-05-24,1,3,1,1,0,0,0,경기,여주시,1,7,5,0,3,0,5,127.6371,37.3146,경기여주시,0,승용차자전거,0,0,0,22,0,0
2012-04-26,1,2,1,1,0,0,0,전북,군산시,1,1,0,0,0,0,4,126.6974,35.9632,전북군산시,0,승용차이륜차,0,0,0,166,0,0
2012-04-23,0,0,1,1,0,0,0,경북,경산시,1,10,0,0,0,1,1,128.7804,35.7566,경북경산시,0,화물차없음,0,0,0,52,0,0
2012-04-30,1,0,1,5,0,4,0,경기,화성시,1,5,0,0,0,1,3,126.8914,37.1665,경기화성시,1,화물차화물차,0,0,0,50,0,0
2012-04-28,1,5,1,1,0,0,0,전북,김제시,1,7,9,1,1,7,6,126.8903,35.8031,전북김제시,0,자전거승합차,0,1,0,34,0,0
2012-04-28,0,5,1,1,0,0,0,서울,은평구,1,6,0,0,0,4,1,126.9224,37.5862,서울은평구,0,이륜차없음,0,1,0,139,0,0
2012-05-02,1,2,1,1,0,0,0,경기,파주시,1,1,0,0,0,6,1,126.9461,37.937,경기파주시,0,원동기장치자전거없음,0,0,0,175,0,0
2012-05-07,1,0,1,1,0,0,0,충남,예산군,1,5,0,0,0,1,5,126.7129,36.7513,충남예산군,0,화물차자전거,0,0,0,187,0,0
2012-05-11,1,4,1,1,0,0,0,경남,김해시,1,7,6,1,1,4,2,128.8872,35.2173,경남김해시,0,이륜차승용차,0,0,0,13,0,0
2012-05-16,1,2,1,2,0,1,0,전남,순천시,1,9,5,0,0,0,11,127.521,34.9097,전남순천시,0,승용차특수차,0,0,0,27,0,0
2012-05-13,1,6,1,1,0,0,0,제주,서귀포시,1,1,0,0,0,6,1,126.371,33.3342,제주서귀포시,0,원동기장치자전거없음,0,1,0,62,0,0
2012-05-20,0,6,1,1,0,0,0,전북,전주시,1,10,0,0,0,1,1,127.0995,35.8759,전북전주시,0,화물차없음,0,1,0,11,0,0
2012-05-18,1,4,1,2,1,0,0,경북,경산시,1,9,0,0,0,0,2,128.774,35.8652,경북경산시,0,승용차승용차,0,0,0,52,0,0
2012-05-19,0,5,1,1,0,0,0,서울,영등포구,1,1,0,1,1,0,2,126.9261,37.527,서울영등포구,0,승용차승용차,0,1,0,150,0,0
2012-05-24,1,3,1,1,0,0,0,경남,거창군,1,6,0,1,1,4,1,127.926,35.7154,경남거창군,0,이륜차없음,0,0,0,154,0,0
2012-05-25,1,4,1,1,0,0,0,전북,고창군,1,5,0,0,0,0,5,126.7319,35.5353,전북고창군,0,승용차자전거,0,0,0,219,0,0
2012-05-25,0,4,1,1,0,0,0,경기,연천군,1,5,0,0,0,0,8,127.0721,38.0878,경기연천군,0,승용차농기계,0,0,0,106,0,0
2012-05-29,0,1,1,1,0,0,0,경북,청도군,1,5,0,0,0,0,5,128.6647,35.6578,경북청도군,0,승용차자전거,0,0,0,3,0,0
2012-05-27,0,6,1,1,0,0,0,경기,포천시,1,6,4,0,0,4,1,127.1743,37.8394,경기포천시,0,이륜차없음,0,1,0,171,0,0
2012-06-01,1,4,1,1,0,0,0,충남,천안시,1,1,0,1,2,6,1,127.1634,36.9488,충남천안시,0,원동기장치자전거없음,0,0,0,63,0,0
2012-05-31,0,3,1,1,0,0,0,대전,중구,1,9,5,0,0,6,3,127.4284,36.3138,대전중구,0,원동기장치자전거화물차,0,0,0,39,0,0
2012-05-30,1,2,1,1,0,0,0,경기,안산시,1,7,3,0,0,7,3,126.8553,37.3337,경기안산시,0,자전거화물차,0,0,0,2,0,0
2012-06-05,0,1,1,3,1,1,0,서울,서대문구,1,9,5,0,0,6,6,126.9436,37.5892,서울서대문구,0,원동기장치자전거승합차,0,0,0,195,0,0
2012-06-04,1,0,1,1,0,0,0,서울,강남구,1,7,3,0,0,4,4,127.0652,37.5046,서울강남구,0,이륜차이륜차,0,0,0,89,0,0
2012-06-03,1,6,2,6,1,3,0,전북,완주군,1,7,7,1,1,0,2,127.1251,35.914,전북완주군,1,승용차승용차,0,1,0,28,0,0
2012-06-09,1,5,1,1,0,0,0,제주,제주시,1,7,5,1,2,4,2,126.8823,33.5183,제주제주시,0,이륜차승용차,0,1,0,90,0,0
2012-06-10,1,6,1,1,0,0,0,전북,고창군,1,11,0,0,0,1,1,126.5488,35.4255,전북고창군,0,화물차없음,0,1,0,219,0,0
2012-06-08,0,4,1,1,0,0,0,서울,성동구,1,1,5,0,0,0,7,127.0577,37.5338,서울성동구,0,승용차원동기장치자전거,0,0,0,84,0,0
2012-04-26,1,3,1,1,0,0,0,강원,강릉시,1,1,0,0,0,1,4,128.8205,37.8556,강원강릉시,0,화물차이륜차,0,0,0,194,0,0
2012-04-30,0,0,1,1,0,0,0,전남,해남군,1,5,0,0,0,0,8,126.5735,34.5501,전남해남군,0,승용차농기계,0,0,0,119,0,0
2012-04-29,0,6,2,4,2,0,0,경기,이천시,1,6,0,1,2,0,1,127.47,37.3203,경기이천시,1,승용차없음,0,1,0,41,0,0
2012-04-29,1,6,2,8,2,4,0,경북,영덕군,1,9,5,0,0,0,2,129.3331,36.4383,경북영덕군,2,승용차승용차,0,1,0,54,0,0
2012-05-04,1,4,1,1,0,0,0,전남,나주시,1,7,6,0,3,6,3,126.7133,35.0009,전남나주시,0,원동기장치자전거화물차,0,0,0,33,0,0
2012-05-02,0,2,1,2,1,0,0,경기,안양시,1,7,0,1,2,2,2,126.9573,37.3701,경기안양시,0,승합차승용차,0,0,0,151,0,0
2012-05-09,0,2,1,1,0,0,0,경남,창원시(통합),1,5,0,1,2,0,3,128.5495,35.1592,경남창원시(통합),0,승용차화물차,0,0,0,86,0,0
2012-05-07,1,0,1,1,0,0,0,전북,진안군,1,7,2,0,0,0,5,127.5205,35.9588,전북진안군,0,승용차자전거,0,0,0,192,0,0
2012-05-12,0,5,1,1,0,0,0,전남,여수시,1,6,0,0,0,1,1,127.7615,34.7102,전남여수시,0,화물차없음,0,1,0,102,0,0
2012-05-10,1,3,1,37,7,29,0,제주,제주시,1,7,6,1,1,3,6,126.2359,33.3822,제주제주시,2,건설기계승합차,0,0,0,90,0,0
2012-05-14,1,0,1,3,2,0,0,전남,고흥군,1,9,5,0,0,2,2,127.3016,34.5977,전남고흥군,1,승합차승용차,0,0,0,191,0,0
2012-05-20,0,6,1,1,0,0,0,충남,아산시,1,5,0,2,4,4,3,127.0727,36.8873,충남아산시,0,이륜차화물차,0,1,0,53,0,0
2012-05-28,1,0,1,1,0,0,0,경북,군위군,1,9,5,0,0,4,2,128.5937,36.1803,경북군위군,0,이륜차승용차,0,1,0,170,0,0
2012-05-28,1,0,1,1,0,0,0,경남,창원시(통합),1,9,0,0,0,1,5,128.649,35.2755,경남창원시(통합),0,화물차자전거,0,1,0,86,0,0
2012-05-28,0,0,1,6,2,3,0,전북,전주시,1,1,6,1,1,0,2,127.1059,35.8192,전북전주시,1,승용차승용차,0,1,0,11,0,0
2012-05-29,0,1,1,1,0,0,0,경기,남양주시,1,5,0,1,2,6,3,127.194,37.7313,경기남양주시,0,원동기장치자전거화물차,0,0,0,70,0,0
2012-07-05,0,3,1,3,1,1,0,경북,문경시,1,5,0,0,0,1,3,128.1145,36.7029,경북문경시,0,화물차화물차,0,0,0,74,0,0
2012-09-16,0,6,1,2,1,0,0,경북,칠곡군,1,11,0,0,0,0,1,128.5195,36.0395,경북칠곡군,0,승용차없음,0,1,0,21,0,0
2012-10-28,1,6,1,2,1,0,0,대구,달성군,1,5,0,0,0,2,2,128.4351,35.6694,대구달성군,0,승합차승용차,0,1,0,30,0,0
2012-10-16,1,1,1,1,0,0,0,충남,금산군,1,5,0,0,0,0,3,127.5158,36.1071,충남금산군,0,승용차화물차,0,0,0,68,0,0
2012-12-16,0,4,1,1,0,0,0,충남,보령시,1,6,0,0,0,0,1,126.5829,36.278,충남보령시,0,승용차없음,0,1,0,136,0,0
2012-11-16,0,1,1,4,0,3,0,경남,김해시,1,5,3,0,0,2,2,128.7745,35.2294,경남김해시,1,승합차승용차,0,0,0,13,0,0
2012-12-22,0,5,1,3,1,1,0,전북,완주군,1,1,0,0,0,1,2,127.1844,35.8661,전북완주군,0,화물차승용차,0,1,0,28,0,0
2012-11-09,0,4,1,3,0,2,0,경기,안성시,1,5,0,0,0,1,2,127.1543,36.9939,경기안성시,0,화물차승용차,0,0,0,23,0,0
2012-12-16,0,6,1,2,0,1,0,전남,함평군,1,5,3,0,0,0,3,126.4812,35.1116,전남함평군,0,승용차화물차,0,1,0,157,0,0
2012-10-17,0,2,1,1,0,0,0,경기,안산시,1,1,0,0,0,0,1,126.8765,37.3313,경기안산시,0,승용차없음,0,0,0,2,0,0
2012-05-24,0,3,1,1,0,0,0,경남,김해시,1,6,0,0,0,4,1,128.9113,35.223,경남김해시,0,이륜차없음,0,0,0,13,0,0
2012-05-23,1,2,1,1,0,0,0,대전,서구,1,7,6,1,1,6,3,127.3786,36.3162,대전서구,0,원동기장치자전거화물차,0,0,0,4,0,0
2012-05-22,0,1,1,1,0,0,0,서울,동작구,1,7,7,1,1,0,4,126.9477,37.5032,서울동작구,0,승용차이륜차,0,0,0,93,0,0
2012-05-22,1,1,1,1,0,0,0,부산,남구,1,6,0,1,1,4,1,129.085,35.1284,부산남구,0,이륜차없음,0,0,0,180,0,0
2012-05-30,1,2,1,1,0,0,0,강원,고성군,1,11,0,0,0,0,1,128.4818,38.3776,강원고성군,0,승용차없음,0,0,0,217,0,0
2012-05-28,1,0,1,4,3,0,0,충남,공주시,1,7,0,1,1,0,2,127.1322,36.4703,충남공주시,1,승용차승용차,0,1,0,19,0,0
2012-05-27,1,6,1,1,0,0,0,충남,천안시,1,6,0,0,0,6,1,127.1407,36.9438,충남천안시,0,원동기장치자전거없음,0,1,0,63,0,0
2012-06-01,0,4,1,1,0,0,0,경기,포천시,1,7,3,0,0,1,5,127.1579,37.8218,경기포천시,0,화물차자전거,0,0,0,171,0,0
2012-06-05,1,1,1,10,2,1,6,서울,영등포구,1,7,3,0,0,0,6,126.8967,37.5131,서울영등포구,1,승용차승합차,0,0,0,150,0,0
2012-06-05,1,1,1,1,0,0,0,경남,밀양시,1,7,7,1,1,4,2,128.7956,35.4524,경남밀양시,0,이륜차승용차,0,0,0,177,0,0
2012-06-04,1,0,1,1,0,0,0,경기,평택시,1,11,0,1,2,1,1,127.0428,37.0085,경기평택시,0,화물차없음,0,0,0,14,0,0
2012-06-07,0,3,1,5,3,1,0,경기,파주시,1,5,0,0,0,0,6,126.7204,37.7732,경기파주시,1,승용차승합차,0,0,0,175,0,0
2012-06-08,0,4,1,2,0,1,0,충남,천안시,1,9,0,0,0,0,2,127.1757,36.8423,충남천안시,0,승용차승용차,0,0,0,63,0,0
2012-06-07,0,3,1,1,0,0,0,경북,예천군,1,6,0,1,2,0,1,128.4704,36.6379,경북예천군,0,승용차없음,0,0,0,55,0,0
2012-06-07,1,3,1,1,0,0,0,서울,은평구,1,7,6,1,1,6,2,126.9192,37.6304,서울은평구,0,원동기장치자전거승용차,0,0,0,139,0,0
2012-05-01,1,1,3,7,4,0,0,경북,의성군,1,5,0,0,0,1,6,128.3067,36.3364,경북의성군,2,화물차승합차,0,1,0,105,0,0
2012-04-30,0,0,1,1,0,0,0,경기,의정부시,1,6,0,0,0,0,1,127.0382,37.7107,경기의정부시,0,승용차없음,0,0,0,64,0,0
2012-04-29,1,6,1,1,0,0,0,경기,화성시,1,10,0,0,0,4,1,126.9008,37.1077,경기화성시,0,이륜차없음,0,1,0,50,0,0
2012-04-29,1,6,1,1,0,0,0,충북,보은군,1,10,0,0,0,4,1,127.6956,36.4355,충북보은군,0,이륜차없음,0,1,0,32,0,0
2012-05-03,0,3,1,1,0,0,0,서울,금천구,1,1,0,0,0,7,6,126.8896,37.4739,서울금천구,0,자전거승합차,0,0,0,109,0,0
2012-05-03,0,3,1,1,0,0,0,경기,양주시,1,6,0,0,0,4,1,126.9935,37.9068,경기양주시,0,이륜차없음,0,0,0,59,0,0
2012-05-02,1,2,1,1,0,0,0,전북,정읍시,1,6,0,0,0,4,1,126.939,35.7133,전북정읍시,0,이륜차없음,0,0,0,12,0,0
2012-05-12,0,5,1,1,0,0,0,인천,계양구,1,6,0,1,2,4,1,126.7515,37.5256,인천계양구,0,이륜차없음,0,1,0,7,0,0
2012-05-12,1,5,1,3,1,0,1,서울,송파구,1,7,6,1,1,0,3,127.0706,37.5107,서울송파구,0,승용차화물차,0,1,0,156,0,0
2012-05-10,1,3,1,1,0,0,0,대전,중구,1,7,5,0,0,4,2,127.4275,36.3241,대전중구,0,이륜차승용차,0,0,0,39,0,0
2012-05-10,0,3,1,3,1,1,0,충남,천안시,1,10,0,0,0,0,1,127.0781,36.685,충남천안시,0,승용차없음,0,0,0,63,0,0
2012-05-17,0,3,1,1,0,0,0,울산,울주군,1,10,0,0,0,0,1,129.0684,35.5538,울산울주군,0,승용차없음,0,0,0,17,0,0
2012-05-15,0,1,1,3,1,1,0,충남,당진시,1,10,0,0,0,0,1,126.61,36.871,충남당진시,0,승용차없음,0,0,0,46,0,0
2012-05-19,1,5,1,1,0,0,0,충남,연기군,1,9,5,0,0,0,7,127.2836,36.5644,충남연기군,0,승용차원동기장치자전거,0,1,0,232,0,0
2012-05-22,0,1,1,3,2,0,0,경북,예천군,1,7,0,1,1,4,2,128.3006,36.5063,경북예천군,1,이륜차승용차,0,0,0,55,0,0
2012-05-29,0,1,2,10,5,3,0,경남,통영시,1,9,0,1,1,0,2,128.4229,34.8818,경남통영시,2,승용차승용차,0,0,0,212,0,0
2012-05-27,0,6,1,2,1,0,0,서울,강서구,1,1,0,0,0,6,1,126.8227,37.5586,서울강서구,0,원동기장치자전거없음,0,1,0,43,0,0
2012-06-03,1,6,2,4,0,1,1,전남,나주시,1,9,0,0,0,0,8,126.7071,34.9605,전남나주시,1,승용차농기계,0,1,0,33,0,0
2012-06-01,1,4,1,4,3,0,0,충남,부여군,1,10,0,0,0,1,1,126.891,36.1661,충남부여군,1,화물차없음,0,0,0,129,0,0
2012-05-31,0,3,1,2,1,0,0,경기,용인시,1,1,0,0,0,0,1,127.1361,37.134,경기용인시,0,승용차없음,0,0,0,51,0,0
2012-05-30,0,2,1,3,0,2,0,부산,수영구,1,5,0,0,0,1,3,129.1197,35.1569,부산수영구,0,화물차화물차,0,0,0,45,0,0
2012-06-05,0,1,1,3,2,0,0,경남,창녕군,1,5,0,0,0,0,8,128.4656,35.5076,경남창녕군,1,승용차농기계,0,0,0,211,0,0
2012-06-04,0,0,1,1,0,0,0,대전,동구,1,7,5,0,0,0,4,127.4453,36.3452,대전동구,0,승용차이륜차,0,0,0,80,0,0
2012-06-07,1,3,1,1,0,0,0,경기,고양시,1,7,3,0,0,6,6,126.7408,37.6769,경기고양시,0,원동기장치자전거승합차,0,0,0,40,0,0
2012-04-26,1,3,1,1,0,0,0,전남,나주시,1,7,0,0,0,1,7,126.7106,35.0063,전남나주시,0,화물차원동기장치자전거,0,0,0,33,0,0
2012-04-27,1,4,1,3,2,0,0,경북,경주시,1,7,6,1,1,1,3,129.2902,35.7731,경북경주시,1,화물차화물차,0,0,0,100,0,0
2012-04-25,0,2,1,1,0,0,0,경북,울진군,1,9,5,0,0,4,3,129.4215,36.6443,경북울진군,0,이륜차화물차,0,0,0,208,0,0
2012-04-30,1,0,1,1,0,0,0,경기,고양시,1,5,0,0,0,1,5,126.7983,37.6436,경기고양시,0,화물차자전거,0,0,0,40,0,0
2012-05-01,1,1,1,4,3,0,0,전북,정읍시,1,7,6,1,1,0,2,126.9193,35.6787,전북정읍시,1,승용차승용차,0,1,0,12,0,0
2012-04-28,1,5,1,1,0,0,0,충북,괴산군,1,10,0,0,0,6,1,127.9052,36.8752,충북괴산군,0,원동기장치자전거없음,0,1,0,179,0,0
2012-04-28,1,5,1,1,0,0,0,경기,안산시,1,6,0,0,0,0,1,126.8874,37.2962,경기안산시,0,승용차없음,0,1,0,2,0,0
2012-05-09,0,2,1,2,1,0,0,대구,달성군,1,1,0,1,1,1,4,128.497,35.879,대구달성군,0,화물차이륜차,0,0,0,30,0,0
2012-05-06,1,6,1,1,0,0,0,부산,사상구,1,1,3,0,0,4,2,128.9885,35.17,부산사상구,0,이륜차승용차,0,1,0,120,0,0
2012-05-16,0,2,1,1,0,0,0,경기,평택시,1,9,5,0,0,7,2,127.0688,36.9944,경기평택시,0,자전거승용차,0,0,0,14,0,0
2012-05-17,1,3,1,1,0,0,0,충남,홍성군,1,7,0,1,1,4,2,126.74,36.6312,충남홍성군,0,이륜차승용차,0,0,0,38,0,0
2012-05-14,0,0,1,1,0,0,0,경남,양산시,1,6,0,0,0,0,1,129.0458,35.3723,경남양산시,0,승용차없음,0,0,0,49,0,0
2012-05-19,1,5,1,1,0,0,0,서울,강남구,1,5,0,1,2,0,4,127.0674,37.5009,서울강남구,0,승용차이륜차,0,1,0,89,0,0
2012-05-25,1,4,1,2,1,0,0,경기,남양주시,1,9,5,0,0,0,2,127.1619,37.6873,경기남양주시,0,승용차승용차,0,0,0,70,0,0
2012-05-29,1,1,1,1,0,0,0,경북,성주군,1,7,0,0,0,4,3,128.3662,35.8801,경북성주군,0,이륜차화물차,0,0,0,168,0,0
2012-05-27,0,6,1,1,0,0,0,전북,정읍시,1,7,0,1,1,0,5,126.8411,35.5094,전북정읍시,0,승용차자전거,0,1,0,12,0,0
2012-05-27,0,6,2,3,1,0,0,서울,영등포구,1,9,5,2,0,0,2,126.9125,37.5185,서울영등포구,1,승용차승용차,0,1,0,150,0,0
2012-05-25,0,4,1,2,1,0,0,경북,경산시,1,7,0,1,1,4,2,128.8121,35.9073,경북경산시,0,이륜차승용차,0,0,0,52,0,0
2012-06-02,1,5,1,1,0,0,0,충남,천안시,1,11,0,2,4,6,1,127.2345,36.8841,충남천안시,0,원동기장치자전거없음,0,1,0,63,0,0
2012-06-04,0,0,1,1,0,0,0,전남,광양시,1,5,0,1,2,0,3,127.7611,34.9415,전남광양시,0,승용차화물차,0,0,0,130,0,0