발생년월일,주야,요일,사망자수,사상자수,중상자수,경상자수,부상신고자수,발생지시도,발생지시군구,사고유형_대분류,사고유형_중분류,법규위반,도로형태_대분류,도로형태,당사자종별_1당_대분류,당사자종별_2당_대분류,경도,위도,발생지,사고피해정도,사고차량타입,도시여부,주말/공휴일,인구수,발생지번호,보행자의위치,무단횡단여부
2012-06-04,1,0,1,1,0,0,0,전북,전주시,1,7,6,1,1,7,2,127.1758,35.8293,전북전주시,0,자전거승용차,0,0,0,11,0,0
2012-06-04,1,0,1,3,0,2,0,서울,동대문구,1,7,7,1,2,4,2,127.0724,37.5789,서울동대문구,0,이륜차승용차,0,0,0,201,0,0
2012-06-09,1,5,1,1,0,0,0,서울,도봉구,1,7,0,1,1,3,5,127.0417,37.6315,서울도봉구,0,건설기계자전거,0,1,0,98,0,0
2012-06-11,1,0,1,1,0,0,0,경기,남양주시,1,6,0,0,0,0,1,127.1893,37.6164,경기남양주시,0,승용차없음,0,0,0,70,0,0
2012-06-07,1,3,1,1,0,0,0,인천,남구,1,1,0,0,0,7,1,126.682,37.4571,인천남동구,0,자전거없음,0,0,0,29,0,0
2012-06-15,1,4,1,2,1,0,0,경남,창녕군,1,1,0,0,0,1,8,128.6432,35.3728,경남창녕군,0,화물차농기계,0,0,0,211,0,0
2012-06-15,0,4,1,1,0,0,0,경남,통영시,1,6,0,0,0,0,1,128.4034,34.8975,경남통영시,0,승용차없음,0,0,0,212,0,0
2012-06-14,0,3,1,2,1,0,0,경기,남양주시,1,5,0,0,0,1,3,127.2886,37.5304,경기남양주시,0,화물차화물차,0,0,0,70,0,0
2012-04-27,0,4,1,1,0,0,0,전남,영암군,1,6,0,0,0,1,1,126.4588,34.7735,전남영암군,0,화물차없음,0,0,0,16,0,0
2012-04-24,0,1,1,1,0,0,0,경기,동두천시,1,7,6,1,1,0,4,127.0551,37.8925,경기동두천시,0,승용차이륜차,0,0,0,94,0,0
2012-05-01,0,1,2,3,1,0,0,대전,유성구,1,9,5,0,0,0,2,127.2915,36.2738,대전유성구,1,승용차승용차,0,1,0,148,0,0
2012-04-27,0,4,1,2,1,0,0,경기,시흥시,1,7,7,1,1,0,2,126.8124,37.3677,경기시흥시,0,승용차승용차,0,0,0,73,0,0
2012-05-04,1,4,1,1,0,0,0,전남,담양군,1,5,0,0,0,1,8,126.9611,35.3171,전남담양군,0,화물차농기계,0,0,0,181,0,0
2012-05-03,1,3,1,1,0,0,0,전북,정읍시,1,7,5,0,0,1,2,126.8444,35.6009,전북정읍시,0,화물차승용차,0,0,0,12,0,0
2012-05-07,1,0,1,3,1,1,0,강원,춘천시,1,5,3,0,0,1,3,127.5788,37.8533,강원춘천시,0,화물차화물차,0,0,0,111,0,0
2012-05-08,1,1,1,1,0,0,0,전남,순천시,1,7,8,1,1,0,4,127.5202,34.945,전남순천시,0,승용차이륜차,0,0,0,27,0,0
2012-05-12,1,5,1,1,0,0,0,전남,순천시,1,1,0,1,1,6,1,127.3066,35.0294,전남순천시,0,원동기장치자전거없음,0,1,0,27,0,0
2012-05-10,0,3,1,1,0,0,0,충북,음성군,1,10,0,0,0,1,1,127.6419,36.8611,충북음성군,0,화물차없음,0,0,0,110,0,0
2012-05-11,1,4,1,1,0,0,0,경북,구미시,1,7,6,1,1,3,2,128.286,36.1501,경북구미시,0,건설기계승용차,0,0,0,144,0,0
2012-05-14,1,0,1,2,0,1,0,강원,속초시,1,5,0,1,2,1,3,128.578,38.1968,강원속초시,0,화물차화물차,0,0,0,104,0,0
2012-05-14,1,0,2,4,1,1,0,충북,제천시,1,9,5,0,0,2,3,128.1074,37.134,충북제천시,1,승합차화물차,0,0,0,103,0,0
2012-05-21,0,0,2,5,3,0,0,강원,원주시,1,7,5,0,0,0,2,127.9858,37.3429,강원원주시,1,승용차승용차,0,0,0,36,0,0
2012-05-18,0,4,1,1,0,0,0,서울,서대문구,1,7,7,1,2,0,7,126.9616,37.5589,서울서대문구,0,승용차원동기장치자전거,0,0,0,195,0,0
2012-05-17,1,3,2,25,6,12,5,광주,북구,1,5,0,0,0,1,6,126.912,35.1795,광주북구,2,화물차승합차,0,0,0,137,0,0
2012-05-23,1,2,1,6,1,4,0,경북,안동시,1,7,2,1,1,0,2,128.7757,36.5714,경북안동시,1,승용차승용차,0,0,0,66,0,0
2012-05-24,0,3,1,2,1,0,0,경기,안산시,1,5,0,0,0,0,4,126.8534,37.2788,경기안산시,0,승용차이륜차,0,0,0,2,0,0
2012-05-24,1,3,1,3,2,0,0,전남,장성군,1,9,0,1,1,0,2,126.7631,35.2945,전남장성군,1,승용차승용차,0,0,0,146,0,0
2012-05-29,0,1,1,2,1,0,0,충북,충주시,1,1,0,0,0,0,8,127.9311,37.0679,충북충주시,0,승용차농기계,0,0,0,6,0,0
2012-05-29,1,1,1,1,0,0,0,경북,경주시,1,1,0,0,0,0,1,129.2942,35.6721,경북경주시,0,승용차없음,0,0,0,100,0,0
2012-05-27,0,6,1,3,0,2,0,전남,영암군,1,7,2,0,0,5,3,126.5034,34.7393,전남영암군,0,특수차화물차,0,1,0,16,0,0
2012-05-29,1,1,1,1,0,0,0,충남,부여군,1,10,0,0,0,1,1,126.8168,36.2504,충남부여군,0,화물차없음,0,0,0,129,0,0
2012-06-02,1,5,1,1,0,0,0,경북,영덕군,1,1,0,0,0,9,1,129.3003,36.4291,경북영덕군,0,농기계없음,0,1,0,54,0,0
2012-06-03,1,6,1,2,1,0,0,대구,달성군,1,6,0,0,0,0,1,128.4512,35.6426,대구달성군,0,승용차없음,0,1,0,30,0,0
2012-06-01,1,4,1,1,0,0,0,경남,통영시,1,7,7,1,1,1,7,128.4062,34.9037,경남통영시,0,화물차원동기장치자전거,0,0,0,212,0,0
2012-05-31,1,3,1,2,1,0,0,경기,남양주시,1,9,5,0,0,1,9,127.1117,37.6796,경기남양주시,0,화물차건설기계,0,0,0,70,0,0
2012-06-09,0,5,1,1,0,0,0,대전,유성구,1,1,0,1,1,0,1,127.3148,36.3375,대전유성구,0,승용차없음,0,1,0,148,0,0
2012-06-15,0,4,1,1,0,0,0,대구,동구,1,6,0,0,0,4,1,128.6238,35.984,대구동구,0,이륜차없음,0,0,0,26,0,0
2012-06-13,0,2,1,1,0,0,0,강원,철원군,1,10,0,0,0,6,1,127.3056,38.1487,강원철원군,0,원동기장치자전거없음,0,0,0,184,0,0
2012-06-14,1,3,1,2,1,0,0,인천,연수구,1,1,0,2,4,1,2,126.6963,37.4203,인천연수구,0,화물차승용차,0,0,0,35,0,0
2012-04-26,1,3,1,1,0,0,0,경남,창원시(통합),1,9,6,1,1,6,2,128.6056,35.2552,경남창원시(통합),0,원동기장치자전거승용차,0,0,0,86,0,0
2012-04-25,1,2,1,1,0,0,0,경북,김천시,1,1,0,0,0,1,1,128.1772,36.1287,경북김천시,0,화물차없음,0,0,0,76,0,0
2012-04-25,1,2,1,1,0,0,0,경북,봉화군,1,6,0,0,0,4,1,128.7294,36.9034,경북봉화군,0,이륜차없음,0,0,0,149,0,0
2012-04-30,0,0,1,1,0,0,0,경기,동두천시,1,6,0,1,2,0,1,127.0614,37.9464,경기동두천시,0,승용차없음,0,0,0,94,0,0
2012-04-30,1,0,1,1,0,0,0,전남,보성군,1,7,7,1,1,0,7,127.0891,34.7651,전남보성군,0,승용차원동기장치자전거,0,0,0,122,0,0
2012-05-07,0,0,1,1,0,0,0,충남,보령시,1,5,3,0,0,2,3,126.5429,36.2757,충남보령시,0,승합차화물차,0,0,0,136,0,0
2012-05-06,0,6,1,5,3,1,0,충남,아산시,1,9,5,0,0,0,2,127.0158,36.7469,충남아산시,1,승용차승용차,0,1,0,53,0,0
2012-05-13,0,6,1,7,4,0,2,경남,남해군,1,9,0,0,0,0,2,127.8841,34.944,경남남해군,1,승용차승용차,0,1,0,197,0,0
2012-05-14,0,0,1,2,1,0,0,인천,강화군,1,6,0,0,0,1,1,126.4353,37.7006,인천강화군,0,화물차없음,0,0,0,92,0,0
2012-05-24,1,3,1,1,0,0,0,경기,가평군,1,9,5,0,0,4,3,127.4727,37.6456,경기가평군,0,이륜차화물차,0,0,0,176,0,0
2012-05-24,1,3,1,1,0,0,0,인천,서구,1,7,0,2,4,0,4,126.6684,37.5075,인천서구,0,승용차이륜차,0,0,0,97,0,0
2012-05-29,1,1,1,1,0,0,0,충남,홍성군,1,7,7,1,1,1,7,126.6697,36.6015,충남홍성군,0,화물차원동기장치자전거,0,0,0,38,0,0
2012-05-27,1,6,1,1,0,0,0,부산,기장군,1,9,6,1,1,0,4,129.2178,35.2359,부산기장군,0,승용차이륜차,0,1,0,85,0,0
2012-06-01,1,4,1,1,0,0,0,부산,강서구,1,1,3,0,0,6,11,128.9005,35.1724,부산강서구,0,원동기장치자전거특수차,0,0,0,206,0,0
2012-06-01,1,4,1,1,0,0,0,대구,동구,1,6,0,0,0,0,1,128.6988,35.9794,대구동구,0,승용차없음,0,0,0,26,0,0
2012-06-01,1,4,1,1,0,0,0,전북,남원시,1,1,8,1,1,1,7,127.3406,35.3623,전북남원시,0,화물차원동기장치자전거,0,0,0,193,0,0
2012-05-31,1,3,1,2,1,0,0,전남,곡성군,1,10,0,2,4,1,1,127.37,35.301,전남곡성군,0,화물차없음,0,0,0,147,0,0
2012-05-31,1,3,1,1,0,0,0,경남,진주시,1,7,2,0,0,0,5,128.1281,35.1806,경남진주시,0,승용차자전거,0,0,0,42,0,0
2012-06-09,1,5,1,1,0,0,0,충북,청원군,1,10,0,0,0,0,1,127.4173,36.6932,충북청주시,0,승용차없음,0,1,0,83,0,0
2012-06-09,0,5,1,1,0,0,0,서울,서초구,1,7,6,1,1,4,6,126.9821,37.4854,서울서초구,0,이륜차승합차,0,1,0,214,0,0
2012-03-14,1,2,1,4,3,0,0,부산,강서구,1,6,0,0,0,0,1,128.8559,35.1278,부산강서구,1,승용차없음,0,0,0,206,0,0
2012-03-11,0,6,1,1,0,0,0,경기,용인시,1,5,0,0,0,0,3,127.143,37.3298,경기용인시,0,승용차화물차,0,1,0,51,0,0
2012-03-16,1,4,1,1,0,0,0,경기,남양주시,1,6,0,0,0,0,1,127.2164,37.587,경기남양주시,0,승용차없음,0,0,0,70,0,0
2012-03-16,1,4,1,1,0,0,0,경기,용인시,1,6,0,0,0,6,1,127.3713,37.1635,경기용인시,0,원동기장치자전거없음,0,0,0,51,0,0
2012-03-22,1,3,1,1,0,0,0,경북,안동시,1,7,8,1,1,1,4,128.5599,36.5831,경북안동시,0,화물차이륜차,0,0,0,66,0,0
2012-03-20,0,1,2,3,1,0,0,충남,공주시,1,11,0,0,0,0,1,127.2118,36.459,충남공주시,1,승용차없음,0,0,0,19,0,0
2012-03-22,0,3,1,1,0,0,0,충북,진천군,1,5,0,0,0,0,4,127.4384,36.9062,충북진천군,0,승용차이륜차,0,0,0,60,0,0
2012-03-23,0,4,1,3,0,2,0,광주,북구,1,5,5,1,1,0,2,126.9153,35.1626,광주북구,0,승용차승용차,0,0,0,137,0,0
2012-03-27,1,1,1,2,0,1,0,대구,남구,1,1,0,0,0,6,1,128.5797,35.8366,대구남구,0,원동기장치자전거없음,0,0,0,145,0,0
2012-04-05,1,3,1,1,0,0,0,경기,남양주시,1,7,0,0,0,1,4,127.1806,37.6513,경기남양주시,0,화물차이륜차,0,0,0,70,0,0
2012-04-14,0,5,1,1,0,0,0,경기,평택시,1,9,0,1,1,0,5,126.9365,36.9813,경기평택시,0,승용차자전거,0,1,0,14,0,0
2012-04-16,1,0,1,1,0,0,0,경남,창원시(통합),1,1,3,1,2,4,2,128.5919,35.211,경남창원시(통합),0,이륜차승용차,0,0,0,86,0,0
2012-04-22,0,6,1,1,0,0,0,경북,경주시,1,11,0,0,0,0,1,129.2557,35.9967,경북경주시,0,승용차없음,0,1,0,100,0,0
2012-03-04,0,6,1,1,0,0,0,울산,울주군,1,6,0,1,1,1,1,129.2419,35.5184,울산울주군,0,화물차없음,0,1,0,17,0,0
2012-03-17,0,5,1,1,0,0,0,경기,성남시,1,1,0,0,0,0,1,127.1257,37.458,경기성남시,0,승용차없음,0,1,0,95,0,0
2012-03-17,0,5,2,2,0,0,0,경기,과천시,1,6,2,0,0,0,1,126.9995,37.4261,경기과천시,0,승용차없음,0,1,0,227,0,0
2012-03-14,1,2,1,2,1,0,0,전남,광양시,1,7,9,0,0,1,11,127.7528,34.9317,전남광양시,0,화물차특수차,0,0,0,130,0,0
2012-03-20,0,1,1,4,2,0,1,서울,강남구,1,7,2,1,1,0,2,127.0651,37.5052,서울강남구,1,승용차승용차,0,0,0,89,0,0
2012-03-24,1,5,1,5,3,1,0,경북,영천시,1,6,0,0,0,0,1,128.8878,36.0571,경북영천시,1,승용차없음,0,1,0,5,0,0
2012-03-22,1,3,1,2,0,0,1,경기,화성시,1,5,0,0,0,1,3,126.8735,37.2355,경기화성시,0,화물차화물차,0,0,0,50,0,0
2012-03-30,1,4,1,1,0,0,0,인천,남동구,1,1,0,0,0,4,3,126.7044,37.4139,인천남동구,0,이륜차화물차,0,0,0,29,0,0
2012-03-31,0,5,1,1,0,0,0,서울,영등포구,1,1,0,0,0,2,4,126.9051,37.5324,서울영등포구,0,승합차이륜차,0,1,0,150,0,0
2012-04-01,0,6,1,1,0,0,0,강원,홍천군,1,6,0,1,1,1,1,128.4169,37.8276,강원홍천군,0,화물차없음,0,1,0,82,0,0
2012-04-07,1,5,1,1,0,0,0,강원,철원군,1,7,7,1,1,6,3,127.2415,38.1631,강원철원군,0,원동기장치자전거화물차,0,1,0,184,0,0
2012-04-07,1,5,1,2,0,1,0,경기,포천시,1,9,5,0,0,0,3,127.2099,38.1063,경기포천시,0,승용차화물차,0,1,0,171,0,0
2012-04-08,1,6,1,7,1,5,0,경기,가평군,1,5,0,0,0,4,4,127.41,37.726,경기가평군,1,이륜차이륜차,0,1,0,176,0,0
2012-04-12,1,3,1,2,0,1,0,경남,고성군,1,7,0,1,1,4,6,128.3622,35.0497,경남고성군,0,이륜차승합차,0,0,0,87,0,0
2012-04-16,1,0,1,2,0,1,0,충북,음성군,1,6,0,0,0,1,1,127.7114,36.8789,충북음성군,0,화물차없음,0,0,0,110,0,0
2012-04-18,0,2,1,1,0,0,0,광주,광산구,1,6,0,0,0,6,1,126.7601,35.1514,광주광산구,0,원동기장치자전거없음,0,0,0,135,0,0
2012-04-22,0,6,1,1,0,0,0,울산,중구,1,1,0,0,0,6,1,129.3511,35.5606,울산중구,0,원동기장치자전거없음,0,1,0,205,0,0
2012-03-08,1,3,2,3,1,0,0,전남,영암군,1,7,8,1,1,1,3,126.4526,34.7715,전남영암군,1,화물차화물차,0,0,0,16,0,0
2012-03-11,1,6,1,2,0,1,0,전남,해남군,1,9,5,0,0,1,3,126.6354,34.4205,전남해남군,0,화물차화물차,0,1,0,119,0,0
2012-03-17,1,5,3,10,5,2,0,경기,시흥시,1,7,6,1,1,1,6,126.7362,37.347,경기시흥시,2,화물차승합차,0,1,0,73,0,0
2012-03-17,0,5,1,1,0,0,0,광주,광산구,1,6,0,0,0,0,1,126.7887,35.1269,광주광산구,0,승용차없음,0,1,0,135,0,0
2012-03-18,1,6,1,1,0,0,0,강원,춘천시,1,1,0,0,0,0,2,127.6832,37.8846,강원춘천시,0,승용차승용차,0,1,0,111,0,0
2012-03-13,0,1,1,1,0,0,0,충남,서산시,1,6,0,0,0,0,1,126.4822,36.7471,충남서산시,0,승용차없음,0,0,0,69,0,0
2012-03-26,0,0,1,1,0,0,0,전남,영광군,1,6,0,0,0,6,1,126.4777,35.4186,전남영광군,0,원동기장치자전거없음,0,0,0,127,0,0
2012-03-24,0,5,1,1,0,0,0,인천,서구,1,1,0,2,4,0,11,126.6789,37.4859,인천서구,0,승용차특수차,0,1,0,97,0,0
2012-04-02,0,0,1,1,0,0,0,경남,합천군,1,11,0,0,0,6,1,128.1447,35.4197,경남합천군,0,원동기장치자전거없음,0,0,0,133,0,0
2012-04-08,1,6,1,1,0,0,0,전남,여수시,1,1,0,0,0,1,1,127.6745,34.7647,전남여수시,0,화물차없음,0,1,0,102,0,0
2012-04-07,1,5,1,1,0,0,0,충남,서산시,1,6,0,0,0,4,1,126.4266,36.9496,충남서산시,0,이륜차없음,0,1,0,69,0,0
2012-04-06,0,4,2,3,1,0,0,전북,익산시,1,1,0,2,4,0,12,126.9503,35.9711,전북익산시,1,승용차기타,0,0,0,125,0,0
2012-04-06,0,4,1,1,0,0,0,전남,고흥군,1,11,0,0,0,1,1,127.1925,34.576,전남고흥군,0,화물차없음,0,0,0,191,0,0
2012-04-11,0,2,1,1,0,0,0,강원,영월군,1,10,0,0,0,1,1,128.2985,37.1799,강원영월군,0,화물차없음,0,1,0,114,0,0
2012-04-12,1,3,1,2,1,0,0,경북,청송군,1,5,3,0,0,1,8,128.898,36.2366,경북청송군,0,화물차농기계,0,0,0,203,0,0
2012-04-16,0,0,1,1,0,0,0,대구,북구,1,5,5,0,0,0,9,128.5617,35.9331,대구북구,0,승용차건설기계,0,0,0,112,0,0
2012-04-16,0,0,2,5,3,0,0,경기,평택시,1,1,6,1,1,3,2,126.9208,36.9886,경기평택시,1,건설기계승용차,0,0,0,14,0,0
2012-04-16,1,0,1,1,0,0,0,충남,당진시,1,9,5,0,0,1,9,126.5315,36.8848,충남당진시,0,화물차건설기계,0,0,0,46,0,0
2012-04-23,1,0,1,1,0,0,0,대구,동구,1,1,0,0,0,2,5,128.6417,35.886,대구동구,0,승합차자전거,0,0,0,26,0,0
2012-04-26,0,3,1,2,0,1,0,경기,화성시,1,5,0,0,0,0,8,126.8009,37.0429,경기화성시,0,승용차농기계,0,0,0,50,0,0
2012-04-20,1,4,1,1,0,0,0,경기,화성시,1,1,5,0,0,2,9,126.9343,37.0651,경기화성시,0,승합차건설기계,0,0,0,50,0,0
2012-04-20,1,4,1,2,1,0,0,경북,구미시,1,7,6,1,2,0,2,128.3449,36.1333,경북구미시,0,승용차승용차,0,0,0,144,0,0
2012-03-13,0,1,1,1,0,0,0,경기,양평군,1,11,0,0,0,0,1,127.6874,37.5593,경기양평군,0,승용차없음,0,0,0,48,0,0
2012-03-13,0,1,1,1,0,0,0,대구,수성구,1,11,0,1,2,4,1,128.6247,35.8461,대구수성구,0,이륜차없음,0,0,0,37,0,0
2012-03-17,0,5,1,1,0,0,0,경기,군포시,1,1,5,0,0,7,3,126.9259,37.3551,경기군포시,0,자전거화물차,0,1,0,126,0,0
2012-03-14,1,2,1,4,1,2,0,충남,공주시,1,7,0,1,1,1,3,127.2341,36.4006,충남공주시,1,화물차화물차,0,0,0,19,0,0
2012-03-25,0,6,1,2,0,1,0,전북,부안군,1,6,0,1,1,1,1,126.8072,35.7157,전북부안군,0,화물차없음,0,1,0,185,0,0
2012-03-27,1,1,1,2,0,1,0,충북,충주시,1,7,0,1,1,1,3,127.9201,36.9544,충북충주시,0,화물차화물차,0,0,0,6,0,0
2012-03-29,0,3,1,4,0,3,0,충남,금산군,1,9,5,0,0,6,2,127.4964,36.1198,충남금산군,1,원동기장치자전거승용차,0,0,0,68,0,0
2012-04-02,1,0,2,6,4,0,0,경북,포항시,1,10,0,0,0,0,1,129.3543,36.0588,경북포항시,2,승용차없음,0,0,0,160,0,0
2012-03-31,0,5,1,14,2,11,0,전남,나주시,1,7,8,1,1,0,6,126.7772,35.0359,전남나주시,2,승용차승합차,0,1,0,33,0,0
2012-04-05,1,3,1,1,0,0,0,경기,남양주시,1,10,0,0,0,6,1,127.2631,37.5364,경기남양주시,0,원동기장치자전거없음,0,0,0,70,0,0
2012-04-09,1,0,1,1,0,0,0,충남,태안군,1,1,4,0,0,1,4,126.1475,36.7766,충남태안군,0,화물차이륜차,0,0,0,169,0,0
2012-04-15,1,6,1,1,0,0,0,충북,보은군,1,1,0,0,0,1,4,127.793,36.462,충북보은군,0,화물차이륜차,0,1,0,32,0,0
2012-03-09,1,4,1,1,0,0,0,전북,장수군,1,11,0,0,0,5,1,127.5423,35.4758,전북장수군,0,특수차없음,0,0,0,155,0,0
2012-03-09,0,4,2,2,0,0,0,충남,연기군,1,9,5,0,0,0,2,127.1927,36.6796,충남연기군,0,승용차승용차,0,0,0,232,0,0
2012-03-10,0,5,1,4,0,3,0,강원,강릉시,1,9,5,0,0,0,2,128.8235,37.8765,강원강릉시,1,승용차승용차,0,1,0,194,0,0
2012-03-11,1,6,1,1,0,0,0,경기,이천시,1,7,6,1,1,4,2,127.5932,37.1138,경기이천시,0,이륜차승용차,0,1,0,41,0,0
2012-03-18,0,6,1,1,0,0,0,부산,연제구,1,5,0,0,0,0,4,129.0807,35.1895,부산연제구,0,승용차이륜차,0,1,0,221,0,0
2012-03-17,0,5,1,1,0,0,0,대구,달성군,1,5,0,0,0,0,9,128.4682,35.85,대구달성군,0,승용차건설기계,0,1,0,30,0,0
2012-03-14,0,2,1,2,1,0,0,서울,서초구,1,1,5,1,2,4,2,126.9974,37.4736,서울서초구,0,이륜차승용차,0,0,0,214,0,0
2012-03-14,0,2,1,1,0,0,0,경기,연천군,1,9,5,0,0,4,2,127.0594,38.0299,경기연천군,0,이륜차승용차,0,0,0,106,0,0
2012-03-21,1,2,1,1,0,0,0,경남,창원시(통합),1,7,0,0,3,1,5,128.7089,35.3379,경남창원시(통합),0,화물차자전거,0,0,0,86,0,0
2012-03-21,1,2,1,2,0,1,0,경남,창원시(통합),1,5,0,0,0,0,9,128.6684,35.2189,경남창원시(통합),0,승용차건설기계,0,0,0,86,0,0
2012-03-21,1,2,1,1,0,0,0,전남,고흥군,1,5,0,0,0,1,5,127.3156,34.7828,전남고흥군,0,화물차자전거,0,0,0,191,0,0
2012-03-23,0,4,2,4,0,2,0,광주,광산구,1,9,5,1,2,0,3,126.8508,35.1922,광주광산구,1,승용차화물차,0,0,0,135,0,0
2012-04-01,0,6,1,1,0,0,0,제주,제주시,1,7,0,1,1,0,5,126.6167,33.5299,제주제주시,0,승용차자전거,0,1,0,90,0,0
2012-04-06,1,4,1,1,0,0,0,경남,창녕군,1,10,0,0,0,4,1,128.4648,35.4582,경남창녕군,0,이륜차없음,0,0,0,211,0,0
2012-04-05,1,3,1,1,0,0,0,제주,서귀포시,1,7,8,1,1,0,4,126.2091,33.259,제주서귀포시,0,승용차이륜차,0,0,0,62,0,0
2012-04-15,0,6,1,1,0,0,0,경북,칠곡군,1,1,0,0,0,0,4,128.5801,35.9817,경북칠곡군,0,승용차이륜차,0,1,0,21,0,0
2012-04-19,0,3,1,1,0,0,0,서울,관악구,1,1,5,0,0,4,6,126.9193,37.4726,서울관악구,0,이륜차승합차,0,0,0,188,0,0
2012-04-22,0,6,1,3,0,2,0,강원,원주시,1,5,3,0,0,0,2,127.9432,37.3572,강원원주시,0,승용차승용차,0,1,0,36,0,0
2012-04-27,1,4,1,1,0,0,0,광주,광산구,1,6,0,0,0,6,1,126.8528,35.2148,광주광산구,0,원동기장치자전거없음,0,0,0,135,0,0
2012-03-08,1,3,1,1,0,0,0,부산,사상구,1,7,6,1,1,0,7,128.9979,35.1514,부산사상구,0,승용차원동기장치자전거,0,0,0,120,0,0
2012-03-05,0,0,1,1,0,0,0,경기,수원시,1,5,0,1,1,0,6,126.9961,37.2618,경기수원시,0,승용차승합차,0,0,0,99,0,0
2012-03-31,1,5,1,1,0,0,0,전남,곡성군,1,10,0,0,0,3,1,127.3545,35.3158,전남곡성군,0,건설기계없음,0,1,0,147,0,0
2012-04-08,1,6,1,1,0,0,0,충남,아산시,1,7,0,0,0,0,4,126.9892,36.8995,충남아산시,0,승용차이륜차,0,1,0,53,0,0
2012-04-08,1,6,1,2,1,0,0,경기,가평군,1,9,5,0,0,4,4,127.4654,37.5859,경기가평군,0,이륜차이륜차,0,1,0,176,0,0
2012-04-03,1,1,1,1,0,0,0,전남,해남군,1,1,0,0,0,1,1,126.6126,34.3743,전남해남군,0,화물차없음,0,0,0,119,0,0
2012-04-04,1,2,1,2,1,0,0,경북,경주시,1,7,0,1,2,1,3,129.3141,35.7576,경북경주시,0,화물차화물차,0,0,0,100,0,0
2012-04-14,1,5,1,1,0,0,0,경기,화성시,1,7,5,2,4,9,4,126.8119,37.0626,경기화성시,0,농기계이륜차,0,1,0,50,0,0
2012-04-15,1,6,1,2,1,0,0,충남,서천군,1,1,7,1,1,4,6,126.7017,36.0804,충남서천군,0,이륜차승합차,0,1,0,10,0,0
2012-04-12,0,3,1,3,0,2,0,경기,평택시,1,5,0,0,0,1,6,127.0621,37.044,경기평택시,0,화물차승합차,0,0,0,14,0,0
2012-04-18,1,2,1,1,0,0,0,경북,영덕군,1,7,5,1,2,4,2,129.4398,36.4964,경북영덕군,0,이륜차승용차,0,0,0,54,0,0
2012-04-18,1,2,1,2,0,1,0,충북,증평군,1,7,0,1,1,6,2,127.5842,36.7959,충북증평군,0,원동기장치자전거승용차,0,0,0,138,0,0
2012-04-17,1,1,1,11,2,7,1,서울,금천구,1,7,0,1,2,0,6,126.8976,37.4664,서울금천구,2,승용차승합차,0,0,0,109,0,0
2012-04-22,1,6,1,1,0,0,0,경북,김천시,1,7,3,0,0,4,2,128.117,36.1376,경북김천시,0,이륜차승용차,0,1,0,76,0,0
2012-04-23,0,0,1,1,0,0,0,경기,안산시,1,6,0,0,0,0,1,126.8361,37.3439,경기안산시,0,승용차없음,0,0,0,2,0,0
2012-04-22,0,6,1,2,0,1,0,전남,순천시,1,5,0,0,0,0,8,127.2686,35.0557,전남순천시,0,승용차농기계,0,1,0,27,0,0
2012-04-27,0,4,1,1,0,0,0,충남,부여군,1,7,2,1,1,1,5,126.6929,36.2952,충남부여군,0,화물차자전거,0,0,0,129,0,0
2012-03-01,1,3,1,2,1,0,0,강원,평창군,1,6,0,0,0,0,1,128.6137,37.7631,강원평창군,0,승용차없음,0,1,0,24,0,0
2012-03-07,1,2,1,1,0,0,0,경기,성남시,1,1,0,0,0,0,1,127.1201,37.4406,경기성남시,0,승용차없음,0,0,0,95,0,0
2012-03-06,1,1,1,3,1,1,0,충남,홍성군,1,7,7,1,1,1,6,126.5713,36.5186,충남홍성군,0,화물차승합차,0,0,0,38,0,0
2012-03-10,0,5,1,1,0,0,0,부산,북구,1,7,6,1,1,0,4,129.0256,35.2111,부산북구,0,승용차이륜차,0,1,0,118,0,0
2012-03-10,1,5,1,1,0,0,0,경남,사천시,1,1,0,1,1,0,4,127.975,35.0091,경남사천시,0,승용차이륜차,0,1,0,57,0,0
2012-03-20,0,1,1,1,0,0,0,경북,영주시,1,7,0,1,1,1,5,128.56,36.9289,경북영주시,0,화물차자전거,0,0,0,113,0,0
2012-03-24,1,5,1,1,0,0,0,충남,당진시,1,7,6,1,1,4,3,126.7833,36.9452,충남당진시,0,이륜차화물차,0,1,0,46,0,0
2012-03-31,0,5,1,3,1,1,0,경남,진주시,1,5,0,0,0,0,3,128.1036,35.1704,경남진주시,0,승용차화물차,0,1,0,42,0,0
2012-03-29,1,3,1,1,0,0,0,충남,서산시,1,7,0,0,0,6,3,126.4296,36.9423,충남서산시,0,원동기장치자전거화물차,0,0,0,69,0,0
2012-03-27,1,1,1,1,0,0,0,경기,연천군,1,1,0,0,0,7,1,127.0666,37.9827,경기연천군,0,자전거없음,0,0,0,106,0,0
2012-04-02,1,0,2,5,2,1,0,서울,서초구,1,1,0,1,1,0,2,127.0115,37.5026,서울서초구,1,승용차승용차,0,0,0,214,0,0
2012-03-31,1,5,1,1,0,0,0,경남,창원시(통합),1,6,0,0,0,4,1,128.6029,35.2111,경남창원시(통합),0,이륜차없음,0,1,0,86,0,0
2012-04-05,1,3,1,2,0,1,0,경남,합천군,1,6,0,0,0,1,1,128.3474,35.5501,경남합천군,0,화물차없음,0,0,0,133,0,0