발생년월일,주야,요일,사망자수,사상자수,중상자수,경상자수,부상신고자수,발생지시도,발생지시군구,사고유형_대분류,사고유형_중분류,법규위반,도로형태_대분류,도로형태,당사자종별_1당_대분류,당사자종별_2당_대분류,경도,위도,발생지,사고피해정도,사고차량타입,도시여부,주말/공휴일,인구수,발생지번호,보행자의위치,무단횡단여부
2012-04-11,0,2,1,2,0,1,0,경북,경주시,1,10,0,0,0,4,1,129.4349,35.7669,경북경주시,0,이륜차없음,0,1,0,100,0,0
2012-04-08,1,6,1,1,0,0,0,경기,하남시,1,1,0,0,0,7,1,127.1844,37.5213,경기하남시,0,자전거없음,0,1,0,67,0,0
2012-04-15,1,6,1,2,0,1,0,경남,하동군,1,9,5,0,0,0,2,127.8388,34.9795,경남하동군,0,승용차승용차,0,1,0,172,0,0
2012-04-16,1,0,1,3,0,2,0,경기,남양주시,1,5,0,0,0,0,11,127.1436,37.6832,경기남양주시,0,승용차특수차,0,0,0,70,0,0
2012-04-15,0,6,1,1,0,0,0,충북,청주시,1,5,0,0,0,4,2,127.4849,36.6269,충북청주시,0,이륜차승용차,0,1,0,83,0,0
2012-04-16,1,0,1,1,0,0,0,경남,창녕군,1,7,0,0,0,1,5,128.3935,35.5835,경남창녕군,0,화물차자전거,0,0,0,211,0,0
2012-04-16,1,0,1,3,1,1,0,전북,익산시,1,6,0,0,0,0,1,126.9551,35.996,전북익산시,0,승용차없음,0,0,0,125,0,0
2012-04-16,0,0,1,1,0,0,0,대전,유성구,1,1,0,0,0,1,1,127.3765,36.4044,대전유성구,0,화물차없음,0,0,0,148,0,0
2012-04-12,1,3,1,2,0,1,0,인천,중구,1,7,6,1,1,0,3,126.6064,37.4498,인천중구,0,승용차화물차,0,0,0,72,0,0
2012-04-17,1,1,1,3,1,1,0,경북,영주시,1,7,6,1,1,4,2,128.5595,36.8435,경북영주시,0,이륜차승용차,0,0,0,113,0,0
2012-04-15,0,6,1,1,0,0,0,경북,구미시,1,7,0,1,1,4,2,128.4106,36.0922,경북구미시,0,이륜차승용차,0,1,0,144,0,0
2012-04-24,1,1,1,1,0,0,0,제주,서귀포시,1,6,0,0,0,0,1,126.2988,33.2318,제주서귀포시,0,승용차없음,0,0,0,62,0,0
2012-04-23,1,0,1,1,0,0,0,부산,진구,1,11,0,0,0,4,1,129.0524,35.166,부산진구,0,이륜차없음,0,0,0,231,0,0
2012-04-20,1,4,1,1,0,0,0,충남,예산군,1,9,5,0,0,0,4,126.7415,36.538,충남예산군,0,승용차이륜차,0,0,0,187,0,0
2012-03-08,0,3,1,1,0,0,0,충남,부여군,1,6,0,0,0,4,1,126.8905,36.276,충남부여군,0,이륜차없음,0,0,0,129,0,0
2012-03-10,1,5,2,3,0,1,0,충남,홍성군,1,5,9,0,0,1,2,126.6077,36.5863,충남홍성군,1,화물차승용차,0,1,0,38,0,0
2012-03-17,0,5,2,4,2,0,0,대구,북구,1,9,5,0,0,5,2,128.5718,35.9036,대구북구,1,특수차승용차,0,1,0,112,0,0
2012-03-15,1,3,1,1,0,0,0,강원,홍천군,1,10,0,0,0,9,1,127.8009,37.7084,강원홍천군,0,농기계없음,0,0,0,82,0,0
2012-03-16,0,4,1,2,1,0,0,경남,창원시(통합),1,7,6,0,0,0,7,128.6528,35.2298,경남창원시(통합),0,승용차원동기장치자전거,0,0,0,86,0,0
2012-03-13,0,1,1,2,0,1,0,전남,무안군,1,9,5,0,0,0,7,126.3958,35.0294,전남무안군,0,승용차원동기장치자전거,0,0,0,101,0,0
2012-03-21,1,2,1,1,0,0,0,강원,횡성군,1,11,0,0,0,6,1,127.9051,37.4882,강원횡성군,0,원동기장치자전거없음,0,0,0,31,0,0
2012-03-19,1,0,1,1,0,0,0,충남,아산시,1,1,0,0,0,0,3,127.0907,36.8484,충남아산시,0,승용차화물차,0,0,0,53,0,0
2012-03-26,1,0,1,1,0,0,0,충남,금산군,1,6,0,0,0,6,1,127.4852,36.1076,충남금산군,0,원동기장치자전거없음,0,0,0,68,0,0
2012-04-07,1,5,1,1,0,0,0,경북,포항시,1,7,0,1,2,4,11,129.4133,35.9948,경북포항시,0,이륜차특수차,0,1,0,160,0,0
2012-04-07,1,5,1,3,0,2,0,전남,나주시,1,1,8,1,1,0,3,126.5925,34.9592,전남나주시,0,승용차화물차,0,1,0,33,0,0
2012-04-08,0,6,1,2,1,0,0,대구,수성구,1,1,0,0,0,4,1,128.6917,35.8279,대구수성구,0,이륜차없음,0,1,0,37,0,0
2012-04-05,1,3,1,4,3,0,0,충남,당진시,1,7,7,1,1,1,2,126.5932,36.8402,충남당진시,1,화물차승용차,0,0,0,46,0,0
2012-04-11,1,2,1,2,1,0,0,경북,경주시,1,1,0,1,1,2,4,129.2749,35.9875,경북경주시,0,승합차이륜차,0,1,0,100,0,0
2012-04-11,0,2,2,6,4,0,0,제주,제주시,1,10,0,0,0,0,1,126.5435,33.4815,제주제주시,2,승용차없음,0,1,0,90,0,0
2012-04-08,1,6,1,1,0,0,0,경북,경주시,1,1,0,0,0,6,1,129.2611,35.8504,경북경주시,0,원동기장치자전거없음,0,1,0,100,0,0
2012-04-14,0,5,1,1,0,0,0,경기,성남시,1,10,0,0,0,2,1,127.1374,37.3995,경기성남시,0,승합차없음,0,1,0,95,0,0
2012-04-18,1,2,1,2,1,0,0,경북,의성군,1,9,5,1,1,0,9,128.6188,36.2859,경북의성군,0,승용차건설기계,0,0,0,105,0,0
2012-04-18,1,2,1,1,0,0,0,전북,순창군,1,7,7,1,2,1,5,127.1445,35.37,전북순창군,0,화물차자전거,0,0,0,131,0,0
2012-04-17,0,1,1,1,0,0,0,경북,김천시,1,7,0,0,0,1,11,128.2748,36.0652,경북김천시,0,화물차특수차,0,0,0,76,0,0
2012-04-17,1,1,1,1,0,0,0,대구,달성군,1,1,0,1,1,6,5,128.4382,35.8617,대구달성군,0,원동기장치자전거자전거,0,0,0,30,0,0
2012-04-23,0,0,1,5,0,3,1,경북,울릉군,1,1,0,0,0,0,1,130.9053,37.4788,인천서구,1,승용차없음,0,0,0,97,0,0
2012-04-24,1,1,1,1,0,0,0,강원,횡성군,1,10,0,0,0,5,1,128.1407,37.5049,강원횡성군,0,특수차없음,0,0,0,31,0,0
2012-04-22,1,6,1,1,0,0,0,전북,익산시,1,7,6,1,1,2,3,126.9751,36.0069,전북익산시,0,승합차화물차,0,1,0,125,0,0
2012-04-22,0,6,1,2,1,0,0,경남,창원시(통합),1,1,0,0,0,0,1,128.6324,35.2206,경남창원시(통합),0,승용차없음,0,1,0,86,0,0
2012-04-22,0,6,1,1,0,0,0,경기,양평군,1,6,0,0,0,0,1,127.5179,37.4922,경기양평군,0,승용차없음,0,1,0,48,0,0
2012-04-22,0,6,1,3,2,0,0,대구,동구,1,9,5,0,0,0,3,128.6272,35.8782,대구동구,1,승용차화물차,0,1,0,26,0,0
2012-04-21,0,5,1,1,0,0,0,경북,구미시,1,7,0,0,0,4,6,128.3278,36.1371,경북구미시,0,이륜차승합차,0,1,0,144,0,0
2012-04-27,0,4,1,1,0,0,0,강원,원주시,1,7,5,0,0,0,4,127.9972,37.344,강원원주시,0,승용차이륜차,0,0,0,36,0,0
2012-04-26,0,3,1,4,3,0,0,전남,무안군,1,6,2,0,0,0,1,126.295,35.0781,전남무안군,1,승용차없음,0,0,0,101,0,0
2012-03-11,1,6,1,1,0,0,0,강원,춘천시,1,7,0,0,0,4,2,127.7832,37.9667,강원춘천시,0,이륜차승용차,0,1,0,111,0,0
2012-03-18,0,5,1,1,0,0,0,경기,안산시,1,6,0,0,0,0,1,126.8724,37.289,경기안산시,0,승용차없음,0,1,0,2,0,0
2012-03-30,0,4,1,1,0,0,0,광주,광산구,1,6,0,0,0,1,1,126.8239,35.217,광주광산구,0,화물차없음,0,0,0,135,0,0
2012-03-28,1,2,1,1,0,0,0,대구,동구,1,5,0,0,0,1,4,128.7089,35.8723,대구동구,0,화물차이륜차,0,0,0,26,0,0
2012-04-03,0,1,1,1,0,0,0,충남,천안시,1,5,0,1,2,0,2,127.1411,36.8257,충남천안시,0,승용차승용차,0,0,0,63,0,0
2012-04-04,1,2,1,1,0,0,0,경남,고성군,1,10,0,0,0,4,1,128.3507,35.0156,경남고성군,0,이륜차없음,0,0,0,87,0,0
2012-03-14,1,1,1,1,0,0,0,전남,신안군,1,7,8,1,1,1,7,126.0442,34.8852,전남신안군,0,화물차원동기장치자전거,0,0,0,132,0,0
2012-03-12,0,0,1,3,1,1,0,전남,영암군,1,5,0,0,0,1,3,126.5678,34.8186,전남영암군,0,화물차화물차,0,0,0,16,0,0
2012-03-18,0,6,1,1,0,0,0,경기,동두천시,1,10,0,0,0,4,1,127.0372,37.9076,경기동두천시,0,이륜차없음,0,1,0,94,0,0
2012-04-13,1,4,1,1,0,0,0,강원,강릉시,1,7,6,1,1,4,6,128.9017,37.7586,강원강릉시,0,이륜차승합차,0,0,0,194,0,0
2012-04-13,1,4,1,2,1,0,0,충남,홍성군,1,7,10,1,2,6,2,126.6462,36.5556,충남홍성군,0,원동기장치자전거승용차,0,0,0,38,0,0
2012-04-20,0,4,1,1,0,0,0,충북,음성군,1,5,7,1,1,1,2,127.5599,36.9717,충북음성군,0,화물차승용차,0,0,0,110,0,0
2012-04-17,1,1,1,2,0,0,1,광주,북구,1,1,0,1,1,0,4,126.9022,35.2226,광주북구,0,승용차이륜차,0,0,0,137,0,0
2012-04-18,1,2,1,6,4,1,0,경기,부천시,1,1,5,2,0,0,6,126.7784,37.4939,경기부천시,1,승용차승합차,0,0,0,65,0,0
2012-04-23,0,0,1,2,1,0,0,경북,의성군,1,5,0,0,0,1,3,128.6778,36.3527,경북의성군,0,화물차화물차,0,0,0,105,0,0
2012-04-21,1,5,1,1,0,0,0,광주,광산구,1,11,0,0,0,0,1,126.7939,35.0889,광주광산구,0,승용차없음,0,1,0,135,0,0
2012-03-12,0,0,1,7,0,6,0,전남,여수시,1,9,6,1,1,0,6,127.6788,34.7497,전남여수시,1,승용차승합차,0,0,0,102,0,0
2012-03-21,0,2,1,1,0,0,0,충북,청원군,1,9,6,1,1,0,4,127.6154,36.5982,충북청주시,0,승용차이륜차,0,0,0,83,0,0
2012-03-25,0,6,1,4,2,1,0,인천,서구,1,6,0,0,0,0,1,126.6747,37.5481,인천서구,1,승용차없음,0,1,0,97,0,0
2012-03-25,1,6,1,4,1,2,0,서울,서대문구,1,7,6,1,1,0,6,126.917,37.5683,서울서대문구,1,승용차승합차,0,1,0,195,0,0
2012-03-29,0,3,1,1,0,0,0,전북,전주시,1,1,7,1,1,0,4,127.1231,35.818,전북전주시,0,승용차이륜차,0,0,0,11,0,0
2012-03-28,0,2,1,3,0,1,1,경기,이천시,1,11,0,0,0,0,1,127.6082,37.1152,경기이천시,0,승용차없음,0,0,0,41,0,0
2012-04-03,1,1,1,1,0,0,0,전남,영암군,1,11,0,1,2,1,1,126.56,34.7249,전남영암군,0,화물차없음,0,0,0,16,0,0
2012-04-02,0,0,1,1,0,0,0,부산,금정구,1,9,5,0,0,7,3,129.0887,35.2255,부산금정구,0,자전거화물차,0,0,0,96,0,0
2012-04-06,1,4,1,1,0,0,0,경기,고양시,1,9,6,1,1,4,6,126.7581,37.6715,경기고양시,0,이륜차승합차,0,0,0,40,0,0
2012-04-09,1,0,1,1,0,0,0,경남,고성군,1,7,6,1,1,0,7,128.3195,34.9815,경남고성군,0,승용차원동기장치자전거,0,0,0,87,0,0
2012-04-17,0,1,1,1,0,0,0,경남,합천군,1,11,0,0,0,4,1,128.1067,35.5419,경남합천군,0,이륜차없음,0,0,0,133,0,0
2012-04-17,1,1,1,1,0,0,0,전남,영암군,1,7,0,0,0,1,8,126.6983,34.8171,전남영암군,0,화물차농기계,0,0,0,16,0,0
2012-04-21,0,5,1,1,0,0,0,광주,북구,1,7,0,0,0,0,5,126.9026,35.1585,광주북구,0,승용차자전거,0,1,0,137,0,0
2012-04-20,1,4,1,3,0,2,0,경남,김해시,1,5,0,0,0,1,6,128.8718,35.2447,경남김해시,0,화물차승합차,0,0,0,13,0,0
2012-03-01,1,3,1,2,1,0,0,경남,하동군,1,7,0,0,0,2,2,127.6419,35.1708,경남하동군,0,승합차승용차,0,1,0,172,0,0
2012-05-30,0,2,1,2,0,1,0,경북,영천시,1,7,0,1,1,0,2,128.9295,35.9661,경북영천시,0,승용차승용차,0,0,0,5,0,0
2012-05-30,1,2,1,3,1,0,1,전남,영광군,1,5,5,0,0,0,3,126.5151,35.3012,전남영광군,0,승용차화물차,0,0,0,127,0,0
2012-06-06,1,2,1,1,0,0,0,경남,창원시(통합),1,1,0,1,1,2,4,128.6666,35.2501,경남창원시(통합),0,승합차이륜차,0,1,0,86,0,0
2012-06-05,1,1,1,2,1,0,0,전북,김제시,1,9,5,0,0,0,3,127.0085,35.7798,전북김제시,0,승용차화물차,0,0,0,34,0,0
2012-06-04,1,0,1,1,0,0,0,대구,수성구,1,7,0,1,1,0,5,128.6108,35.829,대구수성구,0,승용차자전거,0,0,0,37,0,0
2012-06-03,1,6,1,2,1,0,0,경기,고양시,1,9,5,0,0,0,2,126.8798,37.6314,경기고양시,0,승용차승용차,0,1,0,40,0,0
2012-06-02,0,5,1,1,0,0,0,경북,김천시,1,1,0,0,0,6,1,128.0967,36.1257,경북김천시,0,원동기장치자전거없음,0,1,0,76,0,0
2012-06-10,1,6,1,1,0,0,0,충남,공주시,1,6,0,0,0,0,1,126.9409,36.4952,충남공주시,0,승용차없음,0,1,0,19,0,0
2012-06-08,1,4,1,4,3,0,0,충북,제천시,1,7,5,0,0,0,3,128.165,36.9394,충북제천시,1,승용차화물차,0,0,0,103,0,0
2012-06-13,0,2,1,2,0,1,0,경기,남양주시,1,1,6,1,1,6,7,127.2437,37.6559,경기남양주시,0,원동기장치자전거원동기장치자전거,0,0,0,70,0,0
2012-06-15,0,4,1,2,1,0,0,경기,화성시,1,10,0,0,0,0,1,126.9022,37.1394,경기화성시,0,승용차없음,0,0,0,50,0,0
2012-06-08,0,4,1,1,0,0,0,전남,영광군,1,10,0,0,0,1,1,126.5561,35.296,전남영광군,0,화물차없음,0,0,0,127,0,0
2012-06-08,0,4,1,2,0,1,0,부산,금정구,1,7,0,1,1,6,2,129.0909,35.2443,부산금정구,0,원동기장치자전거승용차,0,0,0,96,0,0
2012-04-30,1,0,1,1,0,0,0,대전,서구,1,5,0,0,0,2,6,127.3496,36.3043,대전서구,0,승합차승합차,0,0,0,4,0,0
2012-04-29,1,6,1,1,0,0,0,대전,대덕구,1,1,0,0,0,7,1,127.4253,36.3745,대전대덕구,0,자전거없음,0,1,0,77,0,0
2012-04-29,1,6,1,1,0,0,0,경북,영주시,1,1,0,1,1,1,5,128.6228,36.8102,경북영주시,0,화물차자전거,0,1,0,113,0,0
2012-04-28,1,5,2,5,3,0,0,대전,중구,1,9,5,2,0,0,2,127.4095,36.3418,대전중구,1,승용차승용차,0,1,0,39,0,0
2012-05-04,1,4,1,1,0,0,0,경남,밀양시,1,6,0,0,0,4,1,128.7259,35.3731,경남밀양시,0,이륜차없음,0,0,0,177,0,0
2012-05-07,1,0,1,1,0,0,0,제주,서귀포시,1,7,3,0,0,0,7,126.5474,33.2543,제주서귀포시,0,승용차원동기장치자전거,0,0,0,62,0,0
2012-05-05,0,5,1,3,0,2,0,충남,태안군,1,7,5,1,2,0,4,126.3583,36.4921,충남태안군,0,승용차이륜차,0,1,0,169,0,0
2012-05-12,1,5,1,1,0,0,0,전북,완주군,1,10,0,0,0,1,1,127.1118,35.9618,전북완주군,0,화물차없음,0,1,0,28,0,0
2012-05-15,1,1,1,1,0,0,0,전북,김제시,1,7,6,1,1,6,3,127.0062,35.777,전북김제시,0,원동기장치자전거화물차,0,0,0,34,0,0
2012-05-15,1,1,1,1,0,0,0,경기,고양시,1,6,0,0,0,0,1,126.7845,37.6292,경기고양시,0,승용차없음,0,0,0,40,0,0
2012-05-18,1,4,1,4,0,3,0,충남,청양군,1,9,5,0,0,1,9,126.7986,36.4702,충남청양군,1,화물차건설기계,0,0,0,174,0,0
2012-05-18,1,4,1,1,0,0,0,전남,영암군,1,10,0,0,0,9,1,126.6015,34.8569,전남영암군,0,농기계없음,0,0,0,16,0,0
2012-05-24,1,3,1,1,0,0,0,대전,동구,1,5,0,1,2,4,6,127.4569,36.317,대전동구,0,이륜차승합차,0,0,0,80,0,0
2012-05-29,1,1,1,2,1,0,0,충남,논산시,1,7,7,1,1,1,9,127.0841,36.2353,충남논산시,0,화물차건설기계,0,0,0,61,0,0
2012-05-26,1,5,1,4,1,2,0,전남,광양시,1,7,0,0,0,0,3,127.5775,34.9195,전남광양시,1,승용차화물차,0,1,0,130,0,0
2012-05-26,1,5,1,4,3,0,0,강원,강릉시,1,7,5,0,0,0,2,128.8383,37.7268,강원강릉시,1,승용차승용차,0,1,0,194,0,0
2012-05-26,1,5,1,1,0,0,0,부산,연제구,1,1,0,0,3,1,5,129.1073,35.1804,부산연제구,0,화물차자전거,0,1,0,221,0,0
2012-06-06,1,2,1,1,0,0,0,경북,포항시,1,5,0,1,2,0,9,129.4326,36.1008,경북포항시,0,승용차건설기계,0,1,0,160,0,0
2012-06-06,0,2,1,4,2,1,0,광주,북구,1,7,7,1,1,0,2,126.8653,35.2141,광주북구,1,승용차승용차,0,1,0,137,0,0
2012-06-12,1,1,1,1,0,0,0,전북,전주시,1,7,0,0,0,2,5,127.1079,35.8191,전북전주시,0,승합차자전거,0,0,0,11,0,0
2012-06-09,1,5,1,1,0,0,0,전남,해남군,1,10,0,0,0,9,1,126.6706,34.44,전남해남군,0,농기계없음,0,1,0,119,0,0
2012-04-24,0,1,1,2,0,1,0,부산,해운대구,1,7,5,0,3,0,2,129.124,35.1739,부산해운대구,0,승용차승용차,0,0,0,1,0,0
2012-04-29,1,6,1,3,0,2,0,충남,당진시,1,1,0,0,0,0,2,126.5501,36.8819,충남당진시,0,승용차승용차,0,1,0,46,0,0
2012-05-03,0,3,2,3,1,0,0,울산,울주군,1,10,0,0,0,0,1,129.241,35.5692,울산울주군,1,승용차없음,0,0,0,17,0,0
2012-05-04,1,4,1,1,0,0,0,서울,관악구,1,7,0,0,0,3,5,126.9831,37.4717,서울관악구,0,건설기계자전거,0,0,0,188,0,0
2012-05-04,0,4,1,2,0,1,0,충북,충주시,1,5,0,0,0,1,3,127.887,37.0693,충북충주시,0,화물차화물차,0,0,0,6,0,0
2012-05-05,0,5,1,3,1,1,0,충북,괴산군,1,10,0,0,0,0,1,128.0049,36.7555,충북괴산군,0,승용차없음,0,1,0,179,0,0
2012-05-06,1,6,1,2,1,0,0,경기,성남시,1,10,0,0,0,5,1,127.132,37.4275,경기성남시,0,특수차없음,0,1,0,95,0,0
2012-05-07,1,0,1,1,0,0,0,충북,청주시,1,1,0,0,3,2,5,127.4413,36.6269,충북청주시,0,승합차자전거,0,0,0,83,0,0
2012-05-05,0,5,1,2,1,0,0,경기,고양시,1,7,6,1,1,0,2,126.8203,37.6286,경기고양시,0,승용차승용차,0,1,0,40,0,0
2012-05-13,1,6,1,1,0,0,0,전북,완주군,1,7,3,0,0,4,2,127.1666,35.9237,전북완주군,0,이륜차승용차,0,1,0,28,0,0
2012-05-10,0,3,1,1,0,0,0,강원,철원군,1,6,0,1,1,2,1,127.3014,38.1331,강원철원군,0,승합차없음,0,0,0,184,0,0
2012-05-11,1,4,1,1,0,0,0,대구,북구,1,1,6,1,1,6,2,128.5566,35.9372,대구북구,0,원동기장치자전거승용차,0,0,0,112,0,0
2012-05-14,1,0,1,10,0,9,0,경기,화성시,1,9,5,0,0,1,6,126.9597,37.2095,경기화성시,2,화물차승합차,0,0,0,50,0,0
2012-05-17,0,3,1,2,1,0,0,강원,고성군,1,7,5,0,0,1,2,128.473,38.2125,강원고성군,0,화물차승용차,0,0,0,217,0,0
2012-05-17,1,3,1,1,0,0,0,충북,영동군,1,7,5,0,0,6,2,127.6319,36.1655,충북영동군,0,원동기장치자전거승용차,0,0,0,75,0,0
2012-05-25,1,4,1,12,7,3,1,경남,하동군,1,6,0,0,0,2,1,127.8085,34.9847,경남하동군,2,승합차없음,0,0,0,172,0,0
2012-05-23,1,2,1,2,0,0,1,서울,구로구,1,10,0,0,0,6,1,126.8563,37.4884,서울구로구,0,원동기장치자전거없음,0,0,0,79,0,0
2012-05-23,1,2,1,1,0,0,0,강원,고성군,1,1,0,0,0,4,1,128.475,38.3831,강원고성군,0,이륜차없음,0,0,0,217,0,0
2012-05-22,0,1,1,2,1,0,0,경남,의령군,1,9,5,0,0,1,2,128.3473,35.4356,경남의령군,0,화물차승용차,0,0,0,189,0,0
2012-05-29,1,1,1,1,0,0,0,대구,달서구,1,7,6,0,0,1,7,128.5374,35.8545,대구달서구,0,화물차원동기장치자전거,0,0,0,20,0,0
2012-04-08,0,6,1,1,0,0,0,인천,서구,1,6,0,2,4,0,1,126.6621,37.5924,인천서구,0,승용차없음,0,1,0,97,0,0
2012-04-15,0,6,1,1,0,0,0,경기,용인시,1,6,0,0,0,0,1,127.1019,37.234,경기용인시,0,승용차없음,0,1,0,51,0,0
2012-04-19,1,3,1,3,2,0,0,대구,달성군,1,10,0,0,0,0,1,128.447,35.8003,대구달성군,1,승용차없음,0,0,0,30,0,0
2012-04-18,0,2,1,1,0,0,0,경기,의정부시,1,6,0,2,0,0,1,127.0694,37.737,경기의정부시,0,승용차없음,0,0,0,64,0,0
2012-04-16,1,0,1,3,0,2,0,전남,순천시,1,7,0,1,1,0,3,127.4853,34.9099,전남순천시,0,승용차화물차,0,0,0,27,0,0
2012-04-16,1,0,1,1,0,0,0,경북,영양군,1,11,0,0,0,0,1,129.0635,36.6694,경북영양군,0,승용차없음,0,0,0,128,0,0
2012-04-23,1,0,1,2,1,0,0,전북,정읍시,1,5,0,0,0,1,8,126.8965,35.5269,전북정읍시,0,화물차농기계,0,0,0,12,0,0
2012-04-21,0,5,3,4,0,1,0,전북,완주군,1,6,0,0,0,0,1,127.1596,35.9112,전북완주군,1,승용차없음,0,1,0,28,0,0
2012-03-08,1,3,1,3,2,0,0,경기,파주시,1,9,5,0,0,0,2,126.7482,37.7394,경기파주시,1,승용차승용차,0,0,0,175,0,0
2012-03-06,0,1,1,2,1,0,0,전북,완주군,1,9,5,0,0,0,3,127.1195,35.7026,전북완주군,0,승용차화물차,0,0,0,28,0,0
2012-03-06,0,1,1,3,2,0,0,인천,남구,1,5,0,0,0,0,3,126.6715,37.4519,인천남동구,1,승용차화물차,0,0,0,29,0,0
2012-03-05,0,0,1,2,1,0,0,충북,청주시,1,5,0,1,2,0,2,127.4501,36.606,충북청주시,0,승용차승용차,0,0,0,83,0,0
2012-03-05,1,0,1,1,0,0,0,전남,광양시,1,7,7,1,1,1,5,127.5881,34.9706,전남광양시,0,화물차자전거,0,0,0,130,0,0
2012-03-12,0,0,1,1,0,0,0,전북,전주시,1,7,8,1,1,1,4,127.1404,35.8732,전북전주시,0,화물차이륜차,0,0,0,11,0,0
2012-03-13,1,1,1,1,0,0,0,부산,금정구,1,5,0,0,0,1,6,129.0941,35.2829,부산금정구,0,화물차승합차,0,0,0,96,0,0
2012-03-10,1,5,1,2,1,0,0,충북,음성군,1,5,0,0,0,4,4,127.65,37.1185,충북음성군,0,이륜차이륜차,0,1,0,110,0,0
2012-03-10,0,5,1,1,0,0,0,전남,완도군,1,5,0,0,0,0,9,126.7165,34.3807,전남완도군,0,승용차건설기계,0,1,0,141,0,0
2012-03-17,0,5,2,3,1,0,0,경기,포천시,1,11,0,0,0,1,1,127.1746,37.866,경기포천시,1,화물차없음,0,1,0,171,0,0
2012-03-17,1,5,1,1,0,0,0,전남,진도군,1,6,0,0,0,2,1,126.2831,34.5766,전남진도군,0,승합차없음,0,1,0,71,0,0
2012-03-22,0,3,1,4,0,3,0,경남,밀양시,1,9,5,0,0,0,6,128.712,35.5287,경남밀양시,1,승용차승합차,0,0,0,177,0,0
2012-03-19,1,0,1,5,1,2,1,부산,동구,1,9,5,1,2,0,2,129.0458,35.1179,부산동구,1,승용차승용차,0,0,0,209,0,0
2012-03-18,0,6,1,1,0,0,0,경기,안산시,1,10,0,0,0,0,1,126.8985,37.3024,경기안산시,0,승용차없음,0,1,0,2,0,0
2012-03-25,0,6,1,2,1,0,0,대구,달서구,1,7,6,1,1,4,2,128.5449,35.8435,대구달서구,0,이륜차승용차,0,1,0,20,0,0
2012-04-05,0,3,1,1,0,0,0,전남,광양시,1,5,0,0,0,0,9,127.6252,34.9603,전남광양시,0,승용차건설기계,0,0,0,130,0,0
2012-04-11,0,2,1,1,0,0,0,광주,북구,1,6,0,0,0,0,1,126.8449,35.176,광주북구,0,승용차없음,0,1,0,137,0,0
2012-04-10,1,1,1,1,0,0,0,대전,동구,1,7,6,1,1,6,3,127.4297,36.3302,대전동구,0,원동기장치자전거화물차,0,0,0,80,0,0
2012-04-08,1,6,1,2,1,0,0,경북,김천시,1,1,0,0,0,0,1,128.2492,36.1596,경북김천시,0,승용차없음,0,1,0,76,0,0
2012-04-19,0,3,1,2,0,1,0,대구,달서구,1,5,0,0,0,0,3,128.5248,35.8593,대구달서구,0,승용차화물차,0,0,0,20,0,0
2012-04-22,0,6,2,3,0,1,0,전북,완주군,1,7,0,0,0,0,3,127.1531,35.7484,전북완주군,1,승용차화물차,0,1,0,28,0,0
2012-04-23,0,0,1,1,0,0,0,서울,금천구,1,6,0,0,0,0,1,126.8788,37.4752,서울금천구,0,승용차없음,0,0,0,109,0,0
2012-04-26,1,3,1,1,0,0,0,경북,영주시,1,7,5,0,0,7,2,128.6206,36.8253,경북영주시,0,자전거승용차,0,0,0,113,0,0
2012-04-27,1,4,1,2,0,1,0,부산,강서구,1,1,6,1,2,4,3,128.9243,35.1135,부산강서구,0,이륜차화물차,0,0,0,206,0,0
2012-03-20,0,1,1,1,0,0,0,충북,청원군,1,5,0,0,0,1,5,127.3737,36.6525,충북청주시,0,화물차자전거,0,0,0,83,0,0
2012-03-20,0,1,1,1,0,0,0,경기,안산시,1,7,0,1,1,7,3,126.7706,37.3402,경기안산시,0,자전거화물차,0,0,0,2,0,0
2012-03-19,1,0,1,1,0,0,0,경기,김포시,1,7,6,1,1,3,4,126.7717,37.6,경기김포시,0,건설기계이륜차,0,0,0,47,0,0
2012-03-24,1,5,1,3,0,2,0,인천,서구,1,7,5,0,3,2,3,126.6638,37.5478,인천서구,0,승합차화물차,0,1,0,97,0,0
2012-03-28,1,2,1,3,2,0,0,경북,경산시,1,1,5,0,0,0,3,128.7344,35.7445,경북경산시,1,승용차화물차,0,0,0,52,0,0
2012-03-28,1,2,1,1,0,0,0,경북,칠곡군,1,5,0,0,0,0,5,128.3464,36.0453,경북칠곡군,0,승용차자전거,0,0,0,21,0,0
2012-03-27,1,1,1,4,3,0,0,전북,부안군,1,7,2,1,1,0,2,126.6733,35.6001,전북부안군,1,승용차승용차,0,0,0,185,0,0
2012-04-06,0,4,1,1,0,0,0,경남,양산시,1,6,0,0,0,6,1,129.0265,35.3074,경남양산시,0,원동기장치자전거없음,0,0,0,49,0,0
2012-04-04,1,2,1,3,2,0,0,경북,경주시,1,7,6,1,1,6,3,129.2144,35.8535,경북경주시,1,원동기장치자전거화물차,0,0,0,100,0,0
2012-04-04,1,2,1,1,0,0,0,충남,예산군,1,1,0,0,0,4,1,126.8451,36.6427,충남예산군,0,이륜차없음,0,0,0,187,0,0
2012-04-16,1,0,1,1,0,0,0,충남,태안군,1,11,0,0,0,4,1,126.1752,36.6934,충남태안군,0,이륜차없음,0,0,0,169,0,0
2012-04-21,1,5,1,1,0,0,0,전남,영암군,1,6,0,0,0,2,1,126.4431,34.7445,전남영암군,0,승합차없음,0,1,0,16,0,0