발생년월일,주야,요일,사망자수,사상자수,중상자수,경상자수,부상신고자수,발생지시도,발생지시군구,사고유형_대분류,사고유형_중분류,법규위반,도로형태_대분류,도로형태,당사자종별_1당_대분류,당사자종별_2당_대분류,경도,위도,발생지,사고피해정도,사고차량타입,도시여부,주말/공휴일,인구수,발생지번호,보행자의위치,무단횡단여부
2013-01-05,0,5,1,1,0,0,0,대전,유성구,1,10,0,0,0,0,1,127.3251,36.4639,대전유성구,0,승용차없음,0,1,0,148,0,0
2013-01-05,1,5,1,1,0,0,0,충남,예산군,1,6,0,0,0,0,1,126.6783,36.779,충남예산군,0,승용차없음,0,1,0,187,0,0
2013-01-05,1,5,1,1,0,0,0,전북,익산시,1,1,0,0,0,4,1,127.4225,35.8953,전북익산시,0,이륜차없음,0,1,0,125,0,0
2013-01-11,0,4,1,3,1,1,0,충북,청주시,1,7,6,1,1,1,3,127.4227,36.6462,충북청주시,0,화물차화물차,0,0,0,83,0,0
2013-01-10,0,3,1,3,1,1,0,서울,강남구,1,1,3,0,0,0,12,127.0229,37.5298,서울강남구,0,승용차기타,0,0,0,89,0,0
2013-01-18,1,4,1,1,0,0,0,경남,창녕군,1,6,0,0,0,1,1,128.4579,35.5179,경남창녕군,0,화물차없음,0,0,0,211,0,0
2013-09-13,0,4,1,2,1,0,0,강원,평창군,1,9,5,0,0,0,2,128.486,37.6289,강원평창군,0,승용차승용차,0,0,0,24,0,0
2013-04-13,1,5,1,22,13,8,0,경기,평택시,1,5,0,0,0,2,6,127.1546,36.9932,경기평택시,2,승합차승합차,0,1,0,14,0,0
2013-07-12,0,4,1,2,0,1,0,전북,정읍시,1,11,0,0,0,0,1,126.8268,35.5676,전북정읍시,0,승용차없음,0,0,0,12,0,0
2013-08-01,0,3,1,16,11,4,0,전북,고창군,1,1,0,0,0,0,2,126.5727,35.332,전북고창군,2,승용차승용차,0,0,0,219,0,0
2013-12-31,1,1,1,2,0,1,0,경남,창원시(통합),1,5,0,0,0,1,3,128.67,35.272,경남창원시(통합),0,화물차화물차,0,0,0,86,0,0
2013-01-08,1,1,1,3,2,0,0,경기,남양주시,1,7,5,0,0,0,2,127.1828,37.7516,경기남양주시,1,승용차승용차,0,0,0,70,0,0
2013-04-23,0,1,1,2,0,1,0,경기,하남시,1,5,0,0,0,0,3,127.1846,37.5799,경기하남시,0,승용차화물차,0,0,0,67,0,0
2013-07-08,1,0,1,1,0,0,0,경기,안산시,1,1,5,0,0,1,3,126.8008,37.3499,경기안산시,0,화물차화물차,0,0,0,2,0,0
2013-08-29,0,3,1,3,1,1,0,충남,공주시,1,1,0,0,0,0,3,127.0685,36.3419,충남공주시,0,승용차화물차,0,0,0,19,0,0
2013-11-04,0,0,1,1,0,0,0,경기,여주시,1,1,3,0,0,1,3,127.5631,37.278,경기여주시,0,화물차화물차,0,0,0,22,0,0
2013-08-23,1,4,1,1,0,0,0,경기,안성시,1,6,0,0,0,0,1,127.371,36.9747,경기안성시,0,승용차없음,0,0,0,23,0,0
2013-10-04,1,4,1,10,0,9,0,전북,완주군,1,5,0,0,0,1,11,127.2242,35.7465,전북완주군,2,화물차특수차,0,0,0,28,0,0
2013-10-07,1,0,1,2,0,1,0,경북,영천시,1,5,0,0,0,1,3,129.001,36.0548,경북영천시,0,화물차화물차,0,0,0,5,0,0
2013-04-29,1,0,1,1,0,0,0,대전,대덕구,1,6,0,0,0,0,1,127.4217,36.3921,대전대덕구,0,승용차없음,0,0,0,77,0,0
2013-01-10,0,3,1,3,2,0,0,경북,영주시,1,9,5,0,0,0,2,128.6476,36.9745,경북영주시,1,승용차승용차,0,0,0,113,0,0
2013-01-10,1,3,1,1,0,0,0,경기,여주시,1,11,0,0,0,1,1,127.6022,37.3277,경기여주시,0,화물차없음,0,0,0,22,0,0
2013-01-17,1,3,1,2,0,1,0,전남,장성군,1,7,5,0,0,0,3,126.6633,35.3199,전남장성군,0,승용차화물차,0,0,0,146,0,0
2013-01-18,1,4,1,1,0,0,0,경북,칠곡군,1,5,0,0,0,1,8,128.3963,35.9649,경북칠곡군,0,화물차농기계,0,0,0,21,0,0
2013-01-13,1,6,1,1,0,0,0,전북,부안군,1,6,0,0,0,1,1,126.7215,35.6824,전북부안군,0,화물차없음,0,1,0,185,0,0
2013-01-15,0,1,1,5,3,1,0,전북,김제시,1,7,0,0,0,0,2,126.917,35.8092,전북김제시,1,승용차승용차,0,0,0,34,0,0
2013-01-13,0,6,1,3,0,2,0,광주,광산구,1,7,6,1,1,0,2,126.8194,35.2026,광주광산구,0,승용차승용차,0,1,0,135,0,0
2013-01-23,0,2,1,1,0,0,0,전북,임실군,1,5,0,1,2,1,3,127.3133,35.5763,전북임실군,0,화물차화물차,0,0,0,152,0,0
2013-01-23,0,2,1,1,0,0,0,경기,포천시,1,5,0,0,0,2,11,127.1404,37.8107,경기포천시,0,승합차특수차,0,0,0,171,0,0
2013-01-19,0,5,1,3,0,2,0,대전,중구,1,1,0,1,1,0,2,127.419,36.3326,대전중구,0,승용차승용차,0,1,0,39,0,0
2013-01-20,1,6,1,1,0,0,0,부산,진구,1,7,0,0,0,0,5,129.0522,35.1662,부산진구,0,승용차자전거,0,1,0,231,0,0
2013-01-30,0,2,1,1,0,0,0,전남,광양시,1,11,0,0,0,0,1,127.7105,34.9934,전남광양시,0,승용차없음,0,0,0,130,0,0
2013-01-31,1,3,1,1,0,0,0,부산,남구,1,1,4,0,0,1,3,129.0805,35.1105,부산남구,0,화물차화물차,0,0,0,180,0,0
2013-01-28,1,0,1,1,0,0,0,충북,보은군,1,6,0,0,0,1,1,127.7739,36.4171,충북보은군,0,화물차없음,0,0,0,32,0,0
2013-01-28,1,0,1,1,0,0,0,전북,김제시,1,7,8,1,1,6,6,126.909,35.8019,전북김제시,0,원동기장치자전거승합차,0,0,0,34,0,0
2013-02-05,0,1,2,2,0,0,0,강원,인제군,1,11,0,0,0,0,1,128.2095,38.1218,강원인제군,0,승용차없음,0,0,0,124,0,0
2013-02-01,0,4,1,2,0,1,0,제주,제주시,1,7,5,1,2,1,6,126.6107,33.4678,제주제주시,0,화물차승합차,0,0,0,90,0,0
2013-02-02,0,5,1,1,0,0,0,경기,포천시,1,6,0,0,0,0,1,127.2026,37.8966,경기포천시,0,승용차없음,0,1,0,171,0,0
2013-02-12,0,1,1,1,0,0,0,전남,곡성군,1,11,0,0,0,0,1,127.3585,35.2484,전남곡성군,0,승용차없음,0,0,0,147,0,0
2013-01-19,0,5,2,5,2,1,0,경북,칠곡군,1,6,0,0,0,0,1,128.3906,35.9973,경북칠곡군,1,승용차없음,0,1,0,21,0,0
2013-01-14,1,0,1,1,0,0,0,경기,고양시,1,6,0,0,0,0,1,126.8216,37.6104,경기고양시,0,승용차없음,0,0,0,40,0,0
2013-01-13,1,6,1,1,0,0,0,경북,봉화군,1,6,0,0,0,1,1,128.6496,36.8985,경북봉화군,0,화물차없음,0,1,0,149,0,0
2013-01-13,0,6,1,1,0,0,0,경북,영천시,1,1,0,2,4,9,1,128.9895,35.8715,경북영천시,0,농기계없음,0,1,0,5,0,0
2013-01-13,1,6,1,5,0,4,0,충북,청원군,1,1,0,0,0,1,2,127.5547,36.7184,충북청주시,1,화물차승용차,0,1,0,83,0,0
2013-01-13,1,6,1,1,0,0,0,충북,청원군,1,10,0,0,0,9,1,127.3462,36.6475,충북청주시,0,농기계없음,0,1,0,83,0,0
2013-01-13,1,6,1,1,0,0,0,전북,완주군,1,1,0,0,0,6,1,127.1764,35.9157,전북완주군,0,원동기장치자전거없음,0,1,0,28,0,0
2013-01-25,1,4,1,1,0,0,0,대전,서구,1,7,9,1,1,7,2,127.3851,36.3426,대전서구,0,자전거승용차,0,0,0,4,0,0
2013-01-21,0,0,1,2,1,0,0,경기,안산시,1,5,2,0,0,0,6,126.8077,37.3364,경기안산시,0,승용차승합차,0,0,0,2,0,0
2013-08-14,0,2,1,1,0,0,0,경기,용인시,1,1,0,0,0,1,12,127.114,37.2916,경기용인시,0,화물차기타,0,0,0,51,0,0
2013-10-15,1,1,1,11,3,5,2,경기,오산시,1,5,0,0,0,2,3,127.0427,37.1794,경기오산시,2,승합차화물차,0,0,0,143,0,0
2013-01-03,1,3,1,3,2,0,0,대구,동구,1,1,0,0,0,5,6,128.68,35.8947,대구동구,1,특수차승합차,0,0,0,26,0,0
2013-04-07,1,6,1,1,0,0,0,경기,안성시,1,1,0,0,0,1,3,127.3067,36.9755,경기안성시,0,화물차화물차,0,1,0,23,0,0
2013-03-24,0,6,1,1,0,0,0,경기,의정부시,1,6,0,0,0,0,1,127.0161,37.719,경기의정부시,0,승용차없음,0,1,0,64,0,0
2013-05-29,0,2,1,1,0,0,0,경기,의정부시,1,5,0,0,0,0,3,127.0482,37.6972,경기의정부시,0,승용차화물차,0,0,0,64,0,0
2012-03-20,1,1,1,1,0,0,0,강원,정선군,1,1,0,0,0,9,1,128.647,37.3834,강원정선군,0,농기계없음,0,0,0,198,0,0
2013-02-03,0,6,1,3,2,0,0,부산,사상구,1,9,5,0,0,0,2,128.9777,35.1397,부산사상구,1,승용차승용차,0,1,0,120,0,0
2013-02-03,0,6,1,2,1,0,0,충남,천안시,1,10,0,0,0,0,1,127.1622,36.8284,충남천안시,0,승용차없음,0,1,0,63,0,0
2013-02-11,1,0,1,1,0,0,0,서울,노원구,1,1,0,0,0,0,3,127.0827,37.6342,서울노원구,0,승용차화물차,0,1,0,18,0,0
2013-02-10,1,6,1,9,0,8,0,경기,평택시,1,7,6,1,1,2,2,127.0499,36.9428,경기평택시,2,승합차승용차,0,1,0,14,0,0
2013-02-08,1,4,1,1,0,0,0,강원,화천군,1,6,0,0,0,0,1,127.8058,38.0216,강원화천군,0,승용차없음,0,0,0,218,0,0
2013-01-07,0,0,1,2,0,1,0,전남,함평군,1,5,4,0,0,1,3,126.4876,35.0247,전남함평군,0,화물차화물차,0,0,0,157,0,0
2013-03-10,1,6,1,2,1,0,0,전남,함평군,1,5,0,0,0,2,2,126.4827,35.1515,전남함평군,0,승합차승용차,0,1,0,157,0,0
2013-02-13,0,2,1,2,1,0,0,전남,무안군,1,5,0,0,0,1,3,126.4989,34.9098,전남무안군,0,화물차화물차,0,0,0,101,0,0
2013-10-23,1,2,1,1,0,0,0,서울,송파구,1,6,0,0,0,0,1,127.1333,37.478,서울송파구,0,승용차없음,0,0,0,156,0,0
2013-11-19,0,1,1,1,0,0,0,충북,영동군,1,5,0,0,0,1,3,127.9654,36.212,충북영동군,0,화물차화물차,0,0,0,75,0,0
2013-11-30,1,5,2,3,1,0,0,경북,고령군,1,9,5,0,0,1,3,128.3232,35.7407,경북고령군,1,화물차화물차,0,1,0,220,0,0
2013-12-28,1,5,1,2,1,0,0,경북,고령군,1,9,5,0,0,1,3,128.2938,35.7159,경북고령군,0,화물차화물차,0,1,0,220,0,0
2013-11-12,0,1,1,2,0,1,0,경북,문경시,1,5,0,0,0,1,3,128.147,36.6308,경북문경시,0,화물차화물차,0,0,0,74,0,0
2013-01-03,1,3,1,5,1,3,0,경남,창원시(통합),1,5,3,0,0,1,2,128.555,35.1678,경남창원시(통합),1,화물차승용차,0,0,0,86,0,0
2013-06-25,1,1,1,1,0,0,0,전남,광양시,1,10,0,0,0,0,1,127.6939,34.9878,전남광양시,0,승용차없음,0,0,0,130,0,0
2013-01-14,0,0,1,2,1,0,0,충북,음성군,1,5,0,0,0,0,3,127.473,36.9413,충북음성군,0,승용차화물차,0,0,0,110,0,0
2012-01-29,0,6,1,2,1,0,0,경기,평택시,1,5,0,0,0,0,6,127.1143,36.9985,경기평택시,0,승용차승합차,0,1,0,14,0,0
2012-02-06,1,0,1,5,4,0,0,경기,양주시,1,7,5,0,0,0,2,126.9777,37.7307,경기양주시,1,승용차승용차,0,0,0,59,0,0
2012-02-06,1,0,1,1,0,0,0,전남,보성군,1,11,0,0,0,0,1,127.3556,34.8294,전남보성군,0,승용차없음,0,0,0,122,0,0
2013-02-23,0,5,2,2,0,0,0,강원,강릉시,1,9,5,0,0,0,2,129.0511,37.6159,강원강릉시,0,승용차승용차,0,1,0,194,0,0
2013-01-30,0,2,1,1,0,0,0,울산,울주군,1,6,0,0,0,1,1,129.0372,35.6191,울산울주군,0,화물차없음,0,0,0,17,0,0
2013-01-28,1,0,1,3,0,2,0,강원,홍천군,1,1,0,0,0,0,9,127.9867,37.7942,강원홍천군,0,승용차건설기계,0,0,0,82,0,0
2013-02-06,1,2,1,1,0,0,0,충남,공주시,1,9,0,0,0,6,6,127.1423,36.3588,충남공주시,0,원동기장치자전거승합차,0,0,0,19,0,0
2013-02-05,0,1,1,1,0,0,0,부산,진구,1,6,0,1,2,0,1,129.0464,35.1565,부산진구,0,승용차없음,0,0,0,231,0,0
2013-02-09,0,5,1,1,0,0,0,대전,유성구,1,6,0,0,0,0,1,127.2542,36.2805,대전유성구,0,승용차없음,0,1,0,148,0,0
2013-02-11,1,0,1,3,2,0,0,대구,수성구,1,5,0,0,0,0,2,128.6238,35.8399,대구수성구,1,승용차승용차,0,1,0,37,0,0
2013-02-06,0,2,1,2,1,0,0,충남,아산시,1,9,6,1,1,0,2,127.1064,36.7972,충남아산시,0,승용차승용차,0,0,0,53,0,0
2013-02-16,1,5,1,1,0,0,0,경기,양주시,1,10,0,0,0,0,1,127.0178,37.8941,경기양주시,0,승용차없음,0,1,0,59,0,0
2013-02-18,0,0,1,1,0,0,0,대구,달서구,1,6,0,0,0,0,1,128.5494,35.8394,대구달서구,0,승용차없음,0,0,0,20,0,0
2013-02-14,0,3,1,1,0,0,0,제주,제주시,1,5,0,0,0,0,8,126.1822,33.3398,제주제주시,0,승용차농기계,0,0,0,90,0,0
2013-02-13,0,2,1,1,0,0,0,충남,예산군,1,5,0,0,0,0,5,126.7126,36.7512,충남예산군,0,승용차자전거,0,0,0,187,0,0
2013-01-07,0,0,1,3,2,0,0,강원,동해시,1,6,0,1,2,0,1,129.1057,37.5417,강원동해시,1,승용차없음,0,0,0,210,0,0
2013-01-15,1,1,1,1,0,0,0,경기,광주시,1,6,0,0,0,0,1,127.3827,37.3305,경기광주시,0,승용차없음,0,0,0,9,0,0
2013-01-21,1,0,1,1,0,0,0,강원,춘천시,1,1,0,0,0,0,9,127.6979,37.9841,강원춘천시,0,승용차건설기계,0,0,0,111,0,0
2013-01-30,1,2,1,1,0,0,0,경기,의정부시,1,7,0,0,0,6,2,127.0478,37.7353,경기의정부시,0,원동기장치자전거승용차,0,0,0,64,0,0
2013-01-31,0,3,1,1,0,0,0,경북,구미시,1,7,7,1,1,5,2,128.4157,36.1618,경북구미시,0,특수차승용차,0,0,0,144,0,0
2013-02-05,0,1,1,7,5,1,0,경북,김천시,1,7,5,0,0,0,2,128.1767,36.128,경북김천시,2,승용차승용차,0,0,0,76,0,0
2013-02-05,0,1,1,1,0,0,0,울산,북구,1,5,0,1,2,1,3,129.3512,35.6252,울산북구,0,화물차화물차,0,0,0,158,0,0
2013-02-02,0,5,1,2,0,1,0,서울,동대문구,1,5,6,1,1,0,4,127.0574,37.5729,서울동대문구,0,승용차이륜차,0,1,0,201,0,0
2013-07-01,0,0,1,2,1,0,0,충북,보은군,1,5,3,0,0,0,3,127.7484,36.4567,충북보은군,0,승용차화물차,0,0,0,32,0,0
2013-07-09,1,1,1,5,4,0,0,경북,예천군,1,5,0,0,0,2,3,128.5627,36.7096,경북예천군,1,승합차화물차,0,0,0,55,0,0
2013-09-14,0,5,1,2,0,1,0,충북,보은군,1,5,0,0,0,1,11,127.6532,36.4737,충북보은군,0,화물차특수차,0,1,0,32,0,0
2013-11-07,1,3,1,2,1,0,0,충북,청원군,1,10,0,0,0,0,1,127.3745,36.6725,충북청주시,0,승용차없음,0,0,0,83,0,0
2012-02-15,1,2,1,1,0,0,0,경남,산청군,1,6,0,0,0,0,1,127.8683,35.4292,경남산청군,0,승용차없음,0,0,0,224,0,0
2012-02-15,0,2,1,1,0,0,0,서울,금천구,1,7,0,1,1,7,2,126.8985,37.4758,서울금천구,0,자전거승용차,0,0,0,109,0,0
2012-02-17,1,4,1,1,0,0,0,충남,예산군,1,7,8,0,0,1,7,126.7748,36.543,충남예산군,0,화물차원동기장치자전거,0,0,0,187,0,0
2012-02-14,0,1,1,1,0,0,0,경기,성남시,1,9,5,0,0,2,2,127.1166,37.4275,경기성남시,0,승합차승용차,0,0,0,95,0,0
2012-02-22,1,2,1,5,1,3,0,전북,전주시,1,1,6,1,1,0,2,127.1136,35.8179,전북전주시,1,승용차승용차,0,0,0,11,0,0
2012-02-22,1,2,1,1,0,0,0,전북,정읍시,1,7,8,1,1,4,2,126.838,35.57,전북정읍시,0,이륜차승용차,0,0,0,12,0,0
2012-02-21,0,1,1,1,0,0,0,전북,남원시,1,10,0,1,2,1,1,127.513,35.4471,전북남원시,0,화물차없음,0,0,0,193,0,0
2012-02-28,1,1,1,1,0,0,0,전북,군산시,1,11,0,0,0,1,1,126.6417,35.898,전북군산시,0,화물차없음,0,0,0,166,0,0
2012-02-26,1,6,1,1,0,0,0,대구,북구,1,6,0,1,2,6,1,128.5465,35.9199,대구북구,0,원동기장치자전거없음,0,1,0,112,0,0
2012-02-26,0,6,1,3,2,0,0,경북,포항시,1,1,0,0,0,0,1,129.3358,36.0308,경북포항시,1,승용차없음,0,1,0,160,0,0
2012-03-03,1,5,1,1,0,0,0,전북,완주군,1,7,5,0,0,1,5,127.2148,35.9815,전북완주군,0,화물차자전거,0,1,0,28,0,0
2012-03-02,1,4,1,1,0,0,0,강원,원주시,1,9,5,0,0,0,11,127.9054,37.4164,강원원주시,0,승용차특수차,0,0,0,36,0,0
2012-02-29,0,2,1,1,0,0,0,강원,홍천군,1,6,0,0,0,1,1,127.6121,37.6545,강원홍천군,0,화물차없음,0,0,0,82,0,0
2012-01-25,0,2,1,2,0,1,0,강원,강릉시,1,5,0,0,0,0,3,128.9216,37.7372,강원강릉시,0,승용차화물차,0,0,0,194,0,0
2012-01-25,1,2,1,1,0,0,0,강원,평창군,1,11,0,0,0,1,1,128.3622,37.3796,강원평창군,0,화물차없음,0,0,0,24,0,0
2012-02-05,1,6,1,2,0,1,0,경기,시흥시,1,9,5,0,0,6,2,126.7414,37.3984,경기시흥시,0,원동기장치자전거승용차,0,1,0,73,0,0
2012-02-06,0,0,1,2,1,0,0,경북,경주시,1,1,6,1,1,0,2,129.2026,35.7873,경북경주시,0,승용차승용차,0,0,0,100,0,0
2012-02-05,1,6,1,1,0,0,0,인천,강화군,1,6,0,0,0,0,1,126.4209,37.6409,인천강화군,0,승용차없음,0,1,0,92,0,0
2012-02-04,0,5,1,2,0,1,0,경북,구미시,1,1,0,1,2,0,2,128.3855,36.0837,경북구미시,0,승용차승용차,0,1,0,144,0,0
2012-02-04,0,5,1,1,0,0,0,울산,울주군,1,7,5,0,0,5,2,129.3079,35.4872,울산울주군,0,특수차승용차,0,1,0,17,0,0
2012-02-08,0,2,1,1,0,0,0,울산,울주군,1,7,0,0,0,0,7,129.3379,35.4212,울산울주군,0,승용차원동기장치자전거,0,0,0,17,0,0
2013-03-18,0,0,1,3,2,0,0,경북,영천시,1,5,0,0,0,1,3,128.875,36.0096,경북영천시,1,화물차화물차,0,0,0,5,0,0
2013-03-09,1,5,1,2,0,1,0,경북,의성군,1,5,0,0,0,1,3,128.5802,36.3884,경북의성군,0,화물차화물차,0,1,0,105,0,0
2013-01-21,1,0,1,6,2,0,3,경기,화성시,1,5,0,0,0,0,2,127.0941,37.1931,경기화성시,1,승용차승용차,0,0,0,50,0,0
2013-02-24,0,6,1,2,0,1,0,경기,안성시,1,5,3,0,0,1,3,127.4448,37.12,경기안성시,0,화물차화물차,0,1,0,23,0,0
2013-10-11,1,4,1,6,3,2,0,경기,안산시,1,9,5,0,0,1,6,126.7979,37.3466,경기안산시,1,화물차승합차,0,0,0,2,0,0
2013-07-17,1,2,1,1,0,0,0,충북,청원군,1,5,3,0,0,1,3,127.4713,36.5516,충북청주시,0,화물차화물차,0,0,0,83,0,0
2013-07-13,0,5,1,20,5,7,7,경북,경산시,1,5,0,0,0,2,3,128.7424,35.7168,경북경산시,2,승합차화물차,0,1,0,52,0,0
2013-07-30,1,1,2,4,2,0,0,경남,합천군,1,9,5,2,4,0,2,128.0667,35.7057,경남합천군,1,승용차승용차,0,0,0,133,0,0
2013-08-11,0,6,1,1,0,0,0,경북,영주시,1,5,0,0,0,1,3,128.4816,36.8776,경북영주시,0,화물차화물차,0,1,0,113,0,0
2013-01-19,0,5,1,5,2,2,0,충북,청주시,1,5,0,0,0,0,3,127.402,36.6095,충북청주시,1,승용차화물차,0,1,0,83,0,0
2013-10-17,0,3,1,1,0,0,0,충남,홍성군,1,5,0,0,0,0,3,126.5851,36.5261,충남홍성군,0,승용차화물차,0,0,0,38,0,0
2013-01-20,1,6,1,8,2,5,0,경기,고양시,1,7,5,0,0,0,6,126.8993,37.6497,경기고양시,2,승용차승합차,0,1,0,40,0,0
2013-01-20,1,6,2,2,0,0,0,경기,용인시,1,10,0,0,0,0,1,127.084,37.2767,경기용인시,0,승용차없음,0,1,0,51,0,0
2013-01-21,1,0,1,2,1,0,0,경북,문경시,1,9,5,0,0,1,9,128.1492,36.6466,경북문경시,0,화물차건설기계,0,0,0,74,0,0
2013-01-21,0,0,1,2,1,0,0,충북,충주시,1,6,0,0,0,0,1,127.8933,36.9607,충북충주시,0,승용차없음,0,0,0,6,0,0
2013-02-20,1,2,4,4,0,0,0,경남,함양군,1,6,0,1,1,1,1,127.6497,35.5318,경남함양군,1,화물차없음,0,0,0,108,0,0
2013-01-20,1,6,1,1,0,0,0,충남,당진시,1,5,0,0,0,1,3,126.7804,36.88,충남당진시,0,화물차화물차,0,1,0,46,0,0
2013-01-29,1,1,1,1,0,0,0,충남,아산시,1,6,0,0,0,1,1,126.9999,36.7323,충남아산시,0,화물차없음,0,0,0,53,0,0
2012-08-12,1,6,1,1,0,0,0,경북,영주시,1,10,0,0,0,0,1,128.5983,36.7989,경북영주시,0,승용차없음,0,1,0,113,0,0
2013-01-30,1,2,1,17,13,3,0,제주,제주시,1,7,6,1,1,2,3,126.8938,33.4921,제주제주시,2,승합차화물차,0,0,0,90,0,0
2013-01-27,0,6,1,1,0,0,0,충남,아산시,1,11,0,2,4,0,1,126.9947,36.801,충남아산시,0,승용차없음,0,1,0,53,0,0
2013-01-25,0,4,1,1,0,0,0,충남,서산시,1,6,0,0,0,0,1,126.4943,36.7319,충남서산시,0,승용차없음,0,0,0,69,0,0
2013-02-11,0,0,2,7,2,3,0,경북,영천시,1,1,0,0,0,0,2,128.8937,35.8976,경북영천시,2,승용차승용차,0,1,0,5,0,0
2013-01-21,1,0,1,2,1,0,0,경북,구미시,1,5,0,0,0,1,2,128.3619,36.0974,경북구미시,0,화물차승용차,0,0,0,144,0,0
2013-09-10,1,1,1,5,3,1,0,전북,고창군,1,10,0,0,0,2,1,126.5854,35.3614,전북고창군,1,승합차없음,0,0,0,219,0,0
2013-10-18,1,4,1,2,1,0,0,전북,김제시,1,5,0,0,0,0,3,126.84,35.9124,전북김제시,0,승용차화물차,0,0,0,34,0,0
2013-11-28,0,3,1,1,0,0,0,충남,서산시,1,1,0,0,0,0,2,126.5688,36.7988,충남서산시,0,승용차승용차,0,0,0,69,0,0
2013-12-29,0,6,2,3,0,1,0,경기,광주시,1,5,0,0,0,0,3,127.3411,37.3194,경기광주시,1,승용차화물차,0,1,0,9,0,0
2013-11-03,0,6,1,1,0,0,0,전북,김제시,1,5,0,0,0,0,3,126.8391,35.9135,전북김제시,0,승용차화물차,0,1,0,34,0,0
2013-09-29,0,6,1,3,2,0,0,경기,안양시,1,5,0,0,0,2,2,126.8925,37.3707,경기안양시,1,승합차승용차,0,1,0,151,0,0
2013-01-07,0,0,1,1,0,0,0,경남,창녕군,1,1,0,0,0,6,1,128.4326,35.6261,경남창녕군,0,원동기장치자전거없음,0,0,0,211,0,0
2013-01-03,1,3,1,5,1,3,0,강원,홍천군,1,1,0,0,0,2,3,128.0061,37.9028,강원홍천군,1,승합차화물차,0,0,0,82,0,0
2013-12-25,1,2,1,3,2,0,0,대전,서구,1,1,5,0,0,0,6,127.3742,36.4081,대전서구,1,승용차승합차,0,1,0,4,0,0
2013-02-28,1,3,2,2,0,0,0,충북,제천시,1,6,0,0,0,0,1,128.1878,37.0667,충북제천시,0,승용차없음,0,0,0,103,0,0
2013-03-02,0,5,1,1,0,0,0,경기,화성시,1,10,0,0,0,0,1,126.9687,37.1878,경기화성시,0,승용차없음,0,1,0,50,0,0
2013-01-20,0,6,1,2,1,0,0,경기,화성시,1,5,0,0,0,1,3,126.8852,37.257,경기화성시,0,화물차화물차,0,1,0,50,0,0
2013-01-09,1,2,1,1,0,0,0,전남,영광군,1,7,2,1,1,1,7,126.5004,35.2827,전남영광군,0,화물차원동기장치자전거,0,0,0,127,0,0
2013-01-11,1,4,1,1,0,0,0,경남,함안군,1,6,0,0,0,4,1,128.4423,35.2722,경남함안군,0,이륜차없음,0,0,0,117,0,0
2013-01-15,1,1,1,2,0,0,1,충북,충주시,1,1,0,1,2,0,2,127.7887,37.0995,충북충주시,0,승용차승용차,0,0,0,6,0,0
2013-02-13,0,2,1,1,0,0,0,경북,김천시,1,5,0,0,0,8,2,128.0115,36.1827,경북김천시,0,기타승용차,0,0,0,76,0,0
2013-03-15,0,4,1,2,1,0,0,경북,상주시,1,5,0,0,0,1,3,128.1589,36.5897,경북상주시,0,화물차화물차,0,0,0,58,0,0
2013-01-21,1,0,1,8,1,6,0,경북,문경시,1,10,0,0,0,2,1,128.1605,36.6062,경북문경시,1,승합차없음,0,0,0,74,0,0
2013-01-30,0,2,1,1,0,0,0,경북,김천시,1,5,0,0,0,1,3,128.2777,36.1539,경북김천시,0,화물차화물차,0,0,0,76,0,0
2013-01-12,0,5,1,1,0,0,0,강원,춘천시,1,9,5,0,0,0,2,127.7586,37.8441,강원춘천시,0,승용차승용차,0,1,0,111,0,0
2013-12-18,1,2,4,36,25,7,0,강원,강릉시,1,5,0,0,0,2,6,128.9508,37.6897,강원강릉시,2,승합차승합차,0,0,0,194,0,0
2013-01-04,1,4,1,2,1,0,0,전북,군산시,1,7,3,1,2,0,3,126.7794,35.9586,전북군산시,0,승용차화물차,0,0,0,166,0,0
2013-01-10,1,3,1,1,0,0,0,서울,강서구,1,7,5,0,0,0,2,126.8323,37.5619,서울강서구,0,승용차승용차,0,0,0,43,0,0
2013-01-08,1,1,1,2,1,0,0,전북,정읍시,1,6,0,0,0,0,1,126.905,35.6304,전북정읍시,0,승용차없음,0,0,0,12,0,0
2013-01-07,0,0,1,1,0,0,0,울산,남구,1,1,0,0,0,0,2,129.3337,35.5386,울산남구,0,승용차승용차,0,0,0,213,0,0
2013-01-12,1,5,1,1,0,0,0,전북,순창군,1,11,0,0,0,1,1,127.1074,35.4466,전북순창군,0,화물차없음,0,1,0,131,0,0
2013-01-13,0,6,1,3,2,0,0,경기,안성시,1,6,0,1,1,0,1,127.162,36.9983,경기안성시,1,승용차없음,0,1,0,23,0,0
2013-01-13,0,6,1,2,0,1,0,전남,무안군,1,1,0,0,0,0,1,126.442,34.9438,전남무안군,0,승용차없음,0,1,0,101,0,0
2013-03-05,0,1,1,2,0,1,0,서울,금천구,1,5,0,0,0,0,3,126.898,37.4458,서울금천구,0,승용차화물차,0,0,0,109,0,0
2013-05-24,1,4,1,2,1,0,0,경기,안성시,1,11,0,0,0,5,1,127.1098,37.0332,경기안성시,0,특수차없음,0,0,0,23,0,0
2013-01-22,0,1,1,1,0,0,0,경기,평택시,1,5,0,1,2,0,11,126.8688,36.9478,경기평택시,0,승용차특수차,0,0,0,14,0,0