발생년월일,주야,요일,사망자수,사상자수,중상자수,경상자수,부상신고자수,발생지시도,발생지시군구,사고유형_대분류,사고유형_중분류,법규위반,도로형태_대분류,도로형태,당사자종별_1당_대분류,당사자종별_2당_대분류,경도,위도,발생지,사고피해정도,사고차량타입,도시여부,주말/공휴일,인구수,발생지번호,보행자의위치,무단횡단여부
2013-01-21,1,0,1,1,0,0,0,경북,문경시,1,6,0,0,0,1,1,128.1384,36.7343,경북문경시,0,화물차없음,0,0,0,74,0,0
2013-01-21,1,0,1,2,0,1,0,충남,홍성군,1,9,5,0,0,1,3,126.7462,36.6057,충남홍성군,0,화물차화물차,0,0,0,38,0,0
2013-01-19,1,5,1,1,0,0,0,경남,거제시,1,10,0,1,2,4,1,128.6967,34.8081,경남거제시,0,이륜차없음,0,1,0,15,0,0
2013-01-31,1,3,1,2,1,0,0,강원,철원군,1,7,0,0,0,5,11,127.2917,38.1147,강원철원군,0,특수차특수차,0,0,0,184,0,0
2013-02-06,0,2,1,1,0,0,0,광주,광산구,1,1,0,0,0,0,2,126.8057,35.1619,광주광산구,0,승용차승용차,0,0,0,135,0,0
2013-02-04,0,0,1,1,0,0,0,충북,청주시,1,6,0,1,1,0,1,127.4323,36.623,충북청주시,0,승용차없음,0,0,0,83,0,0
2013-02-01,1,4,1,2,0,1,0,충남,아산시,1,9,5,0,0,1,3,126.9999,36.8124,충남아산시,0,화물차화물차,0,0,0,53,0,0
2013-02-19,0,1,1,1,0,0,0,충북,충주시,1,11,0,0,0,0,1,127.9069,36.9698,충북충주시,0,승용차없음,0,0,0,6,0,0
2013-02-18,0,0,1,3,2,0,0,충남,공주시,1,5,0,0,0,1,3,127.1471,36.4201,충남공주시,1,화물차화물차,0,0,0,19,0,0
2013-03-07,0,3,2,2,0,0,0,강원,횡성군,1,5,0,0,0,1,3,128.0734,37.4456,강원횡성군,0,화물차화물차,0,0,0,31,0,0
2013-02-02,1,5,1,2,1,0,0,경북,상주시,1,1,0,0,0,1,1,128.0339,36.3817,경북상주시,0,화물차없음,0,1,0,58,0,0
2013-02-01,1,4,1,2,1,0,0,강원,삼척시,1,5,0,0,0,0,3,129.3115,37.2725,강원삼척시,0,승용차화물차,0,0,0,78,0,0
2013-02-02,1,5,1,3,2,0,0,강원,인제군,1,7,5,0,0,1,3,128.2655,38.0035,강원인제군,1,화물차화물차,0,1,0,124,0,0
2013-02-03,1,6,1,2,1,0,0,전남,나주시,1,6,0,0,0,0,1,126.7891,35.0395,전남나주시,0,승용차없음,0,1,0,33,0,0
2013-02-02,0,5,1,1,0,0,0,전남,신안군,1,11,0,0,0,9,1,126.0202,34.7349,전남신안군,0,농기계없음,0,1,0,132,0,0
2013-02-03,0,6,1,1,0,0,0,전남,함평군,1,6,0,0,0,0,1,126.501,35.0853,전남함평군,0,승용차없음,0,1,0,157,0,0
2013-02-10,0,6,2,2,0,0,0,경북,경주시,1,1,5,0,0,0,2,129.4491,35.6642,경북경주시,0,승용차승용차,0,1,0,100,0,0
2013-02-11,0,0,1,1,0,0,0,경기,부천시,1,6,2,0,0,0,1,126.7611,37.5155,경기부천시,0,승용차없음,0,1,0,65,0,0
2013-02-13,0,2,1,1,0,0,0,서울,마포구,1,6,0,0,0,0,1,126.8773,37.5711,서울마포구,0,승용차없음,0,0,0,159,0,0
2013-01-16,1,2,1,1,0,0,0,경기,광주시,1,1,6,0,3,1,4,127.2442,37.3662,경기광주시,0,화물차이륜차,0,0,0,9,0,0
2013-01-23,0,2,1,2,1,0,0,경기,김포시,1,9,5,0,0,1,2,126.7788,37.5922,경기김포시,0,화물차승용차,0,0,0,47,0,0
2013-01-22,1,1,3,5,2,0,0,강원,양양군,1,5,5,0,0,0,6,128.5889,38.0728,강원양양군,1,승용차승합차,0,0,0,164,0,0
2013-01-22,0,1,1,2,0,1,0,경기,안성시,1,9,5,0,0,0,3,127.4844,37.1029,경기안성시,0,승용차화물차,0,0,0,23,0,0
2013-02-19,0,1,1,1,0,0,0,경기,고양시,1,7,0,0,0,0,6,126.7933,37.6391,경기고양시,0,승용차승합차,0,0,0,40,0,0
2013-01-24,0,3,1,3,1,1,0,인천,서구,1,5,0,1,2,2,6,126.6378,37.5977,인천서구,0,승합차승합차,0,0,0,97,0,0
2013-02-05,1,1,1,1,0,0,0,세종,세종,1,9,5,0,0,1,7,127.2758,36.5555,세종세종,0,화물차원동기장치자전거,1,0,0,229,0,0
2013-07-18,0,3,1,1,0,0,0,충북,청원군,1,5,3,0,0,1,2,127.3771,36.6425,충북청주시,0,화물차승용차,0,0,0,83,0,0
2012-12-20,0,3,1,1,0,0,0,경기,파주시,1,6,0,0,0,0,1,126.73,37.7081,경기파주시,0,승용차없음,0,0,0,175,0,0
2012-12-21,1,4,1,1,0,0,0,전북,군산시,1,1,0,0,0,0,2,126.7986,35.9805,전북군산시,0,승용차승용차,0,0,0,166,0,0
2012-12-26,0,2,1,1,0,0,0,경기,고양시,1,10,0,0,0,0,1,126.7965,37.619,경기고양시,0,승용차없음,0,0,0,40,0,0
2012-12-23,0,6,1,1,0,0,0,전북,김제시,1,5,0,0,0,0,3,126.9088,35.8737,전북김제시,0,승용차화물차,0,1,0,34,0,0
2013-01-01,1,1,1,1,0,0,0,경기,여주시,1,6,0,0,0,0,1,127.5617,37.2156,경기여주시,0,승용차없음,0,1,0,22,0,0
2013-01-31,1,3,1,8,1,6,0,경기,화성시,1,5,0,2,4,1,3,126.8732,37.2206,경기화성시,1,화물차화물차,0,0,0,50,0,0
2013-01-03,1,3,1,7,0,0,6,경기,안양시,1,5,0,2,4,1,3,126.8824,37.4055,경기안양시,1,화물차화물차,0,0,0,151,0,0
2013-01-15,1,1,1,2,0,1,0,경기,용인시,1,1,3,0,0,1,3,127.1006,37.2214,경기용인시,0,화물차화물차,0,0,0,51,0,0
2013-02-09,1,5,1,1,0,0,0,경북,칠곡군,1,10,0,0,0,4,1,128.3963,36.0008,경북칠곡군,0,이륜차없음,0,1,0,21,0,0
2013-02-07,0,3,1,1,0,0,0,경남,창원시(통합),1,6,0,0,0,0,1,128.6765,35.265,경남창원시(통합),0,승용차없음,0,0,0,86,0,0
2013-02-08,1,4,1,2,1,0,0,경기,수원시,1,5,0,0,0,0,2,126.9791,37.2765,경기수원시,0,승용차승용차,0,0,0,99,0,0
2013-02-08,1,4,1,1,0,0,0,경기,구리시,1,1,6,1,1,4,2,127.1205,37.6425,경기구리시,0,이륜차승용차,0,0,0,165,0,0
2013-02-18,1,0,1,1,0,0,0,경기,시흥시,1,1,0,0,0,1,1,126.7312,37.3421,경기시흥시,0,화물차없음,0,0,0,73,0,0
2013-02-15,1,4,1,1,0,0,0,대구,서구,1,1,4,0,0,2,1,128.5789,35.8705,대구서구,0,승합차없음,0,0,0,107,0,0
2013-01-10,1,3,1,1,0,0,0,전남,순천시,1,5,0,0,0,1,3,127.404,35.0119,전남순천시,0,화물차화물차,0,0,0,27,0,0
2013-02-21,1,3,1,5,2,2,0,세종,세종,1,5,3,0,0,0,2,127.2494,36.4664,세종세종,1,승용차승용차,1,0,0,229,0,0
2013-10-07,0,0,1,2,1,0,0,강원,원주시,1,5,0,0,0,0,3,127.82,37.3022,강원원주시,0,승용차화물차,0,0,0,36,0,0
2013-09-23,1,0,1,1,0,0,0,경기,고양시,1,1,0,0,0,1,2,126.8053,37.6422,경기고양시,0,화물차승용차,0,0,0,40,0,0
2012-02-29,1,2,1,1,0,0,0,충남,부여군,1,1,0,0,0,1,5,126.7547,36.2056,충남부여군,0,화물차자전거,0,0,0,129,0,0
2012-02-27,0,0,1,2,0,1,0,경기,수원시,1,7,6,1,2,0,6,126.9795,37.2428,경기수원시,0,승용차승합차,0,0,0,99,0,0
2012-02-28,0,1,1,1,0,0,0,경남,김해시,1,1,0,0,0,6,1,128.8123,35.2018,경남김해시,0,원동기장치자전거없음,0,0,0,13,0,0
2012-02-28,0,1,1,1,0,0,0,경기,의정부시,1,6,0,0,0,0,1,127.0949,37.7367,경기의정부시,0,승용차없음,0,0,0,64,0,0
2012-03-03,0,5,1,2,0,0,1,경기,고양시,1,1,0,0,0,0,2,126.7963,37.678,경기고양시,0,승용차승용차,0,1,0,40,0,0
2012-03-02,1,4,1,2,1,0,0,경남,창녕군,1,7,0,1,1,1,9,128.506,35.5547,경남창녕군,0,화물차건설기계,0,0,0,211,0,0
2012-01-18,1,2,1,7,3,3,0,광주,동구,1,5,2,0,0,0,2,126.9225,35.1388,광주동구,1,승용차승용차,0,0,0,162,0,0
2012-01-17,1,1,1,1,0,0,0,경남,사천시,1,7,0,0,0,0,4,128.062,34.9761,경남사천시,0,승용차이륜차,0,0,0,57,0,0
2012-01-15,1,6,1,1,0,0,0,부산,강서구,1,1,4,0,0,1,1,128.8902,35.1217,부산강서구,0,화물차없음,0,1,0,206,0,0
2012-01-15,1,6,1,1,0,0,0,경북,고령군,1,6,0,0,0,1,1,128.2453,35.7712,경북고령군,0,화물차없음,0,1,0,220,0,0
2012-01-15,1,6,1,5,4,0,0,경북,포항시,1,7,5,0,0,0,3,129.4038,35.9466,경북포항시,1,승용차화물차,0,1,0,160,0,0
2012-01-15,1,6,1,1,0,0,0,전남,완도군,1,1,0,0,0,9,1,126.8001,34.3981,전남완도군,0,농기계없음,0,1,0,141,0,0
2012-01-19,0,3,1,1,0,0,0,경북,영천시,1,6,0,0,0,0,1,128.9296,35.8629,경북영천시,0,승용차없음,0,0,0,5,0,0
2012-01-19,1,3,1,1,0,0,0,경기,남양주시,1,6,0,0,0,0,1,127.1603,37.6503,경기남양주시,0,승용차없음,0,0,0,70,0,0
2012-01-28,0,5,1,1,0,0,0,경남,하동군,1,6,0,0,0,0,1,127.7953,34.9794,경남하동군,0,승용차없음,0,1,0,172,0,0
2012-01-23,0,0,1,1,0,0,0,충북,음성군,1,11,0,0,0,0,1,127.681,36.8991,충북음성군,0,승용차없음,0,1,0,110,0,0
2012-02-01,1,2,1,3,0,2,0,부산,강서구,1,7,0,0,3,4,6,128.9036,35.0891,부산강서구,0,이륜차승합차,0,0,0,206,0,0
2012-02-02,1,3,1,2,0,1,0,강원,삼척시,1,9,5,0,0,1,3,129.3566,37.1493,강원삼척시,0,화물차화물차,0,0,0,78,0,0
2012-01-29,0,6,2,4,1,1,0,경기,구리시,1,9,5,0,0,0,2,127.1385,37.6091,경기구리시,1,승용차승용차,0,1,0,165,0,0
2012-11-30,0,4,1,1,0,0,0,서울,구로구,1,1,0,1,1,0,2,126.8285,37.4988,서울구로구,0,승용차승용차,0,0,0,79,0,0
2012-12-05,0,2,1,1,0,0,0,전남,광양시,1,5,0,1,2,1,7,127.715,34.9321,전남광양시,0,화물차원동기장치자전거,0,0,0,130,0,0
2012-12-07,0,4,1,1,0,0,0,전북,군산시,1,1,0,0,0,0,11,126.6376,35.9691,전북군산시,0,승용차특수차,0,0,0,166,0,0
2012-01-18,1,2,1,2,0,1,0,경기,하남시,1,5,0,0,0,1,3,127.1906,37.5334,경기하남시,0,화물차화물차,0,0,0,67,0,0
2012-04-17,1,1,1,2,0,1,0,경북,구미시,1,7,0,0,0,1,3,128.5404,36.1211,경북구미시,0,화물차화물차,0,0,0,144,0,0
2012-12-14,1,4,1,4,1,2,0,강원,원주시,1,7,0,0,0,1,2,127.7545,37.242,강원원주시,1,화물차승용차,0,0,0,36,0,0
2012-05-14,0,0,1,1,0,0,0,경북,구미시,1,6,0,0,0,2,1,128.4007,36.1369,경북구미시,0,승합차없음,0,0,0,144,0,0
2012-11-21,0,2,1,1,0,0,0,서울,동작구,1,1,0,0,0,0,1,126.972,37.4843,서울동작구,0,승용차없음,0,0,0,93,0,0
2012-11-20,1,1,1,3,2,0,0,충남,예산군,1,7,8,1,1,1,2,126.8565,36.585,충남예산군,1,화물차승용차,0,0,0,187,0,0
2012-11-17,1,5,1,1,0,0,0,경북,울진군,1,5,0,1,2,4,2,129.3991,36.9743,경북울진군,0,이륜차승용차,0,1,0,208,0,0
2012-11-17,1,5,1,1,0,0,0,경기,수원시,1,5,0,2,4,1,3,127.0236,37.2351,경기수원시,0,화물차화물차,0,1,0,99,0,0
2012-10-30,0,1,1,1,0,0,0,제주,서귀포시,1,7,0,1,2,3,4,126.3307,33.2507,제주서귀포시,0,건설기계이륜차,0,0,0,62,0,0
2012-11-03,0,5,1,3,2,0,0,전남,영암군,1,5,0,0,0,1,8,126.6949,34.8312,전남영암군,1,화물차농기계,0,1,0,16,0,0
2013-03-27,0,2,1,2,0,1,0,충북,괴산군,1,5,0,0,0,1,3,127.9629,36.8198,충북괴산군,0,화물차화물차,0,0,0,179,0,0
2013-12-25,1,2,1,2,1,0,0,부산,기장군,1,1,0,0,0,1,2,129.2479,35.3409,부산기장군,0,화물차승용차,0,1,0,85,0,0
2013-01-11,1,4,2,3,1,0,0,경북,문경시,1,9,5,0,0,0,3,128.2762,36.6852,경북문경시,1,승용차화물차,0,0,0,74,0,0
2013-01-12,1,5,1,1,0,0,0,경북,영주시,1,7,6,1,1,1,2,128.605,36.8225,경북영주시,0,화물차승용차,0,1,0,113,0,0
2013-01-11,0,4,2,2,0,0,0,경북,포항시,1,11,0,0,0,0,1,129.5725,36.0045,경북포항시,0,승용차없음,0,0,0,160,0,0
2013-01-18,1,4,1,2,0,1,0,전남,나주시,1,6,0,0,0,1,1,126.6944,34.9954,전남나주시,0,화물차없음,0,0,0,33,0,0
2013-01-13,1,6,1,1,0,0,0,충남,아산시,1,10,0,2,4,1,1,127.0341,36.9169,충남아산시,0,화물차없음,0,1,0,53,0,0
2013-01-19,0,5,1,1,0,0,0,울산,남구,1,10,0,0,0,0,1,129.3236,35.5492,울산남구,0,승용차없음,0,1,0,213,0,0
2013-01-20,0,6,1,1,0,0,0,대구,달서구,1,7,6,1,1,6,2,128.4989,35.8562,대구달서구,0,원동기장치자전거승용차,0,1,0,20,0,0
2013-01-22,0,1,1,1,0,0,0,울산,북구,1,6,0,0,0,0,1,129.3596,35.5825,울산북구,0,승용차없음,0,0,0,158,0,0
2013-10-23,0,2,1,3,1,1,0,경기,화성시,1,5,0,0,0,0,3,127.0869,37.1561,경기화성시,0,승용차화물차,0,0,0,50,0,0
2013-11-21,0,3,1,2,0,1,0,경남,창녕군,1,5,0,0,0,5,3,128.5125,35.4617,경남창녕군,0,특수차화물차,0,0,0,211,0,0
2013-12-11,0,2,1,1,0,0,0,경남,창녕군,1,5,0,0,0,0,3,128.508,35.4701,경남창녕군,0,승용차화물차,0,0,0,211,0,0
2013-11-13,0,2,1,1,0,0,0,경남,함양군,1,5,0,0,0,0,3,127.7029,35.6467,경남함양군,0,승용차화물차,0,0,0,108,0,0
2013-12-20,0,4,1,2,0,1,0,경북,청도군,1,5,0,0,0,0,3,128.7762,35.5723,경북청도군,0,승용차화물차,0,0,0,3,0,0
2013-12-24,0,1,1,1,0,0,0,경북,청도군,1,10,0,0,0,1,1,128.7689,35.6096,경북청도군,0,화물차없음,0,0,0,3,0,0
2013-03-23,0,5,1,2,1,0,0,대전,유성구,1,7,0,0,0,1,2,127.2998,36.2751,대전유성구,0,화물차승용차,0,1,0,148,0,0
2012-02-02,1,3,1,1,0,0,0,경기,고양시,1,5,0,0,0,1,3,126.7283,37.6627,경기고양시,0,화물차화물차,0,0,0,40,0,0
2012-02-07,1,1,1,1,0,0,0,서울,강동구,1,7,5,0,0,5,7,127.1271,37.5479,서울강동구,0,특수차원동기장치자전거,0,0,0,91,0,0
2012-02-13,1,0,1,1,0,0,0,강원,철원군,1,7,0,1,1,0,7,127.3814,38.1629,강원철원군,0,승용차원동기장치자전거,0,0,0,184,0,0
2012-02-15,1,2,2,2,0,0,0,충남,서천군,1,1,5,0,0,4,3,126.7138,36.0763,충남서천군,0,이륜차화물차,0,0,0,10,0,0
2012-02-20,1,0,1,1,0,0,0,서울,강남구,1,5,5,0,0,7,2,127.0441,37.4997,서울강남구,0,자전거승용차,0,0,0,89,0,0
2013-02-19,1,1,1,2,1,0,0,경북,경주시,1,11,0,0,0,1,1,129.1966,35.7713,경북경주시,0,화물차없음,0,0,0,100,0,0
2013-02-21,0,3,1,1,0,0,0,울산,울주군,1,5,0,0,0,1,3,129.1763,35.6721,울산울주군,0,화물차화물차,0,0,0,17,0,0
2013-09-17,0,1,1,1,0,0,0,충남,논산시,1,1,0,0,0,1,2,127.1027,36.0812,충남논산시,0,화물차승용차,0,0,0,61,0,0
2013-09-16,0,0,1,2,1,0,0,충북,영동군,1,6,0,0,0,0,1,127.8848,36.2186,충북영동군,0,승용차없음,0,0,0,75,0,0
2013-07-06,0,5,1,1,0,0,0,경기,용인시,1,7,0,0,0,0,2,127.1139,37.1115,경기용인시,0,승용차승용차,0,1,0,51,0,0
2013-01-28,1,0,1,1,0,0,0,대구,달서구,1,7,0,1,1,1,4,128.5075,35.8378,대구달서구,0,화물차이륜차,0,0,0,20,0,0
2013-09-21,1,5,2,5,2,1,0,경기,화성시,1,6,0,0,0,0,1,126.7594,37.2094,경기화성시,1,승용차없음,0,1,0,50,0,0
2013-09-18,0,2,1,11,3,7,0,충북,청원군,1,5,0,0,0,1,2,127.4297,36.4942,충북청주시,2,화물차승용차,0,1,0,83,0,0
2013-10-08,0,1,1,3,0,1,1,부산,기장군,1,7,3,0,0,0,3,129.2476,35.376,부산기장군,0,승용차화물차,0,0,0,85,0,0
2013-12-22,0,6,1,8,2,5,0,강원,평창군,1,1,0,2,4,0,2,128.4339,37.6089,강원평창군,2,승용차승용차,0,1,0,24,0,0
2013-05-16,1,3,1,3,2,0,0,경북,영주시,1,5,0,0,0,1,2,128.5722,36.7666,경북영주시,1,화물차승용차,0,0,0,113,0,0
2013-03-07,0,3,1,2,1,0,0,경북,영천시,1,5,0,0,0,1,3,128.9864,35.9325,경북영천시,0,화물차화물차,0,0,0,5,0,0
2013-03-15,0,4,1,2,0,1,0,강원,횡성군,1,5,0,0,0,1,3,127.9589,37.6121,강원횡성군,0,화물차화물차,0,0,0,31,0,0
2013-06-08,0,5,1,2,0,1,0,전북,군산시,1,5,0,2,4,0,3,126.7912,36.0357,전북군산시,0,승용차화물차,0,1,0,166,0,0
2013-08-16,0,4,1,3,2,0,0,경기,안성시,1,5,0,0,0,1,3,126.9694,37.1873,경기안성시,1,화물차화물차,0,0,0,23,0,0
2012-10-06,1,5,2,2,0,0,0,강원,춘천시,1,7,5,0,0,3,7,127.5881,37.7271,강원춘천시,0,건설기계원동기장치자전거,0,1,0,111,0,0
2012-11-26,0,0,2,3,1,0,0,경남,김해시,1,7,3,1,2,3,2,128.8397,35.2756,경남김해시,1,건설기계승용차,0,0,0,13,0,0
2012-07-06,1,4,1,1,0,0,0,경북,김천시,1,9,0,0,0,0,4,128.0579,36.0658,경북김천시,0,승용차이륜차,0,0,0,76,0,0
2012-06-29,1,4,1,2,0,1,0,경기,이천시,1,1,3,0,0,0,2,127.427,37.2895,경기이천시,0,승용차승용차,0,0,0,41,0,0
2013-04-18,0,3,1,1,0,0,0,강원,원주시,1,7,6,1,1,6,2,127.9284,37.3559,강원원주시,0,원동기장치자전거승용차,0,0,0,36,0,0
2013-04-25,0,3,1,1,0,0,0,충남,당진시,1,7,7,1,1,1,4,126.6813,36.935,충남당진시,0,화물차이륜차,0,0,0,46,0,0
2013-05-01,0,2,1,2,1,0,0,경남,거창군,1,5,0,0,0,0,11,127.9081,35.8394,경남거창군,0,승용차특수차,0,0,0,154,0,0
2013-04-28,0,6,1,2,1,0,0,경남,거창군,1,9,5,0,0,0,2,127.9137,35.7425,경남거창군,0,승용차승용차,0,1,0,154,0,0
2013-12-15,1,6,1,3,2,0,0,경북,경주시,1,11,0,0,0,0,1,129.0461,35.8887,경북경주시,1,승용차없음,0,1,0,100,0,0
2013-04-06,0,5,1,1,0,0,0,전남,무안군,1,10,0,2,0,0,1,126.4941,34.9849,전남무안군,0,승용차없음,0,1,0,101,0,0
2013-08-07,0,2,1,1,0,0,0,경기,화성시,1,5,0,2,4,0,3,126.8729,37.2201,경기화성시,0,승용차화물차,0,0,0,50,0,0
2013-07-20,0,5,1,2,1,0,0,강원,평창군,1,1,0,0,0,1,2,128.411,37.5861,강원평창군,0,화물차승용차,0,1,0,24,0,0
2013-01-29,0,1,1,4,0,3,0,강원,춘천시,1,5,0,0,0,0,3,127.7836,37.8306,강원춘천시,1,승용차화물차,0,0,0,111,0,0
2013-01-31,1,3,1,11,9,1,0,경기,양주시,1,5,0,0,0,2,3,126.983,37.7193,경기양주시,2,승합차화물차,0,0,0,59,0,0
2013-03-13,0,2,1,1,0,0,0,인천,부평구,1,1,0,0,0,1,2,126.7504,37.4786,인천부평구,0,화물차승용차,0,0,0,44,0,0
2013-02-16,1,5,1,1,0,0,0,충남,논산시,1,1,0,0,0,0,1,127.277,36.2411,충남논산시,0,승용차없음,0,1,0,61,0,0
2013-12-20,1,4,1,3,1,1,0,경남,함안군,1,5,0,0,0,5,6,128.4922,35.3892,경남함안군,0,특수차승합차,0,0,0,117,0,0
2013-01-05,0,5,1,2,0,0,1,경기,용인시,1,5,0,1,2,0,2,127.1043,37.247,경기용인시,0,승용차승용차,0,1,0,51,0,0
2013-01-05,0,5,1,2,1,0,0,경북,경주시,1,9,5,0,0,0,3,129.2376,35.8753,경북경주시,0,승용차화물차,0,1,0,100,0,0
2013-01-07,1,0,1,1,0,0,0,경남,밀양시,1,1,0,0,0,4,1,128.7532,35.4483,경남밀양시,0,이륜차없음,0,0,0,177,0,0
2013-01-07,1,0,1,1,0,0,0,충북,충주시,1,6,0,0,0,0,1,127.9416,36.9208,충북충주시,0,승용차없음,0,0,0,6,0,0
2013-05-05,1,6,1,1,0,0,0,서울,강서구,1,1,0,1,2,6,3,126.8522,37.5567,서울강서구,0,원동기장치자전거화물차,0,1,0,43,0,0
2013-05-12,0,6,1,1,0,0,0,경남,김해시,1,1,0,2,4,0,9,128.8252,35.1783,경남김해시,0,승용차건설기계,0,1,0,13,0,0
2013-05-12,0,6,2,4,2,0,0,경남,창원시(통합),1,1,6,1,1,0,2,128.6834,35.1954,경남창원시(통합),1,승용차승용차,0,1,0,86,0,0
2013-05-14,1,1,1,1,0,0,0,제주,서귀포시,1,10,0,0,0,6,1,126.8347,33.4136,제주서귀포시,0,원동기장치자전거없음,0,0,0,62,0,0
2013-05-15,0,2,1,1,0,0,0,서울,종로구,1,10,0,0,0,4,1,126.9522,37.6093,서울종로구,0,이륜차없음,0,0,0,116,0,0
2013-05-15,1,2,1,1,0,0,0,서울,서초구,1,1,0,1,1,1,6,127.0497,37.4616,서울서초구,0,화물차승합차,0,0,0,214,0,0
2013-05-21,1,1,1,4,1,2,0,경북,성주군,1,7,0,1,1,2,2,128.2828,35.9235,경북성주군,1,승합차승용차,0,0,0,168,0,0
2013-05-21,0,1,1,1,0,0,0,충남,홍성군,1,5,0,0,0,4,8,126.6695,36.6164,충남홍성군,0,이륜차농기계,0,0,0,38,0,0
2012-03-20,1,1,1,1,0,0,0,전북,전주시,1,7,3,1,2,6,2,127.0452,35.876,전북전주시,0,원동기장치자전거승용차,0,0,0,11,0,0
2012-02-24,0,4,1,3,1,1,0,부산,강서구,1,9,5,1,2,2,3,128.8262,35.1022,부산강서구,0,승합차화물차,0,0,0,206,0,0
2012-02-04,1,5,1,1,0,0,0,충남,보령시,1,6,0,0,0,0,1,126.5945,36.3788,충남보령시,0,승용차없음,0,1,0,136,0,0
2012-01-20,0,4,1,2,1,0,0,경기,고양시,1,9,5,0,0,0,3,126.8751,37.6167,경기고양시,0,승용차화물차,0,0,0,40,0,0
2012-08-06,0,0,1,2,0,1,0,울산,남구,1,5,0,1,2,0,4,129.2543,35.5361,울산남구,0,승용차이륜차,0,0,0,213,0,0
2012-05-03,1,3,1,3,2,0,0,경기,김포시,1,1,0,0,0,1,3,126.6749,37.6658,경기김포시,1,화물차화물차,0,0,0,47,0,0
2012-05-13,1,6,1,2,0,1,0,경기,남양주시,1,10,3,0,0,0,1,127.2965,37.6426,경기남양주시,0,승용차없음,0,1,0,70,0,0
2012-04-03,1,1,1,1,0,0,0,경북,고령군,1,1,0,0,0,1,1,128.2515,35.6662,경북고령군,0,화물차없음,0,0,0,220,0,0
2012-10-28,0,6,1,1,0,0,0,부산,사상구,1,6,0,2,0,0,1,128.9831,35.1927,부산사상구,0,승용차없음,0,1,0,120,0,0
2012-06-19,1,1,1,1,0,0,0,광주,광산구,1,7,7,1,2,1,3,126.8131,35.2134,광주광산구,0,화물차화물차,0,0,0,135,0,0
2012-07-01,1,6,1,1,0,0,0,대구,중구,1,7,0,0,0,0,5,128.5998,35.868,대구중구,0,승용차자전거,0,1,0,178,0,0
2012-06-26,0,1,2,2,0,0,0,충남,아산시,1,6,0,0,0,4,1,126.9811,36.7751,충남아산시,0,이륜차없음,0,0,0,53,0,0
2012-11-03,0,5,1,1,0,0,0,경남,창원시(통합),1,5,0,0,0,4,3,128.6855,35.2861,경남창원시(통합),0,이륜차화물차,0,1,0,86,0,0
2012-11-01,1,3,1,1,0,0,0,제주,제주시,1,1,5,0,0,6,6,126.4818,33.4807,제주제주시,0,원동기장치자전거승합차,0,0,0,90,0,0
2012-12-30,0,6,1,3,0,2,0,부산,사상구,1,1,0,1,2,0,2,128.976,35.1633,부산사상구,0,승용차승용차,0,1,0,120,0,0
2012-12-30,0,6,1,2,0,1,0,충북,음성군,1,10,0,0,0,0,1,127.6381,36.9605,충북음성군,0,승용차없음,0,1,0,110,0,0
2012-12-29,1,5,1,2,1,0,0,경기,김포시,1,5,0,1,2,1,3,126.5676,37.6473,경기김포시,0,화물차화물차,0,1,0,47,0,0
2012-12-30,0,6,1,2,1,0,0,강원,횡성군,1,6,0,0,0,0,1,127.8584,37.4218,강원횡성군,0,승용차없음,0,1,0,31,0,0
2012-12-09,1,6,1,1,0,0,0,서울,양천구,1,7,6,1,1,6,2,126.8643,37.5087,서울양천구,0,원동기장치자전거승용차,0,1,0,140,0,0
2012-12-09,0,6,1,3,0,2,0,대구,달서구,1,5,0,1,2,0,2,128.5074,35.8155,대구달서구,0,승용차승용차,0,1,0,20,0,0
2012-12-09,0,6,1,1,0,0,0,경북,경주시,1,6,0,0,0,1,1,129.442,35.7865,경북경주시,0,화물차없음,0,1,0,100,0,0
2012-12-13,0,3,1,1,0,0,0,강원,강릉시,1,11,0,0,0,0,1,128.8543,37.6421,강원강릉시,0,승용차없음,0,0,0,194,0,0
2012-12-14,1,4,1,1,0,0,0,경남,함양군,1,1,0,0,0,0,3,127.7732,35.5306,경남함양군,0,승용차화물차,0,0,0,108,0,0
2013-08-09,0,4,1,7,0,5,1,경기,광명시,1,7,0,0,0,0,6,126.8534,37.439,경기광명시,1,승용차승합차,0,0,0,81,0,0
2013-05-27,1,0,1,1,0,0,0,경기,시흥시,1,10,0,0,0,1,1,126.8494,37.395,경기시흥시,0,화물차없음,0,0,0,73,0,0
2013-04-27,1,5,1,6,4,1,0,서울,서초구,1,5,0,0,0,0,2,127.0717,37.4288,서울서초구,1,승용차승용차,0,1,0,214,0,0
2013-06-21,1,4,2,4,0,2,0,충남,홍성군,1,1,0,0,0,1,3,126.5774,36.5631,충남홍성군,1,화물차화물차,0,0,0,38,0,0
2013-08-19,1,0,1,3,1,1,0,충남,예산군,1,5,0,0,0,1,3,126.7047,36.7624,충남예산군,0,화물차화물차,0,0,0,187,0,0
2013-07-03,0,2,2,5,0,3,0,충남,공주시,1,1,0,0,0,1,2,127.0912,36.4622,충남공주시,1,화물차승용차,0,0,0,19,0,0
2013-07-05,0,4,1,3,1,1,0,충남,공주시,1,6,0,0,0,0,1,127.1145,36.5519,충남공주시,0,승용차없음,0,0,0,19,0,0