발생년월일,주야,요일,사망자수,사상자수,중상자수,경상자수,부상신고자수,발생지시도,발생지시군구,사고유형_대분류,사고유형_중분류,법규위반,도로형태_대분류,도로형태,당사자종별_1당_대분류,당사자종별_2당_대분류,경도,위도,발생지,사고피해정도,사고차량타입,도시여부,주말/공휴일,인구수,발생지번호,보행자의위치,무단횡단여부
2013-04-26,0,4,1,2,0,1,0,충남,논산시,1,1,0,0,0,0,2,127.0515,36.208,충남논산시,0,승용차승용차,0,0,0,61,0,0
2013-05-11,1,5,1,2,1,0,0,충남,보령시,1,10,0,0,0,2,1,126.5761,36.3325,충남보령시,0,승합차없음,0,1,0,136,0,0
2013-05-17,1,4,1,4,2,1,0,충남,공주시,1,5,0,0,0,1,2,127.071,36.3629,충남공주시,1,화물차승용차,0,1,0,19,0,0
2013-04-15,0,0,1,1,0,0,0,충북,음성군,1,9,5,0,0,4,2,127.4827,37.0263,충북음성군,0,이륜차승용차,0,0,0,110,0,0
2013-01-06,0,6,1,1,0,0,0,경기,연천군,1,11,0,0,0,0,1,127.0042,37.9428,경기연천군,0,승용차없음,0,1,0,106,0,0
2013-01-17,1,3,1,1,0,0,0,전남,여수시,1,1,0,0,0,4,1,127.73,34.7311,전남여수시,0,이륜차없음,0,0,0,102,0,0
2012-02-28,0,1,1,1,0,0,0,충북,증평군,1,7,0,1,2,1,2,127.5994,36.7992,충북증평군,0,화물차승용차,0,0,0,138,0,0
2012-01-18,1,2,1,1,0,0,0,경기,화성시,1,5,0,0,0,6,3,126.8033,37.0804,경기화성시,0,원동기장치자전거화물차,0,0,0,50,0,0
2012-01-19,1,3,2,3,0,1,0,경북,예천군,1,5,0,0,0,0,2,128.4553,36.6514,경북예천군,1,승용차승용차,0,0,0,55,0,0
2012-01-19,0,3,1,2,1,0,0,대구,동구,1,5,0,0,0,0,3,128.7316,35.8648,대구동구,0,승용차화물차,0,0,0,26,0,0
2012-01-17,1,1,1,1,0,0,0,충북,청원군,1,5,0,0,0,1,3,127.4263,36.4785,충북청주시,0,화물차화물차,0,0,0,83,0,0
2012-01-21,1,5,1,1,0,0,0,충남,태안군,1,10,0,2,4,4,1,126.2567,36.7712,충남태안군,0,이륜차없음,0,1,0,169,0,0
2012-01-21,1,5,1,4,2,1,0,전남,신안군,1,6,0,0,0,0,1,126.2055,35.058,전남신안군,1,승용차없음,0,1,0,132,0,0
2012-01-26,1,3,1,1,0,0,0,전북,남원시,1,11,0,0,0,1,1,127.4962,35.4463,전북남원시,0,화물차없음,0,0,0,193,0,0
2012-01-27,0,4,1,1,0,0,0,경기,의정부시,1,7,3,1,2,0,7,127.0458,37.7392,경기의정부시,0,승용차원동기장치자전거,0,0,0,64,0,0
2012-01-28,0,5,1,1,0,0,0,경남,고성군,1,10,0,0,0,6,1,128.405,34.9943,경남고성군,0,원동기장치자전거없음,0,1,0,87,0,0
2012-02-01,1,2,1,2,1,0,0,경기,화성시,1,7,0,1,1,1,2,126.8489,37.215,경기화성시,0,화물차승용차,0,0,0,50,0,0
2012-02-02,1,3,1,1,0,0,0,전남,담양군,1,1,0,0,0,1,5,127.0297,35.3473,전남담양군,0,화물차자전거,0,0,0,181,0,0
2012-02-02,0,3,1,5,0,4,0,충남,아산시,1,5,3,1,2,1,3,127.0341,36.9103,충남아산시,1,화물차화물차,0,0,0,53,0,0
2012-01-31,1,1,1,5,1,3,0,충북,청원군,1,9,5,1,2,0,3,127.4225,36.7146,충북청주시,1,승용차화물차,0,0,0,83,0,0
2012-02-02,1,3,1,3,2,0,0,경기,성남시,1,7,5,0,0,0,2,127.0613,37.3908,경기성남시,1,승용차승용차,0,0,0,95,0,0
2012-02-09,1,3,1,2,1,0,0,경기,이천시,1,9,5,0,0,1,3,127.5133,37.1602,경기이천시,0,화물차화물차,0,0,0,41,0,0
2012-02-18,0,5,1,1,0,0,0,경기,가평군,1,11,0,0,0,1,1,127.4291,37.7213,경기가평군,0,화물차없음,0,1,0,176,0,0
2012-02-20,1,0,1,1,0,0,0,충남,논산시,1,7,7,1,1,4,2,127.1046,36.1973,충남논산시,0,이륜차승용차,0,0,0,61,0,0
2012-02-20,1,0,1,1,0,0,0,경남,창원시(통합),1,1,0,1,2,1,5,128.5849,35.2301,경남창원시(통합),0,화물차자전거,0,0,0,86,0,0
2012-02-18,1,5,1,1,0,0,0,충북,충주시,1,7,6,1,1,5,5,127.9293,37.0022,충북충주시,0,특수차자전거,0,1,0,6,0,0
2012-12-11,1,1,1,1,0,0,0,경북,김천시,1,1,0,0,0,0,1,128.2618,36.1606,경북김천시,0,승용차없음,0,0,0,76,0,0
2012-12-11,1,1,1,1,0,0,0,강원,삼척시,1,6,0,0,0,9,1,129.2103,37.361,강원삼척시,0,농기계없음,0,0,0,78,0,0
2012-12-11,0,1,1,1,0,0,0,경기,오산시,1,7,0,0,0,1,5,127.0784,37.1426,경기오산시,0,화물차자전거,0,0,0,143,0,0
2012-12-20,0,3,1,1,0,0,0,충남,아산시,1,6,0,2,4,0,1,126.9819,36.8119,충남아산시,0,승용차없음,0,0,0,53,0,0
2012-12-25,0,1,1,3,1,1,0,경북,성주군,1,10,0,0,0,0,1,128.3174,35.95,경북성주군,0,승용차없음,0,1,0,168,0,0
2012-12-18,0,1,1,1,0,0,0,충남,아산시,1,6,0,0,0,0,1,127.0592,36.8246,충남아산시,0,승용차없음,0,0,0,53,0,0
2012-12-02,0,6,1,1,0,0,0,경남,진주시,1,5,0,0,0,0,8,128.1397,35.1557,경남진주시,0,승용차농기계,0,1,0,42,0,0
2012-04-24,0,1,1,6,4,1,0,충남,서산시,1,1,0,0,0,2,2,126.5702,36.8024,충남서산시,1,승합차승용차,0,0,0,69,0,0
2013-07-06,0,5,1,8,0,7,0,충남,공주시,1,5,0,0,0,1,2,127.1145,36.5824,충남공주시,1,화물차승용차,0,1,0,19,0,0
2013-03-10,1,6,1,6,5,0,0,충북,괴산군,1,5,0,0,0,1,6,127.9926,36.759,충북괴산군,1,화물차승합차,0,1,0,179,0,0
2013-03-04,1,0,1,3,2,0,0,충남,공주시,1,5,0,0,0,0,3,127.0457,36.4847,충남공주시,1,승용차화물차,0,0,0,19,0,0
2013-11-21,1,3,1,2,1,0,0,경기,시흥시,1,7,0,0,0,1,3,126.8678,37.3657,경기시흥시,0,화물차화물차,0,0,0,73,0,0
2013-01-01,0,1,1,1,0,0,0,경남,합천군,1,6,0,0,0,0,1,128.1158,35.5388,경남합천군,0,승용차없음,0,1,0,133,0,0
2013-11-22,1,4,1,1,0,0,0,전북,남원시,1,6,0,0,0,1,1,127.5889,35.4843,전북남원시,0,화물차없음,0,0,0,193,0,0
2013-12-29,0,6,1,2,1,0,0,전북,부안군,1,11,0,0,0,3,1,126.6954,35.5979,전북부안군,0,건설기계없음,0,1,0,185,0,0
2013-07-23,0,1,1,2,0,1,0,경기,여주시,1,5,0,0,0,1,3,127.602,37.2342,경기여주시,0,화물차화물차,0,0,0,22,0,0
2012-02-23,0,3,1,1,0,0,0,경기,안산시,1,6,0,1,1,0,1,126.5774,37.2927,경기안산시,0,승용차없음,0,0,0,2,0,0
2013-07-18,1,3,1,1,0,0,0,경남,함양군,1,10,0,0,0,1,1,127.8359,35.5568,경남함양군,0,화물차없음,0,0,0,108,0,0
2013-07-30,1,1,1,1,0,0,0,경남,함안군,1,1,2,0,0,5,3,128.393,35.2886,경남함안군,0,특수차화물차,0,0,0,117,0,0
2013-05-07,0,1,1,3,0,2,0,경기,평택시,1,5,0,0,0,0,9,127.1055,37.1207,경기평택시,0,승용차건설기계,0,0,0,14,0,0
2013-01-06,0,6,1,3,2,0,0,경기,여주시,1,11,0,0,0,0,1,127.5929,37.355,경기여주시,1,승용차없음,0,1,0,22,0,0
2013-11-07,0,3,2,2,0,0,0,경기,성남시,1,5,0,0,0,1,3,127.1032,37.3832,경기성남시,0,화물차화물차,0,0,0,95,0,0
2013-09-30,0,0,1,3,2,0,0,서울,서초구,1,9,0,0,0,0,2,127.0547,37.4474,서울서초구,1,승용차승용차,0,0,0,214,0,0
2013-02-19,0,1,1,1,0,0,0,부산,기장군,1,1,0,0,0,0,3,129.234,35.3238,부산기장군,0,승용차화물차,0,0,0,85,0,0
2013-11-23,0,5,1,3,2,0,0,전남,보성군,1,1,0,0,0,0,3,127.2382,34.8072,전남보성군,1,승용차화물차,0,1,0,122,0,0
2013-11-27,0,2,1,2,0,1,0,전북,순창군,1,9,0,0,0,0,3,127.1299,35.3644,전북순창군,0,승용차화물차,0,0,0,131,0,0
2013-11-23,0,5,1,2,1,0,0,경기,시흥시,1,1,0,0,0,8,2,126.8628,37.3708,경기시흥시,0,기타승용차,0,1,0,73,0,0
2013-07-06,1,5,1,1,0,0,0,경기,안성시,1,6,0,0,0,1,1,127.155,36.9919,경기안성시,0,화물차없음,0,1,0,23,0,0
2013-06-18,1,1,1,2,1,0,0,경기,이천시,1,7,0,0,0,1,3,127.4251,37.2412,경기이천시,0,화물차화물차,0,0,0,41,0,0
2013-08-14,1,2,1,2,0,1,0,경기,이천시,1,5,0,0,0,0,3,127.358,37.2454,경기이천시,0,승용차화물차,0,0,0,41,0,0
2013-06-18,0,1,1,3,2,0,0,경남,창원시(통합),1,9,5,0,0,0,2,128.5855,35.2464,경남창원시(통합),1,승용차승용차,0,0,0,86,0,0
2013-04-06,0,5,1,1,0,0,0,경기,용인시,1,5,0,0,0,1,3,127.1039,37.2652,경기용인시,0,화물차화물차,0,1,0,51,0,0
2013-05-12,1,6,1,6,0,0,5,경기,용인시,1,10,0,0,0,2,1,127.1712,37.2822,경기용인시,0,승합차없음,0,1,0,51,0,0
2013-01-21,1,0,1,1,0,0,0,경남,거창군,1,10,0,0,0,0,1,127.8567,35.5841,경남거창군,0,승용차없음,0,0,0,154,0,0
2013-01-01,1,1,1,1,0,0,0,경남,밀양시,1,1,0,0,0,0,1,128.7758,35.5731,경남밀양시,0,승용차없음,0,1,0,177,0,0
2013-03-08,1,4,1,2,1,0,0,충북,제천시,1,11,0,0,0,1,1,128.1262,37.1974,충북제천시,0,화물차없음,0,0,0,103,0,0
2013-02-19,0,1,1,1,0,0,0,충북,보은군,1,5,0,0,0,1,3,127.7246,36.4565,충북보은군,0,화물차화물차,0,0,0,32,0,0
2013-01-04,0,4,1,1,0,0,0,인천,서구,1,6,0,0,0,0,1,126.6765,37.5114,인천서구,0,승용차없음,0,0,0,97,0,0
2013-08-18,1,6,1,3,2,0,0,강원,횡성군,1,5,0,0,0,0,2,127.9795,37.5354,강원횡성군,1,승용차승용차,0,1,0,31,0,0
2013-01-15,1,1,1,1,0,0,0,경기,평택시,1,7,0,0,0,0,4,127.1229,37.0274,경기평택시,0,승용차이륜차,0,0,0,14,0,0
2013-01-25,0,4,1,2,1,0,0,충북,제천시,1,5,0,0,0,0,3,128.2507,37.0959,충북제천시,0,승용차화물차,0,0,0,103,0,0
2013-01-23,1,2,1,1,0,0,0,강원,동해시,1,9,0,1,1,0,5,129.1173,37.5217,강원동해시,0,승용차자전거,0,0,0,210,0,0
2013-01-21,0,0,1,3,2,0,0,인천,남동구,1,1,0,0,0,0,1,126.7079,37.4226,인천남동구,1,승용차없음,0,0,0,29,0,0
2013-01-19,0,5,1,3,2,0,0,대전,중구,1,7,6,1,1,4,3,127.4055,36.3205,대전중구,1,이륜차화물차,0,1,0,39,0,0
2013-01-30,1,2,1,1,0,0,0,충남,당진시,1,11,0,0,0,0,1,126.5542,36.8671,충남당진시,0,승용차없음,0,0,0,46,0,0
2013-01-30,0,2,1,1,0,0,0,전북,남원시,1,11,0,0,0,1,1,127.5833,35.5252,전북남원시,0,화물차없음,0,0,0,193,0,0
2013-01-28,0,0,1,1,0,0,0,전남,진도군,1,6,0,0,0,0,1,126.1591,34.4301,전남진도군,0,승용차없음,0,0,0,71,0,0
2013-02-04,0,0,1,1,0,0,0,전남,보성군,1,11,0,1,2,4,1,127.252,34.8079,전남보성군,0,이륜차없음,0,0,0,122,0,0
2013-02-04,1,0,1,5,1,2,1,경기,포천시,1,9,5,0,0,0,6,127.2928,38.0185,경기포천시,1,승용차승합차,0,0,0,171,0,0
2013-02-13,0,2,1,1,0,0,0,광주,북구,1,5,0,1,2,0,2,126.8703,35.1717,광주북구,0,승용차승용차,0,0,0,137,0,0
2013-02-18,0,0,1,1,0,0,0,경기,시흥시,1,10,0,2,0,0,1,126.7761,37.4432,경기시흥시,0,승용차없음,0,0,0,73,0,0
2013-02-19,1,1,1,1,0,0,0,경기,안양시,1,7,0,1,1,7,6,126.9698,37.3882,경기안양시,0,자전거승합차,0,0,0,151,0,0
2013-02-19,1,1,1,1,0,0,0,대구,동구,1,7,9,1,1,4,3,128.6334,35.8852,대구동구,0,이륜차화물차,0,0,0,26,0,0
2013-03-04,0,0,1,2,0,0,1,경북,칠곡군,1,5,0,0,0,5,3,128.4307,35.9795,경북칠곡군,0,특수차화물차,0,0,0,21,0,0
2013-10-01,1,1,1,3,0,2,0,경기,광주시,1,5,3,0,0,1,3,127.3002,37.4197,경기광주시,0,화물차화물차,0,0,0,9,0,0
2013-09-10,1,1,1,5,4,0,0,경기,군포시,1,5,0,0,0,1,3,126.9377,37.3769,경기군포시,1,화물차화물차,0,0,0,126,0,0
2013-07-16,1,1,1,1,0,0,0,대전,동구,1,1,0,0,0,1,2,127.4739,36.2487,대전동구,0,화물차승용차,0,0,0,80,0,0
2013-09-23,0,0,1,1,0,0,0,경남,함안군,1,7,0,0,0,0,3,128.4746,35.2715,경남함안군,0,승용차화물차,0,0,0,117,0,0
2013-10-20,0,6,1,1,0,0,0,강원,원주시,1,6,0,0,0,0,1,127.9295,37.3248,강원원주시,0,승용차없음,0,1,0,36,0,0
2013-01-17,0,3,1,1,0,0,0,경기,성남시,1,1,0,0,0,0,1,127.0682,37.3832,경기성남시,0,승용차없음,0,0,0,95,0,0
2013-04-06,0,5,1,2,1,0,0,충북,청원군,1,5,0,0,0,1,3,127.3338,36.7198,충북청주시,0,화물차화물차,0,1,0,83,0,0
2013-06-05,0,2,1,3,2,0,0,충남,천안시,1,5,0,0,0,1,3,127.2702,36.7323,충남천안시,1,화물차화물차,0,0,0,63,0,0
2013-05-23,1,3,1,6,0,4,1,충북,충주시,1,1,0,1,2,0,3,127.9454,36.9874,충북충주시,1,승용차화물차,0,0,0,6,0,0
2013-05-23,1,3,2,2,0,0,0,충남,예산군,1,7,6,1,1,1,4,126.6084,36.6439,충남예산군,0,화물차이륜차,0,0,0,187,0,0
2012-03-29,1,3,1,1,0,0,0,강원,춘천시,1,7,6,0,3,0,5,127.7268,37.8939,강원춘천시,0,승용차자전거,0,0,0,111,0,0
2012-04-02,0,0,1,4,2,1,0,전남,광양시,1,6,0,0,0,2,1,127.656,34.9618,전남광양시,1,승합차없음,0,0,0,130,0,0
2012-03-24,0,5,1,1,0,0,0,경기,용인시,1,1,0,2,4,0,1,127.2945,37.1922,경기용인시,0,승용차없음,0,1,0,51,0,0
2012-02-19,0,6,1,1,0,0,0,경기,이천시,1,6,0,0,0,1,1,127.5378,37.0911,경기이천시,0,화물차없음,0,1,0,41,0,0
2012-12-24,1,0,1,1,0,0,0,경남,밀양시,1,6,0,0,0,0,1,128.6819,35.4938,경남밀양시,0,승용차없음,0,0,0,177,0,0
2012-08-23,0,3,1,2,1,0,0,제주,제주시,1,6,0,0,0,0,1,126.3959,33.4795,제주제주시,0,승용차없음,0,0,0,90,0,0
2012-04-08,1,6,1,1,0,0,0,강원,삼척시,1,7,0,0,0,7,9,129.1831,37.4368,강원삼척시,0,자전거건설기계,0,1,0,78,0,0
2012-04-05,1,3,1,3,1,1,0,강원,홍천군,1,1,5,0,0,0,2,127.8286,37.5879,강원홍천군,0,승용차승용차,0,0,0,82,0,0
2012-10-28,1,6,1,1,0,0,0,서울,성북구,1,6,0,0,0,6,1,127.0135,37.5997,서울성북구,0,원동기장치자전거없음,0,1,0,167,0,0
2012-10-13,0,5,1,1,0,0,0,경남,거창군,1,5,0,0,0,4,8,127.952,35.5764,경남거창군,0,이륜차농기계,0,1,0,154,0,0
2012-07-06,0,4,1,2,0,1,0,서울,종로구,1,9,5,0,0,4,2,126.9686,37.568,서울종로구,0,이륜차승용차,0,0,0,116,0,0
2012-06-22,0,4,1,1,0,0,0,강원,원주시,1,7,7,1,1,0,2,127.9623,37.3161,강원원주시,0,승용차승용차,0,0,0,36,0,0
2012-11-21,1,2,1,1,0,0,0,부산,강서구,1,1,0,0,0,1,5,128.844,35.1129,부산강서구,0,화물차자전거,0,0,0,206,0,0
2012-11-21,1,2,1,4,1,2,0,전북,남원시,1,10,0,0,0,0,1,127.5883,35.459,전북남원시,1,승용차없음,0,0,0,193,0,0
2012-11-17,1,5,1,1,0,0,0,전북,익산시,1,11,0,2,4,3,1,127.1194,36.0392,전북익산시,0,건설기계없음,0,1,0,125,0,0
2012-11-15,0,3,1,2,1,0,0,경남,창원시(통합),1,7,6,1,1,0,4,128.694,35.2172,경남창원시(통합),0,승용차이륜차,0,0,0,86,0,0
2012-10-31,0,2,1,4,3,0,0,경기,가평군,1,9,5,0,0,0,2,127.5454,37.8913,경기가평군,1,승용차승용차,0,0,0,176,0,0
2012-11-01,0,3,1,2,0,1,0,전북,전주시,1,7,7,1,1,0,2,127.106,35.8158,전북전주시,0,승용차승용차,0,0,0,11,0,0
2012-11-04,0,6,1,1,0,0,0,부산,사하구,1,1,0,1,1,0,7,128.9615,35.0968,부산사하구,0,승용차원동기장치자전거,0,1,0,25,0,0
2012-11-01,1,3,1,1,0,0,0,경북,예천군,1,6,0,0,0,0,1,128.2931,36.5289,경북예천군,0,승용차없음,0,0,0,55,0,0
2012-05-06,0,6,1,3,2,0,0,경기,안양시,1,7,6,1,2,0,7,126.9616,37.3621,경기안양시,1,승용차원동기장치자전거,0,1,0,151,0,0
2012-07-06,0,4,1,2,1,0,0,경기,용인시,1,6,2,0,0,0,1,127.0632,37.3592,경기용인시,0,승용차없음,0,0,0,51,0,0
2012-04-30,1,0,1,1,0,0,0,경남,진주시,1,7,0,1,2,0,7,128.105,35.1818,경남진주시,0,승용차원동기장치자전거,0,0,0,42,0,0
2012-11-08,1,3,1,2,1,0,0,충남,청양군,1,10,0,0,0,9,1,126.9474,36.3663,충남청양군,0,농기계없음,0,0,0,174,0,0
2012-11-20,0,1,1,1,0,0,0,경북,안동시,1,9,2,0,0,0,7,128.9553,36.4501,경북안동시,0,승용차원동기장치자전거,0,0,0,66,0,0
2012-11-16,1,4,1,6,2,3,0,경기,의왕시,1,9,5,1,2,0,3,126.9667,37.3678,경기의왕시,1,승용차화물차,0,0,0,199,0,0
2012-11-20,0,1,1,1,0,0,0,서울,노원구,1,7,6,1,1,4,6,127.0605,37.6542,서울노원구,0,이륜차승합차,0,0,0,18,0,0
2012-10-29,0,0,1,2,0,1,0,경기,평택시,1,5,3,0,0,0,9,126.9659,37.0063,경기평택시,0,승용차건설기계,0,0,0,14,0,0
2012-11-03,1,5,1,1,0,0,0,서울,도봉구,1,5,0,0,3,1,5,127.0392,37.6628,서울도봉구,0,화물차자전거,0,1,0,98,0,0
2012-12-28,0,4,1,1,0,0,0,울산,울주군,1,1,5,0,0,0,3,129.3109,35.4722,울산울주군,0,승용차화물차,0,0,0,17,0,0
2012-12-27,1,3,1,1,0,0,0,경남,고성군,1,6,0,0,0,6,1,128.3406,34.9575,경남고성군,0,원동기장치자전거없음,0,0,0,87,0,0
2012-12-04,0,1,1,1,0,0,0,경기,안성시,1,6,0,0,0,1,1,127.4889,37.0852,경기안성시,0,화물차없음,0,0,0,23,0,0
2012-12-04,1,1,1,1,0,0,0,경기,안양시,1,7,6,1,1,6,2,126.9055,37.4249,경기안양시,0,원동기장치자전거승용차,0,0,0,151,0,0
2012-12-01,0,5,1,1,0,0,0,경기,파주시,1,1,0,0,0,1,3,126.8005,37.7517,경기파주시,0,화물차화물차,0,1,0,175,0,0
2012-12-02,1,6,2,6,3,1,0,강원,홍천군,1,1,0,0,0,2,6,128.0299,37.8427,강원홍천군,1,승합차승합차,0,1,0,82,0,0
2012-09-07,1,4,1,5,2,2,0,충북,괴산군,1,7,0,0,0,0,2,127.9758,36.8014,충북괴산군,1,승용차승용차,0,0,0,179,0,0
2012-08-10,1,4,1,5,0,4,0,인천,서구,1,1,6,1,1,1,6,126.6639,37.5526,인천서구,1,화물차승합차,0,0,0,97,0,0
2012-08-16,1,3,1,2,1,0,0,경기,안산시,1,5,0,0,0,1,3,126.8695,37.3468,경기안산시,0,화물차화물차,0,0,0,2,0,0
2012-08-14,0,1,1,2,1,0,0,경남,통영시,1,9,5,0,0,0,2,128.4094,34.8346,경남통영시,0,승용차승용차,0,0,0,212,0,0
2012-08-19,1,5,2,2,0,0,0,경기,오산시,1,1,6,1,1,0,4,127.0788,37.159,경기오산시,0,승용차이륜차,0,1,0,143,0,0
2012-08-23,0,3,1,1,0,0,0,경북,김천시,1,7,0,0,0,1,3,128.2456,36.0878,경북김천시,0,화물차화물차,0,0,0,76,0,0
2012-08-27,0,0,1,1,0,0,0,전북,고창군,1,1,0,1,2,1,1,126.6919,35.4237,전북고창군,0,화물차없음,0,0,0,219,0,0
2012-09-01,0,5,1,1,0,0,0,울산,울주군,1,6,0,0,0,0,1,129.1298,35.5747,울산울주군,0,승용차없음,0,1,0,17,0,0
2012-09-01,1,5,1,3,0,2,0,전남,화순군,1,5,0,0,0,0,3,126.952,35.0262,전남화순군,0,승용차화물차,0,1,0,88,0,0
2012-08-30,1,3,1,2,0,1,0,전북,진안군,1,6,0,0,0,0,1,127.4784,35.8588,전북진안군,0,승용차없음,0,0,0,192,0,0
2012-09-06,0,3,1,1,0,0,0,충남,금산군,1,11,0,0,0,4,1,127.5222,36.0986,충남금산군,0,이륜차없음,0,0,0,68,0,0
2012-09-04,1,1,1,2,1,0,0,전남,순천시,1,10,0,0,0,1,1,127.2653,35.0154,전남순천시,0,화물차없음,0,0,0,27,0,0
2012-09-09,0,6,1,3,2,0,0,인천,남구,1,1,0,1,2,0,1,126.6355,37.4569,인천남동구,1,승용차없음,0,1,0,29,0,0
2012-09-08,0,5,1,4,0,3,0,전남,순천시,1,5,0,1,1,0,2,127.5228,34.9449,전남순천시,1,승용차승용차,0,1,0,27,0,0
2012-09-11,1,1,1,1,0,0,0,경기,평택시,1,9,0,0,0,1,4,126.868,37.022,경기평택시,0,화물차이륜차,0,0,0,14,0,0
2013-06-29,0,5,1,1,0,0,0,인천,남동구,1,6,0,0,0,0,1,126.7604,37.4626,인천남동구,0,승용차없음,0,1,0,29,0,0
2013-05-17,0,4,1,2,0,1,0,충남,청양군,1,5,0,0,0,1,8,126.8512,36.5538,충남청양군,0,화물차농기계,0,1,0,174,0,0
2013-05-14,0,1,1,1,0,0,0,제주,제주시,1,5,0,0,0,1,3,126.7715,33.5506,제주제주시,0,화물차화물차,0,0,0,90,0,0
2013-05-15,1,2,1,1,0,0,0,전남,영광군,1,1,0,0,0,1,1,126.3783,35.1916,전남영광군,0,화물차없음,0,0,0,127,0,0
2013-05-15,1,2,1,1,0,0,0,경기,안산시,1,1,5,0,0,7,2,126.8179,37.3279,경기안산시,0,자전거승용차,0,0,0,2,0,0
2012-09-04,1,1,1,2,0,1,0,전남,여수시,1,7,5,0,0,0,2,127.7279,34.8129,전남여수시,0,승용차승용차,0,0,0,102,0,0
2012-08-14,1,1,1,2,0,1,0,강원,강릉시,1,7,2,0,0,2,2,128.8663,37.7399,강원강릉시,0,승합차승용차,0,0,0,194,0,0
2012-08-28,1,1,1,2,1,0,0,경기,고양시,1,7,7,1,1,2,7,126.8332,37.6289,경기고양시,0,승합차원동기장치자전거,0,0,0,40,0,0
2012-08-30,1,3,1,1,0,0,0,울산,울주군,1,7,0,1,1,0,7,129.1022,35.533,울산울주군,0,승용차원동기장치자전거,0,0,0,17,0,0
2012-07-26,1,3,1,1,0,0,0,강원,동해시,1,1,4,0,0,1,1,129.0739,37.5393,강원동해시,0,화물차없음,0,0,0,210,0,0
2012-08-03,0,4,1,1,0,0,0,전남,영암군,1,11,0,1,1,0,1,126.4433,34.7775,전남영암군,0,승용차없음,0,0,0,16,0,0
2012-06-26,0,1,1,2,1,0,0,경기,평택시,1,1,0,0,0,4,5,126.9267,36.9801,경기평택시,0,이륜차자전거,0,0,0,14,0,0
2013-04-26,0,4,1,1,0,0,0,경북,상주시,1,5,0,0,0,4,3,128.1851,36.5632,경북상주시,0,이륜차화물차,0,0,0,58,0,0
2013-04-23,1,1,1,1,0,0,0,경기,김포시,1,1,0,2,4,1,2,126.6747,37.65,경기김포시,0,화물차승용차,0,0,0,47,0,0
2013-05-03,1,4,1,2,1,0,0,경기,안성시,1,9,5,0,0,0,3,127.4286,37.0359,경기안성시,0,승용차화물차,0,0,0,23,0,0
2013-05-03,1,4,1,11,7,3,0,전남,장흥군,1,7,6,1,1,2,9,126.9722,34.6486,전남장흥군,2,승합차건설기계,0,0,0,56,0,0
2013-04-27,1,5,1,4,2,1,0,경남,진주시,1,7,6,1,1,1,9,127.9205,35.1817,경남진주시,1,화물차건설기계,0,1,0,42,0,0
2013-04-30,0,1,2,2,0,0,0,전남,보성군,1,6,2,0,0,0,1,127.1021,34.6768,전남보성군,0,승용차없음,0,0,0,122,0,0
2013-05-06,0,0,1,1,0,0,0,전남,영암군,1,6,0,0,0,1,1,126.5942,34.8864,전남영암군,0,화물차없음,0,0,0,16,0,0
2013-05-04,1,5,1,3,0,2,0,경기,하남시,1,7,6,1,1,1,2,127.2184,37.5487,경기하남시,0,화물차승용차,0,1,0,67,0,0
2013-05-02,0,3,1,1,0,0,0,충북,보은군,1,1,0,2,4,9,1,127.6317,36.5039,충북보은군,0,농기계없음,0,0,0,32,0,0
2013-05-04,0,5,1,2,1,0,0,대구,수성구,1,5,0,0,0,0,2,128.6093,35.8549,대구수성구,0,승용차승용차,0,1,0,37,0,0
2013-05-13,0,0,1,1,0,0,0,인천,연수구,1,6,0,0,0,0,1,126.6921,37.4231,인천연수구,0,승용차없음,0,0,0,35,0,0
2012-11-01,1,3,1,2,1,0,0,부산,강서구,1,5,0,0,0,1,3,128.8377,35.101,부산강서구,0,화물차화물차,0,0,0,206,0,0
2012-11-05,0,0,1,2,1,0,0,서울,광진구,1,9,5,0,0,0,2,127.0745,37.5608,서울광진구,0,승용차승용차,0,0,0,183,0,0
2012-12-13,1,3,1,1,0,0,0,충남,당진시,1,10,0,0,0,0,1,126.5233,36.9684,충남당진시,0,승용차없음,0,0,0,46,0,0
2012-12-11,1,1,1,2,1,0,0,경남,창녕군,1,5,0,0,0,0,7,128.4601,35.4576,경남창녕군,0,승용차원동기장치자전거,0,0,0,211,0,0
2012-12-15,1,5,1,2,0,1,0,전남,해남군,1,11,0,0,0,1,1,126.5771,34.4048,전남해남군,0,화물차없음,0,1,0,119,0,0
2012-12-16,1,6,1,2,1,0,0,대전,유성구,1,6,0,0,0,0,1,127.3421,36.3836,대전유성구,0,승용차없음,0,1,0,148,0,0
2012-12-27,0,3,1,2,1,0,0,경남,창원시(통합),1,6,0,0,0,0,1,128.5966,35.1846,경남창원시(통합),0,승용차없음,0,0,0,86,0,0
2012-12-27,0,3,1,2,1,0,0,전북,군산시,1,7,6,1,1,0,2,126.7091,35.9837,전북군산시,0,승용차승용차,0,0,0,166,0,0
2012-12-22,1,5,1,1,0,0,0,부산,남구,1,6,0,0,0,2,1,129.0997,35.1242,부산남구,0,승합차없음,0,1,0,180,0,0
2012-12-18,1,1,1,1,0,0,0,경북,경주시,1,7,0,0,0,2,8,129.3136,35.7926,경북경주시,0,승합차농기계,0,0,0,100,0,0
2013-01-11,0,4,1,1,0,0,0,경북,상주시,1,5,0,0,0,0,8,128.1664,36.4625,경북상주시,0,승용차농기계,0,0,0,58,0,0