발생년월일,주야,요일,사망자수,사상자수,중상자수,경상자수,부상신고자수,발생지시도,발생지시군구,사고유형_대분류,사고유형_중분류,법규위반,도로형태_대분류,도로형태,당사자종별_1당_대분류,당사자종별_2당_대분류,경도,위도,발생지,사고피해정도,사고차량타입,도시여부,주말/공휴일,인구수,발생지번호,보행자의위치,무단횡단여부
2013-01-22,1,1,1,11,5,4,1,강원,고성군,1,5,0,0,0,0,2,128.4502,38.2152,강원고성군,2,승용차승용차,0,0,0,217,0,0
2013-01-29,1,1,1,1,0,0,0,전북,정읍시,1,1,0,1,2,6,1,126.844,35.5686,전북정읍시,0,원동기장치자전거없음,0,0,0,12,0,0
2013-02-01,0,4,1,2,0,1,0,경기,성남시,1,1,3,0,0,0,1,127.1611,37.4249,경기성남시,0,승용차없음,0,0,0,95,0,0
2013-02-01,0,4,1,2,0,1,0,경기,성남시,1,5,5,0,0,0,3,127.1491,37.4572,경기성남시,0,승용차화물차,0,0,0,95,0,0
2013-02-02,1,5,1,1,0,0,0,대구,동구,1,1,0,0,0,0,2,128.642,35.88,대구동구,0,승용차승용차,0,1,0,26,0,0
2013-02-13,0,2,1,1,0,0,0,충남,당진시,1,5,0,1,2,0,9,126.7779,36.9683,충남당진시,0,승용차건설기계,0,0,0,46,0,0
2013-02-13,0,2,1,8,3,4,0,경북,구미시,1,7,6,1,1,2,2,128.4173,36.1367,경북구미시,2,승합차승용차,0,0,0,144,0,0
2013-02-06,1,2,1,1,0,0,0,경기,의정부시,1,1,0,1,1,0,2,127.0516,37.7413,경기의정부시,0,승용차승용차,0,0,0,64,0,0
2012-01-02,1,0,2,2,0,0,0,경남,의령군,1,11,0,0,0,0,1,128.3713,35.3664,경남의령군,0,승용차없음,0,0,0,189,0,0
2013-10-12,0,5,1,7,6,0,0,경기,용인시,1,5,0,0,0,2,2,127.1076,37.1195,경기용인시,2,승합차승용차,0,1,0,51,0,0
2013-01-12,0,5,1,3,2,0,0,경기,남양주시,1,1,5,0,0,2,2,127.2284,37.6405,경기남양주시,1,승합차승용차,0,1,0,70,0,0
2013-01-23,0,2,1,1,0,0,0,대구,중구,1,1,6,1,1,7,6,128.6079,35.862,대구중구,0,자전거승합차,0,0,0,178,0,0
2013-01-24,1,3,1,1,0,0,0,경남,창원시(통합),1,10,0,1,2,6,1,128.6413,35.2375,경남창원시(통합),0,원동기장치자전거없음,0,0,0,86,0,0
2013-01-29,0,1,1,1,0,0,0,경기,화성시,1,6,0,0,0,0,1,126.8889,37.2449,경기화성시,0,승용차없음,0,0,0,50,0,0
2013-01-28,1,0,1,1,0,0,0,경북,울진군,1,11,0,0,0,1,1,129.2257,36.9397,경북울진군,0,화물차없음,0,0,0,208,0,0
2013-02-09,0,5,1,5,2,2,0,전남,여수시,1,10,0,1,2,0,1,127.6361,34.6268,전남여수시,1,승용차없음,0,1,0,102,0,0
2013-02-13,0,2,1,1,0,0,0,제주,제주시,1,1,0,0,0,1,1,126.4174,33.474,제주제주시,0,화물차없음,0,0,0,90,0,0
2013-02-09,1,5,1,4,3,0,0,충남,보령시,1,9,8,1,1,1,2,126.6009,36.332,충남보령시,1,화물차승용차,0,1,0,136,0,0
2013-07-14,1,6,1,1,0,0,0,경기,평택시,1,6,0,0,0,1,1,126.8691,37.0017,경기평택시,0,화물차없음,0,1,0,14,0,0
2012-11-14,1,2,1,1,0,0,0,인천,연수구,1,1,2,0,0,0,5,126.6679,37.4215,인천연수구,0,승용차자전거,0,0,0,35,0,0
2012-12-02,1,6,1,1,0,0,0,충북,청주시,1,9,7,0,0,0,4,127.4034,36.6195,충북청주시,0,승용차이륜차,0,1,0,83,0,0
2012-09-06,0,3,1,1,0,0,0,서울,송파구,1,7,0,0,0,1,5,127.1368,37.4969,서울송파구,0,화물차자전거,0,0,0,156,0,0
2012-10-27,0,5,2,4,2,0,0,부산,사하구,1,1,6,1,1,0,2,128.9651,35.0855,부산사하구,1,승용차승용차,0,1,0,25,0,0
2013-04-19,0,4,1,1,0,0,0,충남,아산시,1,6,0,2,4,0,1,126.9713,36.7871,충남아산시,0,승용차없음,0,0,0,53,0,0
2013-04-19,1,4,1,6,3,2,0,전남,무안군,1,9,5,0,0,0,3,126.3482,35.0675,전남무안군,1,승용차화물차,0,0,0,101,0,0
2013-04-25,1,3,1,2,1,0,0,경기,파주시,1,1,0,0,0,1,1,126.6878,37.723,경기파주시,0,화물차없음,0,0,0,175,0,0
2013-04-26,0,4,2,3,0,0,1,전북,진안군,1,5,0,0,0,2,8,127.6122,35.85,전북진안군,0,승합차농기계,0,0,0,192,0,0
2013-04-22,1,0,1,1,0,0,0,대전,동구,1,7,0,0,0,1,5,127.5037,36.3514,대전동구,0,화물차자전거,0,0,0,80,0,0
2013-04-23,1,1,1,1,0,0,0,경남,밀양시,1,7,0,0,0,0,4,128.7766,35.4489,경남밀양시,0,승용차이륜차,0,0,0,177,0,0
2013-04-22,0,0,1,1,0,0,0,충북,음성군,1,1,0,0,0,6,1,127.5979,37.0077,충북음성군,0,원동기장치자전거없음,0,0,0,110,0,0
2013-05-11,0,5,1,1,0,0,0,전남,영암군,1,11,0,1,2,0,1,126.4957,34.724,전남영암군,0,승용차없음,0,1,0,16,0,0
2013-05-15,0,2,1,7,6,0,0,경기,수원시,1,7,6,1,1,0,2,127.0336,37.2669,경기수원시,2,승용차승용차,0,0,0,99,0,0
2012-11-21,1,2,1,1,0,0,0,충북,보은군,1,5,0,0,0,0,8,127.7977,36.5161,충북보은군,0,승용차농기계,0,0,0,32,0,0
2012-11-02,1,4,1,1,0,0,0,제주,제주시,1,7,7,1,1,2,2,126.5193,33.4808,제주제주시,0,승합차승용차,0,0,0,90,0,0
2012-11-06,0,1,1,1,0,0,0,서울,구로구,1,1,0,1,2,2,5,126.883,37.5099,서울구로구,0,승합차자전거,0,0,0,79,0,0
2012-11-06,0,1,1,1,0,0,0,경기,남양주시,1,5,0,2,4,0,2,127.2138,37.6943,경기남양주시,0,승용차승용차,0,0,0,70,0,0
2012-11-03,1,5,1,1,0,0,0,경북,성주군,1,6,0,0,0,1,1,128.1786,35.8269,경북성주군,0,화물차없음,0,1,0,168,0,0
2012-12-31,1,0,1,1,0,0,0,충남,당진시,1,6,0,0,0,5,1,126.5314,37.0065,충남당진시,0,특수차없음,0,0,0,46,0,0
2012-12-31,0,0,1,1,0,0,0,충북,청원군,1,5,0,0,0,2,5,127.4649,36.743,충북청주시,0,승합차자전거,0,0,0,83,0,0
2012-12-30,0,6,1,1,0,0,0,서울,관악구,1,7,0,0,0,0,2,126.9652,37.474,서울관악구,0,승용차승용차,0,1,0,188,0,0
2012-12-15,0,5,1,2,0,1,0,부산,강서구,1,5,0,0,0,0,11,128.8642,35.1346,부산강서구,0,승용차특수차,0,1,0,206,0,0
2012-12-12,0,2,1,1,0,0,0,충남,천안시,1,5,0,0,0,0,2,127.2084,36.9127,충남천안시,0,승용차승용차,0,0,0,63,0,0
2012-12-16,0,6,1,1,0,0,0,경기,시흥시,1,7,7,1,1,0,4,126.7518,37.344,경기시흥시,0,승용차이륜차,0,1,0,73,0,0
2012-12-16,0,6,1,7,0,6,0,충북,청주시,1,1,0,1,2,0,2,127.511,36.6247,충북청주시,1,승용차승용차,0,1,0,83,0,0
2012-12-16,0,6,1,2,1,0,0,경남,창원시(통합),1,9,5,0,0,0,2,128.7043,35.2886,경남창원시(통합),0,승용차승용차,0,1,0,86,0,0
2012-12-14,1,4,1,2,1,0,0,경북,의성군,1,10,0,0,0,0,1,128.3059,36.3387,경북의성군,0,승용차없음,0,0,0,105,0,0
2012-12-19,1,2,1,1,0,0,0,경기,부천시,1,7,0,1,2,4,2,126.8048,37.5209,경기부천시,0,이륜차승용차,0,1,0,65,0,0
2012-12-23,0,6,1,2,1,0,0,경기,가평군,1,1,5,0,0,4,2,127.282,37.8504,경기가평군,0,이륜차승용차,0,1,0,176,0,0
2012-12-25,0,1,1,1,0,0,0,충남,당진시,1,1,0,0,0,2,2,126.5992,36.8853,충남당진시,0,승합차승용차,0,1,0,46,0,0
2012-12-22,0,5,1,2,1,0,0,경기,용인시,1,1,0,2,0,1,1,127.0788,37.2672,경기용인시,0,화물차없음,0,1,0,51,0,0
2012-11-30,1,4,1,1,0,0,0,전북,전주시,1,5,0,1,2,4,11,127.1281,35.8314,전북전주시,0,이륜차특수차,0,0,0,11,0,0
2012-12-04,1,1,1,2,0,1,0,전남,광양시,1,7,6,1,1,0,3,127.6695,34.9118,전남광양시,0,승용차화물차,0,0,0,130,0,0
2012-12-05,0,2,1,1,0,0,0,충남,보령시,1,11,0,0,0,0,1,126.5663,36.2057,충남보령시,0,승용차없음,0,0,0,136,0,0
2012-12-01,1,5,1,1,0,0,0,경기,남양주시,1,1,0,1,2,1,3,127.2068,37.6332,경기남양주시,0,화물차화물차,0,1,0,70,0,0
2012-12-01,0,5,1,1,0,0,0,경기,파주시,1,5,0,0,0,1,3,126.7682,37.8598,경기파주시,0,화물차화물차,0,1,0,175,0,0
2012-12-01,1,5,1,1,0,0,0,인천,옹진군,1,6,0,0,0,1,1,124.6501,37.9671,인천옹진군,0,화물차없음,0,1,0,186,0,0
2012-12-01,1,5,1,1,0,0,0,전남,무안군,1,1,0,1,1,6,9,126.4873,34.8494,전남무안군,0,원동기장치자전거건설기계,0,1,0,101,0,0
2013-02-18,1,0,1,2,1,0,0,대전,유성구,1,7,0,1,1,0,3,127.3952,36.4339,대전유성구,0,승용차화물차,0,0,0,148,0,0
2013-02-17,1,6,1,1,0,0,0,전북,김제시,1,1,0,0,0,6,1,126.8701,35.7936,전북김제시,0,원동기장치자전거없음,0,1,0,34,0,0
2013-12-03,0,1,1,1,0,0,0,경기,평택시,1,5,0,0,0,5,3,126.9795,37.0267,경기평택시,0,특수차화물차,0,0,0,14,0,0
2013-01-18,1,4,1,1,0,0,0,전남,영암군,1,6,0,0,0,0,1,126.643,34.7032,전남영암군,0,승용차없음,0,0,0,16,0,0
2013-01-18,0,4,1,2,0,1,0,전남,순천시,1,1,5,0,0,6,2,127.532,34.952,전남순천시,0,원동기장치자전거승용차,0,0,0,27,0,0
2013-01-23,1,2,1,1,0,0,0,제주,제주시,1,6,0,1,1,4,1,126.548,33.5117,제주제주시,0,이륜차없음,0,0,0,90,0,0
2013-01-24,0,3,2,4,1,1,0,경북,김천시,1,7,5,0,0,0,3,128.1318,36.1275,경북김천시,1,승용차화물차,0,0,0,76,0,0
2013-01-24,1,3,1,5,3,1,0,경북,울진군,1,9,5,0,0,0,2,129.4073,36.7228,경북울진군,1,승용차승용차,0,0,0,208,0,0
2013-02-06,1,2,1,3,1,1,0,강원,양양군,1,5,0,1,2,0,2,128.6162,38.0784,강원양양군,0,승용차승용차,0,0,0,164,0,0
2013-02-07,0,3,1,3,2,0,0,인천,중구,1,9,5,0,0,0,2,126.4198,37.4969,인천중구,1,승용차승용차,0,0,0,72,0,0
2013-02-15,0,4,1,1,0,0,0,제주,제주시,1,6,0,0,0,0,1,126.2536,33.3911,제주제주시,0,승용차없음,0,0,0,90,0,0
2013-08-14,1,2,2,5,2,1,0,강원,횡성군,1,5,0,2,4,2,9,128.1171,37.4721,강원횡성군,1,승합차건설기계,0,0,0,31,0,0
2013-10-08,1,1,1,3,0,2,0,전남,광양시,1,10,0,2,4,1,1,127.68,34.9653,전남광양시,0,화물차없음,0,0,0,130,0,0
2012-11-13,0,1,1,2,0,1,0,경북,김천시,1,7,3,0,0,0,6,128.1841,36.1349,경북김천시,0,승용차승합차,0,0,0,76,0,0
2013-05-02,1,3,1,1,0,0,0,울산,울주군,1,6,0,0,0,6,1,129.0849,35.6,울산울주군,0,원동기장치자전거없음,0,0,0,17,0,0
2013-05-07,1,1,1,1,0,0,0,전남,영암군,1,1,5,1,2,1,7,126.6094,34.8582,전남영암군,0,화물차원동기장치자전거,0,0,0,16,0,0
2013-05-06,0,0,1,1,0,0,0,경기,광명시,1,9,5,0,0,6,6,126.8471,37.4317,경기광명시,0,원동기장치자전거승합차,0,0,0,81,0,0
2013-05-06,1,0,1,2,0,1,0,경기,안산시,1,5,0,0,0,1,3,126.872,37.3527,경기안산시,0,화물차화물차,0,0,0,2,0,0
2013-05-06,0,0,1,1,0,0,0,광주,남구,1,7,6,1,1,0,2,126.9249,35.1316,광주남구,0,승용차승용차,0,0,0,190,0,0
2012-07-14,1,5,1,4,3,0,0,대구,수성구,1,1,6,1,1,0,2,128.6166,35.8547,대구수성구,1,승용차승용차,0,1,0,37,0,0
2013-05-05,0,6,1,1,0,0,0,충북,음성군,1,1,5,0,0,6,2,127.5051,36.9555,충북음성군,0,원동기장치자전거승용차,0,1,0,110,0,0
2013-05-11,0,5,1,2,1,0,0,경북,칠곡군,1,5,0,0,0,1,5,128.3709,36.0314,경북칠곡군,0,화물차자전거,0,1,0,21,0,0
2012-05-02,1,2,1,1,0,0,0,경기,파주시,1,6,0,1,2,0,1,126.765,37.7684,경기파주시,0,승용차없음,0,0,0,175,0,0
2012-04-13,1,4,1,10,0,3,6,경기,광주시,1,9,5,0,0,0,6,127.2076,37.3416,경기광주시,1,승용차승합차,0,0,0,9,0,0
2012-12-03,1,0,1,1,0,0,0,전남,담양군,1,6,0,0,0,1,1,127.0599,35.3485,전남담양군,0,화물차없음,0,0,0,181,0,0
2012-05-14,0,0,1,1,0,0,0,경기,용인시,1,1,6,1,1,0,5,127.1043,37.2574,경기용인시,0,승용차자전거,0,0,0,51,0,0
2012-11-12,0,0,1,1,0,0,0,인천,중구,1,10,0,0,0,2,1,126.5543,37.5181,인천중구,0,승합차없음,0,0,0,72,0,0
2012-11-16,0,4,1,26,15,10,0,경기,안산시,1,10,2,0,0,2,1,126.8862,37.3016,경기안산시,2,승합차없음,0,0,0,2,0,0
2012-11-21,0,2,1,1,0,0,0,광주,남구,1,6,0,1,1,0,1,126.9015,35.1332,광주남구,0,승용차없음,0,0,0,190,0,0
2012-11-21,0,2,1,1,0,0,0,경기,광명시,1,6,0,0,0,4,1,126.8795,37.4418,경기광명시,0,이륜차없음,0,0,0,81,0,0
2012-11-18,1,6,1,1,0,0,0,전남,강진군,1,5,0,0,0,0,8,126.7948,34.7007,전남강진군,0,승용차농기계,0,1,0,121,0,0
2013-06-12,1,2,1,3,1,1,0,강원,원주시,1,5,3,0,0,2,2,127.9279,37.3263,강원원주시,0,승합차승용차,0,0,0,36,0,0
2013-06-21,0,4,1,7,4,2,0,전북,군산시,1,1,0,0,0,1,2,126.8363,35.969,전북군산시,2,화물차승용차,0,0,0,166,0,0
2013-02-13,1,2,1,1,0,0,0,경남,창원시(통합),1,1,0,2,4,7,1,128.7493,35.3357,경남창원시(통합),0,자전거없음,0,0,0,86,0,0
2013-02-15,0,4,1,1,0,0,0,충남,논산시,1,6,0,1,1,0,1,127.067,36.1797,충남논산시,0,승용차없음,0,0,0,61,0,0
2013-02-25,0,0,1,1,0,0,0,부산,금정구,1,6,0,0,0,1,1,129.117,35.2146,부산금정구,0,화물차없음,0,0,0,96,0,0
2013-02-25,1,0,1,4,1,2,0,인천,서구,1,1,0,0,0,0,9,126.676,37.5288,인천서구,1,승용차건설기계,0,0,0,97,0,0
2013-02-23,0,5,2,5,1,2,0,강원,동해시,1,9,5,0,0,0,2,129.1039,37.5139,강원동해시,1,승용차승용차,0,1,0,210,0,0
2013-02-22,0,4,1,1,0,0,0,충남,부여군,1,1,0,0,0,1,2,127.0255,36.2611,충남부여군,0,화물차승용차,0,0,0,129,0,0
2013-01-03,0,3,1,1,0,0,0,서울,송파구,1,6,0,0,0,0,1,127.0726,37.5181,서울송파구,0,승용차없음,0,0,0,156,0,0
2013-04-19,0,4,1,3,2,0,0,인천,서구,1,1,6,1,1,0,6,126.6719,37.4993,인천서구,1,승용차승합차,0,0,0,97,0,0
2013-04-24,1,2,1,1,0,0,0,제주,서귀포시,1,1,0,0,0,4,3,126.2418,33.2324,제주서귀포시,0,이륜차화물차,0,0,0,62,0,0
2013-04-23,0,1,1,2,1,0,0,서울,강남구,1,1,0,0,0,4,1,127.0555,37.4741,서울강남구,0,이륜차없음,0,0,0,89,0,0
2013-05-20,1,0,1,6,0,5,0,울산,동구,1,1,5,0,0,1,2,129.4522,35.5531,울산동구,1,화물차승용차,0,0,0,225,0,0
2013-05-21,1,1,1,1,0,0,0,경북,포항시,1,7,0,0,0,2,5,129.3456,35.9975,경북포항시,0,승합차자전거,0,0,0,160,0,0
2013-05-20,0,0,1,4,3,0,0,경남,김해시,1,1,0,1,1,2,1,128.7678,35.1845,경남김해시,1,승합차없음,0,0,0,13,0,0
2013-05-23,1,3,1,2,1,0,0,경남,함안군,1,5,0,0,0,1,3,128.419,35.2612,경남함안군,0,화물차화물차,0,0,0,117,0,0
2013-05-23,0,3,1,2,0,1,0,충북,음성군,1,1,0,0,0,0,2,127.7169,37.1124,충북음성군,0,승용차승용차,0,0,0,110,0,0
2013-05-09,1,3,1,1,0,0,0,서울,영등포구,1,10,0,0,0,7,1,126.914,37.505,서울영등포구,0,자전거없음,0,0,0,150,0,0
2013-05-08,0,2,1,1,0,0,0,전남,영암군,1,11,0,0,0,0,1,126.6897,34.8615,전남영암군,0,승용차없음,0,0,0,16,0,0
2012-05-16,1,2,1,2,1,0,0,충북,청원군,1,5,0,0,0,1,8,127.5993,36.5841,충북청주시,0,화물차농기계,0,0,0,83,0,0
2012-05-17,0,3,1,1,0,0,0,대구,북구,1,7,0,0,0,1,5,128.5816,35.9,대구북구,0,화물차자전거,0,0,0,112,0,0
2012-12-20,1,3,1,2,1,0,0,전남,해남군,1,9,5,0,0,1,2,126.5271,34.3392,전남해남군,0,화물차승용차,0,0,0,119,0,0
2012-11-14,1,2,1,1,0,0,0,경기,양주시,1,10,0,0,0,1,1,126.9873,37.7857,경기양주시,0,화물차없음,0,0,0,59,0,0
2012-11-21,0,2,2,3,1,0,0,서울,중구,1,6,0,0,0,0,1,126.9954,37.5588,서울중구,1,승용차없음,0,0,0,8,0,0
2012-11-20,1,1,1,5,1,3,0,경북,영주시,1,7,7,1,1,0,2,128.6245,36.8594,경북영주시,1,승용차승용차,0,0,0,113,0,0
2012-11-17,0,5,1,2,1,0,0,강원,정선군,1,5,0,0,0,1,9,128.8251,37.4986,강원정선군,0,화물차건설기계,0,1,0,198,0,0
2012-11-14,0,2,1,1,0,0,0,서울,구로구,1,1,3,0,0,0,3,126.8358,37.4885,서울구로구,0,승용차화물차,0,0,0,79,0,0
2012-11-19,1,0,1,1,0,0,0,충북,옥천군,1,7,0,1,2,1,4,127.5671,36.2962,충북옥천군,0,화물차이륜차,0,0,0,142,0,0
2012-11-19,0,0,1,4,2,1,0,경북,경산시,1,11,0,0,0,0,1,128.8363,35.9006,경북경산시,1,승용차없음,0,0,0,52,0,0
2012-11-01,0,3,1,1,0,0,0,인천,계양구,1,5,0,0,0,0,2,126.7344,37.5305,인천계양구,0,승용차승용차,0,0,0,7,0,0
2012-11-04,1,6,1,3,0,1,1,전남,무안군,1,1,5,0,0,0,2,126.4254,34.8759,전남무안군,0,승용차승용차,0,1,0,101,0,0
2012-11-05,1,0,1,1,0,0,0,전남,영암군,1,10,0,2,4,9,1,126.6571,34.8704,전남영암군,0,농기계없음,0,0,0,16,0,0
2012-11-03,1,5,1,5,4,0,0,경남,함양군,1,7,6,1,1,1,2,127.7827,35.5642,경남함양군,1,화물차승용차,0,1,0,108,0,0
2012-12-30,1,6,1,3,0,2,0,부산,강서구,1,1,0,1,1,1,6,128.9073,35.1179,부산강서구,0,화물차승합차,0,1,0,206,0,0
2012-12-14,1,4,1,2,0,1,0,경북,청송군,1,9,5,0,0,1,3,129.0321,36.4481,경북청송군,0,화물차화물차,0,0,0,203,0,0
2012-12-16,1,6,1,1,0,0,0,충남,예산군,1,6,0,0,0,0,1,126.6212,36.6544,충남예산군,0,승용차없음,0,1,0,187,0,0
2012-12-12,1,2,1,1,0,0,0,서울,마포구,1,7,6,1,1,7,2,126.9137,37.5546,서울마포구,0,자전거승용차,0,0,0,159,0,0
2012-12-02,0,6,1,1,0,0,0,제주,제주시,1,6,0,0,0,1,1,126.4534,33.4615,제주제주시,0,화물차없음,0,1,0,90,0,0
2012-12-07,0,4,1,1,0,0,0,전남,신안군,1,11,0,0,0,0,1,126.1094,34.8256,전남신안군,0,승용차없음,0,0,0,132,0,0
2012-12-02,1,6,1,1,0,0,0,세종,세종,1,6,0,1,1,0,1,127.1706,36.7453,세종세종,0,승용차없음,1,1,0,229,0,0
2012-11-29,0,3,2,4,0,2,0,서울,서대문구,1,5,0,1,1,0,2,126.908,37.5726,서울서대문구,1,승용차승용차,0,0,0,195,0,0
2012-12-14,1,4,1,1,0,0,0,경북,영천시,1,10,0,0,0,9,1,128.9979,35.8703,경북영천시,0,농기계없음,0,0,0,5,0,0
2012-12-14,1,4,1,1,0,0,0,충남,금산군,1,1,0,0,0,1,6,127.552,36.0608,충남금산군,0,화물차승합차,0,0,0,68,0,0
2012-11-14,1,2,1,2,1,0,0,세종,세종,1,1,0,0,0,4,1,127.2707,36.6471,세종세종,0,이륜차없음,1,0,0,229,0,0
2012-01-06,1,4,1,1,0,0,0,경기,여주시,1,10,0,1,2,4,1,127.537,37.2394,경기여주시,0,이륜차없음,0,0,0,22,0,0
2012-05-19,1,5,1,1,0,0,0,충남,금산군,1,7,0,1,2,0,2,127.376,36.2206,충남금산군,0,승용차승용차,0,1,0,68,0,0
2012-11-04,1,6,1,1,0,0,0,인천,남구,1,1,0,0,0,0,1,126.6529,37.4683,인천남동구,0,승용차없음,0,1,0,29,0,0
2012-10-31,1,2,1,1,0,0,0,경기,오산시,1,7,6,1,1,1,4,127.0783,37.1358,경기오산시,0,화물차이륜차,0,0,0,143,0,0
2012-11-05,0,0,1,1,0,0,0,강원,동해시,1,6,0,0,0,0,1,129.1224,37.4889,강원동해시,0,승용차없음,0,0,0,210,0,0
2012-11-01,0,3,2,2,0,0,0,충남,서산시,1,5,0,0,0,0,2,126.5381,36.7181,충남서산시,0,승용차승용차,0,0,0,69,0,0
2012-12-29,1,5,1,1,0,0,0,부산,남구,1,5,0,0,0,0,2,129.0983,35.1301,부산남구,0,승용차승용차,0,1,0,180,0,0
2012-12-15,1,5,1,2,1,0,0,경기,김포시,1,5,0,0,0,0,9,126.7365,37.6242,경기김포시,0,승용차건설기계,0,1,0,47,0,0
2012-12-22,1,5,1,4,1,2,0,서울,관악구,1,5,0,1,2,0,2,126.9356,37.4864,서울관악구,1,승용차승용차,0,1,0,188,0,0
2012-12-22,1,5,1,1,0,0,0,전북,고창군,1,9,5,0,0,1,2,126.6206,35.3494,전북고창군,0,화물차승용차,0,1,0,219,0,0
2012-12-20,0,3,1,1,0,0,0,경기,고양시,1,6,0,1,1,0,1,126.8576,37.7048,경기고양시,0,승용차없음,0,0,0,40,0,0
2012-12-07,1,4,1,2,1,0,0,대구,남구,1,6,0,0,0,0,1,128.5844,35.8425,대구남구,0,승용차없음,0,0,0,145,0,0
2012-12-05,1,2,1,1,0,0,0,전남,장성군,1,10,0,0,0,1,1,126.8668,35.3259,전남장성군,0,화물차없음,0,0,0,146,0,0
2012-12-02,0,6,1,2,1,0,0,대전,대덕구,1,7,6,1,1,4,6,127.4289,36.3707,대전대덕구,0,이륜차승합차,0,1,0,77,0,0
2012-02-09,1,3,1,1,0,0,0,충남,당진시,1,1,0,0,0,1,5,126.7033,36.8515,충남당진시,0,화물차자전거,0,0,0,46,0,0
2012-02-07,0,1,1,1,0,0,0,강원,원주시,1,6,0,0,0,4,1,127.9501,37.3594,강원원주시,0,이륜차없음,0,0,0,36,0,0
2012-02-06,0,0,1,1,0,0,0,서울,도봉구,1,7,0,0,0,4,6,127.0341,37.6474,서울도봉구,0,이륜차승합차,0,0,0,98,0,0
2012-02-14,0,1,2,5,3,0,0,전남,신안군,1,9,5,0,0,0,3,126.3538,34.8247,전남신안군,1,승용차화물차,0,0,0,132,0,0
2012-02-21,0,1,1,1,0,0,0,강원,원주시,1,7,6,1,1,1,4,127.9518,37.3971,강원원주시,0,화물차이륜차,0,0,0,36,0,0
2012-03-03,1,5,1,1,0,0,0,경북,안동시,1,1,0,0,0,6,1,128.5711,36.4704,경북안동시,0,원동기장치자전거없음,0,1,0,66,0,0
2012-03-02,1,4,1,1,0,0,0,전북,군산시,1,7,8,1,1,1,8,126.7927,35.9675,전북군산시,0,화물차농기계,0,0,0,166,0,0
2012-01-17,1,1,1,1,0,0,0,경남,창원시(통합),1,1,8,1,1,6,2,128.6568,35.1496,경남창원시(통합),0,원동기장치자전거승용차,0,0,0,86,0,0
2012-01-15,1,6,1,3,0,2,0,경남,거제시,1,7,0,0,0,0,2,128.5534,34.9036,경남거제시,0,승용차승용차,0,1,0,15,0,0
2012-11-22,1,3,1,3,0,2,0,경북,안동시,1,6,0,0,0,1,1,128.656,36.4782,경북안동시,0,화물차없음,0,0,0,66,0,0
2012-07-03,0,1,1,2,1,0,0,서울,은평구,1,9,6,1,1,6,2,126.8871,37.5871,서울은평구,0,원동기장치자전거승용차,0,0,0,139,0,0
2012-06-26,0,1,1,2,1,0,0,경기,이천시,1,11,0,0,0,0,1,127.5186,37.2354,경기이천시,0,승용차없음,0,0,0,41,0,0
2012-06-25,1,0,1,1,0,0,0,전북,완주군,1,1,5,1,1,7,3,127.1134,35.9234,전북완주군,0,자전거화물차,0,0,0,28,0,0
2012-07-06,0,4,1,6,1,3,1,경남,창원시(통합),1,5,0,1,2,0,2,128.6837,35.2101,경남창원시(통합),1,승용차승용차,0,0,0,86,0,0
2012-07-05,1,3,1,3,2,0,0,인천,연수구,1,7,5,0,0,1,6,126.6528,37.4034,인천연수구,1,화물차승합차,0,0,0,35,0,0
2012-07-15,0,6,1,1,0,0,0,서울,동대문구,1,6,0,0,0,0,1,127.0713,37.5609,서울동대문구,0,승용차없음,0,1,0,201,0,0
2013-04-26,1,4,1,1,0,0,0,경기,수원시,1,5,0,0,0,0,5,126.9765,37.25,경기수원시,0,승용차자전거,0,0,0,99,0,0
2013-04-24,0,2,1,1,0,0,0,서울,구로구,1,7,5,0,0,1,4,126.8232,37.4804,서울구로구,0,화물차이륜차,0,0,0,79,0,0
2013-04-23,0,1,3,4,1,0,0,경북,경주시,1,6,0,2,4,0,1,129.2421,35.9134,경북경주시,1,승용차없음,0,0,0,100,0,0
2013-05-01,0,2,1,2,0,1,0,충북,옥천군,1,7,0,1,1,0,3,127.5803,36.278,충북옥천군,0,승용차화물차,0,0,0,142,0,0
2013-05-01,0,2,1,1,0,0,0,충남,홍성군,1,1,0,0,0,0,1,126.7247,36.6231,충남홍성군,0,승용차없음,0,0,0,38,0,0
2012-12-07,1,4,1,2,1,0,0,경남,양산시,1,1,0,0,0,1,3,129.1255,35.3417,경남양산시,0,화물차화물차,0,0,0,49,0,0
2012-12-04,1,1,1,1,0,0,0,경남,의령군,1,7,0,0,0,3,5,128.282,35.3199,경남의령군,0,건설기계자전거,0,0,0,189,0,0
2012-12-08,0,5,1,2,0,0,1,부산,기장군,1,6,0,0,0,0,1,129.1432,35.3576,부산기장군,0,승용차없음,0,1,0,85,0,0
2012-01-14,0,5,1,1,0,0,0,충남,홍성군,1,11,0,0,0,6,1,126.7374,36.6248,충남홍성군,0,원동기장치자전거없음,0,1,0,38,0,0
2012-04-28,0,5,1,2,1,0,0,제주,제주시,1,9,5,0,0,0,3,126.4572,33.4954,제주제주시,0,승용차화물차,0,1,0,90,0,0
2012-06-02,1,5,1,1,0,0,0,대구,달서구,1,5,0,0,0,0,3,128.4927,35.8515,대구달서구,0,승용차화물차,0,1,0,20,0,0