발생년월일,주야,요일,사망자수,사상자수,중상자수,경상자수,부상신고자수,발생지시도,발생지시군구,사고유형_대분류,사고유형_중분류,법규위반,도로형태_대분류,도로형태,당사자종별_1당_대분류,당사자종별_2당_대분류,경도,위도,발생지,사고피해정도,사고차량타입,도시여부,주말/공휴일,인구수,발생지번호,보행자의위치,무단횡단여부
2012-11-06,0,1,1,1,0,0,0,광주,북구,1,7,3,0,0,0,7,126.8777,35.2106,광주북구,0,승용차원동기장치자전거,0,0,0,137,0,0
2012-11-19,1,0,1,1,0,0,0,경기,평택시,1,5,3,0,0,0,9,127.0669,37.0409,경기평택시,0,승용차건설기계,0,0,0,14,0,0
2012-11-16,1,4,1,1,0,0,0,강원,홍천군,1,1,0,0,0,1,5,127.9005,37.6909,강원홍천군,0,화물차자전거,0,0,0,82,0,0
2012-11-20,0,1,1,2,1,0,0,경남,함안군,1,6,0,0,0,0,1,128.3396,35.2675,경남함안군,0,승용차없음,0,0,0,117,0,0
2012-11-21,1,2,1,1,0,0,0,경남,거창군,1,7,0,0,0,1,4,127.9275,35.6996,경남거창군,0,화물차이륜차,0,0,0,154,0,0
2012-11-14,1,2,1,1,0,0,0,전남,해남군,1,10,0,0,0,0,1,126.6407,34.6226,전남해남군,0,승용차없음,0,0,0,119,0,0
2012-11-21,0,2,1,2,0,1,0,대전,서구,1,6,0,1,2,6,1,127.3454,36.3036,대전서구,0,원동기장치자전거없음,0,0,0,4,0,0
2012-10-30,0,1,1,1,0,0,0,경남,의령군,1,7,0,0,0,1,8,128.2585,35.2594,경남의령군,0,화물차농기계,0,0,0,189,0,0
2012-11-04,1,6,1,1,0,0,0,경기,용인시,1,1,0,1,2,0,2,127.1109,37.2551,경기용인시,0,승용차승용차,0,1,0,51,0,0
2012-10-31,0,2,1,1,0,0,0,경남,양산시,1,7,0,2,4,4,3,129.0732,35.4452,경남양산시,0,이륜차화물차,0,0,0,49,0,0
2012-11-02,1,4,1,1,0,0,0,전남,영암군,1,1,0,0,0,0,5,126.4642,34.7479,전남영암군,0,승용차자전거,0,0,0,16,0,0
2012-12-14,1,4,1,1,0,0,0,경기,하남시,1,11,0,0,0,1,1,127.2395,37.5039,경기하남시,0,화물차없음,0,0,0,67,0,0
2012-12-13,1,3,1,4,2,1,0,경남,창원시(통합),1,5,5,1,2,0,6,128.5893,35.2455,경남창원시(통합),1,승용차승합차,0,0,0,86,0,0
2012-12-14,1,4,1,1,0,0,0,서울,강서구,1,1,0,0,0,0,2,126.8095,37.5628,서울강서구,0,승용차승용차,0,0,0,43,0,0
2012-12-21,1,4,1,5,4,0,0,충남,아산시,1,1,0,1,1,0,6,127.0092,36.7742,충남아산시,1,승용차승합차,0,0,0,53,0,0
2012-12-18,0,1,1,1,0,0,0,경남,김해시,1,6,0,2,4,4,1,128.8936,35.2307,경남김해시,0,이륜차없음,0,0,0,13,0,0
2012-12-01,1,5,1,1,0,0,0,서울,강북구,1,7,6,1,1,0,4,127.0377,37.6132,서울강북구,0,승용차이륜차,0,1,0,200,0,0
2012-12-06,1,3,1,2,0,1,0,전남,영암군,1,10,0,0,0,1,1,126.4206,34.7451,전남영암군,0,화물차없음,0,0,0,16,0,0
2012-12-06,1,3,1,1,0,0,0,전남,광양시,1,6,0,0,0,1,1,127.685,34.9215,전남광양시,0,화물차없음,0,0,0,130,0,0
2012-11-08,0,3,1,1,0,0,0,인천,연수구,1,6,0,0,0,0,1,126.6676,37.4261,인천연수구,0,승용차없음,0,0,0,35,0,0
2012-11-17,0,5,1,1,0,0,0,경기,오산시,1,1,0,0,0,1,1,127.0666,37.168,경기오산시,0,화물차없음,0,1,0,143,0,0
2013-02-16,1,5,1,6,3,2,0,경기,고양시,1,7,6,1,1,0,6,126.8733,37.5998,경기고양시,1,승용차승합차,0,1,0,40,0,0
2013-02-20,1,2,1,4,3,0,0,서울,강서구,1,1,0,0,0,0,3,126.8629,37.563,서울강서구,1,승용차화물차,0,0,0,43,0,0
2012-01-24,1,1,1,1,0,0,0,경북,칠곡군,1,10,0,0,0,0,1,128.3968,36.0038,경북칠곡군,0,승용차없음,0,1,0,21,0,0
2012-01-22,1,6,1,1,0,0,0,경기,가평군,1,9,7,1,1,2,4,127.4215,37.7419,경기가평군,0,승합차이륜차,0,1,0,176,0,0
2012-01-25,0,2,1,1,0,0,0,전남,영암군,1,6,0,1,1,0,1,126.4142,34.7479,전남영암군,0,승용차없음,0,0,0,16,0,0
2012-01-25,0,2,1,5,3,1,0,서울,동작구,1,1,5,0,0,0,6,126.9288,37.5132,서울동작구,1,승용차승합차,0,0,0,93,0,0
2012-01-25,0,2,1,2,0,1,0,대전,서구,1,6,0,0,0,0,1,127.3789,36.346,대전서구,0,승용차없음,0,0,0,4,0,0
2012-02-03,1,4,1,1,0,0,0,경북,구미시,1,10,0,1,2,1,1,128.4213,36.1107,경북구미시,0,화물차없음,0,0,0,144,0,0
2012-02-11,0,5,1,1,0,0,0,경기,화성시,1,5,0,0,0,0,3,126.9211,37.061,경기화성시,0,승용차화물차,0,1,0,50,0,0
2012-02-09,1,3,1,2,1,0,0,서울,광진구,1,5,0,0,0,1,3,127.0776,37.5284,서울광진구,0,화물차화물차,0,0,0,183,0,0
2012-02-09,0,3,1,2,0,1,0,서울,강동구,1,1,6,1,1,6,2,127.1342,37.5353,서울강동구,0,원동기장치자전거승용차,0,0,0,91,0,0
2012-02-08,1,2,1,2,0,1,0,경기,하남시,1,7,5,1,2,0,3,127.1925,37.5801,경기하남시,0,승용차화물차,0,0,0,67,0,0
2012-02-12,0,6,1,1,0,0,0,전북,완주군,1,10,0,0,0,2,1,127.3398,36.1261,전북완주군,0,승합차없음,0,1,0,28,0,0
2012-02-18,1,5,1,4,3,0,0,경남,진주시,1,7,5,0,0,1,4,128.0719,35.1553,경남진주시,1,화물차이륜차,0,1,0,42,0,0
2012-02-22,1,2,1,3,1,1,0,경북,예천군,1,6,0,0,0,1,1,128.4175,36.6149,경북예천군,0,화물차없음,0,0,0,55,0,0
2012-02-23,0,3,1,2,1,0,0,서울,송파구,1,6,0,0,0,1,1,127.0823,37.5167,서울송파구,0,화물차없음,0,0,0,156,0,0
2013-10-12,0,5,1,2,0,1,0,경기,안성시,1,5,0,0,0,1,3,127.1358,37.057,경기안성시,0,화물차화물차,0,1,0,23,0,0
2013-08-23,0,4,1,1,0,0,0,서울,강동구,1,5,0,0,0,0,3,127.1816,37.5443,서울강동구,0,승용차화물차,0,0,0,91,0,0
2013-05-15,0,2,1,1,0,0,0,충북,진천군,1,7,5,1,2,4,2,127.486,36.8856,충북진천군,0,이륜차승용차,0,0,0,60,0,0
2013-05-13,1,0,1,1,0,0,0,경북,김천시,1,1,0,0,0,3,1,128.0289,35.8868,경북김천시,0,건설기계없음,0,0,0,76,0,0
2013-05-13,1,0,1,6,3,1,1,전남,여수시,1,5,0,0,0,1,2,127.7493,34.7353,전남여수시,1,화물차승용차,0,0,0,102,0,0
2013-05-14,1,1,1,1,0,0,0,경남,창원시(통합),1,7,0,1,1,0,5,128.7034,35.201,경남창원시(통합),0,승용차자전거,0,0,0,86,0,0
2013-05-14,1,1,1,1,0,0,0,경북,구미시,1,1,0,0,0,0,1,128.4691,36.2262,경북구미시,0,승용차없음,0,0,0,144,0,0
2012-04-08,0,6,1,3,2,0,0,경북,구미시,1,9,5,0,0,1,2,128.2604,36.2486,경북구미시,1,화물차승용차,0,1,0,144,0,0
2012-03-08,0,3,1,1,0,0,0,충남,당진시,1,6,0,0,0,0,1,126.4893,37.0455,충남당진시,0,승용차없음,0,0,0,46,0,0
2012-03-13,1,1,1,4,0,3,0,경기,남양주시,1,7,0,1,1,0,2,127.1956,37.7283,경기남양주시,1,승용차승용차,0,0,0,70,0,0
2012-03-19,0,0,1,3,0,2,0,서울,구로구,1,5,0,0,0,1,3,126.874,37.5055,서울구로구,0,화물차화물차,0,0,0,79,0,0
2012-01-17,0,1,1,2,1,0,0,인천,남동구,1,1,0,0,0,0,3,126.7081,37.4649,인천남동구,0,승용차화물차,0,0,0,29,0,0
2012-01-20,0,4,1,1,0,0,0,서울,강서구,1,1,0,0,0,1,7,126.8392,37.5413,서울강서구,0,화물차원동기장치자전거,0,0,0,43,0,0
2012-12-17,1,0,1,4,1,1,1,강원,인제군,1,7,6,1,1,0,3,128.1798,38.0924,강원인제군,1,승용차화물차,0,0,0,124,0,0
2012-12-17,0,0,1,4,3,0,0,전남,해남군,1,9,5,0,0,1,3,126.423,34.6653,전남해남군,1,화물차화물차,0,0,0,119,0,0
2013-04-24,0,2,2,3,1,0,0,충남,금산군,1,11,2,0,0,0,1,127.4786,36.1478,충남금산군,1,승용차없음,0,0,0,68,0,0
2013-05-01,1,2,1,1,0,0,0,경북,청송군,1,1,4,0,0,9,1,128.9599,36.2919,경북청송군,0,농기계없음,0,0,0,203,0,0
2013-05-04,1,5,1,1,0,0,0,강원,홍천군,1,1,5,0,0,6,3,127.8864,37.5845,강원홍천군,0,원동기장치자전거화물차,0,1,0,82,0,0
2013-05-04,1,5,1,2,0,1,0,경기,성남시,1,6,0,0,0,0,1,127.192,37.4323,경기성남시,0,승용차없음,0,1,0,95,0,0
2013-05-12,1,6,1,2,0,1,0,강원,강릉시,1,5,0,0,0,1,2,128.8414,37.7263,강원강릉시,0,화물차승용차,0,1,0,194,0,0
2013-05-14,1,1,1,2,1,0,0,경북,경산시,1,6,0,0,0,4,1,128.8763,35.7959,경북경산시,0,이륜차없음,0,0,0,52,0,0
2013-05-13,1,0,1,3,1,0,1,경북,성주군,1,1,0,0,0,0,2,128.2143,35.9032,경북성주군,0,승용차승용차,0,0,0,168,0,0
2013-05-13,1,0,1,1,0,0,0,서울,강북구,1,1,0,0,0,0,5,127.0278,37.6388,서울강북구,0,승용차자전거,0,0,0,200,0,0
2012-03-10,1,5,1,5,2,2,0,충남,예산군,1,7,9,0,3,0,6,126.6261,36.6853,충남예산군,1,승용차승합차,0,1,0,187,0,0
2012-04-07,0,5,1,2,0,0,1,인천,동구,1,7,6,1,1,0,3,126.6589,37.4826,인천동구,0,승용차화물차,0,1,0,207,0,0
2012-01-28,0,5,1,1,0,0,0,경기,김포시,1,1,0,0,0,0,1,126.5509,37.7294,경기김포시,0,승용차없음,0,1,0,47,0,0
2012-12-06,1,3,1,1,0,0,0,전남,영암군,1,7,0,1,1,1,3,126.4579,34.7623,전남영암군,0,화물차화물차,0,0,0,16,0,0
2012-11-14,1,2,1,1,0,0,0,경기,파주시,1,10,0,0,0,8,1,126.9993,37.9902,경기파주시,0,기타없음,0,0,0,175,0,0
2012-11-15,0,3,1,2,0,1,0,경기,성남시,1,7,6,1,1,0,3,127.1087,37.35,경기성남시,0,승용차화물차,0,0,0,95,0,0
2012-11-15,1,3,1,2,1,0,0,충북,충주시,1,7,6,1,1,0,2,127.9561,36.9057,충북충주시,0,승용차승용차,0,0,0,6,0,0
2012-11-04,0,6,1,2,1,0,0,경남,거창군,1,5,0,0,0,1,9,127.8565,35.8251,경남거창군,0,화물차건설기계,0,1,0,154,0,0
2012-11-05,0,0,1,2,1,0,0,충북,영동군,1,9,5,0,0,0,3,127.8984,36.2183,충북영동군,0,승용차화물차,0,0,0,75,0,0
2012-11-02,1,4,1,5,4,0,0,인천,서구,1,1,6,1,1,1,3,126.6238,37.5673,인천서구,1,화물차화물차,0,0,0,97,0,0
2012-11-02,1,1,1,2,1,0,0,경기,과천시,1,6,0,2,4,4,1,126.9956,37.4464,경기과천시,0,이륜차없음,0,0,0,227,0,0
2012-12-26,0,2,1,3,2,0,0,서울,강동구,1,7,5,0,0,0,2,127.1716,37.5559,서울강동구,1,승용차승용차,0,0,0,91,0,0
2012-09-17,1,0,1,1,0,0,0,강원,화천군,1,6,0,0,0,0,1,127.7812,38.034,강원화천군,0,승용차없음,0,0,0,218,0,0
2013-03-01,1,4,1,8,4,3,0,경남,창원시(통합),1,5,0,0,0,0,2,128.6266,35.279,경남창원시(통합),2,승용차승용차,0,1,0,86,0,0
2013-04-08,1,0,2,2,0,0,0,전북,부안군,1,1,10,0,0,1,3,126.6979,35.5834,전북부안군,0,화물차화물차,0,0,0,185,0,0
2013-02-19,0,1,1,3,2,0,0,서울,서초구,1,5,0,0,0,2,2,127.0252,37.4851,서울서초구,1,승합차승용차,0,0,0,214,0,0
2013-02-14,0,3,1,3,0,2,0,전북,전주시,1,7,6,1,1,4,2,127.1418,35.8302,전북전주시,0,이륜차승용차,0,0,0,11,0,0
2013-02-24,0,6,1,2,1,0,0,울산,울주군,1,6,0,0,0,0,1,129.2084,35.5722,울산울주군,0,승용차없음,0,1,0,17,0,0
2013-02-23,0,5,1,1,0,0,0,경기,평택시,1,6,0,1,2,0,1,127.0286,37.1069,경기평택시,0,승용차없음,0,1,0,14,0,0
2013-02-25,0,0,1,2,0,1,0,경기,이천시,1,9,5,1,1,6,2,127.4592,37.2988,경기이천시,0,원동기장치자전거승용차,0,0,0,41,0,0
2013-02-25,0,0,1,1,0,0,0,경기,고양시,1,6,0,0,0,0,1,126.736,37.6503,경기고양시,0,승용차없음,0,0,0,40,0,0
2013-01-04,1,4,1,2,1,0,0,부산,해운대구,1,5,3,0,0,1,2,129.1282,35.2284,부산해운대구,0,화물차승용차,0,0,0,1,0,0
2013-01-04,0,4,1,1,0,0,0,경남,창원시(통합),1,5,0,0,0,0,11,128.6395,35.2754,경남창원시(통합),0,승용차특수차,0,0,0,86,0,0
2013-09-07,1,5,1,1,0,0,0,경기,시흥시,1,10,0,0,0,0,1,126.8726,37.3686,경기시흥시,0,승용차없음,0,1,0,73,0,0
2013-08-27,1,1,1,2,1,0,0,경기,시흥시,1,1,0,0,0,0,11,126.7672,37.3747,경기시흥시,0,승용차특수차,0,0,0,73,0,0
2013-12-21,0,5,1,2,0,0,1,경기,광주시,1,6,0,0,0,0,1,127.2474,37.4734,경기광주시,0,승용차없음,0,1,0,9,0,0
2013-12-22,0,6,1,1,0,0,0,경기,김포시,1,6,0,0,0,0,1,126.7771,37.598,경기김포시,0,승용차없음,0,1,0,47,0,0
2013-01-12,0,5,2,6,3,1,0,제주,제주시,1,1,2,0,0,0,6,126.3096,33.4519,제주제주시,1,승용차승합차,0,1,0,90,0,0
2013-01-18,0,4,1,1,0,0,0,경기,평택시,1,7,6,1,1,7,9,127.0626,37.0801,경기평택시,0,자전거건설기계,0,0,0,14,0,0
2013-01-17,1,3,1,1,0,0,0,광주,북구,1,7,5,1,2,4,2,126.8941,35.2015,광주북구,0,이륜차승용차,0,0,0,137,0,0
2013-01-30,1,2,2,3,0,1,0,충남,보령시,1,10,0,0,0,0,1,126.5769,36.3317,충남보령시,1,승용차없음,0,0,0,136,0,0
2012-01-15,0,6,1,3,2,0,0,경북,성주군,1,1,0,0,0,0,2,128.1823,35.873,경북성주군,1,승용차승용차,0,1,0,168,0,0
2012-12-30,1,6,1,2,0,1,0,울산,북구,1,5,0,1,2,1,3,129.3476,35.6299,울산북구,0,화물차화물차,0,1,0,158,0,0
2012-11-15,0,3,1,1,0,0,0,경기,이천시,1,6,0,0,0,0,1,127.536,37.3015,경기이천시,0,승용차없음,0,0,0,41,0,0
2012-01-06,1,4,1,1,0,0,0,전북,군산시,1,5,0,0,0,1,7,126.6554,35.9492,전북군산시,0,화물차원동기장치자전거,0,0,0,166,0,0
2012-05-15,1,1,1,1,0,0,0,전북,완주군,1,7,6,1,1,4,2,127.1657,35.941,전북완주군,0,이륜차승용차,0,0,0,28,0,0
2012-10-19,0,4,1,1,0,0,0,경남,사천시,1,5,0,1,2,0,3,128.0831,35.0803,경남사천시,0,승용차화물차,0,0,0,57,0,0
2012-11-06,0,1,1,1,0,0,0,충북,충주시,1,1,0,0,0,0,5,127.7598,37.0457,충북충주시,0,승용차자전거,0,0,0,6,0,0
2012-10-27,0,5,1,1,0,0,0,서울,금천구,1,5,0,0,0,0,6,126.8737,37.4853,서울금천구,0,승용차승합차,0,1,0,109,0,0
2013-04-26,0,4,1,2,1,0,0,서울,강서구,1,1,5,0,0,0,2,126.7983,37.5831,서울강서구,0,승용차승용차,0,0,0,43,0,0
2013-04-25,0,3,1,3,2,0,0,경남,거창군,1,5,0,1,1,1,3,127.9235,35.6809,경남거창군,1,화물차화물차,0,0,0,154,0,0
2013-04-22,0,0,1,2,1,0,0,울산,울주군,1,1,3,1,1,0,7,129.3237,35.432,울산울주군,0,승용차원동기장치자전거,0,0,0,17,0,0
2013-04-30,0,1,1,2,0,1,0,경북,고령군,1,9,5,0,0,0,3,128.2505,35.6975,경북고령군,0,승용차화물차,0,0,0,220,0,0
2012-05-24,0,3,1,2,1,0,0,경북,김천시,1,5,0,0,0,1,3,128.0148,36.1752,경북김천시,0,화물차화물차,0,0,0,76,0,0
2012-10-06,1,5,2,4,2,0,0,울산,울주군,1,6,0,0,0,0,1,129.1292,35.5642,울산울주군,1,승용차없음,0,1,0,17,0,0
2012-11-16,1,4,1,2,1,0,0,경북,칠곡군,1,5,6,1,1,4,2,128.4022,36.019,경북칠곡군,0,이륜차승용차,0,0,0,21,0,0
2012-11-20,1,1,1,1,0,0,0,경기,용인시,1,7,0,0,0,0,3,127.2426,37.3194,경기용인시,0,승용차화물차,0,0,0,51,0,0
2012-11-21,1,2,1,1,0,0,0,경남,거제시,1,10,0,2,4,4,1,128.5961,34.8899,경남거제시,0,이륜차없음,0,0,0,15,0,0
2012-11-21,0,2,1,1,0,0,0,경남,거제시,1,1,0,2,4,7,2,128.7192,34.8573,경남거제시,0,자전거승용차,0,0,0,15,0,0
2012-11-06,0,1,1,3,2,0,0,충남,서산시,1,5,0,0,0,1,3,126.3657,36.7839,충남서산시,1,화물차화물차,0,0,0,69,0,0
2012-11-02,1,4,1,3,1,1,0,경기,광주시,1,5,0,0,0,0,3,127.193,37.3474,경기광주시,0,승용차화물차,0,0,0,9,0,0
2012-10-30,0,1,1,1,0,0,0,대전,동구,1,6,0,0,0,0,1,127.4394,36.2126,대전동구,0,승용차없음,0,0,0,80,0,0
2012-11-02,1,4,1,1,0,0,0,충남,태안군,1,1,0,1,1,6,3,126.2985,36.7505,충남태안군,0,원동기장치자전거화물차,0,0,0,169,0,0
2012-11-03,1,5,1,1,0,0,0,제주,제주시,1,7,0,1,2,4,3,126.5473,33.5117,제주제주시,0,이륜차화물차,0,1,0,90,0,0
2012-11-04,1,6,1,2,0,1,0,경남,창원시(통합),1,5,5,0,0,0,6,128.601,35.3048,경남창원시(통합),0,승용차승합차,0,1,0,86,0,0
2012-11-03,1,5,1,2,1,0,0,충북,옥천군,1,1,0,1,1,0,1,127.6051,36.3855,충북옥천군,0,승용차없음,0,1,0,142,0,0
2012-11-05,1,0,1,1,0,0,0,경남,김해시,1,10,0,1,2,4,1,128.7673,35.2849,경남김해시,0,이륜차없음,0,0,0,13,0,0
2012-11-05,1,0,1,1,0,0,0,전남,완도군,1,5,3,0,0,0,8,126.7356,34.3291,전남완도군,0,승용차농기계,0,0,0,141,0,0
2012-10-31,0,2,1,2,0,1,0,충남,예산군,1,9,0,1,2,0,3,126.8423,36.7146,충남예산군,0,승용차화물차,0,0,0,187,0,0
2012-12-13,0,3,1,1,0,0,0,인천,강화군,1,11,0,0,0,0,1,126.2457,37.7952,인천강화군,0,승용차없음,0,0,0,92,0,0
2012-12-14,1,4,1,1,0,0,0,경북,김천시,1,7,0,0,0,1,2,128.288,36.0629,경북김천시,0,화물차승용차,0,0,0,76,0,0
2013-03-31,0,6,1,57,45,10,1,전북,무주군,1,1,0,0,0,2,6,127.5798,36.0204,전북무주군,2,승합차승합차,0,1,0,182,0,0
2013-05-25,0,5,1,3,0,2,0,전북,무주군,1,6,0,0,0,0,1,127.6401,35.9842,전북무주군,0,승용차없음,0,1,0,182,0,0
2013-11-09,0,5,1,3,1,1,0,경북,영천시,1,5,0,0,0,0,2,128.9015,36.0281,경북영천시,0,승용차승용차,0,1,0,5,0,0
2013-01-03,1,3,1,1,0,0,0,충북,제천시,1,5,0,0,0,0,5,128.2437,37.133,충북제천시,0,승용차자전거,0,0,0,103,0,0
2013-01-18,1,4,1,2,1,0,0,강원,춘천시,1,7,0,0,0,0,11,127.5756,37.8382,강원춘천시,0,승용차특수차,0,0,0,111,0,0
2013-01-24,1,3,1,1,0,0,0,경북,상주시,1,5,0,0,0,1,4,128.159,36.4461,경북상주시,0,화물차이륜차,0,0,0,58,0,0
2013-02-02,0,5,1,2,1,0,0,경기,양평군,1,10,0,0,0,1,1,127.5188,37.4921,경기양평군,0,화물차없음,0,1,0,48,0,0
2013-02-01,0,4,1,1,0,0,0,경남,창원시(통합),1,5,0,0,0,0,3,128.544,35.2375,경남창원시(통합),0,승용차화물차,0,0,0,86,0,0
2013-02-12,1,1,1,1,0,0,0,경기,파주시,1,6,0,0,0,0,1,126.7371,37.8422,경기파주시,0,승용차없음,0,0,0,175,0,0
2013-02-07,0,3,1,1,0,0,0,충남,공주시,1,11,0,1,2,0,1,127.0772,36.3159,충남공주시,0,승용차없음,0,0,0,19,0,0
2013-02-19,0,1,1,1,0,0,0,경북,포항시,1,10,0,0,0,1,1,129.4161,36.0808,경북포항시,0,화물차없음,0,0,0,160,0,0
2013-02-18,0,0,1,2,0,1,0,강원,춘천시,1,1,0,0,0,0,5,127.7389,37.8631,강원춘천시,0,승용차자전거,0,0,0,111,0,0
2013-02-14,1,3,2,3,1,0,0,전북,익산시,1,6,0,0,0,0,1,127.0949,35.9794,전북익산시,1,승용차없음,0,0,0,125,0,0
2012-11-17,0,5,1,13,6,6,0,인천,중구,1,7,3,0,0,0,2,126.642,37.4687,인천중구,2,승용차승용차,0,1,0,72,0,0
2012-11-15,1,3,1,1,0,0,0,경기,용인시,1,7,0,1,2,1,5,127.179,37.1076,경기용인시,0,화물차자전거,0,0,0,51,0,0
2012-11-20,1,1,1,1,0,0,0,전북,남원시,1,9,5,0,0,6,3,127.3204,35.4511,전북남원시,0,원동기장치자전거화물차,0,0,0,193,0,0
2012-11-16,1,4,1,1,0,0,0,전북,군산시,1,1,0,0,0,1,4,126.7924,35.9511,전북군산시,0,화물차이륜차,0,0,0,166,0,0
2013-04-29,1,0,1,1,0,0,0,대전,유성구,1,7,6,1,1,2,2,127.3463,36.3525,대전유성구,0,승합차승용차,0,0,0,148,0,0
2013-04-30,0,1,1,1,0,0,0,경기,동두천시,1,1,0,0,0,0,6,127.0582,37.8965,경기동두천시,0,승용차승합차,0,0,0,94,0,0
2013-05-07,1,1,1,1,0,0,0,강원,삼척시,1,6,0,0,0,0,1,129.3197,37.2668,강원삼척시,0,승용차없음,0,0,0,78,0,0
2013-05-07,1,1,1,6,0,4,1,서울,구로구,1,5,0,0,0,1,4,126.8471,37.4978,서울구로구,1,화물차이륜차,0,0,0,79,0,0
2013-05-04,1,5,1,2,1,0,0,인천,남동구,1,6,0,0,0,0,1,126.7402,37.4015,인천남동구,0,승용차없음,0,1,0,29,0,0
2013-05-12,0,6,1,1,0,0,0,전남,신안군,1,10,0,0,0,1,1,126.2533,34.9814,전남신안군,0,화물차없음,0,1,0,132,0,0
2013-05-13,1,0,1,1,0,0,0,경기,수원시,1,5,0,1,2,0,3,126.9646,37.3013,경기수원시,0,승용차화물차,0,0,0,99,0,0
2013-05-11,0,5,1,1,0,0,0,경기,안산시,1,11,0,0,0,4,1,126.9156,37.2982,경기안산시,0,이륜차없음,0,1,0,2,0,0
2013-05-11,1,5,1,1,0,0,0,경기,파주시,1,1,0,0,0,4,3,126.7932,37.8178,경기파주시,0,이륜차화물차,0,1,0,175,0,0
2013-05-10,0,4,2,3,1,0,0,광주,서구,1,9,5,0,0,0,2,126.8848,35.1291,광주서구,1,승용차승용차,0,0,0,222,0,0
2013-05-10,1,4,1,5,2,2,0,충남,부여군,1,7,8,1,1,0,3,126.9046,36.2726,충남부여군,1,승용차화물차,0,0,0,129,0,0
2013-05-10,1,4,2,5,3,0,0,전북,장수군,1,6,0,2,4,1,1,127.5192,35.6995,전북장수군,1,화물차없음,0,0,0,155,0,0
2013-05-10,1,4,1,1,0,0,0,전남,여수시,1,6,0,0,0,0,1,127.5919,34.8603,전남여수시,0,승용차없음,0,0,0,102,0,0
2012-12-07,1,4,1,1,0,0,0,경기,화성시,1,10,0,2,4,3,1,126.8417,37.1388,경기화성시,0,건설기계없음,0,0,0,50,0,0
2012-11-17,0,5,1,1,0,0,0,충남,천안시,1,1,0,1,1,0,1,127.1173,36.8355,충남천안시,0,승용차없음,0,1,0,63,0,0
2013-11-04,0,0,1,2,0,1,0,경기,용인시,1,5,0,0,0,1,3,127.2924,37.2338,경기용인시,0,화물차화물차,0,0,0,51,0,0
2013-11-03,1,6,1,6,2,3,0,경북,포항시,1,1,0,1,1,1,2,129.2101,36.0675,경북포항시,1,화물차승용차,0,1,0,160,0,0
2013-11-02,1,5,1,1,0,0,0,충남,부여군,1,10,0,0,0,6,1,126.9224,36.2858,충남부여군,0,원동기장치자전거없음,0,1,0,129,0,0
2013-11-11,1,0,1,1,0,0,0,경북,봉화군,1,6,0,0,0,0,1,128.7547,36.9039,경북봉화군,0,승용차없음,0,0,0,149,0,0
2013-11-07,1,3,1,1,0,0,0,전북,전주시,1,1,6,1,1,4,2,127.154,35.8275,전북전주시,0,이륜차승용차,0,0,0,11,0,0
2013-11-14,1,3,1,2,1,0,0,전남,보성군,1,11,0,0,0,1,1,127.1192,34.881,전남보성군,0,화물차없음,0,0,0,122,0,0
2013-11-13,1,2,1,1,0,0,0,경기,여주시,1,9,5,0,0,1,3,127.6023,37.2677,경기여주시,0,화물차화물차,0,0,0,22,0,0
2013-11-13,0,2,1,1,0,0,0,강원,평창군,1,11,0,0,0,1,1,128.6224,37.6049,강원평창군,0,화물차없음,0,0,0,24,0,0
2013-11-13,0,2,1,1,0,0,0,경남,거제시,1,5,0,0,0,0,2,128.6001,34.8118,경남거제시,0,승용차승용차,0,0,0,15,0,0
2013-11-13,0,2,1,1,0,0,0,충남,논산시,1,5,0,0,0,1,7,127.0861,36.2287,충남논산시,0,화물차원동기장치자전거,0,0,0,61,0,0
2013-11-21,1,3,1,3,1,1,0,경기,고양시,1,5,3,0,0,0,2,126.7079,37.695,경기고양시,0,승용차승용차,0,0,0,40,0,0
2013-11-21,0,3,1,1,0,0,0,경북,경주시,1,6,0,0,0,0,1,129.0682,35.8799,경북경주시,0,승용차없음,0,0,0,100,0,0
2012-04-29,0,6,1,1,0,0,0,대구,수성구,1,5,0,0,0,0,3,128.6249,35.8494,대구수성구,0,승용차화물차,0,1,0,37,0,0
2013-12-02,1,0,1,2,1,0,0,강원,춘천시,1,9,5,0,0,0,6,127.8581,38.0353,강원춘천시,0,승용차승합차,0,0,0,111,0,0
2013-12-03,1,1,1,3,1,1,0,충남,논산시,1,5,0,0,0,1,3,127.1175,36.254,충남논산시,0,화물차화물차,0,0,0,61,0,0
2013-12-01,0,6,1,5,2,2,0,충남,금산군,1,9,5,1,2,0,6,127.5659,36.1105,충남금산군,1,승용차승합차,0,1,0,68,0,0
2013-12-01,1,6,1,1,0,0,0,전북,정읍시,1,6,0,1,2,1,1,126.8967,35.7212,전북정읍시,0,화물차없음,0,1,0,12,0,0
2013-12-03,0,1,1,1,0,0,0,광주,남구,1,7,7,1,1,4,6,126.8807,35.1111,광주남구,0,이륜차승합차,0,0,0,190,0,0
2013-10-26,1,5,1,3,0,2,0,전남,진도군,1,10,0,0,0,0,1,126.2999,34.5389,전남진도군,0,승용차없음,0,1,0,71,0,0
2013-10-26,0,5,1,2,0,1,0,서울,양천구,1,7,2,1,2,0,4,126.8537,37.5182,서울양천구,0,승용차이륜차,0,1,0,140,0,0