발생년월일,주야,요일,사망자수,사상자수,중상자수,경상자수,부상신고자수,발생지시도,발생지시군구,사고유형_대분류,사고유형_중분류,법규위반,도로형태_대분류,도로형태,당사자종별_1당_대분류,당사자종별_2당_대분류,경도,위도,발생지,사고피해정도,사고차량타입,도시여부,주말/공휴일,인구수,발생지번호,보행자의위치,무단횡단여부
2013-04-27,1,5,1,1,0,0,0,경기,부천시,1,9,6,1,2,0,7,126.8055,37.531,경기부천시,0,승용차원동기장치자전거,0,1,0,65,0,0
2013-05-05,1,6,1,1,0,0,0,전남,화순군,1,11,0,1,2,9,1,126.9575,34.8783,전남화순군,0,농기계없음,0,1,0,88,0,0
2013-05-08,0,2,1,1,0,0,0,경북,안동시,1,1,0,0,0,1,5,128.5906,36.5883,경북안동시,0,화물차자전거,0,0,0,66,0,0
2013-05-05,0,6,1,2,0,1,0,서울,동대문구,1,1,5,0,0,4,6,127.0597,37.5893,서울동대문구,0,이륜차승합차,0,1,0,201,0,0
2013-05-11,1,5,1,1,0,0,0,전북,순창군,1,10,0,2,4,4,1,127.0969,35.4498,전북순창군,0,이륜차없음,0,1,0,131,0,0
2013-05-12,0,6,1,1,0,0,0,전북,완주군,1,6,0,1,2,1,1,127.1563,35.8902,전북완주군,0,화물차없음,0,1,0,28,0,0
2013-05-12,1,6,1,1,0,0,0,경기,여주시,1,7,0,1,1,4,6,127.6282,37.2991,경기여주시,0,이륜차승합차,0,1,0,22,0,0
2013-05-17,1,4,1,1,0,0,0,경기,광명시,1,5,6,1,1,0,4,126.8951,37.4389,경기광명시,0,승용차이륜차,0,1,0,81,0,0
2013-05-16,1,3,1,1,0,0,0,경기,양주시,1,6,0,0,0,1,1,126.9714,37.7092,경기양주시,0,화물차없음,0,0,0,59,0,0
2012-08-05,1,6,1,1,0,0,0,서울,도봉구,1,9,6,1,1,4,2,127.044,37.6728,서울도봉구,0,이륜차승용차,0,1,0,98,0,0
2012-08-12,0,6,1,1,0,0,0,부산,영도구,1,1,5,0,0,7,2,129.0774,35.0722,부산영도구,0,자전거승용차,0,1,0,173,0,0
2012-08-09,1,3,1,1,0,0,0,대구,달서구,1,1,0,0,0,1,5,128.4781,35.8508,대구달서구,0,화물차자전거,0,0,0,20,0,0
2012-08-16,0,3,1,1,0,0,0,경북,포항시,1,5,0,1,2,0,3,129.41,35.9707,경북포항시,0,승용차화물차,0,0,0,160,0,0
2012-08-19,1,6,1,1,0,0,0,경기,화성시,1,7,5,1,2,7,2,126.8003,37.2033,경기화성시,0,자전거승용차,0,1,0,50,0,0
2012-08-20,1,0,1,1,0,0,0,강원,횡성군,1,1,0,0,0,9,1,128.0224,37.5586,강원횡성군,0,농기계없음,0,0,0,31,0,0
2012-08-27,1,0,1,1,0,0,0,충남,당진시,1,9,7,1,1,1,4,126.7,36.8058,충남당진시,0,화물차이륜차,0,0,0,46,0,0
2012-09-02,1,6,1,1,0,0,0,대구,달성군,1,10,0,1,1,0,1,128.4704,35.8723,대구달성군,0,승용차없음,0,1,0,30,0,0
2012-09-06,1,3,1,1,0,0,0,경남,고성군,1,9,6,1,1,9,6,128.3391,34.9588,경남고성군,0,농기계승합차,0,0,0,87,0,0
2012-09-11,1,1,1,1,0,0,0,충북,괴산군,1,1,0,0,0,4,1,127.9566,36.8443,충북괴산군,0,이륜차없음,0,0,0,179,0,0
2012-09-12,1,2,1,2,0,1,0,대구,북구,1,1,0,0,0,2,5,128.5895,35.8957,대구북구,0,승합차자전거,0,0,0,112,0,0
2012-09-17,0,0,2,3,1,0,0,충북,음성군,1,9,0,0,0,0,3,127.7262,36.9272,충북음성군,1,승용차화물차,0,0,0,110,0,0
2012-09-21,0,4,1,1,0,0,0,경남,김해시,1,9,8,1,1,0,4,128.7961,35.1763,경남김해시,0,승용차이륜차,0,0,0,13,0,0
2012-09-24,0,0,1,1,0,0,0,부산,해운대구,1,7,6,1,2,6,2,129.1563,35.1621,부산해운대구,0,원동기장치자전거승용차,0,0,0,1,0,0
2012-09-25,1,1,1,1,0,0,0,강원,평창군,1,7,6,1,1,6,3,128.5678,37.6443,강원평창군,0,원동기장치자전거화물차,0,0,0,24,0,0
2012-08-04,0,5,1,1,0,0,0,충북,청원군,1,1,0,0,0,9,2,127.5485,36.5523,충북청주시,0,농기계승용차,0,1,0,83,0,0
2012-08-12,1,6,1,1,0,0,0,전북,정읍시,1,9,5,1,2,0,4,126.8599,35.5568,전북정읍시,0,승용차이륜차,0,1,0,12,0,0
2012-08-16,1,3,1,1,0,0,0,경북,영덕군,1,6,0,2,4,4,1,129.3752,36.5698,경북영덕군,0,이륜차없음,0,0,0,54,0,0
2012-08-20,0,0,1,2,1,0,0,경기,광주시,1,9,5,0,0,0,6,127.3867,37.368,경기광주시,0,승용차승합차,0,0,0,9,0,0
2013-08-01,1,3,1,2,1,0,0,부산,금정구,1,5,0,0,0,1,3,129.1038,35.2617,부산금정구,0,화물차화물차,0,0,0,96,0,0
2013-02-17,0,6,1,4,2,1,0,대구,북구,1,6,0,0,0,0,1,128.5248,35.8964,대구북구,1,승용차없음,0,1,0,112,0,0
2013-04-12,1,4,1,1,0,0,0,경북,상주시,1,1,0,0,0,1,11,127.9218,36.4453,경북상주시,0,화물차특수차,0,0,0,58,0,0
2013-02-21,1,3,1,3,2,0,0,경기,여주시,1,1,8,1,1,3,2,127.6227,37.1749,경기여주시,1,건설기계승용차,0,0,0,22,0,0
2013-04-26,1,4,1,1,0,0,0,경북,성주군,1,10,0,0,0,1,1,128.2411,35.9465,경북성주군,0,화물차없음,0,0,0,168,0,0
2013-04-23,0,1,1,5,0,4,0,서울,용산구,1,9,5,0,0,0,6,126.9571,37.5333,서울용산구,1,승용차승합차,0,0,0,134,0,0
2013-04-23,0,1,1,1,0,0,0,경북,영주시,1,6,0,0,0,4,1,128.6368,36.8147,경북영주시,0,이륜차없음,0,0,0,113,0,0
2013-05-02,0,3,2,3,1,0,0,인천,연수구,1,9,5,0,0,5,11,126.6266,37.3476,인천연수구,1,특수차특수차,0,0,0,35,0,0
2013-04-29,0,0,1,1,0,0,0,전북,장수군,1,6,0,0,0,1,1,127.539,35.6786,전북장수군,0,화물차없음,0,0,0,155,0,0
2013-05-07,1,1,1,2,1,0,0,충북,청원군,1,7,7,1,1,9,4,127.5756,36.6536,충북청주시,0,농기계이륜차,0,0,0,83,0,0
2013-05-06,1,0,1,2,1,0,0,경기,이천시,1,7,8,1,1,6,2,127.4504,37.2786,경기이천시,0,원동기장치자전거승용차,0,0,0,41,0,0
2013-05-07,0,1,1,1,0,0,0,부산,해운대구,1,6,0,0,0,0,1,129.1207,35.1776,부산해운대구,0,승용차없음,0,0,0,1,0,0
2013-05-07,0,1,1,1,0,0,0,충북,충주시,1,1,6,1,1,1,4,127.9385,36.9712,충북충주시,0,화물차이륜차,0,0,0,6,0,0
2013-05-04,1,5,1,1,0,0,0,전북,전주시,1,7,6,1,1,1,6,127.1322,35.7957,전북전주시,0,화물차승합차,0,1,0,11,0,0
2013-05-02,0,3,1,4,0,3,0,인천,중구,1,7,6,1,1,0,3,126.615,37.4533,인천중구,1,승용차화물차,0,0,0,72,0,0
2013-05-02,0,3,1,1,0,0,0,경기,평택시,1,6,0,2,4,1,1,126.9814,37.0477,경기평택시,0,화물차없음,0,0,0,14,0,0
2012-03-15,1,3,1,1,0,0,0,부산,북구,1,10,0,2,4,1,1,129.0135,35.2594,부산북구,0,화물차없음,0,0,0,118,0,0
2012-04-17,0,1,1,1,0,0,0,경북,성주군,1,10,0,0,0,0,1,128.2761,35.9603,경북성주군,0,승용차없음,0,0,0,168,0,0
2012-01-31,0,1,1,3,2,0,0,경남,의령군,1,9,5,0,0,3,2,128.3411,35.4298,경남의령군,1,건설기계승용차,0,0,0,189,0,0
2012-11-20,1,1,1,2,0,1,0,경기,화성시,1,7,5,2,4,1,9,126.8797,37.2055,경기화성시,0,화물차건설기계,0,0,0,50,0,0
2012-11-01,0,3,1,1,0,0,0,전북,군산시,1,1,0,2,4,1,1,126.7803,35.9934,전북군산시,0,화물차없음,0,0,0,166,0,0
2012-11-05,1,0,1,1,0,0,0,경북,경산시,1,1,0,1,2,4,2,128.727,35.8326,경북경산시,0,이륜차승용차,0,0,0,52,0,0
2012-11-06,1,1,1,1,0,0,0,경기,양주시,1,6,0,1,2,1,1,127.0565,37.8692,경기양주시,0,화물차없음,0,0,0,59,0,0
2012-11-02,1,4,1,1,0,0,0,경기,남양주시,1,7,0,0,0,3,5,127.1422,37.6465,경기남양주시,0,건설기계자전거,0,0,0,70,0,0
2012-10-30,0,1,1,1,0,0,0,전남,나주시,1,6,0,1,2,0,1,126.7043,34.9849,전남나주시,0,승용차없음,0,0,0,33,0,0
2012-10-30,1,1,1,9,3,5,0,경기,안산시,1,5,0,0,0,2,2,126.879,37.3025,경기안산시,2,승합차승용차,0,0,0,2,0,0
2013-05-18,0,5,1,1,0,0,0,경기,포천시,1,6,0,0,0,0,1,127.2467,38.0003,경기포천시,0,승용차없음,0,1,0,171,0,0
2012-03-30,1,4,1,1,0,0,0,제주,제주시,1,1,0,0,0,4,1,126.8869,33.5097,제주제주시,0,이륜차없음,0,0,0,90,0,0
2012-02-07,0,1,1,1,0,0,0,충북,음성군,1,6,0,0,0,0,1,127.4544,36.9857,충북음성군,0,승용차없음,0,0,0,110,0,0
2012-09-09,1,6,1,2,1,0,0,경기,수원시,1,6,0,0,0,6,1,126.9701,37.2604,경기수원시,0,원동기장치자전거없음,0,1,0,99,0,0
2012-10-03,1,2,1,1,0,0,0,경기,부천시,1,9,5,0,0,4,3,126.7986,37.5215,경기부천시,0,이륜차화물차,0,1,0,65,0,0
2012-10-01,1,0,1,4,3,0,0,충북,음성군,1,6,0,0,3,1,1,127.5975,36.9984,충북음성군,1,화물차없음,0,1,0,110,0,0
2012-06-26,1,1,1,1,0,0,0,충남,서산시,1,11,0,0,0,6,1,126.5253,36.6486,충남서산시,0,원동기장치자전거없음,0,0,0,69,0,0
2012-07-03,0,1,1,1,0,0,0,경남,진주시,1,1,0,0,0,1,3,128.1849,35.1222,경남진주시,0,화물차화물차,0,0,0,42,0,0
2012-02-15,0,2,2,2,0,0,0,경기,화성시,1,6,0,1,2,0,1,126.9494,37.2204,경기화성시,0,승용차없음,0,0,0,50,0,0
2012-12-17,0,0,1,1,0,0,0,경북,울진군,1,6,0,1,2,1,1,129.4559,36.7336,경북울진군,0,화물차없음,0,0,0,208,0,0
2012-12-06,1,3,1,4,0,3,0,전남,보성군,1,6,0,0,0,0,1,127.3724,34.8477,전남보성군,1,승용차없음,0,0,0,122,0,0
2012-12-03,0,0,1,2,0,1,0,강원,인제군,1,7,5,1,2,0,3,128.3435,38.1978,강원인제군,0,승용차화물차,0,0,0,124,0,0
2012-12-06,1,3,1,2,1,0,0,경남,김해시,1,5,0,0,0,0,4,128.8193,35.2829,경남김해시,0,승용차이륜차,0,0,0,13,0,0
2012-12-04,1,1,1,3,0,2,0,대구,달성군,1,10,0,0,0,2,1,128.4332,35.6673,대구달성군,0,승합차없음,0,0,0,30,0,0
2012-01-14,0,5,1,1,0,0,0,충북,진천군,1,7,5,0,0,7,2,127.4158,36.8676,충북진천군,0,자전거승용차,0,1,0,60,0,0
2012-02-23,1,3,1,1,0,0,0,경기,이천시,1,5,0,0,0,1,2,127.4415,37.1748,경기이천시,0,화물차승용차,0,0,0,41,0,0
2012-01-12,1,3,1,1,0,0,0,충남,천안시,1,5,0,0,0,1,3,127.1201,36.7071,충남천안시,0,화물차화물차,0,0,0,63,0,0
2012-05-14,1,0,1,2,0,1,0,경남,밀양시,1,5,0,1,1,1,6,128.9204,35.6038,경남밀양시,0,화물차승합차,0,0,0,177,0,0
2013-11-24,0,6,1,1,0,0,0,전북,부안군,1,1,0,0,0,2,4,126.6616,35.7293,전북부안군,0,승합차이륜차,0,1,0,185,0,0
2013-11-24,0,6,1,3,1,1,0,부산,기장군,1,9,5,1,2,0,2,129.256,35.3844,부산기장군,0,승용차승용차,0,1,0,85,0,0
2013-11-25,0,0,1,1,0,0,0,경남,창원시(통합),1,6,0,0,0,0,1,128.5377,35.1478,경남창원시(통합),0,승용차없음,0,0,0,86,0,0
2013-12-03,1,1,1,1,0,0,0,경북,구미시,1,1,7,1,1,4,2,128.3414,36.1265,경북구미시,0,이륜차승용차,0,0,0,144,0,0
2013-12-03,0,1,1,1,0,0,0,경북,구미시,1,1,0,0,0,4,1,128.3386,36.119,경북구미시,0,이륜차없음,0,0,0,144,0,0
2013-12-02,1,0,1,1,0,0,0,경기,평택시,1,7,8,1,1,4,3,127.0616,37.0668,경기평택시,0,이륜차화물차,0,0,0,14,0,0
2013-12-03,0,1,1,2,0,1,0,전남,장성군,1,5,0,0,0,2,6,126.6954,35.2739,전남장성군,0,승합차승합차,0,0,0,146,0,0
2013-12-03,1,1,1,1,0,0,0,전남,보성군,1,9,0,0,0,4,3,127.2371,34.8012,전남보성군,0,이륜차화물차,0,0,0,122,0,0
2013-12-03,1,1,1,1,0,0,0,부산,서구,1,1,0,1,2,0,5,129.0187,35.0785,부산서구,0,승용차자전거,0,0,0,226,0,0
2013-12-04,1,2,1,1,0,0,0,전남,목포시,1,7,0,0,0,0,5,126.3784,34.802,전남목포시,0,승용차자전거,0,0,0,153,0,0
2013-12-06,1,4,1,1,0,0,0,경기,광주시,1,7,0,2,4,2,3,127.3625,37.3486,경기광주시,0,승합차화물차,0,0,0,9,0,0
2013-12-04,0,2,1,1,0,0,0,부산,강서구,1,11,0,0,0,7,1,128.9323,35.2163,부산강서구,0,자전거없음,0,0,0,206,0,0
2013-12-04,0,2,1,1,0,0,0,부산,기장군,1,5,0,0,0,4,3,129.1414,35.358,부산기장군,0,이륜차화물차,0,0,0,85,0,0
2013-12-05,0,3,1,1,0,0,0,경북,문경시,1,6,0,0,0,1,1,128.1673,36.6342,경북문경시,0,화물차없음,0,0,0,74,0,0
2013-12-31,0,1,1,9,5,2,1,대구,달성군,1,9,5,0,0,0,2,128.4041,35.6365,대구달성군,2,승용차승용차,0,0,0,30,0,0
2013-10-26,0,5,1,1,0,0,0,서울,노원구,1,6,0,0,0,4,1,127.0636,37.6662,서울노원구,0,이륜차없음,0,1,0,18,0,0
2013-10-27,1,6,1,1,0,0,0,경기,포천시,1,6,0,0,0,6,1,127.2265,37.766,경기포천시,0,원동기장치자전거없음,0,1,0,171,0,0
2013-10-24,0,3,1,1,0,0,0,충북,영동군,1,1,0,0,0,6,1,127.9266,36.2417,충북영동군,0,원동기장치자전거없음,0,0,0,75,0,0
2013-10-31,0,3,1,1,0,0,0,전북,진안군,1,1,0,0,0,0,6,127.4256,35.9698,전북진안군,0,승용차승합차,0,0,0,192,0,0
2013-10-29,1,1,1,3,1,1,0,전남,여수시,1,7,6,1,1,0,4,127.7406,34.742,전남여수시,0,승용차이륜차,0,0,0,102,0,0
2013-11-05,0,1,1,1,0,0,0,강원,동해시,1,7,0,1,1,1,3,129.1012,37.5619,강원동해시,0,화물차화물차,0,0,0,210,0,0
2013-11-03,0,6,1,1,0,0,0,경기,시흥시,1,5,6,1,2,0,5,126.7437,37.345,경기시흥시,0,승용차자전거,0,1,0,73,0,0
2013-12-04,1,2,1,1,0,0,0,대구,서구,1,7,7,1,1,4,2,128.5474,35.8653,대구서구,0,이륜차승용차,0,0,0,107,0,0
2013-04-18,1,3,1,2,1,0,0,충남,천안시,1,7,8,1,1,0,2,127.2187,36.9015,충남천안시,0,승용차승용차,0,0,0,63,0,0
2013-05-01,1,2,1,1,0,0,0,충남,공주시,1,1,0,0,0,1,8,127.0755,36.3355,충남공주시,0,화물차농기계,0,0,0,19,0,0
2013-05-02,0,3,1,1,0,0,0,부산,금정구,1,7,0,0,0,6,3,129.1124,35.221,부산금정구,0,원동기장치자전거화물차,0,0,0,96,0,0
2013-04-28,1,6,1,2,1,0,0,제주,제주시,1,5,0,0,0,0,3,126.3059,33.4176,제주제주시,0,승용차화물차,0,1,0,90,0,0
2013-04-30,1,1,1,2,1,0,0,강원,인제군,1,7,6,1,1,1,3,128.0596,37.9247,강원인제군,0,화물차화물차,0,0,0,124,0,0
2013-05-12,0,6,1,2,1,0,0,부산,북구,1,6,0,0,0,0,1,129.0018,35.2096,부산북구,0,승용차없음,0,1,0,118,0,0
2013-05-12,1,6,1,1,0,0,0,제주,서귀포시,1,1,0,0,0,4,1,126.909,33.4331,제주서귀포시,0,이륜차없음,0,1,0,62,0,0
2013-05-09,1,3,1,1,0,0,0,충남,부여군,1,1,7,1,1,1,3,126.977,37.5624,충남부여군,0,화물차화물차,0,0,0,129,0,0
2013-05-09,0,3,1,1,0,0,0,경북,영천시,1,11,0,0,0,1,1,128.9932,35.8706,경북영천시,0,화물차없음,0,0,0,5,0,0
2013-05-09,1,3,1,1,0,0,0,경북,포항시,1,1,0,1,1,3,5,129.4221,35.9631,경북포항시,0,건설기계자전거,0,0,0,160,0,0
2013-05-16,1,3,1,1,0,0,0,경기,화성시,1,5,10,0,0,6,3,126.876,37.1083,경기화성시,0,원동기장치자전거화물차,0,0,0,50,0,0
2013-05-18,1,5,1,2,1,0,0,충북,진천군,1,9,5,0,0,0,3,127.413,36.8213,충북진천군,0,승용차화물차,0,1,0,60,0,0
2013-05-17,0,4,1,1,0,0,0,대전,대덕구,1,7,2,0,0,0,7,127.4094,36.358,대전대덕구,0,승용차원동기장치자전거,0,1,0,77,0,0
2013-05-17,1,4,1,1,0,0,0,전남,보성군,1,5,0,1,1,4,6,127.0936,34.795,전남보성군,0,이륜차승합차,0,1,0,122,0,0
2013-05-18,1,5,1,1,0,0,0,충남,태안군,1,7,6,1,1,6,6,126.3046,36.7477,충남태안군,0,원동기장치자전거승합차,0,1,0,169,0,0
2013-05-16,0,3,1,2,0,1,0,충남,논산시,1,9,5,0,0,6,4,127.018,36.1761,충남논산시,0,원동기장치자전거이륜차,0,0,0,61,0,0
2012-11-09,1,4,1,1,0,0,0,경북,경산시,1,10,0,0,0,1,1,128.8505,35.758,경북경산시,0,화물차없음,0,0,0,52,0,0
2012-11-08,0,3,1,1,0,0,0,전북,정읍시,1,6,0,0,0,2,1,126.87,35.5748,전북정읍시,0,승합차없음,0,0,0,12,0,0
2012-12-01,0,5,1,1,0,0,0,강원,원주시,1,5,0,1,2,6,3,127.8292,37.3234,강원원주시,0,원동기장치자전거화물차,0,1,0,36,0,0
2012-09-07,0,4,1,2,1,0,0,경남,창녕군,1,6,0,0,0,1,1,128.4901,35.5305,경남창녕군,0,화물차없음,0,0,0,211,0,0
2012-07-15,0,6,1,3,2,0,0,서울,강서구,1,9,5,0,0,0,2,126.8426,37.5431,서울강서구,1,승용차승용차,0,1,0,43,0,0
2012-06-23,0,5,1,1,0,0,0,경남,고성군,1,6,0,0,0,0,1,128.355,34.9926,경남고성군,0,승용차없음,0,1,0,87,0,0
2012-11-02,1,4,1,1,0,0,0,전남,담양군,1,1,0,1,1,6,2,126.8951,35.2773,전남담양군,0,원동기장치자전거승용차,0,0,0,181,0,0
2012-11-03,1,5,1,1,0,0,0,경북,안동시,1,1,5,0,0,4,6,128.9413,36.4622,경북안동시,0,이륜차승합차,0,1,0,66,0,0
2012-10-30,0,1,1,1,0,0,0,경북,예천군,1,1,0,0,0,6,1,128.3904,36.5408,경북예천군,0,원동기장치자전거없음,0,0,0,55,0,0
2012-10-30,1,1,1,1,0,0,0,경기,김포시,1,1,0,0,0,1,7,126.6205,37.7062,경기김포시,0,화물차원동기장치자전거,0,0,0,47,0,0
2012-10-31,1,2,1,1,0,0,0,경기,여주시,1,10,0,0,0,9,1,127.5136,37.3587,경기여주시,0,농기계없음,0,0,0,22,0,0
2012-12-27,0,3,1,1,0,0,0,충북,청원군,1,6,0,0,0,0,1,127.6533,36.6309,충북청주시,0,승용차없음,0,0,0,83,0,0
2012-12-31,0,0,1,1,0,0,0,충남,부여군,1,6,0,0,0,0,1,126.9373,36.156,충남부여군,0,승용차없음,0,0,0,129,0,0
2012-12-11,1,1,1,3,2,0,0,경북,청송군,1,6,0,0,0,0,1,128.9076,36.2106,경북청송군,1,승용차없음,0,0,0,203,0,0
2012-12-17,1,0,1,3,2,0,0,전북,무주군,1,9,5,0,0,0,6,127.6899,36.0177,전북무주군,1,승용차승합차,0,0,0,182,0,0
2012-12-08,0,5,2,4,2,0,0,전남,광양시,1,6,0,0,0,0,1,127.6586,34.9612,전남광양시,1,승용차없음,0,1,0,130,0,0
2012-12-09,1,6,1,1,0,0,0,부산,금정구,1,10,0,2,4,4,1,129.1164,35.2853,부산금정구,0,이륜차없음,0,1,0,96,0,0
2012-12-14,1,4,1,2,1,0,0,경기,고양시,1,7,6,1,1,2,2,126.751,37.6691,경기고양시,0,승합차승용차,0,0,0,40,0,0
2012-12-19,0,2,5,5,0,0,0,강원,강릉시,1,9,5,0,0,0,2,128.8928,37.7701,강원강릉시,2,승용차승용차,0,1,0,194,0,0
2012-12-20,1,3,1,1,0,0,0,강원,춘천시,1,1,0,1,2,2,5,127.7365,37.8635,강원춘천시,0,승합차자전거,0,0,0,111,0,0
2012-12-24,1,0,1,2,0,1,0,경북,칠곡군,1,1,5,0,0,1,3,128.4182,36.0045,경북칠곡군,0,화물차화물차,0,0,0,21,0,0
2012-12-04,1,1,1,1,0,0,0,전남,목포시,1,7,0,1,2,1,5,126.387,34.8039,전남목포시,0,화물차자전거,0,0,0,153,0,0
2012-12-04,1,1,1,1,0,0,0,충북,음성군,1,6,0,0,0,0,1,127.656,36.8765,충북음성군,0,승용차없음,0,0,0,110,0,0
2012-06-23,1,5,1,3,1,1,0,경기,양주시,1,5,0,2,4,0,3,126.9186,37.6796,경기양주시,0,승용차화물차,0,1,0,59,0,0
2012-12-12,1,2,1,3,2,0,0,경기,남양주시,1,1,0,1,2,1,11,127.2141,37.6349,경기남양주시,1,화물차특수차,0,0,0,70,0,0
2012-12-16,1,6,1,1,0,0,0,대구,달성군,1,6,0,0,0,0,1,128.5062,35.7988,대구달성군,0,승용차없음,0,1,0,30,0,0
2012-12-26,1,2,1,1,0,0,0,제주,서귀포시,1,5,0,1,2,0,8,126.1938,33.2753,제주서귀포시,0,승용차농기계,0,0,0,62,0,0
2012-12-19,0,2,1,2,1,0,0,충남,공주시,1,5,0,0,0,0,2,127.1206,36.6087,충남공주시,0,승용차승용차,0,1,0,19,0,0
2012-12-21,0,4,1,10,4,5,0,경기,수원시,1,9,6,1,1,0,6,126.9734,37.2596,경기수원시,2,승용차승합차,0,0,0,99,0,0
2012-12-16,1,6,1,1,0,0,0,경기,광명시,1,6,0,0,0,0,1,126.8399,37.4747,경기광명시,0,승용차없음,0,1,0,81,0,0
2012-09-14,1,4,1,1,0,0,0,전남,영암군,1,7,0,1,1,1,6,126.4732,34.7628,전남영암군,0,화물차승합차,0,0,0,16,0,0
2012-09-14,1,4,1,1,0,0,0,전남,나주시,1,10,0,0,0,7,1,126.7261,35.0305,전남나주시,0,자전거없음,0,0,0,33,0,0
2012-09-18,1,1,1,2,0,1,0,경북,성주군,1,11,0,0,0,0,1,128.34,35.8416,경북성주군,0,승용차없음,0,0,0,168,0,0
2012-11-03,1,5,1,1,0,0,0,경남,김해시,1,7,9,0,0,7,3,128.8519,35.2045,경남김해시,0,자전거화물차,0,1,0,13,0,0
2012-10-30,0,1,1,1,0,0,0,경기,안성시,1,1,0,0,3,0,2,127.2623,37.003,경기안성시,0,승용차승용차,0,0,0,23,0,0
2012-10-30,1,0,1,1,0,0,0,전남,함평군,1,5,0,0,0,1,4,126.4935,35.1408,전남함평군,0,화물차이륜차,0,0,0,157,0,0
2012-12-30,0,6,1,2,0,1,0,강원,홍천군,1,10,0,0,0,0,1,127.9835,37.7899,강원홍천군,0,승용차없음,0,1,0,82,0,0
2012-12-29,1,5,1,1,0,0,0,경북,영덕군,1,11,0,1,2,6,1,129.401,36.5654,경북영덕군,0,원동기장치자전거없음,0,1,0,54,0,0
2012-12-12,1,2,1,1,0,0,0,서울,종로구,1,5,0,0,0,0,3,127.0071,37.5712,서울종로구,0,승용차화물차,0,0,0,116,0,0
2013-01-25,1,4,1,1,0,0,0,부산,동래구,1,6,0,1,2,0,1,129.078,35.1996,부산동래구,0,승용차없음,0,0,0,216,0,0
2013-01-31,1,3,1,4,2,1,0,충북,충주시,1,5,0,0,0,1,11,127.747,37.1026,충북충주시,1,화물차특수차,0,0,0,6,0,0
2013-01-30,0,2,2,6,4,0,0,경북,영천시,1,5,0,1,2,0,3,129.0857,35.996,경북영천시,2,승용차화물차,0,0,0,5,0,0
2013-02-05,0,1,1,1,0,0,0,경북,구미시,1,6,0,0,0,0,1,128.3521,36.0778,경북구미시,0,승용차없음,0,0,0,144,0,0
2013-02-04,0,0,1,1,0,0,0,대전,동구,1,6,0,0,0,0,1,127.4284,36.3447,대전동구,0,승용차없음,0,0,0,80,0,0
2013-02-02,0,5,1,3,2,0,0,광주,북구,1,9,5,0,0,0,2,126.8801,35.2411,광주북구,1,승용차승용차,0,1,0,137,0,0
2013-02-12,1,1,1,1,0,0,0,충북,영동군,1,11,0,0,0,1,1,127.955,36.1618,충북영동군,0,화물차없음,0,0,0,75,0,0
2013-02-12,1,1,1,26,7,17,1,충북,청주시,1,5,5,0,0,0,6,127.4814,36.6184,충북청주시,2,승용차승합차,0,0,0,83,0,0
2013-02-10,1,6,1,1,0,0,0,경기,광주시,1,6,0,0,0,0,1,127.3165,37.4695,경기광주시,0,승용차없음,0,1,0,9,0,0
2013-02-09,0,5,1,3,2,0,0,충북,청주시,1,7,0,0,0,0,3,127.466,36.6638,충북청주시,1,승용차화물차,0,1,0,83,0,0
2013-02-11,1,0,1,1,0,0,0,전남,여수시,1,5,0,0,0,4,2,127.6331,34.7919,전남여수시,0,이륜차승용차,0,1,0,102,0,0
2013-02-11,0,0,1,3,0,2,0,경기,성남시,1,1,5,1,2,0,2,127.1469,37.3725,경기성남시,0,승용차승용차,0,1,0,95,0,0
2013-02-07,1,3,1,1,0,0,0,경북,경주시,1,1,0,1,1,0,7,129.2117,35.8426,경북경주시,0,승용차원동기장치자전거,0,0,0,100,0,0
2013-02-19,1,1,1,1,0,0,0,경기,용인시,1,6,0,0,0,0,1,127.1693,37.2412,경기용인시,0,승용차없음,0,0,0,51,0,0
2013-02-19,1,1,1,1,0,0,0,전남,영광군,1,1,0,0,0,4,1,126.3694,35.1776,전남영광군,0,이륜차없음,0,0,0,127,0,0
2013-02-14,1,3,1,1,0,0,0,대구,북구,1,5,0,0,0,1,5,128.5798,35.946,대구북구,0,화물차자전거,0,0,0,112,0,0
2013-02-13,0,2,1,2,0,1,0,경기,안양시,1,7,0,1,2,0,2,126.9012,37.4122,경기안양시,0,승용차승용차,0,0,0,151,0,0
2013-01-01,0,1,1,4,3,0,0,충남,아산시,1,1,5,0,0,0,2,126.9912,36.7975,충남아산시,1,승용차승용차,0,1,0,53,0,0
2013-12-04,1,2,1,1,0,0,0,부산,북구,1,1,0,0,0,1,5,129.0028,35.2102,부산북구,0,화물차자전거,0,0,0,118,0,0
2013-10-24,1,3,1,1,0,0,0,충남,청양군,1,10,0,0,0,9,1,126.7267,36.4756,충남청양군,0,농기계없음,0,0,0,174,0,0
2013-10-24,0,3,2,2,0,0,0,경기,양평군,1,5,0,0,0,1,8,127.6675,37.5243,경기양평군,0,화물차농기계,0,0,0,48,0,0
2013-10-30,0,2,1,1,0,0,0,서울,강남구,1,6,0,0,0,4,1,127.0296,37.5164,서울강남구,0,이륜차없음,0,0,0,89,0,0
2013-11-01,0,4,1,1,0,0,0,경기,부천시,1,10,0,0,0,0,1,126.8026,37.5324,경기부천시,0,승용차없음,0,0,0,65,0,0
2013-11-02,0,5,1,1,0,0,0,광주,서구,1,5,0,0,0,0,2,126.8914,35.155,광주서구,0,승용차승용차,0,1,0,222,0,0