발생년월일,주야,요일,사망자수,사상자수,중상자수,경상자수,부상신고자수,발생지시도,발생지시군구,사고유형_대분류,사고유형_중분류,법규위반,도로형태_대분류,도로형태,당사자종별_1당_대분류,당사자종별_2당_대분류,경도,위도,발생지,사고피해정도,사고차량타입,도시여부,주말/공휴일,인구수,발생지번호,보행자의위치,무단횡단여부
2013-11-10,0,6,2,4,2,0,0,광주,북구,1,7,0,0,0,0,3,126.9136,35.1663,광주북구,1,승용차화물차,0,1,0,137,0,0
2013-11-20,1,2,1,2,0,0,1,전남,영광군,1,7,0,1,1,1,4,126.4426,35.3731,전남영광군,0,화물차이륜차,0,0,0,127,0,0
2013-11-25,0,0,1,2,0,1,0,경기,남양주시,1,7,4,1,1,7,2,127.184,37.71,경기남양주시,0,자전거승용차,0,0,0,70,0,0
2013-11-22,0,4,1,1,0,0,0,대구,달서구,1,1,0,0,3,2,2,128.5553,35.8525,대구달서구,0,승합차승용차,0,0,0,20,0,0
2013-11-22,1,4,1,1,0,0,0,전남,담양군,1,7,5,0,0,6,2,126.9696,35.3298,전남담양군,0,원동기장치자전거승용차,0,0,0,181,0,0
2013-11-22,0,4,1,1,0,0,0,경남,창원시(통합),1,7,0,0,0,1,4,128.696,35.192,경남창원시(통합),0,화물차이륜차,0,0,0,86,0,0
2013-11-23,1,5,1,2,0,1,0,울산,남구,1,9,5,0,0,0,3,129.3435,35.4936,울산남구,0,승용차화물차,0,1,0,213,0,0
2013-11-29,0,4,1,1,0,0,0,경기,남양주시,1,7,7,1,1,6,2,127.1172,37.7091,경기남양주시,0,원동기장치자전거승용차,0,0,0,70,0,0
2013-11-30,0,5,1,1,0,0,0,전남,보성군,1,6,0,0,0,1,1,127.1686,34.8041,전남보성군,0,화물차없음,0,1,0,122,0,0
2013-11-28,0,3,1,1,0,0,0,전북,부안군,1,6,0,0,0,1,1,126.6896,35.7299,전북부안군,0,화물차없음,0,0,0,185,0,0
2013-11-29,1,4,1,1,0,0,0,경기,화성시,1,11,0,0,0,0,1,126.8156,37.0858,경기화성시,0,승용차없음,0,0,0,50,0,0
2013-11-28,0,3,1,1,0,0,0,경남,양산시,1,1,0,0,0,6,1,129.0412,35.3483,경남양산시,0,원동기장치자전거없음,0,0,0,49,0,0
2013-11-27,0,2,1,1,0,0,0,전남,여수시,1,6,0,0,0,0,1,127.6668,34.8269,전남여수시,0,승용차없음,0,0,0,102,0,0
2013-11-28,1,3,1,1,0,0,0,경남,창원시(통합),1,7,0,1,1,1,7,128.5966,35.2586,경남창원시(통합),0,화물차원동기장치자전거,0,0,0,86,0,0
2013-12-06,0,4,1,2,1,0,0,울산,동구,1,1,6,1,1,4,2,129.4295,35.5043,울산동구,0,이륜차승용차,0,0,0,225,0,0
2013-12-06,0,4,1,2,1,0,0,서울,영등포구,1,5,0,0,0,0,2,126.9049,37.5355,서울영등포구,0,승용차승용차,0,0,0,150,0,0
2012-09-27,0,3,1,1,0,0,0,광주,광산구,1,7,5,1,2,2,4,126.7553,35.1513,광주광산구,0,승합차이륜차,0,0,0,135,0,0
2012-11-27,1,1,1,1,0,0,0,경기,고양시,1,5,6,1,1,1,3,126.8126,37.6669,경기고양시,0,화물차화물차,0,0,0,40,0,0
2012-11-27,1,1,1,1,0,0,0,전북,익산시,1,1,6,1,1,4,9,127.0672,36.0694,전북익산시,0,이륜차건설기계,0,0,0,125,0,0
2013-04-25,0,3,1,2,1,0,0,충북,청주시,1,5,0,1,2,0,2,127.4833,36.6743,충북청주시,0,승용차승용차,0,0,0,83,0,0
2013-04-22,0,0,1,1,0,0,0,경북,의성군,1,6,0,1,1,1,1,128.3678,36.4318,경북의성군,0,화물차없음,0,0,0,105,0,0
2013-05-01,1,2,1,1,0,0,0,전북,김제시,1,1,5,0,0,4,3,126.8601,35.829,전북김제시,0,이륜차화물차,0,0,0,34,0,0
2013-05-08,1,2,1,1,0,0,0,부산,강서구,1,5,0,0,0,6,9,128.893,35.089,부산강서구,0,원동기장치자전거건설기계,0,0,0,206,0,0
2013-05-10,1,4,1,5,1,3,0,강원,양양군,1,7,5,1,2,0,6,128.6094,38.1567,강원양양군,1,승용차승합차,0,0,0,164,0,0
2013-05-09,1,3,2,4,2,0,0,충남,공주시,1,10,0,0,0,0,1,127.0463,36.315,충남공주시,1,승용차없음,0,0,0,19,0,0
2012-09-17,0,0,1,1,0,0,0,경기,용인시,1,1,0,0,0,0,2,127.2061,37.258,경기용인시,0,승용차승용차,0,0,0,51,0,0
2012-11-07,0,2,1,1,0,0,0,경남,통영시,1,6,0,1,1,1,1,128.5111,34.7657,경남통영시,0,화물차없음,0,0,0,212,0,0
2012-11-20,1,1,1,2,1,0,0,전남,보성군,1,1,4,0,0,1,3,127.0928,34.8308,전남보성군,0,화물차화물차,0,0,0,122,0,0
2012-11-01,1,3,1,1,0,0,0,대구,동구,1,1,0,0,0,0,1,128.649,35.8856,대구동구,0,승용차없음,0,0,0,26,0,0
2012-11-05,1,0,1,5,3,1,0,강원,홍천군,1,1,5,0,0,0,3,128.0705,37.7456,강원홍천군,1,승용차화물차,0,0,0,82,0,0
2012-10-30,0,1,1,1,0,0,0,전북,전주시,1,6,0,0,0,2,1,127.1112,35.8393,전북전주시,0,승합차없음,0,0,0,11,0,0
2012-10-29,0,0,1,6,4,1,0,충남,당진시,1,7,5,1,2,0,3,126.7234,36.8963,충남당진시,1,승용차화물차,0,0,0,46,0,0
2012-11-03,1,5,1,5,3,1,0,경북,김천시,1,7,0,0,0,1,8,128.1177,36.0976,경북김천시,1,화물차농기계,0,1,0,76,0,0
2012-12-28,1,4,1,1,0,0,0,경북,구미시,1,6,0,0,0,0,1,128.3746,36.1918,경북구미시,0,승용차없음,0,0,0,144,0,0
2012-12-16,0,6,1,2,1,0,0,충북,청주시,1,5,0,0,0,0,3,127.4819,36.6461,충북청주시,0,승용차화물차,0,1,0,83,0,0
2012-12-16,0,6,1,1,0,0,0,경남,남해군,1,10,0,1,1,0,1,127.988,34.7237,경남남해군,0,승용차없음,0,1,0,197,0,0
2012-12-08,0,5,1,1,0,0,0,광주,서구,1,7,0,0,0,1,5,126.8321,35.132,광주서구,0,화물차자전거,0,1,0,222,0,0
2012-12-22,0,5,1,1,0,0,0,경기,안산시,1,5,0,0,0,2,3,126.8493,37.3118,경기안산시,0,승합차화물차,0,1,0,2,0,0
2012-12-24,1,0,1,1,0,0,0,충남,공주시,1,6,0,0,0,0,1,126.938,36.487,충남공주시,0,승용차없음,0,0,0,19,0,0
2012-12-19,1,2,1,1,0,0,0,대구,달서구,1,7,6,1,1,6,2,128.5244,35.832,대구달서구,0,원동기장치자전거승용차,0,1,0,20,0,0
2012-12-18,0,1,1,1,0,0,0,전북,완주군,1,1,0,0,0,0,1,127.1755,35.8909,전북완주군,0,승용차없음,0,0,0,28,0,0
2012-12-19,1,2,1,1,0,0,0,전남,나주시,1,7,0,0,0,1,7,126.7442,34.9181,전남나주시,0,화물차원동기장치자전거,0,1,0,33,0,0
2012-12-20,0,3,1,16,8,6,1,경북,안동시,1,7,2,1,1,0,6,128.7435,36.564,경북안동시,2,승용차승합차,0,0,0,66,0,0
2012-11-29,0,3,1,1,0,0,0,충북,괴산군,1,1,5,0,0,1,1,127.7307,36.7093,충북괴산군,0,화물차없음,0,0,0,179,0,0
2012-09-21,1,4,1,1,0,0,0,경기,화성시,1,1,0,0,0,9,1,126.7275,37.2351,경기화성시,0,농기계없음,0,0,0,50,0,0
2012-09-20,0,3,1,1,0,0,0,경북,상주시,1,6,0,1,1,0,1,128.1513,36.4238,경북상주시,0,승용차없음,0,0,0,58,0,0
2012-09-20,1,3,1,1,0,0,0,충남,당진시,1,7,0,1,1,0,3,126.7937,36.8687,충남당진시,0,승용차화물차,0,0,0,46,0,0
2012-09-23,1,6,1,1,0,0,0,전북,익산시,1,1,0,1,2,0,5,127.0162,36.0121,전북익산시,0,승용차자전거,0,1,0,125,0,0
2012-08-04,1,5,1,1,0,0,0,충남,태안군,1,9,5,0,0,4,2,126.2511,36.7644,충남태안군,0,이륜차승용차,0,1,0,169,0,0
2012-08-09,1,3,1,3,2,0,0,강원,강릉시,1,9,5,0,0,0,2,128.825,37.7132,강원강릉시,1,승용차승용차,0,0,0,194,0,0
2012-08-16,1,3,1,2,1,0,0,경북,김천시,1,7,5,1,2,1,3,127.9416,35.8745,경북김천시,0,화물차화물차,0,0,0,76,0,0
2012-08-16,1,3,1,5,1,3,0,경기,김포시,1,9,5,0,0,1,3,126.5554,37.6132,경기김포시,1,화물차화물차,0,0,0,47,0,0
2012-08-16,1,3,1,1,0,0,0,경북,포항시,1,7,7,1,1,5,4,129.4117,36.0015,경북포항시,0,특수차이륜차,0,0,0,160,0,0
2012-08-13,0,0,1,1,0,0,0,경기,하남시,1,7,7,1,1,2,4,127.2078,37.5493,경기하남시,0,승합차이륜차,0,0,0,67,0,0
2012-08-12,1,6,1,5,1,3,0,충북,음성군,1,1,0,0,0,0,2,127.5104,37.0254,충북음성군,1,승용차승용차,0,1,0,110,0,0
2012-08-12,0,6,1,1,0,0,0,전남,나주시,1,11,0,0,0,0,1,126.8126,35.0406,전남나주시,0,승용차없음,0,1,0,33,0,0
2012-08-17,1,4,1,1,0,0,0,경북,구미시,1,7,0,0,0,4,2,128.372,36.1249,경북구미시,0,이륜차승용차,0,0,0,144,0,0
2012-08-22,1,2,1,1,0,0,0,강원,평창군,1,10,0,0,0,9,1,128.4539,37.4721,강원평창군,0,농기계없음,0,0,0,24,0,0
2012-08-21,1,1,1,1,0,0,0,서울,동대문구,1,1,5,1,2,4,2,127.0366,37.5782,서울동대문구,0,이륜차승용차,0,0,0,201,0,0
2012-08-27,0,0,1,2,1,0,0,경기,안산시,1,1,5,0,0,0,3,126.7984,37.3191,경기안산시,0,승용차화물차,0,0,0,2,0,0
2012-08-25,0,5,1,1,0,0,0,서울,광진구,1,5,0,0,0,4,3,127.0741,37.5337,서울광진구,0,이륜차화물차,0,1,0,183,0,0
2012-09-01,0,5,1,1,0,0,0,충남,태안군,1,7,0,0,0,2,4,126.1805,36.6979,충남태안군,0,승합차이륜차,0,1,0,169,0,0
2012-09-01,1,5,1,1,0,0,0,경기,화성시,1,7,4,0,0,3,6,127.04,37.2092,경기화성시,0,건설기계승합차,0,1,0,50,0,0
2012-08-29,1,2,1,1,0,0,0,전남,나주시,1,7,7,1,1,0,7,126.7192,35.034,전남나주시,0,승용차원동기장치자전거,0,0,0,33,0,0
2012-09-07,0,4,1,1,0,0,0,경기,파주시,1,7,0,0,0,6,3,126.765,37.7543,경기파주시,0,원동기장치자전거화물차,0,0,0,175,0,0
2013-05-28,0,1,1,3,0,2,0,경기,평택시,1,5,0,0,0,0,2,126.8947,37.0528,경기평택시,0,승용차승용차,0,0,0,14,0,0
2013-01-20,0,6,1,2,1,0,0,전북,무주군,1,1,2,0,0,0,3,127.5878,36.0027,전북무주군,0,승용차화물차,0,1,0,182,0,0
2013-03-14,1,3,1,1,0,0,0,전북,장수군,1,1,0,0,0,1,9,127.6212,35.7106,전북장수군,0,화물차건설기계,0,0,0,155,0,0
2013-11-26,1,1,1,1,0,0,0,경북,경주시,1,6,0,0,0,1,1,129.1945,35.7571,경북경주시,0,화물차없음,0,0,0,100,0,0
2013-11-10,1,6,1,43,14,28,0,충남,천안시,1,5,0,0,0,2,6,127.1692,36.7936,충남천안시,2,승합차승합차,0,1,0,63,0,0
2012-11-29,1,3,1,2,0,1,0,충북,증평군,1,7,6,1,1,0,3,127.6147,36.8301,충북증평군,0,승용차화물차,0,0,0,138,0,0
2012-11-24,0,5,1,1,0,0,0,경북,구미시,1,7,6,1,1,4,3,128.3175,36.1515,경북구미시,0,이륜차화물차,0,1,0,144,0,0
2012-11-26,1,0,1,1,0,0,0,충북,청원군,1,1,0,0,0,7,1,127.3164,36.6022,충북청주시,0,자전거없음,0,0,0,83,0,0
2012-11-08,1,3,1,1,0,0,0,충북,청원군,1,10,0,0,0,0,1,127.5326,36.7105,충북청주시,0,승용차없음,0,0,0,83,0,0
2012-11-08,0,3,2,2,0,0,0,제주,제주시,1,6,0,1,1,0,1,126.568,33.4768,제주제주시,0,승용차없음,0,0,0,90,0,0
2012-11-11,0,6,1,1,0,0,0,경기,용인시,1,10,0,0,0,9,1,127.3521,37.1654,경기용인시,0,농기계없음,0,1,0,51,0,0
2012-11-09,0,4,1,1,0,0,0,전북,완주군,1,1,2,0,0,0,8,127.2265,35.8529,전북완주군,0,승용차농기계,0,0,0,28,0,0
2012-11-09,0,4,1,1,0,0,0,경북,포항시,1,5,0,0,0,0,11,129.4103,35.9698,경북포항시,0,승용차특수차,0,0,0,160,0,0
2012-11-08,0,3,1,1,0,0,0,제주,서귀포시,1,6,0,1,2,0,1,126.259,33.2281,제주서귀포시,0,승용차없음,0,0,0,62,0,0
2012-11-09,1,4,1,1,0,0,0,전남,고흥군,1,7,5,0,0,1,7,127.3355,34.5777,전남고흥군,0,화물차원동기장치자전거,0,0,0,191,0,0
2012-09-24,1,0,1,1,0,0,0,경기,수원시,1,1,0,0,3,3,5,126.9701,37.2908,경기수원시,0,건설기계자전거,0,0,0,99,0,0
2012-09-25,0,1,1,1,0,0,0,대구,달서구,1,6,0,1,1,0,1,128.475,35.842,대구달서구,0,승용차없음,0,0,0,20,0,0
2012-10-28,0,6,1,2,0,1,0,경기,안성시,1,11,0,0,0,0,1,127.2609,36.928,경기안성시,0,승용차없음,0,1,0,23,0,0
2012-10-24,1,2,1,1,0,0,0,경북,경주시,1,7,0,0,0,9,7,129.2269,35.9902,경북경주시,0,농기계원동기장치자전거,0,0,0,100,0,0
2012-10-28,1,6,1,1,0,0,0,전남,영광군,1,9,5,0,0,4,2,126.4434,35.3642,전남영광군,0,이륜차승용차,0,1,0,127,0,0
2012-10-29,1,0,1,1,0,0,0,울산,북구,1,10,0,0,0,4,1,129.3768,35.561,울산북구,0,이륜차없음,0,0,0,158,0,0
2012-10-25,0,3,1,2,1,0,0,경기,화성시,1,5,0,0,0,1,3,126.8918,37.1475,경기화성시,0,화물차화물차,0,0,0,50,0,0
2012-10-22,0,0,1,2,1,0,0,경북,포항시,1,6,0,2,4,1,1,129.3773,36.0525,경북포항시,0,화물차없음,0,0,0,160,0,0
2012-10-26,1,4,1,1,0,0,0,경북,김천시,1,7,0,0,0,1,5,128.094,36.1275,경북김천시,0,화물차자전거,0,0,0,76,0,0
2012-10-22,1,0,1,1,0,0,0,대구,동구,1,11,0,0,0,0,1,128.6696,35.9885,대구동구,0,승용차없음,0,0,0,26,0,0
2012-10-12,0,4,1,3,2,0,0,경기,용인시,1,5,0,0,0,0,4,127.1861,37.2368,경기용인시,1,승용차이륜차,0,0,0,51,0,0
2012-10-09,1,1,2,3,0,0,1,충북,괴산군,1,7,0,0,0,0,8,127.8537,36.8726,충북괴산군,0,승용차농기계,0,0,0,179,0,0
2012-10-10,1,2,1,1,0,0,0,충남,아산시,1,7,4,1,1,0,7,127.0789,36.7686,충남아산시,0,승용차원동기장치자전거,0,0,0,53,0,0
2012-10-10,1,2,1,1,0,0,0,인천,남동구,1,5,0,0,0,0,5,126.7375,37.4196,인천남동구,0,승용차자전거,0,0,0,29,0,0
2012-10-15,1,0,1,1,0,0,0,충남,청양군,1,5,0,0,0,0,4,126.8473,36.5291,충남청양군,0,승용차이륜차,0,0,0,174,0,0
2012-10-15,1,0,1,2,1,0,0,경기,부천시,1,7,6,1,1,4,2,126.7895,37.532,경기부천시,0,이륜차승용차,0,0,0,65,0,0
2012-10-15,0,0,1,3,2,0,0,경북,영덕군,1,9,5,0,0,1,3,129.3208,36.4292,경북영덕군,1,화물차화물차,0,0,0,54,0,0
2012-08-30,1,3,1,1,0,0,0,경기,남양주시,1,1,0,1,2,6,6,127.1405,37.6468,경기남양주시,0,원동기장치자전거승합차,0,0,0,70,0,0
2012-08-31,1,4,1,1,0,0,0,경기,성남시,1,5,10,0,0,7,3,127.1201,37.4409,경기성남시,0,자전거화물차,0,0,0,95,0,0
2012-08-31,0,4,2,5,2,1,0,경기,시흥시,1,6,0,0,0,0,1,126.6888,37.3343,경기시흥시,1,승용차없음,0,0,0,73,0,0
2012-12-04,1,1,1,1,0,0,0,전남,나주시,1,10,0,0,0,0,1,126.706,34.9895,전남나주시,0,승용차없음,0,0,0,33,0,0
2012-12-01,1,5,1,3,2,0,0,경남,통영시,1,11,0,0,0,0,1,128.2596,34.6442,경남통영시,1,승용차없음,0,1,0,212,0,0
2012-12-01,0,5,1,13,1,11,0,충남,예산군,1,5,3,1,2,1,3,126.7902,36.6894,충남예산군,2,화물차화물차,0,1,0,187,0,0
2013-08-05,1,0,1,1,0,0,0,경남,김해시,1,1,0,0,0,1,1,128.837,35.1762,경남김해시,0,화물차없음,0,0,0,13,0,0
2013-06-23,1,6,1,1,0,0,0,울산,울주군,1,10,0,0,0,1,1,129.126,35.5576,울산울주군,0,화물차없음,0,1,0,17,0,0
2013-09-24,0,1,1,1,0,0,0,경북,구미시,1,6,0,0,0,1,1,128.3729,36.0697,경북구미시,0,화물차없음,0,0,0,144,0,0
2013-08-27,0,1,2,2,0,0,0,경북,문경시,1,5,0,0,0,1,3,128.146,36.6412,경북문경시,0,화물차화물차,0,0,0,74,0,0
2013-06-23,1,6,1,5,4,0,0,경남,양산시,1,1,0,0,0,0,11,129.0404,35.3354,경남양산시,1,승용차특수차,0,1,0,49,0,0
2013-06-29,1,5,2,4,2,0,0,경남,김해시,1,1,0,0,0,1,2,128.7184,35.2788,경남김해시,1,화물차승용차,0,1,0,13,0,0
2012-12-28,1,4,1,2,0,1,0,충북,진천군,1,9,5,0,0,0,6,127.3286,36.891,충북진천군,0,승용차승합차,0,0,0,60,0,0
2012-08-18,0,5,1,2,1,0,0,대전,중구,1,1,0,1,2,6,1,127.3968,36.3089,대전중구,0,원동기장치자전거없음,0,1,0,39,0,0
2012-05-12,1,5,1,1,0,0,0,울산,남구,1,7,0,0,0,4,2,129.2682,35.5313,울산남구,0,이륜차승용차,0,1,0,213,0,0
2012-11-07,1,2,1,1,0,0,0,강원,홍천군,1,6,0,2,4,2,1,127.9207,37.7662,강원홍천군,0,승합차없음,0,0,0,82,0,0
2012-09-28,0,4,1,1,0,0,0,인천,중구,1,7,7,1,1,2,3,126.6259,37.4456,인천중구,0,승합차화물차,0,0,0,72,0,0
2012-11-11,1,6,1,1,0,0,0,서울,관악구,1,10,0,0,0,1,1,126.9669,37.4757,서울관악구,0,화물차없음,0,1,0,188,0,0
2012-07-20,0,4,1,1,0,0,0,전북,김제시,1,6,0,0,0,0,1,126.9914,35.8154,전북김제시,0,승용차없음,0,0,0,34,0,0
2013-04-26,1,4,1,2,0,1,0,전남,해남군,1,7,8,1,1,3,2,126.6722,34.581,전남해남군,0,건설기계승용차,0,0,0,119,0,0
2013-04-26,0,4,1,3,1,1,0,인천,서구,1,9,5,1,2,0,3,126.636,37.6185,인천서구,0,승용차화물차,0,0,0,97,0,0
2013-04-23,0,1,1,1,0,0,0,경북,영천시,1,7,7,1,1,0,4,128.9363,35.9634,경북영천시,0,승용차이륜차,0,0,0,5,0,0
2013-04-23,0,1,1,1,0,0,0,경북,청도군,1,1,0,0,0,1,5,128.7527,35.6402,경북청도군,0,화물차자전거,0,0,0,3,0,0
2013-05-05,1,6,1,2,1,0,0,경기,화성시,1,10,0,1,1,0,1,127.0276,37.221,경기화성시,0,승용차없음,0,1,0,50,0,0
2013-05-05,0,6,1,1,0,0,0,부산,연제구,1,1,9,0,3,6,2,129.0669,35.1921,부산연제구,0,원동기장치자전거승용차,0,1,0,221,0,0
2013-05-11,0,5,1,1,0,0,0,서울,양천구,1,6,0,0,0,4,1,126.8751,37.518,서울양천구,0,이륜차없음,0,1,0,140,0,0
2013-05-17,1,4,1,1,0,0,0,경기,광주시,1,10,0,1,1,9,1,127.3208,37.2803,경기광주시,0,농기계없음,0,1,0,9,0,0
2013-05-17,1,4,1,1,0,0,0,경기,김포시,1,7,3,0,0,4,6,126.7444,37.6076,경기김포시,0,이륜차승합차,0,1,0,47,0,0
2013-05-16,0,3,1,2,0,1,0,경기,수원시,1,7,6,1,1,4,2,127.0428,37.259,경기수원시,0,이륜차승용차,0,0,0,99,0,0
2013-05-15,0,2,1,1,0,0,0,전남,고흥군,1,11,0,0,0,1,1,127.1951,34.5773,전남고흥군,0,화물차없음,0,0,0,191,0,0
2013-05-14,0,1,1,1,0,0,0,충남,홍성군,1,9,5,0,0,1,2,126.6178,36.4956,충남홍성군,0,화물차승용차,0,0,0,38,0,0
2012-05-28,1,0,1,1,0,0,0,경북,안동시,1,5,0,0,0,4,3,128.7224,36.5634,경북안동시,0,이륜차화물차,0,1,0,66,0,0
2012-04-24,1,1,1,4,2,1,0,강원,화천군,1,11,0,1,2,0,1,127.6647,38.1847,강원화천군,1,승용차없음,0,0,0,218,0,0
2012-11-24,1,4,1,1,0,0,0,경북,영덕군,1,7,9,0,3,6,2,129.3803,36.3577,경북영덕군,0,원동기장치자전거승용차,0,1,0,54,0,0
2012-09-27,1,3,1,7,0,6,0,경북,울진군,1,5,0,0,0,1,3,129.3582,37.1303,경북울진군,1,화물차화물차,0,0,0,208,0,0
2012-06-22,1,4,1,1,0,0,0,전북,남원시,1,7,0,1,1,1,4,127.377,35.4165,전북남원시,0,화물차이륜차,0,0,0,193,0,0
2012-06-20,0,2,1,1,0,0,0,경북,의성군,1,6,0,0,0,1,1,128.6999,36.2869,경북의성군,0,화물차없음,0,0,0,105,0,0
2013-04-28,1,6,1,3,1,1,0,경북,경주시,1,1,0,1,1,0,4,129.284,35.8464,경북경주시,0,승용차이륜차,0,1,0,100,0,0
2012-02-02,1,3,1,1,0,0,0,경북,울진군,1,11,0,0,0,1,1,129.3294,37.0889,경북울진군,0,화물차없음,0,0,0,208,0,0
2012-01-29,1,6,1,1,0,0,0,인천,남동구,1,7,6,0,0,0,4,126.7394,37.4077,인천남동구,0,승용차이륜차,0,1,0,29,0,0
2012-02-07,0,1,1,1,0,0,0,부산,진구,1,6,0,1,2,0,1,129.066,35.1497,부산진구,0,승용차없음,0,0,0,231,0,0
2012-02-03,1,4,1,1,0,0,0,서울,영등포구,1,6,0,0,0,0,1,126.8977,37.4876,서울영등포구,0,승용차없음,0,0,0,150,0,0
2012-02-07,1,1,4,10,6,0,0,경남,의령군,1,11,0,0,0,2,1,128.2939,35.3121,경남의령군,2,승합차없음,0,0,0,189,0,0
2012-02-12,0,5,1,5,4,0,0,충남,서산시,1,6,0,1,2,0,1,126.5184,36.7869,충남서산시,1,승용차없음,0,1,0,69,0,0
2013-02-03,0,6,1,1,0,0,0,전북,완주군,1,1,0,0,0,0,1,127.1771,35.9441,전북완주군,0,승용차없음,0,1,0,28,0,0
2013-02-04,1,0,1,1,0,0,0,전북,무주군,1,6,0,0,0,0,1,127.6787,36.0097,전북무주군,0,승용차없음,0,0,0,182,0,0
2013-02-05,1,1,1,1,0,0,0,전남,보성군,1,10,0,0,0,4,1,127.1263,34.743,전남보성군,0,이륜차없음,0,0,0,122,0,0
2013-02-03,1,6,2,7,3,2,0,경남,고성군,1,1,0,0,0,0,2,128.3471,35.0097,경남고성군,2,승용차승용차,0,1,0,87,0,0
2013-01-18,1,4,1,3,1,1,0,경남,창녕군,1,5,0,0,0,1,3,128.4775,35.5375,경남창녕군,0,화물차화물차,0,0,0,211,0,0
2013-09-12,0,3,2,25,3,4,16,경기,의정부시,1,5,0,0,0,2,2,127.0451,37.7004,경기의정부시,2,승합차승용차,0,0,0,64,0,0
2013-07-17,0,2,1,1,0,0,0,경남,밀양시,1,5,0,0,0,1,3,128.7955,35.5216,경남밀양시,0,화물차화물차,0,0,0,177,0,0
2013-06-21,0,4,1,1,0,0,0,대구,수성구,1,5,0,0,0,1,3,128.688,35.8523,대구수성구,0,화물차화물차,0,0,0,37,0,0
2013-07-01,1,0,1,4,2,1,0,대구,달성군,1,6,0,0,0,0,1,128.4626,35.727,대구달성군,1,승용차없음,0,0,0,30,0,0
2013-04-27,0,5,1,1,0,0,0,경기,고양시,1,6,0,0,0,0,1,126.787,37.6241,경기고양시,0,승용차없음,0,1,0,40,0,0
2013-04-23,0,1,1,4,3,0,0,경북,포항시,1,7,7,1,1,1,2,129.4046,35.9734,경북포항시,1,화물차승용차,0,0,0,160,0,0
2013-04-30,1,1,1,4,2,1,0,경기,광명시,1,7,6,1,2,0,2,126.8565,37.4852,경기광명시,1,승용차승용차,0,0,0,81,0,0
2013-04-27,0,5,1,2,1,0,0,충북,청주시,1,7,0,1,2,6,5,127.5078,36.617,충북청주시,0,원동기장치자전거자전거,0,1,0,83,0,0
2013-05-07,1,1,1,1,0,0,0,세종,세종,1,10,0,0,3,0,1,127.3117,36.4799,세종세종,0,승용차없음,1,0,0,229,0,0
2013-05-07,0,1,1,1,0,0,0,전북,부안군,1,10,0,0,0,6,1,126.6813,35.6255,전북부안군,0,원동기장치자전거없음,0,0,0,185,0,0
2013-05-07,1,1,1,1,0,0,0,경기,이천시,1,9,5,1,2,4,3,127.5308,37.0559,경기이천시,0,이륜차화물차,0,0,0,41,0,0
2013-05-06,1,0,2,8,6,0,0,충북,제천시,1,1,6,1,1,0,2,128.1867,37.0724,충북제천시,2,승용차승용차,0,0,0,103,0,0
2013-05-06,1,0,1,2,1,0,0,전남,담양군,1,7,0,1,1,0,4,127.0287,35.2459,전남담양군,0,승용차이륜차,0,0,0,181,0,0
2013-05-04,0,5,1,4,2,1,0,경남,양산시,1,1,6,1,1,6,2,129.0131,35.3248,경남양산시,1,원동기장치자전거승용차,0,1,0,49,0,0
2013-05-22,0,2,1,1,0,0,0,충북,영동군,1,1,0,1,2,0,5,127.7588,36.1943,충북영동군,0,승용차자전거,0,0,0,75,0,0
2012-04-30,0,0,1,1,0,0,0,울산,북구,1,7,6,1,1,6,3,129.3509,35.6254,울산북구,0,원동기장치자전거화물차,0,0,0,158,0,0
2012-04-12,0,3,1,1,0,0,0,강원,양구군,1,10,0,0,0,4,1,128.0762,38.2092,강원양구군,0,이륜차없음,0,0,0,115,0,0
2012-01-29,0,6,1,1,0,0,0,경북,경산시,1,5,0,0,0,0,3,128.8177,35.9611,경북경산시,0,승용차화물차,0,1,0,52,0,0
2012-06-03,1,6,1,1,0,0,0,경남,김해시,1,7,0,1,1,0,7,128.8128,35.1702,경남김해시,0,승용차원동기장치자전거,0,1,0,13,0,0
2012-11-11,0,6,1,1,0,0,0,경북,포항시,1,5,0,1,2,0,3,129.3643,35.9542,경북포항시,0,승용차화물차,0,1,0,160,0,0
2012-11-16,1,4,1,1,0,0,0,전남,영암군,1,10,0,0,0,9,1,126.7557,34.8404,전남영암군,0,농기계없음,0,0,0,16,0,0
2012-11-13,0,1,1,1,0,0,0,경기,부천시,1,1,0,0,0,0,2,126.7484,37.5055,경기부천시,0,승용차승용차,0,0,0,65,0,0
2012-11-01,1,3,1,1,0,0,0,전남,영암군,1,7,8,1,1,0,4,126.4512,34.7636,전남영암군,0,승용차이륜차,0,0,0,16,0,0
2013-05-05,1,6,1,6,1,3,1,대구,북구,1,5,0,1,2,0,2,128.5602,35.9386,대구북구,1,승용차승용차,0,1,0,112,0,0
2013-05-12,1,6,1,1,0,0,0,전북,군산시,1,1,4,0,0,0,1,126.7193,35.9785,전북군산시,0,승용차없음,0,1,0,166,0,0
2013-05-16,1,3,1,1,0,0,0,서울,양천구,1,7,0,0,3,7,6,126.8522,37.5215,서울양천구,0,자전거승합차,0,0,0,140,0,0
2013-05-16,1,3,1,1,0,0,0,경기,고양시,1,7,3,0,3,7,6,126.895,37.6536,경기고양시,0,자전거승합차,0,0,0,40,0,0