발생년월일,주야,요일,사망자수,사상자수,중상자수,경상자수,부상신고자수,발생지시도,발생지시군구,사고유형_대분류,사고유형_중분류,법규위반,도로형태_대분류,도로형태,당사자종별_1당_대분류,당사자종별_2당_대분류,경도,위도,발생지,사고피해정도,사고차량타입,도시여부,주말/공휴일,인구수,발생지번호,보행자의위치,무단횡단여부
2013-05-17,1,4,1,1,0,0,0,전남,나주시,1,1,0,2,4,0,5,126.797,34.9537,전남나주시,0,승용차자전거,0,1,0,33,0,0
2012-12-19,1,2,1,1,0,0,0,경기,연천군,1,6,0,0,0,1,1,127.0856,38.2232,경기연천군,0,화물차없음,0,1,0,106,0,0
2012-12-19,1,2,1,1,0,0,0,경남,거제시,1,6,0,0,0,0,1,128.7119,34.9578,경남거제시,0,승용차없음,0,1,0,15,0,0
2012-12-18,0,1,1,1,0,0,0,인천,서구,1,10,0,0,0,0,1,126.6663,37.5716,인천서구,0,승용차없음,0,0,0,97,0,0
2012-12-25,0,1,1,2,0,1,0,전남,해남군,1,9,5,0,0,0,3,126.4101,34.6887,전남해남군,0,승용차화물차,0,1,0,119,0,0
2012-12-03,1,0,1,1,0,0,0,경남,함양군,1,7,7,1,1,1,7,127.7385,35.535,경남함양군,0,화물차원동기장치자전거,0,0,0,108,0,0
2012-12-07,0,4,1,1,0,0,0,경남,진주시,1,5,3,0,0,1,3,128.101,35.1328,경남진주시,0,화물차화물차,0,0,0,42,0,0
2012-11-30,0,4,1,2,0,1,0,인천,계양구,1,5,0,1,2,1,3,126.7538,37.5426,인천계양구,0,화물차화물차,0,0,0,7,0,0
2012-12-07,1,4,1,1,0,0,0,경북,포항시,1,1,4,1,1,1,1,129.3543,36.0058,경북포항시,0,화물차없음,0,0,0,160,0,0
2012-07-21,1,5,1,5,0,4,0,경기,남양주시,1,7,0,0,0,0,2,127.322,37.6317,경기남양주시,1,승용차승용차,0,1,0,70,0,0
2013-12-12,0,3,1,1,0,0,0,경기,남양주시,1,6,0,0,0,0,1,127.1226,37.6513,경기남양주시,0,승용차없음,0,0,0,70,0,0
2013-12-19,0,3,1,2,1,0,0,경기,남양주시,1,5,0,0,0,0,3,127.2125,37.5955,경기남양주시,0,승용차화물차,0,0,0,70,0,0
2013-04-26,0,4,1,1,0,0,0,경남,양산시,1,7,5,2,4,2,5,129.0873,35.4768,경남양산시,0,승합차자전거,0,0,0,49,0,0
2013-04-23,1,1,1,4,0,3,0,충북,청주시,1,5,0,1,2,1,2,127.5108,36.6632,충북청주시,1,화물차승용차,0,0,0,83,0,0
2013-05-03,1,4,1,5,4,0,0,충남,청양군,1,10,0,0,0,1,1,126.7992,36.4178,충남청양군,1,화물차없음,0,0,0,174,0,0
2013-05-05,0,6,1,1,0,0,0,경북,청도군,1,11,0,0,0,0,1,128.7448,35.6519,경북청도군,0,승용차없음,0,1,0,3,0,0
2013-05-04,1,5,1,1,0,0,0,경남,고성군,1,7,0,0,0,5,7,128.3269,34.9899,경남고성군,0,특수차원동기장치자전거,0,1,0,87,0,0
2013-05-12,1,6,1,4,0,3,0,전북,남원시,1,9,5,0,0,6,2,127.6482,35.4089,전북남원시,1,원동기장치자전거승용차,0,1,0,193,0,0
2013-05-13,1,0,2,5,1,2,0,전남,강진군,1,5,0,0,0,1,2,126.7921,34.5916,전남강진군,1,화물차승용차,0,0,0,121,0,0
2013-05-13,1,0,2,2,0,0,0,충남,청양군,1,1,0,0,0,0,1,126.8481,36.4394,충남청양군,0,승용차없음,0,0,0,174,0,0
2013-05-13,0,0,1,1,0,0,0,충남,태안군,1,7,0,1,1,5,7,126.2856,36.7217,충남태안군,0,특수차원동기장치자전거,0,0,0,169,0,0
2013-05-13,0,0,2,4,2,0,0,충남,서산시,1,6,0,1,2,0,1,126.413,36.9669,충남서산시,1,승용차없음,0,0,0,69,0,0
2013-05-13,0,0,1,1,0,0,0,경기,이천시,1,9,5,0,0,0,4,127.4036,37.3182,경기이천시,0,승용차이륜차,0,0,0,41,0,0
2013-05-22,1,2,1,2,1,0,0,서울,용산구,1,11,0,0,0,6,1,126.9846,37.5197,서울용산구,0,원동기장치자전거없음,0,0,0,134,0,0
2013-05-23,1,3,1,2,1,0,0,전남,광양시,1,7,6,1,1,0,7,127.6983,34.9287,전남광양시,0,승용차원동기장치자전거,0,0,0,130,0,0
2013-05-10,0,4,1,1,0,0,0,부산,연제구,1,6,0,0,0,6,1,129.0938,35.1736,부산연제구,0,원동기장치자전거없음,0,0,0,221,0,0
2013-05-17,1,4,2,5,3,0,0,전남,강진군,1,10,0,1,2,0,1,126.7647,34.713,전남강진군,1,승용차없음,0,1,0,121,0,0
2013-05-16,0,3,1,1,0,0,0,경기,광주시,1,6,0,0,0,4,1,127.2526,37.4528,경기광주시,0,이륜차없음,0,0,0,9,0,0
2013-05-14,1,1,1,1,0,0,0,경북,영양군,1,9,5,0,0,4,9,129.0856,36.5885,경북영양군,0,이륜차건설기계,0,0,0,128,0,0
2013-05-14,1,1,1,1,0,0,0,경북,문경시,1,7,6,1,1,6,2,128.1919,36.5867,경북문경시,0,원동기장치자전거승용차,0,0,0,74,0,0
2013-05-14,0,1,1,1,0,0,0,서울,관악구,1,1,0,0,0,0,4,126.9523,37.4772,서울관악구,0,승용차이륜차,0,0,0,188,0,0
2013-05-14,1,1,1,2,0,1,0,전남,순천시,1,11,0,0,0,0,1,127.3645,35.0198,전남순천시,0,승용차없음,0,0,0,27,0,0
2012-05-19,1,5,1,2,1,0,0,경북,고령군,1,6,0,0,0,1,1,128.2442,35.7699,경북고령군,0,화물차없음,0,1,0,220,0,0
2012-04-18,0,2,1,3,1,1,0,충남,천안시,1,7,0,1,1,0,2,127.1176,36.8636,충남천안시,0,승용차승용차,0,0,0,63,0,0
2012-03-09,0,4,1,1,0,0,0,강원,삼척시,1,6,0,0,0,0,1,129.0488,37.246,강원삼척시,0,승용차없음,0,0,0,78,0,0
2012-12-09,1,6,1,1,0,0,0,대구,북구,1,9,5,0,0,0,2,128.6002,35.9049,대구북구,0,승용차승용차,0,1,0,112,0,0
2012-08-21,1,1,1,1,0,0,0,전북,정읍시,1,10,0,0,0,0,1,126.8184,35.596,전북정읍시,0,승용차없음,0,0,0,12,0,0
2012-11-27,1,1,1,1,0,0,0,강원,영월군,1,10,0,0,0,4,1,128.2743,37.2933,강원영월군,0,이륜차없음,0,0,0,114,0,0
2013-04-19,1,4,1,1,0,0,0,전북,고창군,1,11,0,0,0,1,1,126.6741,35.4785,전북고창군,0,화물차없음,0,0,0,219,0,0
2013-04-19,0,4,1,1,0,0,0,경기,포천시,1,6,0,0,0,0,1,127.3698,38.0188,경기포천시,0,승용차없음,0,0,0,171,0,0
2012-12-18,0,1,1,6,2,3,0,경기,안산시,1,9,5,2,0,1,2,126.7553,37.3329,경기안산시,1,화물차승용차,0,0,0,2,0,0
2012-12-08,0,5,1,1,0,0,0,전북,익산시,1,5,0,0,0,1,9,127.0811,35.9649,전북익산시,0,화물차건설기계,0,1,0,125,0,0
2012-12-03,0,0,1,1,0,0,0,경기,성남시,1,5,0,0,0,4,6,127.1537,37.4196,경기성남시,0,이륜차승합차,0,0,0,95,0,0
2012-07-11,0,2,1,4,1,2,0,경기,수원시,1,5,0,0,0,2,3,127.0948,37.2897,경기수원시,1,승합차화물차,0,0,0,99,0,0
2012-11-03,0,5,1,1,0,0,0,인천,중구,1,6,0,1,2,0,1,126.618,37.4735,인천중구,0,승용차없음,0,1,0,72,0,0
2012-12-14,1,4,1,1,0,0,0,대전,동구,1,1,0,0,0,0,2,127.4819,36.2634,대전동구,0,승용차승용차,0,0,0,80,0,0
2012-12-17,1,0,1,1,0,0,0,충북,청주시,1,7,0,1,1,3,5,127.4742,36.6356,충북청주시,0,건설기계자전거,0,0,0,83,0,0
2012-12-14,1,4,1,4,3,0,0,대구,달성군,1,1,0,0,0,1,6,128.4625,35.8551,대구달성군,1,화물차승합차,0,0,0,30,0,0
2012-12-15,0,5,1,2,0,0,1,경기,시흥시,1,5,0,0,0,0,6,126.7498,37.3385,경기시흥시,0,승용차승합차,0,1,0,73,0,0
2012-12-20,1,3,1,1,0,0,0,충남,청양군,1,11,0,0,0,1,1,126.9504,36.3367,충남청양군,0,화물차없음,0,0,0,174,0,0
2012-12-20,0,3,1,4,2,1,0,대전,유성구,1,1,2,0,0,0,1,127.4076,36.4127,대전유성구,1,승용차없음,0,0,0,148,0,0
2012-12-20,0,3,1,11,9,1,0,대전,서구,1,1,5,0,0,0,6,127.3813,36.3437,대전서구,2,승용차승합차,0,0,0,4,0,0
2012-12-21,1,4,1,1,0,0,0,경남,밀양시,1,6,0,0,0,1,1,128.7608,35.3845,경남밀양시,0,화물차없음,0,0,0,177,0,0
2012-12-26,0,2,1,1,0,0,0,서울,용산구,1,6,0,0,0,0,1,127.0036,37.5408,서울용산구,0,승용차없음,0,0,0,134,0,0
2012-12-21,1,4,1,3,2,0,0,경남,의령군,1,1,0,0,0,0,1,128.3196,35.3825,경남의령군,1,승용차없음,0,0,0,189,0,0
2012-12-01,0,5,1,4,2,1,0,서울,강남구,1,1,3,0,0,0,3,127.0692,37.5036,서울강남구,1,승용차화물차,0,1,0,89,0,0
2012-12-02,0,6,1,1,0,0,0,경남,창원시(통합),1,11,0,1,2,0,1,128.743,35.341,경남창원시(통합),0,승용차없음,0,1,0,86,0,0
2012-09-10,1,0,1,1,0,0,0,전남,해남군,1,5,0,1,2,6,6,126.5814,34.5201,전남해남군,0,원동기장치자전거승합차,0,0,0,119,0,0
2012-09-08,0,5,1,1,0,0,0,경남,창녕군,1,11,0,0,0,0,1,128.4776,35.5353,경남창녕군,0,승용차없음,0,1,0,211,0,0
2012-09-08,1,5,1,2,0,1,0,충북,청원군,1,1,0,0,0,6,3,127.5805,36.7379,충북청주시,0,원동기장치자전거화물차,0,1,0,83,0,0
2012-09-13,1,3,1,3,1,1,0,충남,예산군,1,9,5,0,0,0,2,126.8932,36.6644,충남예산군,0,승용차승용차,0,0,0,187,0,0
2012-09-11,0,1,1,1,0,0,0,광주,북구,1,7,6,1,1,0,5,126.8667,35.1994,광주북구,0,승용차자전거,0,0,0,137,0,0
2012-09-12,1,2,1,1,0,0,0,강원,삼척시,1,7,0,1,2,6,2,129.1791,37.4305,강원삼척시,0,원동기장치자전거승용차,0,0,0,78,0,0
2012-09-17,1,0,1,5,1,3,0,경기,평택시,1,1,5,0,0,0,6,127.066,37.0737,경기평택시,1,승용차승합차,0,0,0,14,0,0
2012-09-16,0,6,1,1,0,0,0,경기,남양주시,1,7,9,1,1,0,4,127.1448,37.6521,경기남양주시,0,승용차이륜차,0,1,0,70,0,0
2012-09-20,0,3,1,2,0,1,0,대구,북구,1,9,5,0,0,0,3,128.6079,35.9359,대구북구,0,승용차화물차,0,0,0,112,0,0
2012-09-20,0,3,1,1,0,0,0,대구,달서구,1,9,0,1,1,0,4,128.5295,35.8209,대구달서구,0,승용차이륜차,0,0,0,20,0,0
2012-09-23,0,6,1,1,0,0,0,대구,달성군,1,1,0,0,0,0,1,128.4255,35.6812,대구달성군,0,승용차없음,0,1,0,30,0,0
2012-09-19,1,2,1,1,0,0,0,대구,북구,1,7,6,1,1,4,3,128.5951,35.8777,대구북구,0,이륜차화물차,0,0,0,112,0,0
2012-08-07,0,1,1,1,0,0,0,경남,김해시,1,7,8,1,1,4,4,128.8817,35.2323,경남김해시,0,이륜차이륜차,0,0,0,13,0,0
2012-08-04,1,5,1,1,0,0,0,경기,수원시,1,1,0,0,0,7,2,126.9905,37.2862,경기수원시,0,자전거승용차,0,1,0,99,0,0
2012-08-12,0,6,1,1,0,0,0,제주,제주시,1,7,0,0,0,0,5,126.5411,33.5137,제주제주시,0,승용차자전거,0,1,0,90,0,0
2012-11-15,1,3,1,1,0,0,0,전북,무주군,1,1,0,0,0,1,8,127.6466,35.9925,전북무주군,0,화물차농기계,0,0,0,182,0,0
2012-11-15,0,3,1,2,1,0,0,경북,칠곡군,1,1,0,0,0,0,9,128.4994,35.8949,경북칠곡군,0,승용차건설기계,0,0,0,21,0,0
2012-11-19,1,0,1,1,0,0,0,전남,무안군,1,1,3,0,0,4,3,126.4251,34.867,전남무안군,0,이륜차화물차,0,0,0,101,0,0
2012-11-20,1,1,1,1,0,0,0,인천,부평구,1,7,0,1,2,1,5,126.7516,37.4811,인천부평구,0,화물차자전거,0,0,0,44,0,0
2012-11-20,0,1,1,1,0,0,0,강원,강릉시,1,6,0,0,0,0,1,128.9671,37.67,강원강릉시,0,승용차없음,0,0,0,194,0,0
2012-11-09,0,4,2,3,0,1,0,경남,진주시,1,9,5,0,0,0,2,128.0654,35.1537,경남진주시,1,승용차승용차,0,0,0,42,0,0
2012-09-25,1,1,1,1,0,0,0,전북,순창군,1,5,0,0,0,0,5,127.142,35.3766,전북순창군,0,승용차자전거,0,0,0,131,0,0
2012-09-25,1,1,1,1,0,0,0,전남,해남군,1,5,0,1,1,6,3,126.5874,34.5603,전남해남군,0,원동기장치자전거화물차,0,0,0,119,0,0
2012-09-25,0,1,1,1,0,0,0,세종,세종,1,5,0,0,0,0,8,127.2854,36.4506,세종세종,0,승용차농기계,1,0,0,229,0,0
2012-09-25,0,1,1,2,1,0,0,충남,아산시,1,9,5,0,0,0,2,127.0335,36.9002,충남아산시,0,승용차승용차,0,0,0,53,0,0
2012-10-27,0,5,1,1,0,0,0,경기,남양주시,1,1,0,0,0,0,3,127.1978,37.6323,경기남양주시,0,승용차화물차,0,1,0,70,0,0
2012-10-27,1,5,1,1,0,0,0,경기,여주시,1,10,0,0,0,0,1,127.6078,37.225,경기여주시,0,승용차없음,0,1,0,22,0,0
2012-10-11,1,3,1,1,0,0,0,전북,김제시,1,11,0,0,0,6,1,126.8527,35.8035,전북김제시,0,원동기장치자전거없음,0,0,0,34,0,0
2012-10-12,1,4,1,1,0,0,0,강원,춘천시,1,11,0,0,0,0,1,127.7187,37.9129,강원춘천시,0,승용차없음,0,0,0,111,0,0
2012-10-21,1,6,1,1,0,0,0,경북,고령군,1,5,0,0,0,7,5,128.2724,35.7229,경북고령군,0,자전거자전거,0,1,0,220,0,0
2012-10-14,0,6,1,2,1,0,0,충북,옥천군,1,5,0,0,0,0,8,127.6612,36.2421,충북옥천군,0,승용차농기계,0,1,0,142,0,0
2012-10-14,1,6,1,1,0,0,0,경남,진주시,1,11,0,0,0,9,1,127.9351,35.2309,경남진주시,0,농기계없음,0,1,0,42,0,0
2012-09-28,1,4,1,3,0,2,0,경북,성주군,1,5,0,0,0,0,2,128.3365,35.9092,경북성주군,0,승용차승용차,0,0,0,168,0,0
2012-09-28,0,4,1,2,1,0,0,서울,금천구,1,1,3,1,2,0,2,126.9017,37.4513,서울금천구,0,승용차승용차,0,0,0,109,0,0
2012-10-03,1,2,1,1,0,0,0,부산,금정구,1,6,0,0,0,0,1,129.1271,35.235,부산금정구,0,승용차없음,0,1,0,96,0,0
2012-09-29,0,5,2,2,0,0,0,경남,양산시,1,6,0,1,1,0,1,129.0564,35.399,경남양산시,0,승용차없음,0,1,0,49,0,0
2012-11-26,1,0,1,1,0,0,0,전남,여수시,1,5,0,0,0,1,6,127.7067,34.7631,전남여수시,0,화물차승합차,0,0,0,102,0,0
2012-11-25,1,6,1,1,0,0,0,경남,창원시(통합),1,5,3,0,0,6,3,128.5067,35.1415,경남창원시(통합),0,원동기장치자전거화물차,0,1,0,86,0,0
2012-11-29,1,3,1,2,0,0,1,경기,화성시,1,1,0,1,1,4,1,126.8458,37.19,경기화성시,0,이륜차없음,0,0,0,50,0,0
2012-11-23,0,4,1,2,1,0,0,경북,영천시,1,1,5,0,0,4,3,128.9128,35.9588,경북영천시,0,이륜차화물차,0,0,0,5,0,0
2012-11-10,1,5,1,1,0,0,0,전남,광양시,1,10,0,0,0,9,1,127.6117,35.0099,전남광양시,0,농기계없음,0,1,0,130,0,0
2012-08-20,1,0,1,1,0,0,0,경북,영덕군,1,7,0,1,1,0,4,129.4038,36.5217,경북영덕군,0,승용차이륜차,0,0,0,54,0,0
2012-08-21,0,1,2,3,1,0,0,경기,양평군,1,6,5,0,0,0,1,127.4845,37.4947,경기양평군,1,승용차없음,0,0,0,48,0,0
2012-11-29,0,3,1,1,0,0,0,충남,홍성군,1,10,0,0,0,0,1,126.6972,36.6535,충남홍성군,0,승용차없음,0,0,0,38,0,0
2012-11-29,1,3,1,20,16,3,0,충남,천안시,1,5,0,0,0,2,3,127.1325,36.948,충남천안시,2,승합차화물차,0,0,0,63,0,0
2012-11-26,0,0,1,1,0,0,0,서울,강남구,1,1,0,1,1,1,1,127.0869,37.4935,서울강남구,0,화물차없음,0,0,0,89,0,0
2012-11-26,1,0,1,1,0,0,0,울산,중구,1,1,0,1,2,1,6,129.3438,35.5805,울산중구,0,화물차승합차,0,0,0,205,0,0
2012-11-13,1,1,1,2,1,0,0,경기,안성시,1,9,5,0,0,1,3,127.4172,37.0434,경기안성시,0,화물차화물차,0,0,0,23,0,0
2012-09-24,1,0,1,2,1,0,0,전남,해남군,1,7,6,1,1,4,3,126.3112,34.5793,전남해남군,0,이륜차화물차,0,0,0,119,0,0
2012-09-25,1,1,1,2,1,0,0,경기,안성시,1,6,0,0,0,0,1,127.2528,37.0236,경기안성시,0,승용차없음,0,0,0,23,0,0
2012-09-25,0,1,1,1,0,0,0,울산,울주군,1,5,3,1,2,1,3,129.2195,35.4745,울산울주군,0,화물차화물차,0,0,0,17,0,0
2012-09-24,0,0,1,1,0,0,0,인천,서구,1,1,0,0,0,0,5,126.6401,37.5554,인천서구,0,승용차자전거,0,0,0,97,0,0
2012-10-28,0,6,1,1,0,0,0,경기,화성시,1,1,0,0,0,6,1,127.074,37.1957,경기화성시,0,원동기장치자전거없음,0,1,0,50,0,0
2012-10-21,0,6,1,2,0,1,0,대구,달성군,1,7,5,0,0,0,6,128.4515,35.8849,대구달성군,0,승용차승합차,0,1,0,30,0,0
2012-10-26,1,4,1,1,0,0,0,충남,논산시,1,6,0,0,0,4,1,127.1349,36.308,충남논산시,0,이륜차없음,0,0,0,61,0,0
2012-10-26,1,4,1,1,0,0,0,서울,은평구,1,6,0,0,0,4,1,126.9296,37.6498,서울은평구,0,이륜차없음,0,0,0,139,0,0
2012-10-25,0,3,1,2,0,1,0,광주,광산구,1,7,0,1,2,0,7,126.8427,35.2048,광주광산구,0,승용차원동기장치자전거,0,0,0,135,0,0
2012-10-26,1,4,1,1,0,0,0,전남,나주시,1,5,0,2,4,1,8,126.6114,35.0239,전남나주시,0,화물차농기계,0,0,0,33,0,0
2012-10-12,1,4,1,2,0,0,1,경북,칠곡군,1,7,6,1,1,0,3,128.3995,36.01,경북칠곡군,0,승용차화물차,0,0,0,21,0,0
2012-10-13,0,5,1,1,0,0,0,경북,구미시,1,10,0,0,0,4,1,128.39,36.1111,경북구미시,0,이륜차없음,0,1,0,144,0,0
2012-10-05,1,4,1,1,0,0,0,경북,구미시,1,6,0,0,0,9,1,128.4375,36.1693,경북구미시,0,농기계없음,0,0,0,144,0,0
2012-09-04,0,1,1,1,0,0,0,전남,고흥군,1,1,0,0,0,4,1,127.354,34.6628,전남고흥군,0,이륜차없음,0,0,0,191,0,0
2012-09-09,1,6,1,6,0,5,0,충남,논산시,1,1,6,1,1,1,2,127.0794,36.2112,충남논산시,1,화물차승용차,0,1,0,61,0,0
2012-09-09,0,6,1,3,1,1,0,광주,북구,1,9,5,0,0,1,2,126.8985,35.1931,광주북구,0,화물차승용차,0,1,0,137,0,0
2012-09-13,0,3,1,1,0,0,0,경기,화성시,1,1,0,0,0,0,2,126.8339,37.2475,경기화성시,0,승용차승용차,0,0,0,50,0,0
2012-09-15,1,5,1,3,0,2,0,경북,경산시,1,7,0,1,2,1,2,128.7786,35.8885,경북경산시,0,화물차승용차,0,1,0,52,0,0
2012-09-15,1,5,1,2,0,1,0,부산,금정구,1,5,0,0,0,8,7,129.0906,35.2288,부산금정구,0,기타원동기장치자전거,0,1,0,96,0,0
2012-06-18,0,0,1,1,0,0,0,경기,연천군,1,7,5,0,0,0,3,127.0738,38.1057,경기연천군,0,승용차화물차,0,0,0,106,0,0
2012-06-19,1,1,1,1,0,0,0,충북,음성군,1,5,0,0,0,1,7,127.5665,36.9824,충북음성군,0,화물차원동기장치자전거,0,0,0,110,0,0
2012-06-15,1,4,1,1,0,0,0,충남,당진시,1,1,6,1,1,7,2,126.6076,36.8471,충남당진시,0,자전거승용차,0,0,0,46,0,0
2012-06-21,1,3,1,1,0,0,0,인천,동구,1,5,3,1,1,1,11,126.6468,37.4882,인천동구,0,화물차특수차,0,0,0,207,0,0
2012-06-27,1,2,1,4,0,3,0,경북,경주시,1,7,0,0,0,0,3,129.3199,35.7127,경북경주시,1,승용차화물차,0,0,0,100,0,0
2012-06-28,1,3,1,4,0,3,0,전남,신안군,1,7,5,0,0,0,8,126.1512,34.6341,전남신안군,1,승용차농기계,0,0,0,132,0,0
2012-06-24,1,6,1,1,0,0,0,강원,원주시,1,6,0,0,0,0,1,128.058,37.4357,강원원주시,0,승용차없음,0,1,0,36,0,0
2012-06-23,1,5,1,2,1,0,0,경기,안성시,1,6,0,0,0,2,1,127.1562,36.9977,경기안성시,0,승합차없음,0,1,0,23,0,0
2012-06-30,1,5,1,4,3,0,0,충북,충주시,1,7,6,1,1,1,2,127.9258,37.0334,충북충주시,1,화물차승용차,0,1,0,6,0,0
2012-06-27,0,2,2,7,3,1,1,경기,수원시,1,10,2,0,0,0,1,127.0243,37.2427,경기수원시,2,승용차없음,0,0,0,99,0,0
2012-07-04,0,2,1,1,0,0,0,전남,담양군,1,1,0,0,0,0,2,126.8895,35.2658,전남담양군,0,승용차승용차,0,0,0,181,0,0
2012-07-03,1,1,1,2,1,0,0,충북,옥천군,1,7,7,1,1,0,3,127.7928,36.3438,충북옥천군,0,승용차화물차,0,0,0,142,0,0
2012-07-12,0,3,1,1,0,0,0,충남,서산시,1,5,0,0,0,0,3,126.4432,36.8266,충남서산시,0,승용차화물차,0,0,0,69,0,0
2012-07-15,1,6,1,2,1,0,0,강원,원주시,1,7,6,1,1,4,2,127.9714,37.3422,강원원주시,0,이륜차승용차,0,1,0,36,0,0
2012-08-08,0,2,1,3,2,0,0,강원,춘천시,1,7,6,1,1,0,7,127.7412,37.8901,강원춘천시,1,승용차원동기장치자전거,0,0,0,111,0,0
2012-08-10,0,4,1,1,0,0,0,광주,남구,1,1,2,0,0,0,2,126.8959,35.1385,광주남구,0,승용차승용차,0,0,0,190,0,0
2012-08-10,1,4,1,1,0,0,0,서울,동대문구,1,7,0,0,0,1,7,127.0318,37.5781,서울동대문구,0,화물차원동기장치자전거,0,0,0,201,0,0
2012-08-14,1,1,1,4,2,1,0,강원,양구군,1,6,0,0,0,0,1,127.9441,38.2087,강원양구군,1,승용차없음,0,0,0,115,0,0
2012-08-17,1,4,1,1,0,0,0,충남,논산시,1,11,0,0,0,4,1,127.2637,36.1151,충남논산시,0,이륜차없음,0,0,0,61,0,0
2012-08-24,1,4,1,1,0,0,0,경기,양평군,1,9,5,0,0,0,6,127.6651,37.5738,경기양평군,0,승용차승합차,0,0,0,48,0,0
2012-08-23,0,3,1,1,0,0,0,경북,봉화군,1,6,0,0,0,1,1,128.7264,36.9846,경북봉화군,0,화물차없음,0,0,0,149,0,0
2012-08-30,0,3,1,3,2,0,0,대전,유성구,1,7,6,1,1,0,2,127.3237,36.3668,대전유성구,1,승용차승용차,0,0,0,148,0,0
2012-08-27,1,0,1,1,0,0,0,경남,사천시,1,7,2,1,1,0,7,128.0758,34.936,경남사천시,0,승용차원동기장치자전거,0,0,0,57,0,0
2012-08-26,0,6,1,5,1,3,0,충북,청주시,1,7,6,1,1,0,4,127.494,36.6678,충북청주시,1,승용차이륜차,0,1,0,83,0,0
2012-09-01,0,5,1,1,0,0,0,경기,성남시,1,10,0,0,0,4,1,127.1189,37.4332,경기성남시,0,이륜차없음,0,1,0,95,0,0
2012-08-31,0,4,1,1,0,0,0,전남,고흥군,1,6,0,0,0,4,1,127.1103,34.4675,전남고흥군,0,이륜차없음,0,0,0,191,0,0
2012-08-31,1,4,1,2,1,0,0,경기,안산시,1,1,10,1,2,6,11,126.809,37.3249,경기안산시,0,원동기장치자전거특수차,0,0,0,2,0,0
2012-10-14,1,6,1,1,0,0,0,경북,칠곡군,1,9,0,0,0,1,4,128.5461,36.1031,경북칠곡군,0,화물차이륜차,0,1,0,21,0,0
2012-10-18,1,3,1,1,0,0,0,경북,포항시,1,1,7,1,1,1,3,129.1602,36.1131,경북포항시,0,화물차화물차,0,0,0,160,0,0
2012-09-28,0,4,1,1,0,0,0,경북,영천시,1,1,0,1,1,6,1,128.8646,35.9438,경북영천시,0,원동기장치자전거없음,0,0,0,5,0,0
2012-09-28,0,4,2,4,2,0,0,경남,밀양시,1,9,5,0,0,0,3,128.6298,35.5496,경남밀양시,1,승용차화물차,0,0,0,177,0,0
2012-07-10,1,1,1,1,0,0,0,충남,예산군,1,5,3,0,0,1,8,126.8736,36.6752,충남예산군,0,화물차농기계,0,0,0,187,0,0
2012-07-16,1,0,1,1,0,0,0,충북,음성군,1,7,7,1,1,1,7,127.7217,36.9276,충북음성군,0,화물차원동기장치자전거,0,0,0,110,0,0
2012-07-17,1,1,1,1,0,0,0,경북,청송군,1,7,5,0,0,0,7,129.0404,36.5229,경북청송군,0,승용차원동기장치자전거,0,0,0,203,0,0
2012-07-14,0,5,1,1,0,0,0,충남,공주시,1,11,0,1,1,4,1,127.1208,36.4465,충남공주시,0,이륜차없음,0,1,0,19,0,0
2012-07-21,1,5,1,1,0,0,0,강원,인제군,1,6,0,0,0,4,1,128.3463,38.0496,강원인제군,0,이륜차없음,0,1,0,124,0,0
2012-07-30,1,0,1,1,0,0,0,충북,괴산군,1,9,0,0,0,2,7,127.7033,36.7487,충북괴산군,0,승합차원동기장치자전거,0,0,0,179,0,0
2012-07-28,1,5,2,2,0,0,0,경북,경주시,1,9,5,0,0,1,9,129.1432,35.9807,경북경주시,0,화물차건설기계,0,1,0,100,0,0
2012-07-27,0,4,1,1,0,0,0,경남,의령군,1,11,0,0,0,1,1,128.3267,35.371,경남의령군,0,화물차없음,0,0,0,189,0,0
2012-07-27,1,4,1,1,0,0,0,경남,함양군,1,7,6,1,1,5,7,127.8108,35.5115,경남함양군,0,특수차원동기장치자전거,0,0,0,108,0,0
2012-08-01,1,4,1,2,0,1,0,경기,김포시,1,9,5,0,0,0,3,126.6411,37.6736,경기김포시,0,승용차화물차,0,0,0,47,0,0
2012-06-12,1,1,1,1,0,0,0,전남,곡성군,1,7,7,1,1,1,7,127.2814,35.2689,전남곡성군,0,화물차원동기장치자전거,0,0,0,147,0,0
2012-06-18,1,0,1,1,0,0,0,충북,단양군,1,9,7,1,1,5,7,128.4866,37.0745,충북단양군,0,특수차원동기장치자전거,0,0,0,204,0,0
2012-06-18,0,0,1,1,0,0,0,경북,울릉군,1,1,0,0,0,1,1,130.8977,37.4793,인천서구,0,화물차없음,0,0,0,97,0,0
2012-06-22,1,4,1,2,1,0,0,충북,괴산군,1,9,5,0,0,0,9,127.8769,36.8159,충북괴산군,0,승용차건설기계,0,0,0,179,0,0
2012-06-23,0,5,1,1,0,0,0,경북,영천시,1,6,0,0,0,0,1,128.9139,35.9899,경북영천시,0,승용차없음,0,1,0,5,0,0
2012-06-22,0,4,1,1,0,0,0,경북,영천시,1,9,5,1,1,4,2,128.9139,36.103,경북영천시,0,이륜차승용차,0,0,0,5,0,0
2012-06-21,0,3,1,4,3,0,0,충남,보령시,1,10,0,0,0,0,1,126.601,36.2319,충남보령시,1,승용차없음,0,0,0,136,0,0