발생년월일,주야,요일,사망자수,사상자수,중상자수,경상자수,부상신고자수,발생지시도,발생지시군구,사고유형_대분류,사고유형_중분류,법규위반,도로형태_대분류,도로형태,당사자종별_1당_대분류,당사자종별_2당_대분류,경도,위도,발생지,사고피해정도,사고차량타입,도시여부,주말/공휴일,인구수,발생지번호,보행자의위치,무단횡단여부
2012-09-27,0,3,1,2,0,1,0,서울,용산구,1,7,6,1,1,4,4,126.9618,37.5224,서울용산구,0,이륜차이륜차,0,0,0,134,0,0
2012-11-26,0,0,1,2,0,1,0,부산,강서구,1,5,0,1,2,1,3,128.9123,35.0891,부산강서구,0,화물차화물차,0,0,0,206,0,0
2012-11-23,0,4,1,1,0,0,0,경남,진주시,1,7,6,1,1,1,3,128.0752,35.1994,경남진주시,0,화물차화물차,0,0,0,42,0,0
2012-11-26,0,0,1,2,1,0,0,충남,부여군,1,7,0,0,0,0,7,126.9076,36.2761,충남부여군,0,승용차원동기장치자전거,0,0,0,129,0,0
2012-11-10,1,5,1,12,7,4,0,전북,부안군,1,7,8,1,1,2,6,126.6567,35.7079,전북부안군,2,승합차승합차,0,1,0,185,0,0
2012-11-07,1,2,1,1,0,0,0,충남,천안시,1,11,4,1,2,0,1,127.302,36.7529,충남천안시,0,승용차없음,0,0,0,63,0,0
2012-11-10,0,5,1,1,0,0,0,대전,서구,1,5,0,1,2,2,6,127.3535,36.3053,대전서구,0,승합차승합차,0,1,0,4,0,0
2012-09-24,0,0,2,3,1,0,0,경북,상주시,1,6,0,0,0,0,1,128.1517,36.3843,경북상주시,1,승용차없음,0,0,0,58,0,0
2012-09-26,1,2,1,4,3,0,0,경기,수원시,1,6,5,0,0,0,1,127.019,37.3163,경기수원시,1,승용차없음,0,0,0,99,0,0
2012-09-26,1,2,1,1,0,0,0,대구,달서구,1,1,0,0,0,7,1,128.4775,35.8366,대구달서구,0,자전거없음,0,0,0,20,0,0
2012-10-22,0,0,1,1,0,0,0,울산,울주군,1,6,0,0,0,1,1,129.3451,35.4552,울산울주군,0,화물차없음,0,0,0,17,0,0
2012-10-26,1,4,1,1,0,0,0,강원,평창군,1,7,5,0,0,6,2,128.4562,37.4966,강원평창군,0,원동기장치자전거승용차,0,0,0,24,0,0
2012-10-26,0,4,1,1,0,0,0,경북,상주시,1,5,0,0,0,0,8,128.2046,36.4256,경북상주시,0,승용차농기계,0,0,0,58,0,0
2012-10-23,0,1,1,1,0,0,0,경남,밀양시,1,7,7,1,1,0,4,128.8272,35.3982,경남밀양시,0,승용차이륜차,0,0,0,177,0,0
2012-10-12,0,4,1,1,0,0,0,경기,화성시,1,6,0,0,0,0,1,126.7084,37.1656,경기화성시,0,승용차없음,0,0,0,50,0,0
2012-09-17,0,0,1,1,0,0,0,서울,성북구,1,7,10,0,0,4,2,127.0336,37.6008,서울성북구,0,이륜차승용차,0,0,0,167,0,0
2012-09-21,0,4,1,2,0,1,0,충남,아산시,1,9,5,0,0,6,2,127.0631,36.9368,충남아산시,0,원동기장치자전거승용차,0,0,0,53,0,0
2012-09-21,0,4,1,1,0,0,0,부산,기장군,1,5,0,0,0,0,6,129.282,35.3267,부산기장군,0,승용차승합차,0,0,0,85,0,0
2012-09-19,1,2,1,1,0,0,0,대전,유성구,1,1,0,0,0,4,1,127.3761,36.3887,대전유성구,0,이륜차없음,0,0,0,148,0,0
2012-09-24,0,0,1,1,0,0,0,경북,경산시,1,10,0,0,0,4,1,128.794,35.8116,경북경산시,0,이륜차없음,0,0,0,52,0,0
2012-08-08,1,2,1,1,0,0,0,충남,청양군,1,7,8,1,1,4,3,126.9573,36.408,충남청양군,0,이륜차화물차,0,0,0,174,0,0
2012-08-04,1,5,1,1,0,0,0,경북,성주군,1,1,5,0,0,7,2,128.2762,35.9171,경북성주군,0,자전거승용차,0,1,0,168,0,0
2012-08-04,0,5,2,4,2,0,0,경기,남양주시,1,10,0,0,0,0,1,127.1719,37.5932,경기남양주시,1,승용차없음,0,1,0,70,0,0
2012-08-12,1,6,1,1,0,0,0,경남,창녕군,1,6,0,1,2,0,1,128.6498,35.4273,경남창녕군,0,승용차없음,0,1,0,211,0,0
2012-07-07,0,5,1,1,0,0,0,대전,유성구,1,6,0,0,0,0,1,127.3271,36.3668,대전유성구,0,승용차없음,0,1,0,148,0,0
2012-07-12,1,3,1,5,4,0,0,부산,사상구,1,7,5,0,0,0,2,128.9742,35.1575,부산사상구,1,승용차승용차,0,0,0,120,0,0
2012-07-10,1,1,1,3,2,0,0,경북,영천시,1,1,2,1,1,0,4,128.9931,35.8646,경북영천시,1,승용차이륜차,0,0,0,5,0,0
2012-07-15,1,6,1,4,0,3,0,전남,나주시,1,1,8,1,1,0,3,126.6222,34.9397,전남나주시,1,승용차화물차,0,1,0,33,0,0
2012-07-14,0,5,1,2,0,1,0,전북,군산시,1,9,5,1,2,0,3,126.7229,35.9699,전북군산시,0,승용차화물차,0,1,0,166,0,0
2012-07-14,1,5,1,1,0,0,0,경기,의정부시,1,1,7,1,1,4,5,127.0472,37.7085,경기의정부시,0,이륜차자전거,0,1,0,64,0,0
2012-07-14,0,5,1,2,1,0,0,인천,서구,1,5,0,1,2,0,4,126.6855,37.5214,인천서구,0,승용차이륜차,0,1,0,97,0,0
2012-07-14,0,5,1,1,0,0,0,세종,세종,1,7,8,1,1,1,7,127.3271,36.5468,세종세종,0,화물차원동기장치자전거,1,1,0,229,0,0
2012-07-18,1,2,1,5,2,2,0,경기,의왕시,1,5,0,0,0,1,3,126.9774,37.3428,경기의왕시,1,화물차화물차,0,0,0,199,0,0
2012-07-18,0,2,1,1,0,0,0,전북,전주시,1,7,6,0,0,0,5,127.1027,35.855,전북전주시,0,승용차자전거,0,0,0,11,0,0
2012-07-19,1,3,1,1,0,0,0,서울,관악구,1,6,4,0,0,1,1,126.9445,37.4868,서울관악구,0,화물차없음,0,0,0,188,0,0
2012-07-24,1,1,2,2,0,0,0,충북,괴산군,1,10,0,0,0,1,1,127.714,36.7316,충북괴산군,0,화물차없음,0,0,0,179,0,0
2012-07-30,1,0,1,1,0,0,0,경북,울진군,1,10,0,0,0,9,1,129.3088,37.0819,경북울진군,0,농기계없음,0,0,0,208,0,0
2012-07-28,0,5,1,1,0,0,0,경남,함안군,1,11,0,0,0,1,1,128.5705,35.2846,경남함안군,0,화물차없음,0,1,0,117,0,0
2012-09-19,0,2,1,1,0,0,0,서울,중구,1,7,5,1,2,4,2,126.9957,37.5642,서울중구,0,이륜차승용차,0,0,0,8,0,0
2012-09-25,1,1,1,3,1,1,0,전남,광양시,1,1,0,1,2,0,2,127.5857,34.9789,전남광양시,0,승용차승용차,0,0,0,130,0,0
2012-09-23,0,6,1,1,0,0,0,경기,고양시,1,6,0,0,0,0,1,126.903,37.6204,경기고양시,0,승용차없음,0,1,0,40,0,0
2012-08-06,1,0,1,1,0,0,0,경남,의령군,1,7,0,1,2,3,7,128.3998,35.3744,경남의령군,0,건설기계원동기장치자전거,0,0,0,189,0,0
2012-08-14,0,1,1,5,2,2,0,경북,경주시,1,6,0,0,0,0,1,129.2794,35.8357,경북경주시,1,승용차없음,0,0,0,100,0,0
2012-08-16,0,3,1,3,0,2,0,충남,당진시,1,9,5,0,0,0,2,126.6748,36.8744,충남당진시,0,승용차승용차,0,0,0,46,0,0
2012-08-18,1,5,1,2,1,0,0,경북,봉화군,1,11,0,0,0,1,1,128.7818,37.0056,경북봉화군,0,화물차없음,0,1,0,149,0,0
2012-08-19,0,6,1,1,0,0,0,경기,광주시,1,1,0,1,2,0,1,127.2187,37.3472,경기광주시,0,승용차없음,0,1,0,9,0,0
2012-08-18,0,5,1,1,0,0,0,대구,수성구,1,7,9,1,2,4,2,128.6331,35.8246,대구수성구,0,이륜차승용차,0,1,0,37,0,0
2012-08-23,0,3,1,1,0,0,0,울산,울주군,1,5,0,0,0,1,3,129.2776,35.4171,울산울주군,0,화물차화물차,0,0,0,17,0,0
2012-08-24,1,4,1,1,0,0,0,충남,부여군,1,1,0,1,1,9,1,126.7817,36.271,충남부여군,0,농기계없음,0,0,0,129,0,0
2012-08-25,0,5,1,1,0,0,0,제주,서귀포시,1,6,0,0,0,0,1,126.5879,33.2845,제주서귀포시,0,승용차없음,0,1,0,62,0,0
2012-09-01,1,5,1,2,0,1,0,충남,당진시,1,9,5,0,0,1,9,126.6937,36.9965,충남당진시,0,화물차건설기계,0,1,0,46,0,0
2012-08-31,0,4,1,1,0,0,0,경기,안산시,1,1,7,1,2,5,5,126.8419,37.3279,경기안산시,0,특수차자전거,0,0,0,2,0,0
2012-09-04,1,1,1,2,0,1,0,인천,중구,1,5,0,1,2,1,3,126.6258,37.4675,인천중구,0,화물차화물차,0,0,0,72,0,0
2012-09-09,1,6,1,1,0,0,0,강원,원주시,1,1,6,1,1,4,2,127.9541,37.3187,강원원주시,0,이륜차승용차,0,1,0,36,0,0
2012-10-16,1,1,1,2,0,1,0,전남,고흥군,1,1,0,0,0,1,8,127.367,34.6656,전남고흥군,0,화물차농기계,0,0,0,191,0,0
2012-09-29,1,5,1,1,0,0,0,강원,인제군,1,6,0,0,0,4,1,128.1992,38.1108,강원인제군,0,이륜차없음,0,1,0,124,0,0
2012-09-26,1,2,1,1,0,0,0,경기,화성시,1,1,0,1,2,0,4,126.8146,37.0808,경기화성시,0,승용차이륜차,0,0,0,50,0,0
2012-09-27,1,3,1,1,0,0,0,전북,전주시,1,7,0,0,0,0,5,127.1431,35.8437,전북전주시,0,승용차자전거,0,0,0,11,0,0
2012-09-19,1,2,1,1,0,0,0,경기,남양주시,1,6,0,1,2,0,1,127.2916,37.6448,경기남양주시,0,승용차없음,0,0,0,70,0,0
2012-09-25,1,1,2,2,0,0,0,경기,용인시,1,5,0,0,0,0,3,127.2099,37.2195,경기용인시,0,승용차화물차,0,0,0,51,0,0
2012-08-10,1,4,1,1,0,0,0,강원,속초시,1,5,0,1,1,0,5,128.5863,38.2082,강원속초시,0,승용차자전거,0,0,0,104,0,0
2012-08-08,1,2,1,1,0,0,0,서울,도봉구,1,7,10,0,3,0,2,127.0453,37.6772,서울도봉구,0,승용차승용차,0,0,0,98,0,0
2012-08-16,1,3,1,1,0,0,0,서울,영등포구,1,1,0,0,0,1,4,126.9016,37.5061,서울영등포구,0,화물차이륜차,0,0,0,150,0,0
2012-08-13,0,0,1,2,1,0,0,전남,보성군,1,10,0,0,0,0,1,127.0962,34.7864,전남보성군,0,승용차없음,0,0,0,122,0,0
2012-08-13,0,0,1,1,0,0,0,경북,예천군,1,6,0,0,0,1,1,128.5254,36.7163,경북예천군,0,화물차없음,0,0,0,55,0,0
2012-08-12,0,6,1,2,1,0,0,인천,남구,1,1,0,0,0,0,1,126.6926,37.4634,인천남동구,0,승용차없음,0,1,0,29,0,0
2012-08-29,1,2,1,1,0,0,0,경기,구리시,1,9,6,0,0,7,2,127.1332,37.6042,경기구리시,0,자전거승용차,0,0,0,165,0,0
2012-08-27,1,0,1,1,0,0,0,전북,고창군,1,7,0,1,1,1,7,126.6688,35.5262,전북고창군,0,화물차원동기장치자전거,0,0,0,219,0,0
2012-08-26,0,6,1,1,0,0,0,경기,부천시,1,9,5,2,4,6,2,126.8191,37.5389,경기부천시,0,원동기장치자전거승용차,0,1,0,65,0,0
2012-09-01,1,5,1,7,2,4,0,충북,음성군,1,7,6,1,1,0,3,127.5904,36.9872,충북음성군,1,승용차화물차,0,1,0,110,0,0
2012-08-31,1,4,1,1,0,0,0,강원,고성군,1,5,0,0,0,3,7,128.4234,38.4634,강원고성군,0,건설기계원동기장치자전거,0,0,0,217,0,0
2012-08-31,0,4,1,7,5,1,0,경기,용인시,1,9,5,0,0,1,6,127.2332,37.1811,경기용인시,2,화물차승합차,0,0,0,51,0,0
2012-09-05,1,2,1,1,0,0,0,충북,충주시,1,6,0,0,0,6,1,127.923,36.9581,충북충주시,0,원동기장치자전거없음,0,0,0,6,0,0
2012-09-05,0,2,1,1,0,0,0,강원,인제군,1,6,0,0,0,0,1,128.2442,38.139,강원인제군,0,승용차없음,0,0,0,124,0,0
2012-09-04,0,1,1,1,0,0,0,전남,해남군,1,11,0,0,0,9,1,126.6778,34.6048,전남해남군,0,농기계없음,0,0,0,119,0,0
2012-09-04,1,1,1,2,1,0,0,강원,인제군,1,11,0,0,0,1,1,128.3959,37.9433,강원인제군,0,화물차없음,0,0,0,124,0,0
2012-09-04,1,1,1,4,3,0,0,충북,영동군,1,5,0,2,4,0,8,127.8916,36.2155,충북영동군,1,승용차농기계,0,0,0,75,0,0
2012-09-09,1,6,1,2,0,1,0,충남,보령시,1,1,6,1,1,1,4,126.5935,36.4545,충남보령시,0,화물차이륜차,0,1,0,136,0,0
2012-09-07,0,4,1,2,1,0,0,서울,마포구,1,1,0,0,0,0,2,126.8788,37.5705,서울마포구,0,승용차승용차,0,0,0,159,0,0
2012-09-13,1,3,1,1,0,0,0,세종,세종,1,7,5,0,0,6,2,127.3665,36.5359,세종세종,0,원동기장치자전거승용차,1,0,0,229,0,0
2012-09-17,0,0,1,2,1,0,0,서울,마포구,1,5,0,0,0,1,2,126.9123,37.5658,서울마포구,0,화물차승용차,0,0,0,159,0,0
2012-09-15,1,5,1,1,0,0,0,강원,홍천군,1,11,0,0,0,0,1,128.0724,37.8188,강원홍천군,0,승용차없음,0,1,0,82,0,0
2012-09-21,0,4,1,2,1,0,0,강원,횡성군,1,9,5,0,0,1,2,128.1596,37.416,강원횡성군,0,화물차승용차,0,0,0,31,0,0
2013-09-23,1,0,1,1,0,0,0,강원,춘천시,1,7,0,0,0,0,5,127.7239,37.8858,강원춘천시,0,승용차자전거,0,0,0,111,0,0
2013-09-23,1,0,1,1,0,0,0,충남,공주시,1,7,3,1,1,4,2,127.121,36.4468,충남공주시,0,이륜차승용차,0,0,0,19,0,0
2013-09-23,0,0,1,2,0,1,0,경기,포천시,1,9,5,0,0,6,2,127.2081,38.0165,경기포천시,0,원동기장치자전거승용차,0,0,0,171,0,0
2013-09-30,0,0,1,1,0,0,0,충남,천안시,1,5,0,0,0,0,7,127.1608,36.8235,충남천안시,0,승용차원동기장치자전거,0,0,0,63,0,0
2013-09-30,1,0,1,1,0,0,0,대구,달서구,1,1,9,1,2,7,2,128.5375,35.8193,대구달서구,0,자전거승용차,0,0,0,20,0,0
2013-10-03,1,3,1,1,0,0,0,충남,당진시,1,7,7,1,1,6,2,126.8116,36.8302,충남당진시,0,원동기장치자전거승용차,0,1,0,46,0,0
2013-10-03,1,3,1,4,1,2,0,전북,익산시,1,5,0,0,0,0,2,127.0421,36.1056,전북익산시,1,승용차승용차,0,1,0,125,0,0
2013-10-09,1,2,1,1,0,0,0,세종,세종,1,10,0,0,0,4,1,127.3487,36.5063,세종세종,0,이륜차없음,1,1,0,229,0,0
2013-10-17,0,3,1,2,1,0,0,경기,양평군,1,5,0,0,0,0,8,127.6599,37.5178,경기양평군,0,승용차농기계,0,0,0,48,0,0
2013-10-13,0,6,1,2,1,0,0,경남,양산시,1,1,0,0,0,0,3,128.9683,35.3198,경남양산시,0,승용차화물차,0,1,0,49,0,0
2013-10-15,1,1,1,1,0,0,0,경남,의령군,1,1,4,0,0,9,1,128.3344,35.4756,경남의령군,0,농기계없음,0,0,0,189,0,0
2013-10-13,0,6,1,1,0,0,0,충북,진천군,1,6,0,0,0,0,1,127.4713,36.8534,충북진천군,0,승용차없음,0,1,0,60,0,0
2013-09-10,1,1,1,1,0,0,0,경북,예천군,1,7,0,1,1,4,3,128.3011,36.4941,경북예천군,0,이륜차화물차,0,0,0,55,0,0
2013-09-07,0,5,1,1,0,0,0,전북,익산시,1,9,0,1,1,0,5,126.9572,35.9397,전북익산시,0,승용차자전거,0,1,0,125,0,0
2013-09-07,0,5,1,1,0,0,0,전북,완주군,1,1,0,0,0,0,5,127.2389,36.0103,전북완주군,0,승용차자전거,0,1,0,28,0,0
2013-09-19,0,3,1,1,0,0,0,강원,양양군,1,5,0,0,0,0,2,128.6433,38.1022,강원양양군,0,승용차승용차,0,1,0,164,0,0
2013-09-25,0,2,2,3,1,0,0,경북,예천군,1,11,0,0,0,1,1,128.4621,36.8366,경북예천군,1,화물차없음,0,0,0,55,0,0
2012-07-15,1,6,1,1,0,0,0,대구,북구,1,9,6,1,1,6,3,128.5676,35.893,대구북구,0,원동기장치자전거화물차,0,1,0,112,0,0
2012-07-14,0,5,1,1,0,0,0,인천,남구,1,1,0,0,3,1,2,126.6328,37.4532,인천남동구,0,화물차승용차,0,1,0,29,0,0
2012-07-21,1,5,1,1,0,0,0,전북,전주시,1,1,6,1,1,7,2,127.123,35.8121,전북전주시,0,자전거승용차,0,1,0,11,0,0
2012-08-12,0,6,1,2,0,1,0,경기,고양시,1,7,0,1,1,6,2,126.7716,37.6609,경기고양시,0,원동기장치자전거승용차,0,1,0,40,0,0
2012-08-24,1,4,2,4,2,0,0,경북,포항시,1,6,6,0,3,0,1,129.3446,36.1616,경북포항시,1,승용차없음,0,0,0,160,0,0
2012-08-24,1,4,1,1,0,0,0,전북,익산시,1,7,0,0,0,0,5,126.9734,35.9388,전북익산시,0,승용차자전거,0,0,0,125,0,0
2012-08-25,1,5,1,4,3,0,0,경남,함양군,1,1,6,1,1,0,2,127.8105,35.5118,경남함양군,1,승용차승용차,0,1,0,108,0,0
2012-08-27,1,0,1,1,0,0,0,전북,군산시,1,6,0,0,0,1,1,126.6888,35.9399,전북군산시,0,화물차없음,0,0,0,166,0,0
2012-08-27,1,0,1,4,2,1,0,경북,영덕군,1,5,0,2,4,1,3,129.3821,36.4306,경북영덕군,1,화물차화물차,0,0,0,54,0,0
2012-08-31,1,4,1,1,0,0,0,경기,포천시,1,10,0,1,2,1,1,127.2703,38.0537,경기포천시,0,화물차없음,0,0,0,171,0,0
2012-08-31,1,4,1,1,0,0,0,경북,영주시,1,9,0,0,0,6,2,128.6052,36.7437,경북영주시,0,원동기장치자전거승용차,0,0,0,113,0,0
2012-09-03,1,0,1,1,0,0,0,전남,광양시,1,6,0,0,0,1,1,127.6288,34.9625,전남광양시,0,화물차없음,0,0,0,130,0,0
2012-09-04,1,1,1,2,1,0,0,강원,횡성군,1,9,5,0,0,1,9,128.0293,37.5032,강원횡성군,0,화물차건설기계,0,0,0,31,0,0
2012-09-11,1,1,1,1,0,0,0,경남,진주시,1,7,6,1,1,4,2,128.1074,35.1559,경남진주시,0,이륜차승용차,0,0,0,42,0,0
2012-09-16,0,6,1,3,0,2,0,충북,음성군,1,6,0,1,1,0,1,127.5683,36.9822,충북음성군,0,승용차없음,0,1,0,110,0,0
2012-09-15,0,5,1,1,0,0,0,경기,군포시,1,7,5,0,0,0,4,126.9448,37.3685,경기군포시,0,승용차이륜차,0,1,0,126,0,0
2012-09-16,0,6,1,2,0,1,0,경기,평택시,1,1,0,0,0,0,9,126.8786,37.0182,경기평택시,0,승용차건설기계,0,1,0,14,0,0
2012-09-20,1,3,1,1,0,0,0,충남,당진시,1,5,0,0,0,1,2,126.806,36.9168,충남당진시,0,화물차승용차,0,0,0,46,0,0
2012-09-22,0,5,1,1,0,0,0,전남,구례군,1,1,0,1,2,0,5,127.5146,35.202,전남구례군,0,승용차자전거,0,1,0,161,0,0
2012-08-05,1,6,1,6,2,3,0,경남,김해시,1,7,6,1,1,2,2,128.9274,35.2229,경남김해시,1,승합차승용차,0,1,0,13,0,0
2012-08-05,1,6,1,1,0,0,0,경남,거제시,1,1,0,0,0,4,1,128.6345,34.8756,경남거제시,0,이륜차없음,0,1,0,15,0,0
2012-08-13,1,0,1,2,0,1,0,대구,동구,1,5,3,0,3,0,7,128.6565,35.8849,대구동구,0,승용차원동기장치자전거,0,0,0,26,0,0
2014-03-01,0,5,1,1,0,0,0,경기,의왕시,1,5,0,0,0,0,3,126.9981,37.3783,경기의왕시,0,승용차화물차,0,1,0,199,0,0
2014-02-28,0,4,1,1,0,0,0,충남,부여군,1,5,0,1,2,0,5,126.7413,36.1943,충남부여군,0,승용차자전거,0,0,0,129,0,0
2014-03-02,0,6,1,1,0,0,0,충남,서천군,1,1,0,0,0,6,1,126.7836,36.1376,충남서천군,0,원동기장치자전거없음,0,1,0,10,0,0
2014-03-02,0,6,1,3,0,1,1,대구,북구,1,5,0,0,3,1,6,128.552,35.8941,대구북구,0,화물차승합차,0,1,0,112,0,0
2014-03-03,0,0,1,1,0,0,0,경남,양산시,1,10,0,0,0,4,1,129.0297,35.3472,경남양산시,0,이륜차없음,0,0,0,49,0,0
2014-03-02,0,6,1,1,0,0,0,전남,보성군,1,6,0,0,0,0,1,127.1414,34.7604,전남보성군,0,승용차없음,0,1,0,122,0,0
2014-03-05,0,2,1,1,0,0,0,경남,통영시,1,6,0,0,0,0,1,128.4234,34.8654,경남통영시,0,승용차없음,0,0,0,212,0,0
2013-12-23,1,0,1,1,0,0,0,서울,광진구,1,1,0,1,1,1,7,127.0879,37.5587,서울광진구,0,화물차원동기장치자전거,0,0,0,183,0,0
2013-10-31,0,3,1,1,0,0,0,경남,양산시,1,1,0,1,1,0,5,129.0264,35.343,경남양산시,0,승용차자전거,0,0,0,49,0,0
2013-10-30,0,2,1,1,0,0,0,경북,경주시,1,10,0,0,0,4,1,129.2894,35.9193,경북경주시,0,이륜차없음,0,0,0,100,0,0
2013-10-31,0,3,1,1,0,0,0,대구,달서구,1,7,6,1,1,4,2,128.4781,35.8532,대구달서구,0,이륜차승용차,0,0,0,20,0,0
2013-10-29,1,1,1,1,0,0,0,서울,성동구,1,6,0,0,0,0,1,127.0364,37.548,서울성동구,0,승용차없음,0,0,0,84,0,0
2013-10-29,0,1,1,1,0,0,0,경남,창원시(통합),1,1,6,1,1,4,2,128.6875,35.2004,경남창원시(통합),0,이륜차승용차,0,0,0,86,0,0
2013-11-05,0,1,1,2,1,0,0,울산,북구,1,5,5,0,0,1,4,129.3614,35.5643,울산북구,0,화물차이륜차,0,0,0,158,0,0
2013-11-06,0,2,1,1,0,0,0,서울,강동구,1,6,0,0,0,4,1,127.1375,37.531,서울강동구,0,이륜차없음,0,0,0,91,0,0
2013-11-10,0,6,1,1,0,0,0,전북,정읍시,1,1,0,1,1,0,1,126.9321,35.6539,전북정읍시,0,승용차없음,0,1,0,12,0,0
2013-11-09,0,5,1,2,1,0,0,부산,기장군,1,10,0,0,0,0,1,129.1765,35.3349,부산기장군,0,승용차없음,0,1,0,85,0,0
2013-11-10,0,6,1,1,0,0,0,경북,포항시,1,6,0,1,1,0,1,129.345,36.0061,경북포항시,0,승용차없음,0,1,0,160,0,0
2013-11-10,0,6,1,2,1,0,0,경북,경주시,1,1,0,0,0,0,3,129.3135,35.7727,경북경주시,0,승용차화물차,0,1,0,100,0,0
2013-12-19,0,3,1,5,4,0,0,인천,남동구,1,5,0,1,1,0,2,126.7184,37.4492,인천남동구,1,승용차승용차,0,0,0,29,0,0
2013-12-26,1,3,1,1,0,0,0,충남,서산시,1,10,0,0,0,0,1,126.5003,36.8082,충남서산시,0,승용차없음,0,0,0,69,0,0
2013-12-28,0,5,1,1,0,0,0,부산,사하구,1,1,0,0,0,5,4,128.9928,35.0935,부산사하구,0,특수차이륜차,0,1,0,25,0,0
2013-12-29,0,6,1,2,1,0,0,경기,포천시,1,6,0,0,0,0,1,127.239,37.9518,경기포천시,0,승용차없음,0,1,0,171,0,0
2013-12-29,1,6,1,1,0,0,0,전남,목포시,1,5,4,0,0,1,7,126.3764,34.7981,전남목포시,0,화물차원동기장치자전거,0,1,0,153,0,0
2013-12-10,1,1,1,1,0,0,0,전북,완주군,1,5,0,0,0,1,2,127.0524,35.8412,전북완주군,0,화물차승용차,0,0,0,28,0,0
2013-12-11,1,2,1,2,1,0,0,전북,익산시,1,5,0,1,2,0,3,126.9774,35.9407,전북익산시,0,승용차화물차,0,0,0,125,0,0
2013-12-18,1,2,1,1,0,0,0,경기,용인시,1,7,6,1,2,6,3,127.2345,37.3004,경기용인시,0,원동기장치자전거화물차,0,0,0,51,0,0
2013-12-15,0,6,1,1,0,0,0,충북,충주시,1,7,5,1,2,6,2,127.9351,36.9823,충북충주시,0,원동기장치자전거승용차,0,1,0,6,0,0
2013-12-13,1,4,1,1,0,0,0,경남,거창군,1,7,7,1,1,0,7,127.9198,35.6918,경남거창군,0,승용차원동기장치자전거,0,0,0,154,0,0
2014-02-17,1,0,1,1,0,0,0,전남,강진군,1,11,0,0,0,0,1,126.723,34.5267,전남강진군,0,승용차없음,0,0,0,121,0,0
2014-02-18,1,1,1,2,0,1,0,경기,광주시,1,9,5,0,0,0,9,127.279,37.4766,경기광주시,0,승용차건설기계,0,0,0,9,0,0
2014-02-26,0,2,1,2,1,0,0,경기,성남시,1,6,2,1,1,0,1,127.1042,37.3574,경기성남시,0,승용차없음,0,0,0,95,0,0
2014-02-27,1,3,1,4,1,2,0,경남,김해시,1,7,7,1,1,4,2,128.8846,35.2326,경남김해시,1,이륜차승용차,0,0,0,13,0,0
2014-02-25,0,1,1,1,0,0,0,충남,당진시,1,1,0,0,0,3,8,126.6698,36.7921,충남당진시,0,건설기계농기계,0,0,0,46,0,0
2012-09-22,1,5,1,1,0,0,0,세종,세종,1,5,0,1,2,6,2,127.2988,36.5885,세종세종,0,원동기장치자전거승용차,1,1,0,229,0,0
2012-08-10,0,4,1,2,1,0,0,전남,목포시,1,11,0,0,0,0,1,126.439,34.7986,전남목포시,0,승용차없음,0,0,0,153,0,0
2012-08-16,1,3,1,1,0,0,0,경북,울진군,1,7,10,1,1,4,9,129.3917,36.9502,경북울진군,0,이륜차건설기계,0,0,0,208,0,0
2012-08-15,1,2,1,2,0,1,0,경남,사천시,1,7,5,1,1,2,2,128.1017,35.0688,경남사천시,0,승합차승용차,0,1,0,57,0,0
2013-11-12,1,1,1,1,0,0,0,경북,구미시,1,1,6,1,1,0,4,128.3618,36.0919,경북구미시,0,승용차이륜차,0,0,0,144,0,0
2013-11-12,1,1,1,1,0,0,0,충남,논산시,1,5,0,1,2,4,6,127.2386,36.1365,충남논산시,0,이륜차승합차,0,0,0,61,0,0
2013-11-13,0,2,1,1,0,0,0,충남,부여군,1,9,0,1,1,0,4,126.9783,36.1637,충남부여군,0,승용차이륜차,0,0,0,129,0,0
2013-11-12,1,1,1,2,1,0,0,경북,청도군,1,9,5,0,0,1,3,128.58,35.6253,경북청도군,0,화물차화물차,0,0,0,3,0,0
2012-07-30,1,0,1,4,0,3,0,전북,순창군,1,9,5,0,0,0,2,127.1332,35.3637,전북순창군,1,승용차승용차,0,0,0,131,0,0
2012-06-24,1,6,1,6,2,3,0,충북,제천시,1,7,0,1,1,1,2,128.1562,37.1445,충북제천시,1,화물차승용차,0,1,0,103,0,0
2013-11-16,0,5,1,2,0,1,0,광주,광산구,1,5,0,0,0,0,4,126.8046,35.2055,광주광산구,0,승용차이륜차,0,1,0,135,0,0
2013-11-22,0,4,1,1,0,0,0,충남,서산시,1,5,0,0,0,5,4,126.441,36.9304,충남서산시,0,특수차이륜차,0,0,0,69,0,0
2013-11-23,1,5,1,1,0,0,0,경남,고성군,1,1,0,0,0,9,1,128.1358,34.9183,경남고성군,0,농기계없음,0,1,0,87,0,0
2013-10-25,0,4,2,2,0,0,0,경남,창원시(통합),1,7,6,1,1,0,2,128.6733,35.2161,경남창원시(통합),0,승용차승용차,0,0,0,86,0,0
2013-10-22,0,1,1,1,0,0,0,경기,평택시,1,7,0,1,1,0,4,127.0535,36.9636,경기평택시,0,승용차이륜차,0,0,0,14,0,0
2013-10-30,1,2,1,7,2,4,0,강원,고성군,1,9,5,0,0,0,6,128.423,38.3776,강원고성군,1,승용차승합차,0,0,0,217,0,0
2013-10-29,0,1,1,1,0,0,0,경기,시흥시,1,1,0,0,0,6,1,126.8009,37.4455,경기시흥시,0,원동기장치자전거없음,0,0,0,73,0,0