발생년월일,주야,요일,사망자수,사상자수,중상자수,경상자수,부상신고자수,발생지시도,발생지시군구,사고유형_대분류,사고유형_중분류,법규위반,도로형태_대분류,도로형태,당사자종별_1당_대분류,당사자종별_2당_대분류,경도,위도,발생지,사고피해정도,사고차량타입,도시여부,주말/공휴일,인구수,발생지번호,보행자의위치,무단횡단여부
2013-10-29,0,1,1,2,0,1,0,충남,공주시,1,5,0,2,4,1,8,127.0473,36.4803,충남공주시,0,화물차농기계,0,0,0,19,0,0
2013-11-02,1,5,1,3,0,2,0,경북,안동시,1,5,0,0,0,1,8,128.7508,36.6034,경북안동시,0,화물차농기계,0,1,0,66,0,0
2013-11-11,1,0,1,2,1,0,0,대구,달서구,1,7,0,0,0,4,5,128.5228,35.8236,대구달서구,0,이륜차자전거,0,0,0,20,0,0
2013-11-09,1,5,1,1,0,0,0,경북,김천시,1,10,0,1,1,1,1,128.1721,36.1096,경북김천시,0,화물차없음,0,1,0,76,0,0
2013-11-07,0,3,1,2,0,1,0,경남,창원시(통합),1,7,0,0,0,7,2,128.7052,35.2029,경남창원시(통합),0,자전거승용차,0,0,0,86,0,0
2012-07-23,1,0,1,1,0,0,0,강원,원주시,1,7,7,1,1,6,2,128.1898,37.2618,강원원주시,0,원동기장치자전거승용차,0,0,0,36,0,0
2012-07-29,1,6,1,1,0,0,0,경북,청도군,1,11,0,0,0,9,1,128.9192,35.6984,경북청도군,0,농기계없음,0,1,0,3,0,0
2012-07-26,0,3,1,1,0,0,0,전남,순천시,1,7,0,1,2,1,5,127.502,34.9277,전남순천시,0,화물차자전거,0,0,0,27,0,0
2012-06-21,1,3,1,1,0,0,0,경북,포항시,1,7,0,0,0,1,7,129.5245,35.8895,경북포항시,0,화물차원동기장치자전거,0,0,0,160,0,0
2012-06-28,0,3,1,1,0,0,0,서울,강동구,1,9,5,0,0,7,2,127.1296,37.537,서울강동구,0,자전거승용차,0,0,0,91,0,0
2012-06-25,1,4,1,1,0,0,0,경북,고령군,1,7,0,1,1,4,3,128.4628,35.82,경북고령군,0,이륜차화물차,0,0,0,220,0,0
2012-06-29,0,4,1,1,0,0,0,충남,논산시,1,11,0,0,0,0,1,127.0357,36.1665,충남논산시,0,승용차없음,0,0,0,61,0,0
2012-06-29,1,4,1,1,0,0,0,경북,청송군,1,10,4,0,0,4,1,129.056,36.4279,경북청송군,0,이륜차없음,0,0,0,203,0,0
2012-07-06,0,4,1,2,1,0,0,충남,부여군,1,1,0,0,0,0,1,126.9701,36.3319,충남부여군,0,승용차없음,0,0,0,129,0,0
2012-07-06,1,4,1,2,0,1,0,강원,고성군,1,5,0,1,2,1,3,128.5557,38.2604,강원고성군,0,화물차화물차,0,0,0,217,0,0
2012-07-03,1,1,1,2,1,0,0,세종,세종,1,6,0,2,4,0,1,127.2939,36.5299,세종세종,0,승용차없음,1,0,0,229,0,0
2012-07-03,0,1,1,1,0,0,0,제주,서귀포시,1,6,0,0,0,4,1,126.3257,33.2898,제주서귀포시,0,이륜차없음,0,0,0,62,0,0
2012-07-02,1,0,1,3,1,1,0,전북,익산시,1,7,8,1,1,6,3,126.9584,35.9536,전북익산시,0,원동기장치자전거화물차,0,0,0,125,0,0
2012-07-09,1,0,1,1,0,0,0,충북,청주시,1,7,8,1,1,1,5,127.4911,36.598,충북청주시,0,화물차자전거,0,0,0,83,0,0
2012-07-18,1,2,1,1,0,0,0,경북,경산시,1,6,0,0,0,4,1,128.7372,35.8343,경북경산시,0,이륜차없음,0,0,0,52,0,0
2012-07-20,1,4,1,1,0,0,0,부산,사하구,1,7,0,0,3,7,2,128.9654,35.1061,부산사하구,0,자전거승용차,0,0,0,25,0,0
2012-07-18,0,2,1,1,0,0,0,경기,안양시,1,7,6,1,1,4,6,126.969,37.3772,경기안양시,0,이륜차승합차,0,0,0,151,0,0
2012-07-18,1,2,1,1,0,0,0,경북,예천군,1,1,0,0,0,4,1,128.4987,36.713,경북예천군,0,이륜차없음,0,0,0,55,0,0
2012-07-19,0,3,1,1,0,0,0,충북,청주시,1,7,10,0,0,0,2,127.4722,36.6553,충북청주시,0,승용차승용차,0,0,0,83,0,0
2012-07-23,0,0,1,1,0,0,0,경기,가평군,1,9,5,0,0,0,4,127.3722,37.7972,경기가평군,0,승용차이륜차,0,0,0,176,0,0
2012-07-21,0,5,1,1,0,0,0,서울,동대문구,1,7,6,1,2,4,2,127.043,37.5868,서울동대문구,0,이륜차승용차,0,1,0,201,0,0
2012-07-23,1,0,1,1,0,0,0,경북,청도군,1,10,0,0,0,9,1,128.7457,35.6556,경북청도군,0,농기계없음,0,0,0,3,0,0
2013-03-09,1,5,1,1,0,0,0,충북,충주시,1,7,0,2,4,1,4,127.9199,36.9717,충북충주시,0,화물차이륜차,0,1,0,6,0,0
2013-03-06,1,2,1,2,1,0,0,경남,창원시(통합),1,5,0,0,0,1,11,128.6003,35.204,경남창원시(통합),0,화물차특수차,0,0,0,86,0,0
2013-03-04,1,0,1,1,0,0,0,경기,양주시,1,1,0,0,0,9,1,126.9893,37.7733,경기양주시,0,농기계없음,0,0,0,59,0,0
2013-03-13,0,2,1,3,0,2,0,부산,남구,1,5,2,0,0,0,11,129.1347,35.1556,부산남구,0,승용차특수차,0,0,0,180,0,0
2013-03-14,1,3,1,2,0,1,0,전남,영암군,1,7,6,1,1,6,3,126.4531,34.7605,전남영암군,0,원동기장치자전거화물차,0,0,0,16,0,0
2013-03-12,1,1,1,1,0,0,0,충북,음성군,1,1,0,0,0,4,1,127.6435,37.0941,충북음성군,0,이륜차없음,0,0,0,110,0,0
2013-12-23,1,0,1,1,0,0,0,대전,유성구,1,1,0,0,0,1,5,127.3471,36.3441,대전유성구,0,화물차자전거,0,0,0,148,0,0
2013-12-28,1,5,1,1,0,0,0,경기,고양시,1,11,0,0,0,0,1,126.7577,37.6391,경기고양시,0,승용차없음,0,1,0,40,0,0
2013-12-28,0,5,1,4,0,3,0,광주,동구,1,7,6,1,1,0,2,126.9206,35.1545,광주동구,1,승용차승용차,0,1,0,162,0,0
2013-12-08,0,6,1,1,0,0,0,경북,청도군,1,11,0,2,4,4,1,128.5561,35.6358,경북청도군,0,이륜차없음,0,1,0,3,0,0
2013-12-11,1,2,1,1,0,0,0,경북,의성군,1,5,0,0,0,1,3,128.3672,36.4393,경북의성군,0,화물차화물차,0,0,0,105,0,0
2013-12-19,1,3,1,3,1,1,0,충북,청주시,1,9,5,0,0,0,2,127.514,36.6489,충북청주시,0,승용차승용차,0,0,0,83,0,0
2013-12-15,0,6,1,4,3,0,0,전북,완주군,1,1,7,1,1,0,6,127.0551,35.9053,전북완주군,1,승용차승합차,0,1,0,28,0,0
2013-12-09,1,0,1,2,1,0,0,경북,칠곡군,1,10,0,0,0,0,1,128.3693,36.0434,경북칠곡군,0,승용차없음,0,0,0,21,0,0
2013-12-09,1,0,1,2,1,0,0,경남,산청군,1,7,7,1,1,0,8,128.0766,35.3551,경남산청군,0,승용차농기계,0,0,0,224,0,0
2013-12-17,1,1,1,2,0,1,0,경기,안산시,1,7,5,0,0,0,2,126.892,37.2916,경기안산시,0,승용차승용차,0,0,0,2,0,0
2014-02-20,0,3,1,9,3,1,4,경기,성남시,1,5,0,0,0,0,2,127.1585,37.4483,경기성남시,1,승용차승용차,0,0,0,95,0,0
2014-02-20,0,3,1,1,0,0,0,경남,김해시,1,6,0,0,0,0,1,128.7585,35.2997,경남김해시,0,승용차없음,0,0,0,13,0,0
2014-02-17,0,0,1,1,0,0,0,전북,익산시,1,1,0,0,0,1,6,126.9324,36.0763,전북익산시,0,화물차승합차,0,0,0,125,0,0
2014-02-18,1,1,1,1,0,0,0,전북,부안군,1,7,5,0,0,1,7,126.7357,35.7343,전북부안군,0,화물차원동기장치자전거,0,0,0,185,0,0
2013-12-17,1,1,1,1,0,0,0,경북,의성군,1,7,5,0,0,4,3,128.6243,36.2862,경북의성군,0,이륜차화물차,0,0,0,105,0,0
2014-03-16,0,6,1,2,0,1,0,경기,고양시,1,9,5,0,0,0,3,126.7306,37.6532,경기고양시,0,승용차화물차,0,1,0,40,0,0
2014-03-16,0,6,1,1,0,0,0,강원,철원군,1,6,0,0,0,0,1,127.4231,38.2001,강원철원군,0,승용차없음,0,1,0,184,0,0
2013-12-24,1,1,1,3,1,1,0,경기,평택시,1,1,5,0,0,0,2,127.0464,37.0073,경기평택시,0,승용차승용차,0,0,0,14,0,0
2013-12-27,1,4,1,1,0,0,0,인천,남동구,1,7,10,0,0,7,3,126.7109,37.3852,인천남동구,0,자전거화물차,0,0,0,29,0,0
2013-12-30,1,0,1,1,0,0,0,인천,연수구,1,1,5,0,0,0,3,126.6413,37.4313,인천연수구,0,승용차화물차,0,0,0,35,0,0
2013-12-28,1,5,1,3,1,1,0,강원,정선군,1,7,5,0,0,0,6,128.8485,37.1766,강원정선군,0,승용차승합차,0,1,0,198,0,0
2013-12-22,0,6,1,1,0,0,0,전남,고흥군,1,10,0,0,0,0,1,127.2586,34.5856,전남고흥군,0,승용차없음,0,1,0,191,0,0
2014-02-28,1,4,1,1,0,0,0,경북,청송군,1,1,4,0,0,9,1,129.0841,36.3543,경북청송군,0,농기계없음,0,0,0,203,0,0
2014-03-01,1,5,1,1,0,0,0,충북,청원군,1,11,0,0,0,5,1,127.4421,36.7063,충북청주시,0,특수차없음,0,1,0,83,0,0
2014-03-10,1,0,1,1,0,0,0,경남,진주시,1,7,6,1,1,0,5,128.1169,35.1886,경남진주시,0,승용차자전거,0,0,0,42,0,0
2014-03-08,1,5,1,1,0,0,0,강원,인제군,1,1,0,0,0,0,1,128.0499,37.9783,강원인제군,0,승용차없음,0,1,0,124,0,0
2014-03-22,1,5,1,1,0,0,0,충북,진천군,1,11,0,0,0,1,1,127.4473,36.7619,충북진천군,0,화물차없음,0,1,0,60,0,0
2014-03-21,0,4,1,1,0,0,0,경기,화성시,1,6,0,0,0,4,1,127.0402,37.1987,경기화성시,0,이륜차없음,0,0,0,50,0,0
2014-03-21,0,4,1,1,0,0,0,충북,청원군,1,5,0,0,0,1,5,127.4246,36.484,충북청주시,0,화물차자전거,0,0,0,83,0,0
2012-10-14,0,6,1,3,0,2,0,경기,파주시,1,5,0,1,2,4,2,126.8067,37.7402,경기파주시,0,이륜차승용차,0,1,0,175,0,0
2012-10-21,1,6,2,8,4,2,0,전북,부안군,1,7,7,1,1,1,3,126.6969,35.7363,전북부안군,2,화물차화물차,0,1,0,185,0,0
2012-11-24,0,5,1,1,0,0,0,충남,공주시,1,6,0,0,0,1,1,127.2589,36.3812,충남공주시,0,화물차없음,0,1,0,19,0,0
2012-11-26,1,0,1,3,2,0,0,충남,논산시,1,5,0,1,1,1,2,127.0989,36.1081,충남논산시,1,화물차승용차,0,0,0,61,0,0
2012-11-26,1,0,2,2,0,0,0,경북,경주시,1,7,0,0,0,1,8,129.1926,35.8744,경북경주시,0,화물차농기계,0,0,0,100,0,0
2012-10-25,1,3,1,1,0,0,0,전북,임실군,1,7,3,1,1,1,3,127.2674,35.6782,전북임실군,0,화물차화물차,0,0,0,152,0,0
2012-10-25,0,3,1,1,0,0,0,인천,남동구,1,10,0,1,2,0,1,126.7105,37.3831,인천남동구,0,승용차없음,0,0,0,29,0,0
2012-10-25,0,3,1,1,0,0,0,전남,담양군,1,1,0,0,0,7,1,126.9141,35.2751,전남담양군,0,자전거없음,0,0,0,181,0,0
2012-10-25,0,3,1,2,1,0,0,경기,부천시,1,7,0,1,2,0,5,126.7596,37.4918,경기부천시,0,승용차자전거,0,0,0,65,0,0
2012-10-23,0,1,1,1,0,0,0,강원,철원군,1,5,2,1,2,0,5,127.2322,38.1852,강원철원군,0,승용차자전거,0,0,0,184,0,0
2012-10-23,0,1,1,1,0,0,0,경기,시흥시,1,1,0,1,1,1,2,126.7601,37.3575,경기시흥시,0,화물차승용차,0,0,0,73,0,0
2012-10-27,1,5,1,1,0,0,0,경남,거제시,1,1,0,0,0,2,2,128.5173,34.9356,경남거제시,0,승합차승용차,0,1,0,15,0,0
2012-10-11,1,3,1,1,0,0,0,전북,전주시,1,7,7,1,1,0,4,127.1376,35.8224,전북전주시,0,승용차이륜차,0,0,0,11,0,0
2012-10-06,1,5,1,3,0,2,0,전남,해남군,1,7,7,1,1,1,4,126.3321,34.6845,전남해남군,0,화물차이륜차,0,1,0,119,0,0
2012-10-11,1,3,1,2,0,1,0,강원,철원군,1,7,0,0,0,4,3,127.2262,38.1642,강원철원군,0,이륜차화물차,0,0,0,184,0,0
2012-10-11,0,3,1,1,0,0,0,경기,포천시,1,6,0,0,0,4,1,127.1523,37.8094,경기포천시,0,이륜차없음,0,0,0,171,0,0
2013-11-14,0,3,1,1,0,0,0,충남,서산시,1,5,0,0,0,0,8,126.5115,36.801,충남서산시,0,승용차농기계,0,0,0,69,0,0
2013-11-13,1,2,1,4,3,0,0,충남,천안시,1,1,10,0,0,2,3,127.1746,36.841,충남천안시,1,승합차화물차,0,0,0,63,0,0
2013-11-12,0,1,1,1,0,0,0,전북,군산시,1,7,8,1,1,0,4,126.6943,35.9649,전북군산시,0,승용차이륜차,0,0,0,166,0,0
2013-11-04,1,0,1,1,0,0,0,경기,광주시,1,7,6,1,1,2,5,127.2892,37.3854,경기광주시,0,승합차자전거,0,0,0,9,0,0
2013-11-04,1,0,1,1,0,0,0,경기,포천시,1,6,0,0,0,0,1,127.2512,38.114,경기포천시,0,승용차없음,0,0,0,171,0,0
2013-11-08,1,4,1,1,0,0,0,경남,창녕군,1,6,0,1,1,0,1,128.4893,35.5297,경남창녕군,0,승용차없음,0,0,0,211,0,0
2013-11-15,1,4,1,1,0,0,0,세종,세종,1,1,6,1,1,1,5,127.2923,36.5885,세종세종,0,화물차자전거,1,0,0,229,0,0
2013-11-15,0,4,1,2,0,1,0,부산,북구,1,9,9,1,1,4,2,129.0125,35.2287,부산북구,0,이륜차승용차,0,0,0,118,0,0
2013-11-19,1,1,1,1,0,0,0,전남,순천시,1,6,0,1,2,0,1,127.5225,34.9449,전남순천시,0,승용차없음,0,0,0,27,0,0
2013-11-19,1,1,1,2,1,0,0,경북,영천시,1,5,0,0,0,1,8,129.0105,36.0565,경북영천시,0,화물차농기계,0,0,0,5,0,0
2013-11-26,1,1,1,1,0,0,0,전북,전주시,1,7,9,0,0,4,2,127.0727,35.8685,전북전주시,0,이륜차승용차,0,0,0,11,0,0
2013-12-03,1,1,1,2,0,1,0,경기,광주시,1,7,5,0,0,1,9,127.3061,37.4545,경기광주시,0,화물차건설기계,0,0,0,9,0,0
2013-12-03,0,1,1,1,0,0,0,강원,원주시,1,5,2,0,0,0,5,127.9298,37.4052,강원원주시,0,승용차자전거,0,0,0,36,0,0
2013-12-06,1,4,1,1,0,0,0,전남,완도군,1,11,0,0,0,9,1,126.7932,34.3971,전남완도군,0,농기계없음,0,0,0,141,0,0
2013-12-05,0,3,1,1,0,0,0,광주,서구,1,7,3,0,0,4,2,126.8821,35.153,광주서구,0,이륜차승용차,0,0,0,222,0,0
2013-12-04,1,2,1,2,0,1,0,전남,강진군,1,5,0,1,1,1,3,126.7511,34.6197,전남강진군,0,화물차화물차,0,0,0,121,0,0
2013-12-04,0,2,1,1,0,0,0,전남,신안군,1,1,0,0,0,0,1,125.9452,34.6991,전남신안군,0,승용차없음,0,0,0,132,0,0
2013-12-31,1,1,1,1,0,0,0,인천,남동구,1,7,0,1,1,2,4,126.7512,37.4357,인천남동구,0,승합차이륜차,0,0,0,29,0,0
2013-12-31,1,1,1,2,1,0,0,경기,시흥시,1,1,0,0,0,0,2,126.6458,37.3225,경기시흥시,0,승용차승용차,0,0,0,73,0,0
2013-12-31,1,1,1,2,1,0,0,경남,합천군,1,9,5,0,0,1,6,128.1777,35.567,경남합천군,0,화물차승합차,0,0,0,133,0,0
2013-12-30,1,0,1,2,1,0,0,충남,당진시,1,9,5,0,0,2,2,126.617,36.8319,충남당진시,0,승합차승용차,0,0,0,46,0,0
2013-03-10,1,6,1,1,0,0,0,충북,제천시,1,1,6,1,1,1,7,128.2087,37.1344,충북제천시,0,화물차원동기장치자전거,0,1,0,103,0,0
2013-03-16,0,5,2,2,0,0,0,서울,은평구,1,7,6,1,1,6,2,126.9117,37.6138,서울은평구,0,원동기장치자전거승용차,0,1,0,139,0,0
2013-03-16,0,5,1,1,0,0,0,인천,남동구,1,1,0,2,4,0,1,126.7234,37.4677,인천남동구,0,승용차없음,0,1,0,29,0,0
2013-03-16,0,5,1,2,1,0,0,울산,울주군,1,7,6,1,1,4,6,129.2743,35.4161,울산울주군,0,이륜차승합차,0,1,0,17,0,0
2013-03-23,0,5,1,2,1,0,0,경기,양평군,1,9,5,0,0,0,3,127.623,37.5073,경기양평군,0,승용차화물차,0,1,0,48,0,0
2013-03-31,1,6,1,1,0,0,0,서울,강동구,1,5,0,0,0,0,3,127.132,37.5563,서울강동구,0,승용차화물차,0,1,0,91,0,0
2013-03-30,1,5,1,2,1,0,0,경기,안성시,1,7,6,1,1,0,2,127.2457,36.9611,경기안성시,0,승용차승용차,0,1,0,23,0,0
2013-03-27,1,2,1,1,0,0,0,경기,안산시,1,5,0,2,4,3,7,126.8596,37.3036,경기안산시,0,건설기계원동기장치자전거,0,0,0,2,0,0
2013-03-28,0,3,1,1,0,0,0,전남,보성군,1,1,0,0,0,0,1,127.0937,34.8187,전남보성군,0,승용차없음,0,0,0,122,0,0
2013-03-29,1,4,1,1,0,0,0,경북,영천시,1,7,0,1,1,0,4,128.941,35.9721,경북영천시,0,승용차이륜차,0,0,0,5,0,0
2013-04-20,0,5,2,2,0,0,0,서울,강남구,1,9,0,2,0,0,2,127.0281,37.5275,서울강남구,0,승용차승용차,0,1,0,89,0,0
2013-03-02,0,5,1,1,0,0,0,충북,제천시,1,1,0,0,0,0,3,128.2213,37.1198,충북제천시,0,승용차화물차,0,1,0,103,0,0
2013-03-09,1,5,1,2,1,0,0,경남,함안군,1,5,0,0,0,1,8,128.3158,35.2565,경남함안군,0,화물차농기계,0,1,0,117,0,0
2013-03-09,1,5,1,1,0,0,0,전북,부안군,1,5,0,0,0,1,5,126.7432,35.7059,전북부안군,0,화물차자전거,0,1,0,185,0,0
2013-03-04,1,0,1,1,0,0,0,전남,구례군,1,7,8,1,1,1,4,127.4228,35.2619,전남구례군,0,화물차이륜차,0,0,0,161,0,0
2013-07-15,1,0,1,2,0,1,0,제주,서귀포시,1,1,6,1,1,1,3,126.3038,33.2506,제주서귀포시,0,화물차화물차,0,0,0,62,0,0
2013-07-15,1,0,1,1,0,0,0,전남,순천시,1,1,0,1,1,3,5,127.5002,34.9484,전남순천시,0,건설기계자전거,0,0,0,27,0,0
2013-07-25,1,3,1,2,1,0,0,충남,아산시,1,9,5,0,0,0,2,126.9367,36.7999,충남아산시,0,승용차승용차,0,0,0,53,0,0
2013-07-19,0,4,1,1,0,0,0,경기,수원시,1,1,0,1,1,6,1,126.958,37.2434,경기수원시,0,원동기장치자전거없음,0,0,0,99,0,0
2013-07-22,0,0,1,1,0,0,0,경기,의정부시,1,1,6,1,1,4,2,127.0645,37.7442,경기의정부시,0,이륜차승용차,0,0,0,64,0,0
2013-07-20,0,5,1,2,1,0,0,제주,제주시,1,6,0,0,0,6,1,126.4556,33.4648,제주제주시,0,원동기장치자전거없음,0,1,0,90,0,0
2013-07-20,0,5,1,1,0,0,0,경남,김해시,1,6,0,0,0,0,1,128.7143,35.3054,경남김해시,0,승용차없음,0,1,0,13,0,0
2013-07-30,1,1,1,1,0,0,0,경북,울진군,1,1,0,1,2,4,3,129.3742,37.1035,경북울진군,0,이륜차화물차,0,0,0,208,0,0
2014-03-20,0,3,1,3,1,1,0,충북,청주시,1,9,5,0,0,0,2,127.4437,36.6553,충북청주시,0,승용차승용차,0,0,0,83,0,0
2014-03-10,0,0,1,1,0,0,0,전남,광양시,1,6,0,0,0,3,1,127.7264,35.0411,전남광양시,0,건설기계없음,0,0,0,130,0,0
2014-03-10,0,0,1,1,0,0,0,경기,의정부시,1,7,6,1,1,3,4,127.0693,37.7372,경기의정부시,0,건설기계이륜차,0,0,0,64,0,0
2014-03-10,1,0,1,1,0,0,0,경남,밀양시,1,11,0,0,0,1,1,128.7935,35.4123,경남밀양시,0,화물차없음,0,0,0,177,0,0
2014-03-07,1,4,2,2,0,0,0,충남,아산시,1,10,0,0,0,0,1,126.952,36.7627,충남아산시,0,승용차없음,0,0,0,53,0,0
2014-03-07,1,4,1,1,0,0,0,서울,영등포구,1,7,9,1,1,6,3,126.9313,37.5188,서울영등포구,0,원동기장치자전거화물차,0,0,0,150,0,0
2014-03-19,0,2,3,6,2,1,0,경기,수원시,1,7,6,1,1,0,2,126.9751,37.244,경기수원시,2,승용차승용차,0,0,0,99,0,0
2014-03-20,1,3,1,1,0,0,0,충북,제천시,1,1,0,1,1,1,5,128.2096,37.1468,충북제천시,0,화물차자전거,0,0,0,103,0,0
2014-03-20,1,3,2,2,0,0,0,경북,구미시,1,1,0,0,0,0,3,128.3622,36.0867,경북구미시,0,승용차화물차,0,0,0,144,0,0
2014-03-15,0,5,1,1,0,0,0,서울,은평구,1,7,6,1,1,0,4,126.9178,37.6142,서울은평구,0,승용차이륜차,0,1,0,139,0,0
2014-03-15,0,5,1,2,1,0,0,강원,원주시,1,5,0,0,0,2,8,128.0881,37.2384,강원원주시,0,승합차농기계,0,1,0,36,0,0
2013-12-18,0,2,1,1,0,0,0,전남,광양시,1,5,0,1,2,1,3,127.7226,34.9491,전남광양시,0,화물차화물차,0,0,0,130,0,0
2014-03-13,0,3,1,1,0,0,0,부산,강서구,1,6,0,0,0,0,1,128.9438,35.0911,부산강서구,0,승용차없음,0,0,0,206,0,0
2014-03-13,0,3,1,2,0,0,1,울산,북구,1,6,0,0,0,0,1,129.3603,35.5795,울산북구,0,승용차없음,0,0,0,158,0,0
2014-02-19,1,2,1,2,1,0,0,강원,양구군,1,7,2,1,1,1,8,127.9836,38.1107,강원양구군,0,화물차농기계,0,0,0,115,0,0
2013-12-21,0,5,1,1,0,0,0,부산,진구,1,7,6,1,1,4,2,129.0319,35.1588,부산진구,0,이륜차승용차,0,1,0,231,0,0
2013-12-20,0,4,1,1,0,0,0,서울,광진구,1,1,0,2,0,0,5,127.1073,37.5304,서울광진구,0,승용차자전거,0,0,0,183,0,0
2012-10-20,0,5,1,1,0,0,0,강원,속초시,1,7,7,1,1,0,7,128.5825,38.1877,강원속초시,0,승용차원동기장치자전거,0,1,0,104,0,0
2012-10-16,0,1,1,3,0,1,1,경북,경주시,1,1,0,0,0,1,8,129.1371,35.8415,경북경주시,0,화물차농기계,0,0,0,100,0,0
2012-10-17,0,2,1,1,0,0,0,경기,양주시,1,11,0,0,0,1,1,126.9469,37.8569,경기양주시,0,화물차없음,0,0,0,59,0,0
2012-10-18,0,3,1,1,0,0,0,충북,제천시,1,1,5,0,0,1,7,128.2045,37.1344,충북제천시,0,화물차원동기장치자전거,0,0,0,103,0,0
2012-10-19,1,4,1,1,0,0,0,경기,김포시,1,7,6,1,1,6,2,126.6027,37.6878,경기김포시,0,원동기장치자전거승용차,0,0,0,47,0,0
2012-10-08,1,0,1,1,0,0,0,경기,이천시,1,7,0,0,0,7,3,127.6315,37.1208,경기이천시,0,자전거화물차,0,0,0,41,0,0
2012-10-20,1,5,1,1,0,0,0,충남,공주시,1,11,0,0,0,9,1,127.1418,36.3603,충남공주시,0,농기계없음,0,1,0,19,0,0
2012-10-17,0,2,1,3,1,1,0,충남,천안시,1,7,0,0,0,4,2,127.1482,36.8251,충남천안시,0,이륜차승용차,0,0,0,63,0,0
2012-10-14,1,6,1,1,0,0,0,충북,음성군,1,11,0,0,0,4,1,127.4782,36.9811,충북음성군,0,이륜차없음,0,1,0,110,0,0
2012-10-15,0,0,1,1,0,0,0,경기,포천시,1,1,0,0,0,0,6,127.2489,37.965,경기포천시,0,승용차승합차,0,0,0,171,0,0
2012-10-01,0,0,1,1,0,0,0,경남,김해시,1,1,0,0,0,0,2,128.8624,35.2424,경남김해시,0,승용차승용차,0,1,0,13,0,0
2012-10-02,1,1,1,2,1,0,0,제주,제주시,1,6,0,1,1,6,1,126.5268,33.5104,제주제주시,0,원동기장치자전거없음,0,0,0,90,0,0
2012-09-28,1,4,1,1,0,0,0,전남,해남군,1,1,0,0,0,0,1,126.6385,34.5666,전남해남군,0,승용차없음,0,0,0,119,0,0
2012-08-02,0,3,1,1,0,0,0,경기,남양주시,1,1,0,0,0,4,1,127.1921,37.6488,경기남양주시,0,이륜차없음,0,0,0,70,0,0
2012-08-01,0,2,1,5,2,2,0,충북,청원군,1,9,5,0,0,0,2,127.4632,36.6,충북청주시,1,승용차승용차,0,0,0,83,0,0
2012-06-12,1,1,1,4,0,3,0,충남,부여군,1,9,5,0,0,3,2,126.9828,36.1634,충남부여군,1,건설기계승용차,0,0,0,129,0,0
2012-06-16,0,5,1,1,0,0,0,광주,광산구,1,5,0,0,0,0,7,126.8372,35.1775,광주광산구,0,승용차원동기장치자전거,0,1,0,135,0,0
2012-06-16,0,5,1,5,4,0,0,경기,안성시,1,9,5,0,0,0,2,127.3031,37.0021,경기안성시,1,승용차승용차,0,1,0,23,0,0
2012-06-16,1,5,1,2,1,0,0,경기,용인시,1,5,0,1,2,1,3,127.3945,37.14,경기용인시,0,화물차화물차,0,1,0,51,0,0
2012-06-27,1,2,1,1,0,0,0,경기,부천시,1,1,0,0,0,1,5,126.7711,37.5037,경기부천시,0,화물차자전거,0,0,0,65,0,0
2012-06-28,1,3,1,1,0,0,0,충남,논산시,1,11,0,0,0,1,1,127.0737,36.2107,충남논산시,0,화물차없음,0,0,0,61,0,0
2012-06-27,1,2,1,1,0,0,0,경기,오산시,1,7,10,0,0,0,6,127.0417,37.1963,경기오산시,0,승용차승합차,0,0,0,143,0,0
2012-07-05,1,3,1,1,0,0,0,경남,양산시,1,7,0,1,2,0,2,128.9979,35.3286,경남양산시,0,승용차승용차,0,0,0,49,0,0
2012-07-04,0,2,1,3,0,2,0,경기,고양시,1,7,6,1,1,4,2,126.7235,37.6856,경기고양시,0,이륜차승용차,0,0,0,40,0,0
2012-07-05,0,3,1,1,0,0,0,서울,영등포구,1,6,0,0,0,0,1,126.8914,37.5392,서울영등포구,0,승용차없음,0,0,0,150,0,0
2012-07-07,1,5,1,3,2,0,0,전남,영암군,1,6,0,0,0,0,1,126.4211,34.7385,전남영암군,1,승용차없음,0,1,0,16,0,0
2012-07-11,0,2,1,2,0,1,0,전북,군산시,1,1,0,0,0,0,1,126.6585,35.9607,전북군산시,0,승용차없음,0,0,0,166,0,0
2013-12-31,0,1,1,2,0,1,0,부산,강서구,1,1,6,1,1,0,2,128.897,35.1681,부산강서구,0,승용차승용차,0,0,0,206,0,0
2013-11-27,0,2,1,1,0,0,0,경남,진주시,1,6,0,1,1,0,1,128.0699,35.1579,경남진주시,0,승용차없음,0,0,0,42,0,0
2013-11-26,1,1,1,1,0,0,0,전북,고창군,1,5,0,1,2,0,3,126.6067,35.5071,전북고창군,0,승용차화물차,0,0,0,219,0,0
2012-09-27,0,3,1,1,0,0,0,충북,보은군,1,6,0,0,0,0,1,127.7096,36.5408,충북보은군,0,승용차없음,0,0,0,32,0,0
2012-11-29,1,4,1,1,0,0,0,서울,동대문구,1,1,0,1,1,7,2,127.0679,37.5973,서울동대문구,0,자전거승용차,0,0,0,201,0,0
2012-11-27,1,1,1,1,0,0,0,경기,안성시,1,7,3,0,0,7,6,127.1643,36.9983,경기안성시,0,자전거승합차,0,0,0,23,0,0
2012-11-25,0,6,1,3,2,0,0,부산,사하구,1,9,5,0,0,0,2,128.9895,35.097,부산사하구,1,승용차승용차,0,1,0,25,0,0