발생년월일,주야,요일,사망자수,사상자수,중상자수,경상자수,부상신고자수,발생지시도,발생지시군구,사고유형_대분류,사고유형_중분류,법규위반,도로형태_대분류,도로형태,당사자종별_1당_대분류,당사자종별_2당_대분류,경도,위도,발생지,사고피해정도,사고차량타입,도시여부,주말/공휴일,인구수,발생지번호,보행자의위치,무단횡단여부
2012-11-25,0,6,1,2,0,1,0,광주,남구,1,9,5,0,0,0,2,126.8771,35.0884,광주남구,0,승용차승용차,0,1,0,190,0,0
2012-11-13,1,1,1,6,4,1,0,부산,영도구,1,6,0,0,0,0,1,129.0756,35.0746,부산영도구,1,승용차없음,0,0,0,173,0,0
2012-11-07,0,2,1,1,0,0,0,강원,속초시,1,6,0,0,0,4,1,128.5921,38.2184,강원속초시,0,이륜차없음,0,0,0,104,0,0
2012-11-08,1,3,1,1,0,0,0,강원,평창군,1,7,0,1,1,9,3,128.3898,37.3661,강원평창군,0,농기계화물차,0,0,0,24,0,0
2012-10-24,0,2,1,1,0,0,0,경북,안동시,1,6,0,1,1,4,1,128.7289,36.5631,경북안동시,0,이륜차없음,0,0,0,66,0,0
2012-10-25,1,3,1,1,0,0,0,전남,해남군,1,10,0,0,0,9,1,126.5744,34.416,전남해남군,0,농기계없음,0,0,0,119,0,0
2012-10-08,1,0,1,1,0,0,0,경북,문경시,1,6,0,0,0,6,1,128.2512,36.5397,경북문경시,0,원동기장치자전거없음,0,0,0,74,0,0
2012-10-09,1,1,1,2,0,1,0,충북,증평군,1,7,6,1,1,6,2,127.5798,36.7884,충북증평군,0,원동기장치자전거승용차,0,0,0,138,0,0
2012-10-05,1,4,1,1,0,0,0,경북,경주시,1,7,0,0,0,0,5,129.3216,35.726,경북경주시,0,승용차자전거,0,0,0,100,0,0
2012-10-20,1,5,1,1,0,0,0,전남,영광군,1,10,0,1,2,9,1,126.4331,35.2696,전남영광군,0,농기계없음,0,1,0,127,0,0
2012-10-17,0,2,1,1,0,0,0,광주,서구,1,6,0,1,2,0,1,126.8553,35.157,광주서구,0,승용차없음,0,0,0,222,0,0
2012-10-17,1,2,1,1,0,0,0,전남,신안군,1,6,0,0,0,1,1,126.1324,34.7393,전남신안군,0,화물차없음,0,0,0,132,0,0
2012-09-29,1,5,1,2,0,1,0,경남,김해시,1,7,0,1,2,6,2,128.8802,35.2262,경남김해시,0,원동기장치자전거승용차,0,1,0,13,0,0
2012-10-05,1,4,1,2,0,1,0,전남,순천시,1,7,0,1,1,3,2,127.5438,34.9355,전남순천시,0,건설기계승용차,0,0,0,27,0,0
2013-07-29,0,0,1,1,0,0,0,전남,영암군,1,1,0,0,0,1,1,126.6219,34.845,전남영암군,0,화물차없음,0,0,0,16,0,0
2013-07-26,1,4,1,18,6,11,0,경북,문경시,1,7,7,1,1,2,3,128.1497,36.7507,경북문경시,2,승합차화물차,0,0,0,74,0,0
2013-07-30,0,1,1,2,1,0,0,서울,중랑구,1,10,0,2,0,4,1,127.0738,37.6015,서울중랑구,0,이륜차없음,0,0,0,196,0,0
2013-07-30,1,1,1,1,0,0,0,서울,용산구,1,7,3,0,0,0,4,126.9828,37.5348,서울용산구,0,승용차이륜차,0,0,0,134,0,0
2013-08-02,1,4,1,1,0,0,0,전남,화순군,1,7,7,1,1,0,7,126.9711,35.0419,전남화순군,0,승용차원동기장치자전거,0,0,0,88,0,0
2013-08-08,0,3,1,1,0,0,0,경기,김포시,1,11,0,0,0,0,1,126.6868,37.6316,경기김포시,0,승용차없음,0,0,0,47,0,0
2013-08-08,1,3,1,1,0,0,0,경남,창원시(통합),1,7,7,1,1,3,4,128.4864,35.1181,경남창원시(통합),0,건설기계이륜차,0,0,0,86,0,0
2013-08-06,1,1,1,2,1,0,0,충북,옥천군,1,7,6,1,1,1,4,127.5356,36.3299,충북옥천군,0,화물차이륜차,0,0,0,142,0,0
2013-08-06,1,1,1,2,1,0,0,충남,보령시,1,9,5,0,0,1,3,126.6495,36.3367,충남보령시,0,화물차화물차,0,0,0,136,0,0
2013-08-06,0,1,1,1,0,0,0,충남,홍성군,1,1,0,0,0,6,1,126.7373,36.6444,충남홍성군,0,원동기장치자전거없음,0,0,0,38,0,0
2013-08-06,0,1,1,2,1,0,0,충북,음성군,1,11,0,0,0,0,1,127.6871,36.917,충북음성군,0,승용차없음,0,0,0,110,0,0
2013-08-14,1,2,1,1,0,0,0,경기,화성시,1,5,6,1,1,4,2,126.825,37.2016,경기화성시,0,이륜차승용차,0,0,0,50,0,0
2013-08-15,1,3,1,3,1,1,0,서울,강북구,1,1,3,1,1,6,2,127.0299,37.6171,서울강북구,0,원동기장치자전거승용차,0,1,0,200,0,0
2013-08-13,1,1,1,1,0,0,0,대전,중구,1,6,0,0,0,0,1,127.4074,36.3425,대전중구,0,승용차없음,0,0,0,39,0,0
2013-08-16,0,4,1,1,0,0,0,전남,나주시,1,10,0,0,0,9,1,126.6661,34.9488,전남나주시,0,농기계없음,0,0,0,33,0,0
2013-08-16,1,4,1,1,0,0,0,전남,곡성군,1,1,0,1,1,1,4,127.36,35.1561,전남곡성군,0,화물차이륜차,0,0,0,147,0,0
2013-08-24,1,5,1,1,0,0,0,경기,부천시,1,7,3,0,0,7,2,126.7749,37.4948,경기부천시,0,자전거승용차,0,1,0,65,0,0
2013-07-10,1,2,1,2,0,1,0,전남,순천시,1,5,3,1,1,0,3,127.4844,34.9592,전남순천시,0,승용차화물차,0,0,0,27,0,0
2013-07-19,1,4,1,1,0,0,0,강원,속초시,1,7,9,1,1,7,2,128.5938,38.2107,강원속초시,0,자전거승용차,0,0,0,104,0,0
2013-07-22,1,0,1,2,1,0,0,제주,서귀포시,1,6,0,0,0,4,1,126.3867,33.2395,제주서귀포시,0,이륜차없음,0,0,0,62,0,0
2013-10-02,0,2,1,1,0,0,0,경남,양산시,1,10,0,1,2,4,1,129.1634,35.3977,경남양산시,0,이륜차없음,0,0,0,49,0,0
2013-10-02,0,2,1,1,0,0,0,경남,김해시,1,7,2,1,1,0,4,128.9056,35.2284,경남김해시,0,승용차이륜차,0,0,0,13,0,0
2013-09-30,1,0,1,1,0,0,0,경기,부천시,1,7,0,1,1,0,4,126.8018,37.5172,경기부천시,0,승용차이륜차,0,0,0,65,0,0
2013-10-02,1,2,1,1,0,0,0,충남,천안시,1,7,4,0,0,7,3,127.1289,36.8254,충남천안시,0,자전거화물차,0,0,0,63,0,0
2013-10-01,0,1,1,1,0,0,0,충남,홍성군,1,1,0,0,0,0,8,126.492,36.5655,충남홍성군,0,승용차농기계,0,0,0,38,0,0
2013-10-16,1,2,1,2,0,1,0,전남,나주시,1,6,0,0,0,0,1,126.8608,35.0498,전남나주시,0,승용차없음,0,0,0,33,0,0
2012-10-18,0,3,1,1,0,0,0,충남,서천군,1,5,5,2,4,4,2,126.7097,36.0066,충남서천군,0,이륜차승용차,0,0,0,10,0,0
2012-09-28,1,4,1,1,0,0,0,부산,영도구,1,5,3,0,0,7,2,129.0679,35.0936,부산영도구,0,자전거승용차,0,0,0,173,0,0
2012-09-29,1,5,1,1,0,0,0,경남,밀양시,1,5,0,0,0,4,4,128.5957,35.5758,경남밀양시,0,이륜차이륜차,0,1,0,177,0,0
2012-09-29,0,5,1,2,0,1,0,충북,청원군,1,7,7,1,1,0,2,127.3816,36.6597,충북청주시,0,승용차승용차,0,1,0,83,0,0
2012-11-22,1,3,1,1,0,0,0,대구,동구,1,7,0,0,0,4,2,128.6314,35.8858,대구동구,0,이륜차승용차,0,0,0,26,0,0
2012-11-28,1,2,1,1,0,0,0,경남,남해군,1,9,5,2,4,0,9,128.0259,34.906,경남남해군,0,승용차건설기계,0,0,0,197,0,0
2012-11-28,1,2,1,1,0,0,0,전남,신안군,1,11,0,0,0,1,1,125.9316,34.6892,전남신안군,0,화물차없음,0,0,0,132,0,0
2012-11-10,1,5,2,2,0,0,0,경남,창원시(통합),1,6,0,0,0,1,1,128.6442,35.178,경남창원시(통합),0,화물차없음,0,1,0,86,0,0
2012-11-12,1,0,1,5,3,1,0,경기,파주시,1,9,6,1,1,2,4,126.7685,37.7541,경기파주시,1,승합차이륜차,0,0,0,175,0,0
2012-09-26,0,2,1,1,0,0,0,전남,장흥군,1,11,0,0,0,6,1,126.9401,34.6147,전남장흥군,0,원동기장치자전거없음,0,0,0,56,0,0
2012-09-26,1,2,1,1,0,0,0,전남,장성군,1,5,0,0,0,9,2,126.7879,35.2623,전남장성군,0,농기계승용차,0,0,0,146,0,0
2012-09-22,1,5,1,1,0,0,0,서울,강북구,1,10,0,0,0,4,1,127.0292,37.6279,서울강북구,0,이륜차없음,0,1,0,200,0,0
2012-10-27,0,5,1,2,1,0,0,경남,고성군,1,9,5,1,1,0,3,128.3726,35.0635,경남고성군,0,승용차화물차,0,1,0,87,0,0
2012-10-23,1,1,3,3,0,0,0,전북,임실군,1,11,0,0,0,1,1,127.3661,35.658,전북임실군,1,화물차없음,0,0,0,152,0,0
2012-10-22,0,0,1,2,0,1,0,광주,광산구,1,5,3,2,0,1,2,126.7976,35.162,광주광산구,0,화물차승용차,0,0,0,135,0,0
2012-10-23,1,1,1,1,0,0,0,충남,금산군,1,9,7,1,1,4,3,127.503,36.0983,충남금산군,0,이륜차화물차,0,0,0,68,0,0
2012-08-13,1,0,1,1,0,0,0,경남,함양군,1,1,0,0,0,0,1,127.7506,35.546,경남함양군,0,승용차없음,0,0,0,108,0,0
2012-08-19,1,6,1,1,0,0,0,경북,경산시,1,1,0,0,0,4,2,128.8008,35.8754,경북경산시,0,이륜차승용차,0,1,0,52,0,0
2012-08-20,0,0,1,3,2,0,0,경기,남양주시,1,9,5,1,2,0,2,127.1734,37.5948,경기남양주시,1,승용차승용차,0,0,0,70,0,0
2012-08-25,0,5,1,3,0,2,0,충북,제천시,1,7,0,1,2,0,3,128.2063,37.1299,충북제천시,0,승용차화물차,0,1,0,103,0,0
2012-08-23,0,3,1,2,0,1,0,전남,순천시,1,5,0,0,0,1,6,127.5249,34.9556,전남순천시,0,화물차승합차,0,0,0,27,0,0
2012-08-22,1,2,1,1,0,0,0,충북,음성군,1,5,0,0,0,1,5,127.6221,37.0829,충북음성군,0,화물차자전거,0,0,0,110,0,0
2012-08-22,1,2,1,5,2,2,0,경남,김해시,1,9,5,1,2,1,2,128.8275,35.2054,경남김해시,1,화물차승용차,0,0,0,13,0,0
2012-08-21,0,1,1,1,0,0,0,경남,창원시(통합),1,5,0,0,0,2,5,128.6787,35.1467,경남창원시(통합),0,승합차자전거,0,0,0,86,0,0
2012-08-30,0,3,1,1,0,0,0,경남,창원시(통합),1,6,0,1,2,0,1,128.6221,35.2455,경남창원시(통합),0,승용차없음,0,0,0,86,0,0
2012-08-26,1,6,1,2,1,0,0,경남,밀양시,1,7,0,1,1,0,2,128.7431,35.497,경남밀양시,0,승용차승용차,0,1,0,177,0,0
2012-07-19,1,3,1,2,1,0,0,충남,천안시,1,6,0,0,0,0,1,127.277,36.7532,충남천안시,0,승용차없음,0,0,0,63,0,0
2012-07-18,0,2,1,1,0,0,0,서울,동대문구,1,1,5,1,2,7,3,127.0383,37.5779,서울동대문구,0,자전거화물차,0,0,0,201,0,0
2012-07-22,1,6,1,1,0,0,0,전남,목포시,1,1,0,0,0,6,2,126.3858,34.7909,전남목포시,0,원동기장치자전거승용차,0,1,0,153,0,0
2012-07-29,0,6,3,3,0,0,0,경기,포천시,1,6,0,1,2,0,1,127.22,37.9195,경기포천시,1,승용차없음,0,1,0,171,0,0
2012-07-29,1,6,1,2,1,0,0,강원,정선군,1,11,0,2,4,0,1,128.757,37.2591,강원정선군,0,승용차없음,0,1,0,198,0,0
2012-07-30,1,0,1,1,0,0,0,광주,남구,1,6,0,2,4,0,1,126.9054,35.1083,광주남구,0,승용차없음,0,0,0,190,0,0
2012-06-11,0,0,1,1,0,0,0,서울,서대문구,1,5,0,0,0,0,6,126.973,37.6065,서울서대문구,0,승용차승합차,0,0,0,195,0,0
2012-06-18,0,0,1,1,0,0,0,경기,연천군,1,9,6,0,0,7,2,127.0609,38.0295,경기연천군,0,자전거승용차,0,0,0,106,0,0
2012-06-16,0,5,1,5,2,2,0,충남,논산시,1,9,5,2,0,0,2,127.013,36.1518,충남논산시,1,승용차승용차,0,1,0,61,0,0
2012-06-24,0,6,2,4,2,0,0,부산,북구,1,10,0,0,0,0,1,128.9978,35.2014,부산북구,1,승용차없음,0,1,0,118,0,0
2012-06-21,0,3,1,1,0,0,0,강원,양양군,1,11,0,0,0,0,1,128.6411,38.0805,강원양양군,0,승용차없음,0,0,0,164,0,0
2013-11-08,1,4,1,1,0,0,0,충남,보령시,1,5,0,0,0,1,9,126.6049,36.3727,충남보령시,0,화물차건설기계,0,0,0,136,0,0
2013-11-07,1,3,1,2,1,0,0,광주,서구,1,1,0,0,3,0,6,126.8749,35.1426,광주서구,0,승용차승합차,0,0,0,222,0,0
2013-11-15,1,4,1,1,0,0,0,경북,경주시,1,1,0,0,0,6,6,129.2139,35.8406,경북경주시,0,원동기장치자전거승합차,0,0,0,100,0,0
2013-11-15,1,4,1,1,0,0,0,경북,구미시,1,1,0,1,1,4,2,128.3199,36.2147,경북구미시,0,이륜차승용차,0,0,0,144,0,0
2013-11-15,1,4,2,2,0,0,0,경남,진주시,1,6,0,0,0,0,1,128.0914,35.1129,경남진주시,0,승용차없음,0,0,0,42,0,0
2013-11-15,1,4,1,1,0,0,0,인천,강화군,1,7,0,0,0,1,3,126.4501,37.7664,인천강화군,0,화물차화물차,0,0,0,92,0,0
2012-05-20,0,6,1,6,5,0,0,부산,수영구,1,6,0,1,2,0,1,129.1119,35.1363,부산수영구,1,승용차없음,0,1,0,45,0,0
2013-11-12,0,1,2,4,2,0,0,강원,정선군,1,6,2,0,0,0,1,128.8024,37.2269,강원정선군,1,승용차없음,0,0,0,198,0,0
2013-11-17,0,6,1,1,0,0,0,경남,사천시,1,6,0,0,0,0,1,128.0812,35.0739,경남사천시,0,승용차없음,0,1,0,57,0,0
2013-11-16,0,5,1,1,0,0,0,경남,고성군,1,7,0,0,0,0,2,128.3734,35.0791,경남고성군,0,승용차승용차,0,1,0,87,0,0
2013-11-17,0,6,1,1,0,0,0,강원,삼척시,1,11,0,0,0,6,1,129.0419,37.2179,강원삼척시,0,원동기장치자전거없음,0,1,0,78,0,0
2013-10-23,0,2,1,1,0,0,0,전남,무안군,1,6,0,0,0,1,1,126.4363,35.0365,전남무안군,0,화물차없음,0,0,0,101,0,0
2012-11-29,0,3,1,1,0,0,0,경기,남양주시,1,6,0,0,0,0,1,127.1966,37.5964,경기남양주시,0,승용차없음,0,0,0,70,0,0
2012-11-26,0,0,2,3,1,0,0,경남,함안군,1,7,0,0,0,5,2,128.5273,35.3096,경남함안군,1,특수차승용차,0,0,0,117,0,0
2012-08-13,1,0,1,1,0,0,0,경남,밀양시,1,11,0,0,0,1,1,128.6929,35.3949,경남밀양시,0,화물차없음,0,0,0,177,0,0
2012-08-13,0,0,1,1,0,0,0,경기,광주시,1,6,0,1,2,6,1,127.311,37.4037,경기광주시,0,원동기장치자전거없음,0,0,0,9,0,0
2012-08-13,1,0,1,1,0,0,0,경남,창원시(통합),1,7,0,1,1,0,4,128.6053,35.2121,경남창원시(통합),0,승용차이륜차,0,0,0,86,0,0
2012-08-18,1,5,1,1,0,0,0,경남,하동군,1,6,0,0,0,1,1,127.7688,35.0992,경남하동군,0,화물차없음,0,1,0,172,0,0
2012-09-03,1,0,1,1,0,0,0,경기,남양주시,1,7,5,0,0,7,9,127.183,37.65,경기남양주시,0,자전거건설기계,0,0,0,70,0,0
2012-08-31,0,4,1,1,0,0,0,제주,서귀포시,1,7,8,1,1,1,4,126.5709,33.2656,제주서귀포시,0,화물차이륜차,0,0,0,62,0,0
2012-09-04,1,5,2,2,0,0,0,전남,해남군,1,11,0,0,0,9,1,126.5465,34.5524,전남해남군,0,농기계없음,0,0,0,119,0,0
2012-09-04,1,1,1,1,0,0,0,전남,고흥군,1,1,7,1,1,1,7,127.1494,34.5253,전남고흥군,0,화물차원동기장치자전거,0,0,0,191,0,0
2012-09-04,1,1,1,1,0,0,0,제주,서귀포시,1,1,0,0,0,9,1,126.7726,33.4162,제주서귀포시,0,농기계없음,0,0,0,62,0,0
2012-09-14,0,4,1,1,0,0,0,충남,보령시,1,10,0,0,0,9,1,126.5626,36.4913,충남보령시,0,농기계없음,0,0,0,136,0,0
2012-09-14,1,4,1,4,0,3,0,대구,북구,1,5,0,1,2,1,3,128.5373,35.8952,대구북구,1,화물차화물차,0,0,0,112,0,0
2012-09-12,1,2,1,3,2,0,0,충남,아산시,1,7,6,1,1,0,3,127.0093,36.8314,충남아산시,1,승용차화물차,0,0,0,53,0,0
2012-09-11,1,1,1,1,0,0,0,충북,청원군,1,7,0,1,1,4,3,127.3119,36.6008,충북청주시,0,이륜차화물차,0,0,0,83,0,0
2012-09-17,0,0,1,1,0,0,0,경남,창녕군,1,10,0,0,0,0,1,128.5381,35.4455,경남창녕군,0,승용차없음,0,0,0,211,0,0
2012-09-18,1,1,1,2,1,0,0,경남,고성군,1,7,7,1,1,6,3,128.4043,34.9968,경남고성군,0,원동기장치자전거화물차,0,0,0,87,0,0
2012-09-15,0,5,1,2,1,0,0,경기,용인시,1,9,6,0,0,1,9,127.1324,37.2896,경기용인시,0,화물차건설기계,0,1,0,51,0,0
2012-09-22,0,5,1,1,0,0,0,전남,순천시,1,7,6,1,1,1,4,127.5214,34.9606,전남순천시,0,화물차이륜차,0,1,0,27,0,0
2012-09-19,1,2,1,1,0,0,0,경북,경산시,1,1,0,0,0,1,5,128.8095,35.8208,경북경산시,0,화물차자전거,0,0,0,52,0,0
2012-09-19,0,2,1,1,0,0,0,제주,서귀포시,1,1,0,0,0,1,3,126.4584,33.2541,제주서귀포시,0,화물차화물차,0,0,0,62,0,0
2012-09-20,0,3,1,1,0,0,0,경북,구미시,1,6,0,0,0,0,1,128.34,36.1999,경북구미시,0,승용차없음,0,0,0,144,0,0
2012-08-06,1,0,1,2,1,0,0,경북,영양군,1,1,0,0,0,0,1,129.0947,36.647,경북영양군,0,승용차없음,0,0,0,128,0,0
2012-08-04,1,5,1,1,0,0,0,전북,남원시,1,10,0,0,0,1,1,127.5928,35.3871,전북남원시,0,화물차없음,0,1,0,193,0,0
2012-08-11,0,5,1,1,0,0,0,충북,충주시,1,6,0,0,0,0,1,127.875,36.9665,충북충주시,0,승용차없음,0,1,0,6,0,0
2012-08-09,1,3,1,1,0,0,0,부산,영도구,1,10,0,0,0,4,1,129.0397,35.0865,부산영도구,0,이륜차없음,0,0,0,173,0,0
2013-10-16,1,2,1,1,0,0,0,전남,광양시,1,7,0,1,1,0,5,127.5829,34.9754,전남광양시,0,승용차자전거,0,0,0,130,0,0
2013-10-16,1,2,1,1,0,0,0,제주,제주시,1,5,0,0,0,0,8,126.8524,33.5297,제주제주시,0,승용차농기계,0,0,0,90,0,0
2013-10-13,1,6,1,3,1,1,0,서울,광진구,1,7,6,1,1,0,7,127.0641,37.5421,서울광진구,0,승용차원동기장치자전거,0,1,0,183,0,0
2013-10-13,0,6,1,1,0,0,0,울산,남구,1,5,0,1,2,0,4,129.3261,35.5417,울산남구,0,승용차이륜차,0,1,0,213,0,0
2013-10-13,1,6,1,4,2,1,0,전북,전주시,1,7,6,1,1,0,2,127.1069,35.8323,전북전주시,1,승용차승용차,0,1,0,11,0,0
2013-10-15,1,1,1,1,0,0,0,경남,통영시,1,5,0,0,0,4,3,128.3476,34.938,경남통영시,0,이륜차화물차,0,0,0,212,0,0
2013-10-15,0,1,1,3,1,1,0,경남,거창군,1,7,7,1,1,1,6,127.9177,35.7161,경남거창군,0,화물차승합차,0,0,0,154,0,0
2013-10-15,0,1,1,2,1,0,0,충북,제천시,1,1,2,0,0,1,2,128.2302,37.1191,충북제천시,0,화물차승용차,0,0,0,103,0,0
2013-10-14,1,0,1,1,0,0,0,경기,고양시,1,7,7,1,1,6,2,126.8826,37.6353,경기고양시,0,원동기장치자전거승용차,0,0,0,40,0,0
2013-10-21,0,0,1,2,1,0,0,울산,울주군,1,1,0,0,0,4,2,129.1819,35.5508,울산울주군,0,이륜차승용차,0,0,0,17,0,0
2013-10-21,1,0,1,1,0,0,0,충북,청원군,1,7,5,0,0,7,2,127.5042,36.5341,충북청주시,0,자전거승용차,0,0,0,83,0,0
2013-10-22,1,1,1,1,0,0,0,대전,유성구,1,1,0,0,0,0,1,127.3481,36.3609,대전유성구,0,승용차없음,0,0,0,148,0,0
2013-09-05,1,3,1,1,0,0,0,전북,김제시,1,7,2,1,1,0,7,126.8173,35.7336,전북김제시,0,승용차원동기장치자전거,0,0,0,34,0,0
2013-09-08,1,6,1,1,0,0,0,경북,포항시,1,1,0,0,0,0,7,129.392,36.1097,경북포항시,0,승용차원동기장치자전거,0,1,0,160,0,0
2013-09-10,0,1,1,1,0,0,0,경기,의왕시,1,1,4,0,0,0,1,126.9703,37.3459,경기의왕시,0,승용차없음,0,0,0,199,0,0
2013-09-08,0,6,1,5,0,4,0,강원,원주시,1,9,6,1,1,0,2,127.9518,37.3972,강원원주시,1,승용차승용차,0,1,0,36,0,0
2013-09-06,1,4,1,1,0,0,0,경기,안산시,1,1,5,1,2,6,2,126.7724,37.3083,경기안산시,0,원동기장치자전거승용차,0,0,0,2,0,0
2013-09-13,0,4,1,2,0,1,0,경기,평택시,1,7,8,1,1,0,2,127.093,36.9902,경기평택시,0,승용차승용차,0,0,0,14,0,0
2013-09-19,0,3,1,2,1,0,0,경북,고령군,1,6,0,0,0,0,1,128.2088,35.6765,경북고령군,0,승용차없음,0,1,0,220,0,0
2013-09-21,0,5,1,1,0,0,0,경북,영천시,1,1,0,0,0,0,1,128.9024,35.9427,경북영천시,0,승용차없음,0,1,0,5,0,0
2013-09-18,1,2,1,2,1,0,0,경북,포항시,1,6,0,2,4,0,1,129.5302,35.9827,경북포항시,0,승용차없음,0,1,0,160,0,0
2013-09-16,1,0,1,1,0,0,0,경기,시흥시,1,1,2,1,2,1,5,126.7335,37.3533,경기시흥시,0,화물차자전거,0,0,0,73,0,0
2012-07-29,0,6,1,3,2,0,0,경기,시흥시,1,1,7,1,1,0,4,126.7456,37.3465,경기시흥시,1,승용차이륜차,0,1,0,73,0,0
2012-07-29,1,6,1,1,0,0,0,전남,순천시,1,7,0,0,0,1,4,127.2688,35.0769,전남순천시,0,화물차이륜차,0,1,0,27,0,0
2012-07-26,0,3,1,1,0,0,0,경기,파주시,1,9,5,0,0,0,3,126.8172,37.7559,경기파주시,0,승용차화물차,0,0,0,175,0,0
2012-08-03,1,4,1,1,0,0,0,충북,청원군,1,1,0,0,0,0,4,127.5656,36.7741,충북청주시,0,승용차이륜차,0,0,0,83,0,0
2012-08-03,0,4,1,1,0,0,0,세종,세종,1,11,0,0,0,1,1,127.3083,36.5693,세종세종,0,화물차없음,1,0,0,229,0,0
2012-08-31,0,4,1,4,2,1,0,전남,광양시,1,5,0,0,0,0,2,127.6116,34.963,전남광양시,1,승용차승용차,0,0,0,130,0,0
2012-08-31,1,4,1,1,0,0,0,전남,여수시,1,1,3,0,0,2,8,127.6082,34.6922,전남여수시,0,승합차농기계,0,0,0,102,0,0
2012-09-05,0,2,1,1,0,0,0,충남,공주시,1,1,0,0,0,1,1,127.0642,36.4383,충남공주시,0,화물차없음,0,0,0,19,0,0
2012-09-04,1,1,1,1,0,0,0,서울,영등포구,1,6,0,0,0,0,1,126.9119,37.5183,서울영등포구,0,승용차없음,0,0,0,150,0,0
2012-09-03,1,0,1,1,0,0,0,경남,산청군,1,5,0,0,0,4,9,127.9697,35.3138,경남산청군,0,이륜차건설기계,0,0,0,224,0,0
2012-09-11,0,1,1,1,0,0,0,전남,목포시,1,6,0,1,1,0,1,126.4265,34.8228,전남목포시,0,승용차없음,0,0,0,153,0,0
2012-09-07,1,4,2,3,0,1,0,경기,평택시,1,1,6,1,1,4,2,126.8891,36.9965,경기평택시,1,이륜차승용차,0,0,0,14,0,0
2012-09-11,0,1,1,1,0,0,0,경북,울진군,1,11,0,0,0,0,1,129.39,37.0543,경북울진군,0,승용차없음,0,0,0,208,0,0
2012-09-17,1,0,1,2,0,1,0,전북,김제시,1,7,7,1,1,6,2,126.8887,35.7976,전북김제시,0,원동기장치자전거승용차,0,0,0,34,0,0
2012-09-17,1,0,1,4,2,1,0,전북,전주시,1,6,0,0,0,0,1,127.0821,35.845,전북전주시,1,승용차없음,0,0,0,11,0,0
2012-09-21,0,4,1,1,0,0,0,충남,금산군,1,1,0,0,0,6,1,127.4996,36.1036,충남금산군,0,원동기장치자전거없음,0,0,0,68,0,0
2012-09-18,0,1,1,2,0,1,0,울산,동구,1,1,8,1,2,4,2,129.4293,35.5419,울산동구,0,이륜차승용차,0,0,0,225,0,0
2012-09-23,0,6,1,1,0,0,0,경기,의정부시,1,5,6,1,1,0,5,127.0587,37.7317,경기의정부시,0,승용차자전거,0,1,0,64,0,0
2012-09-24,1,0,1,2,1,0,0,경북,영양군,1,1,0,0,0,9,1,129.1908,36.6385,경북영양군,0,농기계없음,0,0,0,128,0,0
2012-09-24,0,0,1,2,1,0,0,경북,구미시,1,10,0,0,0,0,1,128.4086,36.1057,경북구미시,0,승용차없음,0,0,0,144,0,0
2012-08-11,1,5,1,1,0,0,0,서울,관악구,1,6,0,0,0,4,1,126.9176,37.4894,서울관악구,0,이륜차없음,0,1,0,188,0,0
2012-08-11,1,5,1,1,0,0,0,경기,안양시,1,6,0,2,0,6,1,126.9184,37.4151,경기안양시,0,원동기장치자전거없음,0,1,0,151,0,0
2012-08-10,1,4,1,1,0,0,0,전남,나주시,1,11,0,0,0,0,1,126.7098,35.007,전남나주시,0,승용차없음,0,0,0,33,0,0
2014-02-26,0,2,1,1,0,0,0,전남,함평군,1,11,0,0,0,0,1,126.4791,35.1107,전남함평군,0,승용차없음,0,0,0,157,0,0
2014-02-27,1,3,1,2,1,0,0,서울,강동구,1,1,0,2,4,7,5,127.1372,37.5671,서울강동구,0,자전거자전거,0,0,0,91,0,0
2014-02-28,0,4,1,1,0,0,0,충남,당진시,1,10,0,2,4,4,1,126.6566,36.9255,충남당진시,0,이륜차없음,0,0,0,46,0,0
2014-03-03,1,0,1,1,0,0,0,경기,가평군,1,11,0,0,0,4,1,127.3836,37.826,경기가평군,0,이륜차없음,0,0,0,176,0,0
2014-02-27,0,3,1,1,0,0,0,경북,영주시,1,5,0,0,0,4,3,128.5258,36.8763,경북영주시,0,이륜차화물차,0,0,0,113,0,0
2014-03-04,1,1,1,1,0,0,0,경기,광명시,1,5,0,0,0,0,3,126.8631,37.4665,경기광명시,0,승용차화물차,0,0,0,81,0,0
2014-03-20,0,3,1,1,0,0,0,충남,당진시,1,9,0,2,4,1,8,126.76,36.8988,충남당진시,0,화물차농기계,0,0,0,46,0,0
2014-03-06,0,3,1,1,0,0,0,경남,진주시,1,1,0,1,1,1,7,128.0655,35.216,경남진주시,0,화물차원동기장치자전거,0,0,0,42,0,0
2013-12-23,1,0,1,1,0,0,0,전북,익산시,1,10,0,1,2,1,1,126.9678,36.0716,전북익산시,0,화물차없음,0,0,0,125,0,0
2013-12-21,1,5,1,1,0,0,0,경남,김해시,1,6,0,1,2,0,1,128.8998,35.2615,경남김해시,0,승용차없음,0,1,0,13,0,0
2013-11-01,1,4,1,1,0,0,0,울산,울주군,1,7,5,0,0,4,2,129.2291,35.4391,울산울주군,0,이륜차승용차,0,0,0,17,0,0
2013-11-01,1,4,1,1,0,0,0,충남,당진시,1,11,0,1,2,6,1,126.55,36.8807,충남당진시,0,원동기장치자전거없음,0,0,0,46,0,0
2013-11-01,1,4,1,1,0,0,0,강원,양양군,1,6,0,0,0,4,1,128.6512,38.0525,강원양양군,0,이륜차없음,0,0,0,164,0,0