발생년월일,주야,요일,사망자수,사상자수,중상자수,경상자수,부상신고자수,발생지시도,발생지시군구,사고유형_대분류,사고유형_중분류,법규위반,도로형태_대분류,도로형태,당사자종별_1당_대분류,당사자종별_2당_대분류,경도,위도,발생지,사고피해정도,사고차량타입,도시여부,주말/공휴일,인구수,발생지번호,보행자의위치,무단횡단여부
2013-11-01,0,4,1,1,0,0,0,대전,서구,1,5,0,0,0,0,2,127.3901,36.3586,대전서구,0,승용차승용차,0,0,0,4,0,0
2013-11-04,0,0,1,1,0,0,0,경북,포항시,1,11,0,0,0,0,1,129.3636,36.001,경북포항시,0,승용차없음,0,0,0,160,0,0
2013-11-09,0,5,1,1,0,0,0,충남,아산시,1,6,0,0,0,0,1,127.049,36.8448,충남아산시,0,승용차없음,0,1,0,53,0,0
2013-11-10,0,6,1,3,2,0,0,경기,평택시,1,11,0,0,0,1,1,126.894,37.0467,경기평택시,1,화물차없음,0,1,0,14,0,0
2013-11-07,0,3,1,1,0,0,0,충남,예산군,1,6,0,0,0,1,1,126.7851,36.5735,충남예산군,0,화물차없음,0,0,0,187,0,0
2014-03-22,1,5,1,4,1,2,0,서울,노원구,1,1,5,0,0,0,2,127.0631,37.6201,서울노원구,1,승용차승용차,0,1,0,18,0,0
2014-03-22,1,5,1,1,0,0,0,울산,동구,1,5,3,0,0,4,6,129.4293,35.5029,울산동구,0,이륜차승합차,0,1,0,225,0,0
2014-03-18,1,1,1,2,0,1,0,전남,나주시,1,1,5,1,2,3,11,126.8824,34.9818,전남나주시,0,건설기계특수차,0,0,0,33,0,0
2014-03-19,0,2,3,11,7,1,0,서울,송파구,1,5,0,0,0,2,2,127.1064,37.5153,서울송파구,2,승합차승용차,0,0,0,156,0,0
2013-12-26,0,3,1,1,0,0,0,경기,평택시,1,6,0,0,0,0,1,127.0836,37.0245,경기평택시,0,승용차없음,0,0,0,14,0,0
2013-12-19,1,3,1,1,0,0,0,서울,동작구,1,7,0,0,0,3,5,126.9415,37.5136,서울동작구,0,건설기계자전거,0,0,0,93,0,0
2013-12-24,1,1,1,1,0,0,0,서울,도봉구,1,7,6,1,1,7,2,127.0375,37.6628,서울도봉구,0,자전거승용차,0,0,0,98,0,0
2013-12-26,1,3,1,1,0,0,0,경남,의령군,1,10,0,0,0,1,1,128.3256,35.3696,경남의령군,0,화물차없음,0,0,0,189,0,0
2013-12-08,0,6,1,2,1,0,0,서울,송파구,1,7,0,0,0,4,6,127.1427,37.5006,서울송파구,0,이륜차승합차,0,1,0,156,0,0
2013-12-09,0,0,1,3,1,1,0,경북,영천시,1,1,0,0,0,3,2,128.9259,36.0329,경북영천시,0,건설기계승용차,0,0,0,5,0,0
2013-12-14,0,5,1,4,2,1,0,경기,안산시,1,10,0,0,0,0,1,126.852,37.3092,경기안산시,1,승용차없음,0,1,0,2,0,0
2013-12-12,0,3,1,1,0,0,0,전북,익산시,1,9,5,1,2,0,4,126.9631,35.9416,전북익산시,0,승용차이륜차,0,0,0,125,0,0
2013-12-12,0,3,1,2,0,0,1,경기,안양시,1,9,5,0,0,0,6,126.9097,37.3907,경기안양시,0,승용차승합차,0,0,0,151,0,0
2013-12-12,1,3,1,3,2,0,0,강원,고성군,1,10,0,0,0,0,1,128.4489,38.3001,강원고성군,1,승용차없음,0,0,0,217,0,0
2014-03-03,0,0,1,1,0,0,0,부산,강서구,1,11,0,0,0,0,1,128.8911,35.1422,부산강서구,0,승용차없음,0,0,0,206,0,0
2013-11-21,1,3,1,1,0,0,0,경북,봉화군,1,5,0,0,0,1,8,128.8689,36.9203,경북봉화군,0,화물차농기계,0,0,0,149,0,0
2013-11-17,1,6,1,1,0,0,0,충북,청원군,1,7,6,1,1,0,7,127.5264,36.7066,충북청주시,0,승용차원동기장치자전거,0,1,0,83,0,0
2013-11-18,1,0,1,1,0,0,0,경북,영덕군,1,7,0,1,1,0,2,129.401,36.5814,경북영덕군,0,승용차승용차,0,0,0,54,0,0
2013-11-21,1,3,1,1,0,0,0,충남,서천군,1,7,0,1,2,0,4,126.6936,36.0743,충남서천군,0,승용차이륜차,0,0,0,10,0,0
2013-11-22,1,4,1,1,0,0,0,충남,당진시,1,5,0,0,0,1,3,126.8007,36.8795,충남당진시,0,화물차화물차,0,0,0,46,0,0
2013-11-29,1,4,1,1,0,0,0,경남,통영시,1,1,0,0,0,9,1,128.3914,34.8549,경남통영시,0,농기계없음,0,0,0,212,0,0
2013-11-29,1,4,1,1,0,0,0,충북,청원군,1,1,0,1,2,1,3,127.4389,36.7155,충북청주시,0,화물차화물차,0,0,0,83,0,0
2013-12-01,0,6,1,3,0,2,0,강원,춘천시,1,7,0,0,0,1,2,127.5762,37.8379,강원춘천시,0,화물차승용차,0,1,0,111,0,0
2013-12-01,0,6,1,1,0,0,0,경기,양주시,1,10,0,0,0,0,1,126.9255,37.8061,경기양주시,0,승용차없음,0,1,0,59,0,0
2013-10-27,0,6,1,2,1,0,0,전북,익산시,1,7,8,1,1,0,4,127.0604,35.9191,전북익산시,0,승용차이륜차,0,1,0,125,0,0
2013-10-24,1,3,1,1,0,0,0,강원,영월군,1,10,0,0,0,1,1,128.3783,37.1918,강원영월군,0,화물차없음,0,0,0,114,0,0
2013-10-31,0,3,1,1,0,0,0,부산,해운대구,1,10,0,2,4,4,1,129.1652,35.1664,부산해운대구,0,이륜차없음,0,0,0,1,0,0
2013-10-29,0,1,1,1,0,0,0,경기,안산시,1,6,6,1,2,4,1,126.8418,37.3148,경기안산시,0,이륜차없음,0,0,0,2,0,0
2013-11-06,0,2,1,1,0,0,0,전북,남원시,1,11,0,0,0,0,1,127.5508,35.4497,전북남원시,0,승용차없음,0,0,0,193,0,0
2013-11-05,0,1,1,1,0,0,0,충북,음성군,1,5,0,0,0,0,8,127.5326,37.0094,충북음성군,0,승용차농기계,0,0,0,110,0,0
2013-11-05,0,1,1,1,0,0,0,충남,아산시,1,5,0,2,4,1,3,127.0481,36.798,충남아산시,0,화물차화물차,0,0,0,53,0,0
2013-11-10,1,6,1,1,0,0,0,강원,정선군,1,10,0,2,4,0,1,128.6796,37.3065,강원정선군,0,승용차없음,0,1,0,198,0,0
2013-11-10,0,6,1,1,0,0,0,경기,이천시,1,6,0,1,2,0,1,127.4686,37.2819,경기이천시,0,승용차없음,0,1,0,41,0,0
2013-11-09,1,5,1,1,0,0,0,충남,공주시,1,11,0,0,0,9,1,126.904,36.5014,충남공주시,0,농기계없음,0,1,0,19,0,0
2013-11-07,0,3,1,2,0,1,0,전남,곡성군,1,5,0,1,2,4,2,127.2795,35.1298,전남곡성군,0,이륜차승용차,0,0,0,147,0,0
2013-11-07,1,3,1,2,0,1,0,전남,장흥군,1,11,0,0,0,0,1,126.954,34.5289,전남장흥군,0,승용차없음,0,0,0,56,0,0
2012-06-30,0,5,2,2,0,0,0,경기,화성시,1,11,0,0,0,0,1,126.7968,37.0335,경기화성시,0,승용차없음,0,1,0,50,0,0
2012-06-29,1,4,1,1,0,0,0,경북,경주시,1,1,0,1,1,1,5,129.207,35.8447,경북경주시,0,화물차자전거,0,0,0,100,0,0
2012-07-05,1,3,1,18,0,16,1,울산,북구,1,9,7,1,1,2,3,129.3674,35.5715,울산북구,2,승합차화물차,0,0,0,158,0,0
2012-07-02,1,0,1,2,1,0,0,서울,금천구,1,10,0,0,0,4,1,126.9192,37.4542,서울금천구,0,이륜차없음,0,0,0,109,0,0
2012-07-02,1,0,1,4,1,2,0,경기,이천시,1,10,0,0,0,0,1,127.596,37.1508,경기이천시,1,승용차없음,0,0,0,41,0,0
2012-07-06,0,4,2,2,0,0,0,서울,서초구,1,6,0,0,0,0,1,127.0776,37.4488,서울서초구,0,승용차없음,0,0,0,214,0,0
2012-07-13,1,4,1,2,0,1,0,인천,옹진군,1,9,5,0,0,1,2,124.712,37.9684,인천옹진군,0,화물차승용차,0,0,0,186,0,0
2012-07-13,0,4,1,2,1,0,0,경기,고양시,1,6,0,0,0,0,1,126.9091,37.6457,경기고양시,0,승용차없음,0,0,0,40,0,0
2012-07-21,0,5,1,2,0,1,0,경기,광명시,1,6,0,0,0,6,1,126.8873,37.4329,경기광명시,0,원동기장치자전거없음,0,1,0,81,0,0
2012-07-22,1,6,1,1,0,0,0,서울,강남구,1,6,0,0,0,6,1,127.0955,37.4654,서울강남구,0,원동기장치자전거없음,0,1,0,89,0,0
2012-07-21,0,5,1,1,0,0,0,경남,함양군,1,1,0,0,0,6,1,127.7922,35.633,경남함양군,0,원동기장치자전거없음,0,1,0,108,0,0
2012-07-24,1,1,1,1,0,0,0,전북,부안군,1,10,0,0,0,1,1,126.7006,35.7027,전북부안군,0,화물차없음,0,0,0,185,0,0
2012-07-24,1,1,1,3,1,1,0,경북,경산시,1,1,0,1,2,1,3,128.8085,35.8235,경북경산시,0,화물차화물차,0,0,0,52,0,0
2012-07-24,0,0,1,9,7,1,0,경기,안양시,1,7,9,1,1,7,6,126.971,37.4048,경기안양시,2,자전거승합차,0,0,0,151,0,0
2012-07-28,0,5,1,1,0,0,0,충남,서산시,1,1,0,1,1,1,5,126.5897,36.7928,충남서산시,0,화물차자전거,0,1,0,69,0,0
2013-03-12,0,1,1,6,4,1,0,경기,김포시,1,1,5,0,0,0,2,126.5874,37.6961,경기김포시,1,승용차승용차,0,0,0,47,0,0
2013-03-19,1,1,1,4,3,0,0,경북,포항시,1,1,0,1,1,1,3,129.1983,36.1929,경북포항시,1,화물차화물차,0,0,0,160,0,0
2013-03-17,1,6,1,1,0,0,0,충남,서천군,1,10,0,1,2,9,1,126.77,36.1436,충남서천군,0,농기계없음,0,1,0,10,0,0
2013-03-18,1,0,1,1,0,0,0,경기,파주시,1,6,0,0,0,0,1,126.8329,37.9312,경기파주시,0,승용차없음,0,0,0,175,0,0
2013-03-18,1,0,1,1,0,0,0,충남,청양군,1,1,0,0,0,9,1,126.9839,36.3899,충남청양군,0,농기계없음,0,0,0,174,0,0
2013-12-26,1,3,1,2,1,0,0,전북,전주시,1,7,6,1,1,1,7,127.1107,35.851,전북전주시,0,화물차원동기장치자전거,0,0,0,11,0,0
2013-12-22,0,6,1,1,0,0,0,경남,남해군,1,1,0,2,4,0,1,128.0507,34.7941,경남남해군,0,승용차없음,0,1,0,197,0,0
2013-12-28,0,5,1,1,0,0,0,대구,동구,1,6,0,0,0,0,1,128.6894,35.954,대구동구,0,승용차없음,0,1,0,26,0,0
2013-12-13,0,4,1,1,0,0,0,강원,인제군,1,9,5,0,0,0,9,128.1031,38.1485,강원인제군,0,승용차건설기계,0,0,0,124,0,0
2013-12-11,1,2,1,3,2,0,0,전북,익산시,1,5,0,0,0,1,2,126.9369,35.922,전북익산시,1,화물차승용차,0,0,0,125,0,0
2013-12-08,1,6,1,2,0,1,0,경기,이천시,1,9,0,1,1,0,3,127.3962,37.2552,경기이천시,0,승용차화물차,0,1,0,41,0,0
2013-12-14,0,5,1,4,3,0,0,경기,의정부시,1,7,0,1,2,0,2,127.0498,37.7436,경기의정부시,1,승용차승용차,0,1,0,64,0,0
2014-02-18,1,1,1,2,1,0,0,강원,횡성군,1,11,0,0,0,1,1,128.1778,37.5237,강원횡성군,0,화물차없음,0,0,0,31,0,0
2014-02-16,1,6,1,1,0,0,0,충남,논산시,1,7,7,1,1,0,8,127.0705,36.1278,충남논산시,0,승용차농기계,0,1,0,61,0,0
2014-02-18,1,1,1,1,0,0,0,경기,안산시,1,7,0,1,1,2,5,126.8251,37.308,경기안산시,0,승합차자전거,0,0,0,2,0,0
2014-02-27,1,3,1,1,0,0,0,전남,진도군,1,7,6,1,1,1,4,126.194,34.4086,전남진도군,0,화물차이륜차,0,0,0,71,0,0
2014-02-25,0,1,1,4,0,3,0,광주,광산구,1,10,2,0,0,0,1,126.7422,35.1543,광주광산구,1,승용차없음,0,0,0,135,0,0
2014-02-26,1,2,1,1,0,0,0,전북,김제시,1,1,0,0,0,6,1,126.9887,35.7054,전북김제시,0,원동기장치자전거없음,0,0,0,34,0,0
2014-03-01,0,5,1,4,2,1,0,서울,영등포구,1,7,0,0,0,0,2,126.9146,37.5195,서울영등포구,1,승용차승용차,0,1,0,150,0,0
2014-03-01,0,5,1,3,2,0,0,경북,경산시,1,1,0,1,2,0,2,128.7806,35.8724,경북경산시,1,승용차승용차,0,1,0,52,0,0
2014-03-02,0,6,1,1,0,0,0,경남,함안군,1,6,0,0,0,0,1,128.5188,35.309,경남함안군,0,승용차없음,0,1,0,117,0,0
2013-12-24,0,1,1,1,0,0,0,대구,동구,1,1,0,0,0,0,3,128.7228,35.8685,대구동구,0,승용차화물차,0,0,0,26,0,0
2013-12-22,0,6,1,1,0,0,0,부산,북구,1,1,0,2,4,0,2,128.99,35.2066,부산북구,0,승용차승용차,0,1,0,118,0,0
2013-12-28,0,5,1,1,0,0,0,경남,김해시,1,6,0,0,0,0,1,128.7592,35.1824,경남김해시,0,승용차없음,0,1,0,13,0,0
2014-03-06,0,3,1,1,0,0,0,강원,원주시,1,9,5,0,0,0,2,127.934,37.3434,강원원주시,0,승용차승용차,0,0,0,36,0,0
2014-03-06,0,3,1,1,0,0,0,서울,강남구,1,7,3,0,0,0,4,127.021,37.5119,서울강남구,0,승용차이륜차,0,0,0,89,0,0
2014-03-05,0,2,1,3,1,1,0,경남,거제시,1,1,0,0,0,0,4,128.5585,34.9018,경남거제시,0,승용차이륜차,0,0,0,15,0,0
2014-03-05,0,2,2,4,2,0,0,충남,당진시,1,5,0,1,1,0,11,126.7111,36.9796,충남당진시,1,승용차특수차,0,0,0,46,0,0
2014-03-06,0,3,2,2,0,0,0,전남,목포시,1,7,0,1,2,0,2,126.4452,34.805,전남목포시,0,승용차승용차,0,0,0,153,0,0
2014-03-09,0,6,1,1,0,0,0,경남,진주시,1,10,0,0,0,0,1,128.0566,35.1823,경남진주시,0,승용차없음,0,1,0,42,0,0
2014-03-21,1,4,1,1,0,0,0,경기,남양주시,1,5,0,0,0,4,9,127.2187,37.6354,경기남양주시,0,이륜차건설기계,0,0,0,70,0,0
2014-03-19,1,2,1,1,0,0,0,충남,당진시,1,9,4,0,0,1,6,126.7486,36.797,충남당진시,0,화물차승합차,0,0,0,46,0,0
2014-03-19,1,2,1,1,0,0,0,경기,양주시,1,5,0,1,1,6,3,126.9944,37.8275,경기양주시,0,원동기장치자전거화물차,0,0,0,59,0,0
2014-03-07,1,4,1,1,0,0,0,충남,당진시,1,10,0,0,0,0,1,126.5932,36.93,충남당진시,0,승용차없음,0,0,0,46,0,0
2014-03-08,0,5,1,1,0,0,0,인천,서구,1,10,0,0,0,0,1,126.6435,37.5703,인천서구,0,승용차없음,0,1,0,97,0,0
2014-03-06,1,3,1,1,0,0,0,서울,송파구,1,7,5,0,0,7,6,127.1224,37.5355,서울송파구,0,자전거승합차,0,0,0,156,0,0
2014-03-03,1,0,1,13,4,8,0,제주,서귀포시,1,5,0,0,0,3,2,126.4644,33.2531,제주서귀포시,2,건설기계승용차,0,0,0,62,0,0
2013-12-20,0,4,1,1,0,0,0,전북,임실군,1,5,0,0,0,1,2,127.3454,35.5093,전북임실군,0,화물차승용차,0,0,0,152,0,0
2013-12-20,0,4,1,5,3,1,0,전남,고흥군,1,1,5,0,0,0,6,127.3575,34.6989,전남고흥군,1,승용차승합차,0,0,0,191,0,0
2012-09-28,1,4,1,1,0,0,0,경남,창녕군,1,7,0,0,0,1,8,128.3629,35.5856,경남창녕군,0,화물차농기계,0,0,0,211,0,0
2012-10-04,0,3,1,2,0,1,0,경기,평택시,1,1,6,1,1,7,6,127.1234,36.9913,경기평택시,0,자전거승합차,0,0,0,14,0,0
2012-11-22,0,3,1,1,0,0,0,전북,순창군,1,5,0,0,0,0,8,127.1056,35.3689,전북순창군,0,승용차농기계,0,0,0,131,0,0
2012-11-23,1,4,1,11,9,1,0,충남,논산시,1,1,0,0,0,0,3,127.1308,36.3148,충남논산시,2,승용차화물차,0,0,0,61,0,0
2012-11-27,1,1,1,1,0,0,0,경기,광명시,1,7,0,1,1,0,5,126.8836,37.4489,경기광명시,0,승용차자전거,0,0,0,81,0,0
2012-11-06,0,1,1,1,0,0,0,서울,은평구,1,1,0,0,0,4,1,126.9183,37.6157,서울은평구,0,이륜차없음,0,0,0,139,0,0
2012-11-06,0,1,1,1,0,0,0,서울,은평구,1,6,0,1,2,0,1,126.9199,37.6261,서울은평구,0,승용차없음,0,0,0,139,0,0
2012-11-10,0,5,1,2,1,0,0,전남,해남군,1,5,0,0,0,1,3,126.6485,34.5893,전남해남군,0,화물차화물차,0,1,0,119,0,0
2012-11-13,1,1,1,1,0,0,0,전남,곡성군,1,10,0,2,4,9,1,127.1714,35.2891,전남곡성군,0,농기계없음,0,0,0,147,0,0
2012-10-26,1,4,1,1,0,0,0,전북,군산시,1,7,6,1,1,4,2,126.6861,35.9406,전북군산시,0,이륜차승용차,0,0,0,166,0,0
2012-10-27,0,5,1,1,0,0,0,대전,서구,1,6,0,1,2,4,1,127.4017,36.3447,대전서구,0,이륜차없음,0,1,0,4,0,0
2012-10-27,0,5,1,1,0,0,0,대구,달서구,1,1,0,0,0,0,2,128.512,35.8062,대구달서구,0,승용차승용차,0,1,0,20,0,0
2012-10-06,0,5,1,1,0,0,0,충남,아산시,1,11,0,0,0,4,1,126.9228,36.8781,충남아산시,0,이륜차없음,0,1,0,53,0,0
2013-11-08,0,4,1,1,0,0,0,전남,신안군,1,1,0,2,4,8,1,125.9582,34.7697,전남신안군,0,기타없음,0,0,0,132,0,0
2013-11-24,0,6,1,2,0,1,0,전북,전주시,1,5,2,1,2,0,2,127.1139,35.819,전북전주시,0,승용차승용차,0,1,0,11,0,0
2013-11-25,1,0,1,1,0,0,0,경북,칠곡군,1,6,0,0,0,1,1,128.5499,36.1044,경북칠곡군,0,화물차없음,0,0,0,21,0,0
2013-10-30,1,2,1,1,0,0,0,강원,원주시,1,10,0,0,0,4,1,128.0592,37.432,강원원주시,0,이륜차없음,0,0,0,36,0,0
2013-10-31,1,3,1,1,0,0,0,충북,청주시,1,7,0,0,0,0,7,127.4716,36.7033,충북청주시,0,승용차원동기장치자전거,0,0,0,83,0,0
2013-11-01,1,4,1,1,0,0,0,인천,계양구,1,9,6,0,3,1,5,126.7335,37.5432,인천계양구,0,화물차자전거,0,0,0,7,0,0
2013-11-02,1,5,1,4,2,1,0,경북,김천시,1,7,0,0,0,0,2,128.0996,36.2185,경북김천시,1,승용차승용차,0,1,0,76,0,0
2013-11-02,1,5,1,1,0,0,0,경남,창원시(통합),1,5,0,1,2,0,6,128.7068,35.1504,경남창원시(통합),0,승용차승합차,0,1,0,86,0,0
2013-11-08,0,4,1,2,1,0,0,경남,김해시,1,11,0,1,1,0,1,128.7493,35.2601,경남김해시,0,승용차없음,0,0,0,13,0,0
2013-11-16,1,5,1,3,2,0,0,울산,울주군,1,5,3,1,2,1,3,129.1727,35.609,울산울주군,1,화물차화물차,0,1,0,17,0,0
2013-11-14,1,3,1,3,0,2,0,강원,횡성군,1,5,0,1,2,1,3,127.9644,37.538,강원횡성군,0,화물차화물차,0,0,0,31,0,0
2013-11-19,0,1,1,1,0,0,0,서울,중구,1,7,3,0,0,4,6,126.9781,37.5608,서울중구,0,이륜차승합차,0,0,0,8,0,0
2013-11-20,0,2,1,4,0,3,0,충남,천안시,1,1,0,1,1,0,3,127.1196,36.8394,충남천안시,1,승용차화물차,0,0,0,63,0,0
2013-11-20,0,2,1,2,1,0,0,대구,수성구,1,6,0,1,1,4,1,128.6707,35.8347,대구수성구,0,이륜차없음,0,0,0,37,0,0
2013-12-03,1,1,1,1,0,0,0,경기,남양주시,1,10,0,0,0,2,1,127.3512,37.6329,경기남양주시,0,승합차없음,0,0,0,70,0,0
2013-12-04,1,2,1,1,0,0,0,경북,의성군,1,11,0,0,0,1,1,128.6848,36.4221,경북의성군,0,화물차없음,0,0,0,105,0,0
2013-12-04,0,2,1,1,0,0,0,강원,횡성군,1,7,7,1,1,1,7,127.9888,37.4899,강원횡성군,0,화물차원동기장치자전거,0,0,0,31,0,0
2012-04-13,0,4,1,1,0,0,0,전북,군산시,1,5,0,0,0,0,11,126.64,35.9698,전북군산시,0,승용차특수차,0,0,0,166,0,0
2012-01-17,0,1,1,2,0,1,0,경기,동두천시,1,5,0,1,2,1,2,127.0572,37.8924,경기동두천시,0,화물차승용차,0,0,0,94,0,0
2012-08-06,0,0,1,1,0,0,0,충남,당진시,1,11,0,0,0,9,1,126.5779,36.9465,충남당진시,0,농기계없음,0,0,0,46,0,0
2013-12-30,0,0,1,1,0,0,0,경남,김해시,1,1,0,1,2,0,2,128.7958,35.2937,경남김해시,0,승용차승용차,0,0,0,13,0,0
2013-12-31,0,1,1,1,0,0,0,경남,김해시,1,6,0,1,1,0,1,128.8344,35.2776,경남김해시,0,승용차없음,0,0,0,13,0,0
2013-12-21,1,5,1,1,0,0,0,인천,중구,1,6,0,0,0,0,1,126.4911,37.4888,인천중구,0,승용차없음,0,1,0,72,0,0
2013-11-26,0,1,1,2,1,0,0,충남,당진시,1,9,5,2,4,9,2,126.7559,36.8396,충남당진시,0,농기계승용차,0,0,0,46,0,0
2013-11-24,1,6,1,1,0,0,0,충남,예산군,1,1,0,0,0,3,5,126.775,36.5471,충남예산군,0,건설기계자전거,0,1,0,187,0,0
2013-11-24,0,6,1,3,1,1,0,경북,경산시,1,6,0,0,0,0,1,128.839,35.8056,경북경산시,0,승용차없음,0,1,0,52,0,0
2013-11-25,1,0,1,1,0,0,0,전북,정읍시,1,5,2,0,0,0,5,126.8744,35.5971,전북정읍시,0,승용차자전거,0,0,0,12,0,0
2013-03-24,1,6,1,1,0,0,0,전북,군산시,1,7,8,1,1,4,3,126.5817,35.9604,전북군산시,0,이륜차화물차,0,1,0,166,0,0
2013-03-26,1,1,1,1,0,0,0,전남,나주시,1,6,0,2,4,9,1,126.7515,34.9846,전남나주시,0,농기계없음,0,0,0,33,0,0
2013-03-25,0,0,1,3,2,0,0,충북,증평군,1,7,6,1,1,0,2,127.5836,36.7872,충북증평군,1,승용차승용차,0,0,0,138,0,0
2013-03-25,1,0,2,8,4,2,0,부산,서구,1,9,5,0,0,1,6,129.013,35.1163,부산서구,2,화물차승합차,0,0,0,226,0,0
2013-03-31,0,6,1,1,0,0,0,대구,북구,1,5,0,0,3,1,3,128.5412,35.9369,대구북구,0,화물차화물차,0,1,0,112,0,0
2013-03-28,0,3,1,2,1,0,0,세종,세종,1,1,0,1,2,0,1,127.2987,36.5036,세종세종,0,승용차없음,1,0,0,229,0,0
2013-03-27,0,2,1,1,0,0,0,경기,화성시,1,1,0,0,0,4,1,127.0857,37.2129,경기화성시,0,이륜차없음,0,0,0,50,0,0
2013-03-27,0,2,1,6,1,4,0,경남,밀양시,1,1,5,0,0,0,2,128.6916,35.3833,경남밀양시,1,승용차승용차,0,0,0,177,0,0
2013-04-04,0,3,1,2,1,0,0,광주,북구,1,1,0,2,4,1,7,126.8771,35.1849,광주북구,0,화물차원동기장치자전거,0,0,0,137,0,0
2013-02-22,0,4,1,1,0,0,0,부산,금정구,1,1,0,1,2,0,7,129.0917,35.2661,부산금정구,0,승용차원동기장치자전거,0,0,0,96,0,0
2013-02-27,0,2,1,1,0,0,0,충북,영동군,1,1,0,0,0,0,1,127.8022,36.2191,충북영동군,0,승용차없음,0,0,0,75,0,0
2013-03-03,0,6,1,1,0,0,0,대구,수성구,1,1,0,0,0,4,1,128.6161,35.8467,대구수성구,0,이륜차없음,0,1,0,37,0,0
2013-03-08,1,4,1,1,0,0,0,충북,충주시,1,5,0,1,1,0,7,127.9229,37.0066,충북충주시,0,승용차원동기장치자전거,0,0,0,6,0,0
2013-03-07,0,3,1,3,2,0,0,경북,구미시,1,1,5,0,0,0,2,128.3659,36.0867,경북구미시,1,승용차승용차,0,0,0,144,0,0
2013-03-04,1,0,1,1,0,0,0,강원,삼척시,1,6,0,0,0,9,1,129.2219,37.3809,강원삼척시,0,농기계없음,0,0,0,78,0,0
2013-03-11,1,0,1,1,0,0,0,경북,포항시,1,6,0,0,0,5,1,129.3623,36.1665,경북포항시,0,특수차없음,0,0,0,160,0,0
2013-03-11,1,0,1,2,1,0,0,전남,여수시,1,11,0,0,0,0,1,127.6813,34.8212,전남여수시,0,승용차없음,0,0,0,102,0,0
2013-07-20,0,5,1,2,0,1,0,경기,안산시,1,5,2,1,2,0,3,126.7624,37.3168,경기안산시,0,승용차화물차,0,1,0,2,0,0
2013-07-27,1,5,1,1,0,0,0,충북,괴산군,1,7,0,1,1,4,2,128.0056,36.754,충북괴산군,0,이륜차승용차,0,1,0,179,0,0
2013-07-27,0,5,1,1,0,0,0,충남,서산시,1,10,0,0,0,4,1,126.5362,36.6578,충남서산시,0,이륜차없음,0,1,0,69,0,0
2013-08-03,1,5,1,2,1,0,0,경기,안산시,1,7,6,1,1,1,2,126.8502,37.333,경기안산시,0,화물차승용차,0,1,0,2,0,0
2013-07-30,0,1,1,1,0,0,0,경기,화성시,1,7,0,0,0,1,8,126.6812,37.1901,경기화성시,0,화물차농기계,0,0,0,50,0,0
2013-07-31,0,2,1,1,0,0,0,충북,청원군,1,6,0,1,1,0,1,127.5227,36.7357,충북청주시,0,승용차없음,0,0,0,83,0,0
2014-03-15,0,5,2,2,0,0,0,경기,화성시,1,6,0,0,0,0,1,126.9094,37.0937,경기화성시,0,승용차없음,0,1,0,50,0,0
2014-03-15,0,5,1,1,0,0,0,전북,익산시,1,7,10,0,0,4,2,127.0485,35.9859,전북익산시,0,이륜차승용차,0,1,0,125,0,0
2014-03-15,0,5,1,4,3,0,0,경남,함안군,1,9,5,0,0,0,2,128.37,35.2744,경남함안군,1,승용차승용차,0,1,0,117,0,0
2014-03-10,0,0,1,1,0,0,0,충남,예산군,1,6,0,0,0,1,1,126.7569,36.6641,충남예산군,0,화물차없음,0,0,0,187,0,0
2014-03-14,1,4,1,1,0,0,0,경북,상주시,1,1,3,0,0,6,2,128.1957,36.4183,경북상주시,0,원동기장치자전거승용차,0,0,0,58,0,0
2013-12-29,0,6,1,3,2,0,0,경기,남양주시,1,1,0,1,2,0,11,127.1982,37.6216,경기남양주시,1,승용차특수차,0,1,0,70,0,0
2014-03-12,0,2,1,1,0,0,0,강원,춘천시,1,6,0,0,0,0,1,127.6327,38.0149,강원춘천시,0,승용차없음,0,0,0,111,0,0
2014-03-23,1,6,1,1,0,0,0,경북,구미시,1,1,0,0,0,0,5,128.3319,36.2035,경북구미시,0,승용차자전거,0,1,0,144,0,0
2013-12-24,0,1,1,1,0,0,0,경북,경주시,1,6,0,1,1,2,1,129.2453,35.9203,경북경주시,0,승합차없음,0,0,0,100,0,0
2013-12-28,0,5,1,1,0,0,0,경기,양주시,1,6,0,0,0,0,1,126.9618,37.8065,경기양주시,0,승용차없음,0,1,0,59,0,0
2013-12-28,0,5,1,1,0,0,0,경기,화성시,1,10,0,0,0,4,1,126.8409,37.0338,경기화성시,0,이륜차없음,0,1,0,50,0,0
2013-12-25,0,2,1,1,0,0,0,충남,아산시,1,5,0,0,0,0,3,126.9661,36.8386,충남아산시,0,승용차화물차,0,1,0,53,0,0
2012-10-23,0,1,1,2,1,0,0,경기,김포시,1,1,7,1,1,6,3,126.5742,37.6121,경기김포시,0,원동기장치자전거화물차,0,0,0,47,0,0
2012-10-06,1,5,1,1,0,0,0,전남,진도군,1,5,3,1,1,0,4,126.3045,34.5293,전남진도군,0,승용차이륜차,0,1,0,71,0,0
2012-10-07,1,6,1,1,0,0,0,경기,광명시,1,5,10,1,2,7,6,126.8861,37.4315,경기광명시,0,자전거승합차,0,1,0,81,0,0