발생년월일,주야,요일,사망자수,사상자수,중상자수,경상자수,부상신고자수,발생지시도,발생지시군구,사고유형_대분류,사고유형_중분류,법규위반,도로형태_대분류,도로형태,당사자종별_1당_대분류,당사자종별_2당_대분류,경도,위도,발생지,사고피해정도,사고차량타입,도시여부,주말/공휴일,인구수,발생지번호,보행자의위치,무단횡단여부
2013-10-20,0,6,1,1,0,0,0,전남,나주시,1,11,0,1,2,9,1,126.7033,35.0762,전남나주시,0,농기계없음,0,1,0,33,0,0
2013-10-21,1,0,1,1,0,0,0,대전,서구,1,5,5,0,0,0,6,127.3505,36.3057,대전서구,0,승용차승합차,0,0,0,4,0,0
2013-10-20,0,6,1,1,0,0,0,경기,안성시,1,6,0,1,1,0,1,127.23,37.0138,경기안성시,0,승용차없음,0,1,0,23,0,0
2013-10-20,0,6,1,3,2,0,0,광주,광산구,1,6,0,0,0,0,1,126.7978,35.1435,광주광산구,1,승용차없음,0,1,0,135,0,0
2013-08-31,1,5,1,4,2,1,0,경남,거제시,1,10,0,0,0,0,1,128.595,34.8227,경남거제시,1,승용차없음,0,1,0,15,0,0
2013-09-07,0,5,1,1,0,0,0,충남,홍성군,1,6,0,1,2,0,1,126.6537,36.6056,충남홍성군,0,승용차없음,0,1,0,38,0,0
2013-09-06,0,4,1,2,0,1,0,경기,포천시,1,7,6,1,1,6,2,127.1395,37.822,경기포천시,0,원동기장치자전거승용차,0,0,0,171,0,0
2013-09-15,0,6,1,1,0,0,0,강원,영월군,1,5,0,2,4,1,2,128.3236,37.1836,강원영월군,0,화물차승용차,0,1,0,114,0,0
2013-09-26,1,3,1,1,0,0,0,광주,남구,1,1,0,1,2,7,2,126.9169,35.135,광주남구,0,자전거승용차,0,0,0,190,0,0
2013-09-25,0,2,1,1,0,0,0,경남,함안군,1,1,0,0,0,0,5,128.3558,35.3141,경남함안군,0,승용차자전거,0,0,0,117,0,0
2013-09-26,1,3,1,1,0,0,0,경북,경주시,1,1,0,0,0,1,7,129.5072,35.8221,경북경주시,0,화물차원동기장치자전거,0,0,0,100,0,0
2013-09-24,0,1,1,2,1,0,0,전남,해남군,1,5,0,0,0,1,3,126.3605,34.5909,전남해남군,0,화물차화물차,0,0,0,119,0,0
2013-10-01,1,1,1,1,0,0,0,경기,남양주시,1,6,0,0,0,0,1,127.2014,37.6421,경기남양주시,0,승용차없음,0,0,0,70,0,0
2013-10-03,1,3,1,2,1,0,0,전남,구례군,1,1,0,0,0,6,1,127.5574,35.1679,전남구례군,0,원동기장치자전거없음,0,1,0,161,0,0
2013-10-04,1,4,1,1,0,0,0,충북,영동군,1,6,0,1,1,1,1,127.8007,36.2786,충북영동군,0,화물차없음,0,0,0,75,0,0
2012-08-04,0,5,1,1,0,0,0,부산,강서구,1,10,0,0,0,5,1,128.8272,35.0665,부산강서구,0,특수차없음,0,1,0,206,0,0
2012-08-01,1,2,1,2,0,1,0,전북,익산시,1,1,0,1,2,1,4,126.9936,36.0139,전북익산시,0,화물차이륜차,0,0,0,125,0,0
2012-06-18,1,0,1,1,0,0,0,충북,진천군,1,7,0,1,1,4,9,127.3778,36.8821,충북진천군,0,이륜차건설기계,0,0,0,60,0,0
2012-06-18,1,0,1,2,0,1,0,경남,함안군,1,9,0,0,0,3,3,128.3203,35.3194,경남함안군,0,건설기계화물차,0,0,0,117,0,0
2012-06-15,1,4,1,1,0,0,0,전남,나주시,1,10,0,0,0,4,1,126.6907,35.0029,전남나주시,0,이륜차없음,0,0,0,33,0,0
2012-06-23,0,5,1,1,0,0,0,전남,영암군,1,7,8,1,1,1,4,126.6402,34.7702,전남영암군,0,화물차이륜차,0,1,0,16,0,0
2012-06-27,0,2,1,1,0,0,0,서울,관악구,1,10,0,0,0,6,1,126.9335,37.4726,서울관악구,0,원동기장치자전거없음,0,0,0,188,0,0
2012-06-28,0,3,1,1,0,0,0,충남,천안시,1,1,0,1,1,1,2,127.2119,36.8936,충남천안시,0,화물차승용차,0,0,0,63,0,0
2012-06-28,0,3,1,1,0,0,0,경남,진주시,1,6,5,0,0,0,1,128.1334,35.2139,경남진주시,0,승용차없음,0,0,0,42,0,0
2012-09-03,1,0,1,1,0,0,0,울산,울주군,1,7,0,1,1,0,4,129.2454,35.5264,울산울주군,0,승용차이륜차,0,0,0,17,0,0
2012-09-10,0,0,1,2,0,1,0,경남,창원시(통합),1,5,0,1,2,1,3,128.633,35.2391,경남창원시(통합),0,화물차화물차,0,0,0,86,0,0
2012-09-07,0,4,1,1,0,0,0,경기,평택시,1,5,0,0,0,2,8,126.9437,37.0007,경기평택시,0,승합차농기계,0,0,0,14,0,0
2012-09-13,0,3,1,1,0,0,0,부산,사하구,1,1,0,0,0,7,1,128.9667,35.1055,부산사하구,0,자전거없음,0,0,0,25,0,0
2012-09-11,0,1,1,2,0,1,0,전북,완주군,1,10,0,0,0,6,1,127.2172,35.8543,전북완주군,0,원동기장치자전거없음,0,0,0,28,0,0
2012-09-16,1,6,1,1,0,0,0,전북,전주시,1,7,6,1,1,4,2,127.1495,35.8038,전북전주시,0,이륜차승용차,0,1,0,11,0,0
2012-09-22,1,5,1,1,0,0,0,충북,충주시,1,7,0,0,0,0,5,127.9119,36.9428,충북충주시,0,승용차자전거,0,1,0,6,0,0
2012-09-21,1,4,1,2,1,0,0,경기,남양주시,1,7,6,1,1,6,2,127.2594,37.6552,경기남양주시,0,원동기장치자전거승용차,0,0,0,70,0,0
2012-09-19,1,2,1,1,0,0,0,경기,남양주시,1,7,0,0,0,0,4,127.1281,37.6955,경기남양주시,0,승용차이륜차,0,0,0,70,0,0
2012-09-26,0,2,1,2,0,1,0,경북,경산시,1,1,5,0,0,0,6,128.7638,35.8449,경북경산시,0,승용차승합차,0,0,0,52,0,0
2012-08-07,0,1,1,2,0,1,0,경남,사천시,1,1,5,0,0,2,2,127.9762,35.0595,경남사천시,0,승합차승용차,0,0,0,57,0,0
2012-08-07,0,1,1,1,0,0,0,강원,춘천시,1,9,5,0,0,0,4,127.7475,37.915,강원춘천시,0,승용차이륜차,0,0,0,111,0,0
2012-08-05,1,6,2,3,1,0,0,충남,청양군,1,9,5,0,0,0,3,126.8899,36.4352,충남청양군,1,승용차화물차,0,1,0,174,0,0
2012-08-04,0,5,1,4,3,0,0,경북,상주시,1,9,7,1,1,1,6,128.1647,36.5573,경북상주시,1,화물차승합차,0,1,0,58,0,0
2012-08-04,0,5,1,1,0,0,0,충남,당진시,1,7,5,0,0,1,6,126.7136,36.9221,충남당진시,0,화물차승합차,0,1,0,46,0,0
2014-03-10,1,0,1,1,0,0,0,경기,성남시,1,7,0,0,0,2,5,127.1658,37.4601,경기성남시,0,승합차자전거,0,0,0,95,0,0
2014-03-17,1,0,1,1,0,0,0,전남,해남군,1,1,0,1,1,0,2,126.605,34.566,전남해남군,0,승용차승용차,0,0,0,119,0,0
2014-03-14,1,4,1,1,0,0,0,경남,거창군,1,7,0,0,3,0,5,127.9154,35.6891,경남거창군,0,승용차자전거,0,0,0,154,0,0
2014-03-17,1,0,1,1,0,0,0,경북,상주시,1,5,0,0,0,2,4,127.8932,36.6201,경북상주시,0,승합차이륜차,0,0,0,58,0,0
2014-03-15,1,5,1,1,0,0,0,서울,성동구,1,7,0,0,0,4,3,127.0199,37.538,서울성동구,0,이륜차화물차,0,1,0,84,0,0
2013-12-19,1,3,1,1,0,0,0,전북,진안군,1,11,0,0,0,0,1,127.5445,35.8332,전북진안군,0,승용차없음,0,0,0,192,0,0
2013-12-24,0,1,1,4,3,0,0,제주,제주시,1,7,2,0,0,0,2,126.6891,33.5456,제주제주시,1,승용차승용차,0,0,0,90,0,0
2013-12-28,0,5,1,1,0,0,0,경기,안양시,1,5,0,1,2,4,3,126.9043,37.4063,경기안양시,0,이륜차화물차,0,1,0,151,0,0
2013-12-23,1,0,1,1,0,0,0,충북,충주시,1,6,0,0,0,0,1,127.9346,37.0171,충북충주시,0,승용차없음,0,0,0,6,0,0
2013-12-30,0,0,1,5,2,2,0,서울,양천구,1,7,6,1,2,0,3,126.849,37.5279,서울양천구,1,승용차화물차,0,0,0,140,0,0
2013-12-09,0,0,1,1,0,0,0,제주,서귀포시,1,6,0,0,0,0,1,126.3123,33.2755,제주서귀포시,0,승용차없음,0,0,0,62,0,0
2013-12-08,0,6,1,2,0,1,0,충남,천안시,1,5,0,0,0,1,2,127.1462,36.8782,충남천안시,0,화물차승용차,0,1,0,63,0,0
2013-11-11,1,0,1,1,0,0,0,충북,충주시,1,7,6,1,1,1,7,127.9234,36.9687,충북충주시,0,화물차원동기장치자전거,0,0,0,6,0,0
2013-11-09,0,5,5,7,1,1,0,전남,화순군,1,1,5,1,2,0,11,127.0252,34.8655,전남화순군,2,승용차특수차,0,1,0,88,0,0
2013-11-09,0,5,1,3,0,2,0,서울,강남구,1,5,0,1,2,1,3,127.0584,37.4761,서울강남구,0,화물차화물차,0,1,0,89,0,0
2013-11-09,1,5,1,2,1,0,0,경기,화성시,1,5,0,0,0,0,2,126.8588,37.2276,경기화성시,0,승용차승용차,0,1,0,50,0,0
2013-12-18,0,2,1,1,0,0,0,전남,여수시,1,1,0,1,2,7,2,127.7194,34.7564,전남여수시,0,자전거승용차,0,0,0,102,0,0
2013-12-24,0,1,1,3,2,0,0,대전,유성구,1,7,3,1,2,0,6,127.3174,36.3117,대전유성구,1,승용차승합차,0,0,0,148,0,0
2013-12-12,1,3,1,3,0,2,0,울산,울주군,1,7,6,1,1,0,2,129.3505,35.4425,울산울주군,0,승용차승용차,0,0,0,17,0,0
2013-12-10,1,1,1,3,0,2,0,경기,화성시,1,7,0,1,2,1,3,126.9443,37.0917,경기화성시,0,화물차화물차,0,0,0,50,0,0
2013-12-11,1,2,1,1,0,0,0,서울,관악구,1,5,0,0,0,0,4,126.942,37.475,서울관악구,0,승용차이륜차,0,0,0,188,0,0
2013-12-09,0,0,1,4,0,3,0,경기,고양시,1,5,0,1,2,1,3,126.8983,37.624,경기고양시,1,화물차화물차,0,0,0,40,0,0
2013-12-29,0,6,1,1,0,0,0,경남,거제시,1,6,0,0,0,0,1,128.5786,34.8741,경남거제시,0,승용차없음,0,1,0,15,0,0
2013-12-19,1,3,1,3,2,0,0,경남,함안군,1,9,5,0,0,0,2,128.4597,35.3278,경남함안군,1,승용차승용차,0,0,0,117,0,0
2014-02-26,1,2,1,2,0,0,1,경기,용인시,1,7,6,1,1,1,3,127.4099,37.139,경기용인시,0,화물차화물차,0,0,0,51,0,0
2014-03-10,0,0,1,1,0,0,0,충남,홍성군,1,1,0,0,0,0,1,126.683,36.5883,충남홍성군,0,승용차없음,0,0,0,38,0,0
2014-03-19,1,2,1,1,0,0,0,전남,고흥군,1,7,0,1,1,0,4,127.3331,34.7795,전남고흥군,0,승용차이륜차,0,0,0,191,0,0
2014-03-19,1,2,1,1,0,0,0,전북,완주군,1,6,0,0,0,4,1,127.1155,35.7404,전북완주군,0,이륜차없음,0,0,0,28,0,0
2014-03-20,1,3,1,1,0,0,0,경기,화성시,1,1,5,0,0,4,1,126.7116,37.1835,경기화성시,0,이륜차없음,0,0,0,50,0,0
2014-03-07,1,4,1,1,0,0,0,서울,마포구,1,9,6,1,1,2,4,126.9343,37.5475,서울마포구,0,승합차이륜차,0,0,0,159,0,0
2014-03-05,0,2,1,1,0,0,0,대구,달성군,1,7,6,1,1,0,4,128.4677,35.8697,대구달성군,0,승용차이륜차,0,0,0,30,0,0
2014-03-05,0,2,1,2,0,1,0,광주,광산구,1,5,0,1,2,0,3,126.8014,35.1619,광주광산구,0,승용차화물차,0,0,0,135,0,0
2014-03-03,0,0,1,1,0,0,0,대구,동구,1,7,7,1,1,4,2,128.643,35.8832,대구동구,0,이륜차승용차,0,0,0,26,0,0
2013-12-20,0,4,1,1,0,0,0,서울,구로구,1,1,5,0,0,0,4,126.8432,37.4933,서울구로구,0,승용차이륜차,0,0,0,79,0,0
2013-12-21,0,5,1,1,0,0,0,서울,용산구,1,7,3,1,2,0,3,126.9809,37.5347,서울용산구,0,승용차화물차,0,1,0,134,0,0
2013-11-25,0,0,1,1,0,0,0,충남,당진시,1,6,0,0,0,0,1,126.626,36.8974,충남당진시,0,승용차없음,0,0,0,46,0,0
2013-12-02,1,0,1,1,0,0,0,경남,거제시,1,10,0,0,0,4,1,128.7126,34.8639,경남거제시,0,이륜차없음,0,0,0,15,0,0
2013-12-01,1,6,1,2,1,0,0,경남,김해시,1,6,0,0,0,0,1,128.8492,35.3283,경남김해시,0,승용차없음,0,1,0,13,0,0
2013-12-01,0,6,1,1,0,0,0,경기,남양주시,1,5,3,0,0,1,6,127.2724,37.6535,경기남양주시,0,화물차승합차,0,1,0,70,0,0
2013-11-05,1,1,1,1,0,0,0,전북,김제시,1,7,8,1,1,6,3,126.7919,35.8253,전북김제시,0,원동기장치자전거화물차,0,0,0,34,0,0
2013-11-05,1,1,1,2,0,1,0,경기,김포시,1,9,5,0,0,1,3,126.6484,37.7196,경기김포시,0,화물차화물차,0,0,0,47,0,0
2013-11-12,0,1,1,2,1,0,0,경기,고양시,1,6,0,0,0,0,1,126.8384,37.5908,경기고양시,0,승용차없음,0,0,0,40,0,0
2013-11-12,1,1,1,1,0,0,0,전남,담양군,1,1,0,0,0,1,8,127.0384,35.2896,전남담양군,0,화물차농기계,0,0,0,181,0,0
2013-11-11,1,0,1,2,1,0,0,경기,양평군,1,9,0,0,0,3,4,127.4138,37.6396,경기양평군,0,건설기계이륜차,0,0,0,48,0,0
2013-11-20,0,2,1,1,0,0,0,부산,사상구,1,6,0,0,0,0,1,128.976,35.1378,부산사상구,0,승용차없음,0,0,0,120,0,0
2013-11-19,1,1,1,1,0,0,0,경기,용인시,1,7,0,0,0,4,3,127.2066,37.162,경기용인시,0,이륜차화물차,0,0,0,51,0,0
2013-11-19,1,1,1,1,0,0,0,울산,북구,1,1,6,1,1,4,6,129.3677,35.5611,울산북구,0,이륜차승합차,0,0,0,158,0,0
2013-11-29,0,4,1,1,0,0,0,경북,구미시,1,1,0,0,0,1,5,128.4162,36.1597,경북구미시,0,화물차자전거,0,0,0,144,0,0
2013-11-30,0,5,1,4,1,2,0,서울,마포구,1,5,0,0,0,0,3,126.8597,37.5676,서울마포구,1,승용차화물차,0,1,0,159,0,0
2013-11-29,1,4,1,1,0,0,0,부산,강서구,1,1,0,0,0,3,5,128.9496,35.214,부산강서구,0,건설기계자전거,0,0,0,206,0,0
2013-11-27,1,2,1,1,0,0,0,전북,임실군,1,6,0,0,0,0,1,127.2679,35.672,전북임실군,0,승용차없음,0,0,0,152,0,0
2013-12-06,1,4,1,1,0,0,0,경기,광명시,1,5,0,0,0,1,5,126.8452,37.4421,경기광명시,0,화물차자전거,0,0,0,81,0,0
2013-12-06,0,4,1,1,0,0,0,서울,금천구,1,10,0,0,0,4,1,126.8987,37.4763,서울금천구,0,이륜차없음,0,0,0,109,0,0
2013-10-27,1,6,1,3,0,2,0,충남,당진시,1,5,3,0,0,0,8,126.6611,36.9033,충남당진시,0,승용차농기계,0,1,0,46,0,0
2013-10-24,0,3,1,2,1,0,0,경기,김포시,1,7,6,1,1,4,2,126.7259,37.6166,경기김포시,0,이륜차승용차,0,0,0,47,0,0
2013-10-23,1,2,1,1,0,0,0,세종,세종,1,1,5,0,0,9,7,127.2675,36.5748,세종세종,0,농기계원동기장치자전거,1,0,0,229,0,0
2013-11-22,1,4,2,5,0,3,0,경기,과천시,1,1,0,0,0,5,2,126.9986,37.4493,경기과천시,1,특수차승용차,0,0,0,227,0,0
2013-12-24,1,1,2,2,0,0,0,경남,창원시(통합),1,7,6,1,1,0,2,128.575,35.2104,경남창원시(통합),0,승용차승용차,0,0,0,86,0,0
2013-12-26,1,3,1,1,0,0,0,경남,김해시,1,7,0,1,1,1,5,128.9057,35.2321,경남김해시,0,화물차자전거,0,0,0,13,0,0
2013-12-24,0,1,1,1,0,0,0,충북,청원군,1,9,5,0,0,0,3,127.3519,36.6098,충북청주시,0,승용차화물차,0,0,0,83,0,0
2013-12-07,0,5,1,2,1,0,0,부산,사하구,1,1,0,0,0,4,1,128.9636,35.1212,부산사하구,0,이륜차없음,0,1,0,25,0,0
2013-12-15,1,6,1,3,2,0,0,충남,서천군,1,9,5,0,0,1,9,126.7463,36.0724,충남서천군,1,화물차건설기계,0,1,0,10,0,0
2013-12-18,1,2,1,1,0,0,0,경북,구미시,1,10,0,0,0,4,1,128.4159,36.1613,경북구미시,0,이륜차없음,0,0,0,144,0,0
2013-12-19,1,3,1,1,0,0,0,강원,강릉시,1,9,5,0,0,0,2,128.9913,37.7092,강원강릉시,0,승용차승용차,0,0,0,194,0,0
2013-12-19,0,3,1,1,0,0,0,대구,북구,1,7,0,1,2,1,5,128.554,35.9586,대구북구,0,화물차자전거,0,0,0,112,0,0
2013-12-18,1,2,1,1,0,0,0,부산,동래구,1,7,0,0,0,0,5,129.0762,35.1989,부산동래구,0,승용차자전거,0,0,0,216,0,0
2014-02-17,0,0,1,2,0,0,1,전남,순천시,1,11,0,0,0,0,1,127.4015,34.8462,전남순천시,0,승용차없음,0,0,0,27,0,0
2014-02-20,1,3,1,1,0,0,0,경북,포항시,1,1,0,1,2,3,5,129.3382,36.0255,경북포항시,0,건설기계자전거,0,0,0,160,0,0
2012-01-18,1,2,1,1,0,0,0,강원,원주시,1,6,0,0,0,0,1,127.9613,37.3318,강원원주시,0,승용차없음,0,0,0,36,0,0
2014-02-27,1,3,1,10,9,0,0,경북,경주시,1,1,0,0,0,2,1,129.0914,35.8424,경북경주시,2,승합차없음,0,0,0,100,0,0
2014-02-27,1,3,1,1,0,0,0,경기,화성시,1,7,6,1,1,1,7,126.8817,37.0758,경기화성시,0,화물차원동기장치자전거,0,0,0,50,0,0
2014-03-01,0,5,1,1,0,0,0,서울,강서구,1,1,0,0,0,2,3,126.872,37.5572,서울강서구,0,승합차화물차,0,1,0,43,0,0
2014-03-03,0,0,1,1,0,0,0,충북,보은군,1,10,0,0,0,4,1,127.6049,36.5131,충북보은군,0,이륜차없음,0,0,0,32,0,0
2014-03-02,1,6,1,2,1,0,0,경기,평택시,1,10,0,0,0,0,1,127.1446,37.0005,경기평택시,0,승용차없음,0,1,0,14,0,0
2014-03-08,0,5,1,2,0,1,0,전남,장성군,1,1,6,1,1,4,2,126.7739,35.3002,전남장성군,0,이륜차승용차,0,1,0,146,0,0
2013-12-23,1,0,1,1,0,0,0,강원,춘천시,1,6,0,0,0,0,1,127.6883,37.8236,강원춘천시,0,승용차없음,0,0,0,111,0,0
2013-12-23,0,0,1,2,1,0,0,경북,영주시,1,5,0,0,0,0,3,128.6222,36.8156,경북영주시,0,승용차화물차,0,0,0,113,0,0
2014-03-10,0,0,1,1,0,0,0,경북,의성군,1,5,0,1,1,0,5,128.6774,36.401,경북의성군,0,승용차자전거,0,0,0,105,0,0
2014-03-13,0,3,1,3,1,1,0,대구,달성군,1,6,0,0,0,0,1,128.4285,35.7311,대구달성군,0,승용차없음,0,0,0,30,0,0
2014-03-13,1,3,1,1,0,0,0,경기,고양시,1,5,0,0,3,1,4,126.7684,37.675,경기고양시,0,화물차이륜차,0,0,0,40,0,0
2013-12-09,0,0,1,1,0,0,0,경남,창원시(통합),1,6,0,0,0,0,1,128.7117,35.1965,경남창원시(통합),0,승용차없음,0,0,0,86,0,0
2013-12-08,0,6,1,1,0,0,0,경기,남양주시,1,6,0,2,4,0,1,127.1951,37.7368,경기남양주시,0,승용차없음,0,1,0,70,0,0
2013-12-09,0,0,1,3,2,0,0,경남,의령군,1,1,5,0,0,0,2,128.2246,35.3329,경남의령군,1,승용차승용차,0,0,0,189,0,0
2013-12-18,1,2,1,3,0,2,0,경기,부천시,1,5,3,0,0,0,2,126.7832,37.5321,경기부천시,0,승용차승용차,0,0,0,65,0,0
2013-12-07,1,5,1,1,0,0,0,전남,보성군,1,6,0,0,0,4,1,127.2123,34.7815,전남보성군,0,이륜차없음,0,1,0,122,0,0
2013-12-10,1,1,1,1,0,0,0,울산,남구,1,1,0,1,1,7,2,129.3202,35.5401,울산남구,0,자전거승용차,0,0,0,213,0,0
2014-02-18,0,1,3,3,0,0,0,전남,여수시,1,6,0,0,0,0,1,127.6945,34.7283,전남여수시,1,승용차없음,0,0,0,102,0,0
2014-02-17,0,0,1,1,0,0,0,서울,중구,1,7,6,1,1,7,2,126.9877,37.5661,서울중구,0,자전거승용차,0,0,0,8,0,0
2014-02-28,0,4,1,1,0,0,0,경북,청송군,1,9,5,0,0,5,2,129.0095,36.2849,경북청송군,0,특수차승용차,0,0,0,203,0,0
2014-02-27,1,3,1,1,0,0,0,경남,창원시(통합),1,10,0,0,0,6,1,128.7136,35.1512,경남창원시(통합),0,원동기장치자전거없음,0,0,0,86,0,0
2014-02-27,0,3,1,3,2,0,0,충북,청주시,1,9,5,0,0,0,2,127.5142,36.6653,충북청주시,1,승용차승용차,0,0,0,83,0,0
2014-02-26,1,2,1,1,0,0,0,전남,목포시,1,1,6,0,3,1,5,126.4278,34.817,전남목포시,0,화물차자전거,0,0,0,153,0,0
2014-03-01,0,5,1,4,2,1,0,경북,안동시,1,11,0,1,2,0,1,128.9212,36.4603,경북안동시,1,승용차없음,0,1,0,66,0,0
2014-03-03,1,0,1,1,0,0,0,전남,고흥군,1,11,0,1,2,6,1,127.1875,34.6015,전남고흥군,0,원동기장치자전거없음,0,0,0,191,0,0
2014-03-01,1,5,1,1,0,0,0,경기,가평군,1,1,4,0,0,2,1,127.4646,37.6876,경기가평군,0,승합차없음,0,1,0,176,0,0
2014-03-10,1,0,1,2,0,1,0,전남,해남군,1,1,5,1,2,7,3,126.5915,34.5594,전남해남군,0,자전거화물차,0,0,0,119,0,0
2014-03-14,1,4,1,2,0,1,0,경남,남해군,1,7,5,2,4,4,2,127.8933,34.8532,경남남해군,0,이륜차승용차,0,0,0,197,0,0
2014-03-15,1,5,1,1,0,0,0,경북,울진군,1,10,0,0,0,3,1,129.4646,36.7304,경북울진군,0,건설기계없음,0,1,0,208,0,0
2014-03-12,0,2,1,1,0,0,0,제주,제주시,1,1,0,1,1,0,2,126.4091,33.4734,제주제주시,0,승용차승용차,0,0,0,90,0,0
2014-03-20,0,3,1,2,1,0,0,광주,서구,1,1,7,1,1,0,7,126.8315,35.1472,광주서구,0,승용차원동기장치자전거,0,0,0,222,0,0
2013-12-18,1,2,1,4,2,1,0,충남,논산시,1,7,7,1,1,0,2,127.0925,36.0792,충남논산시,1,승용차승용차,0,0,0,61,0,0
2014-02-20,1,3,1,1,0,0,0,서울,송파구,1,1,0,0,0,6,2,127.0756,37.5115,서울송파구,0,원동기장치자전거승용차,0,0,0,156,0,0
2013-12-28,0,5,1,1,0,0,0,경북,경주시,1,1,0,2,4,1,3,129.2705,35.9436,경북경주시,0,화물차화물차,0,1,0,100,0,0
2012-11-29,1,3,1,1,0,0,0,대전,유성구,1,1,0,0,0,0,8,127.3296,36.3586,대전유성구,0,승용차농기계,0,0,0,148,0,0
2012-11-06,1,1,1,1,0,0,0,부산,기장군,1,7,6,1,1,6,2,129.1912,35.3217,부산기장군,0,원동기장치자전거승용차,0,0,0,85,0,0
2013-12-25,0,2,1,1,0,0,0,서울,중구,1,1,3,1,1,0,2,126.9829,37.5686,서울중구,0,승용차승용차,0,1,0,8,0,0
2013-12-10,1,1,1,1,0,0,0,경북,김천시,1,6,0,0,0,1,1,128.0876,36.031,경북김천시,0,화물차없음,0,0,0,76,0,0
2013-12-18,0,2,1,1,0,0,0,강원,춘천시,1,6,0,0,0,1,1,127.729,37.9779,강원춘천시,0,화물차없음,0,0,0,111,0,0
2013-12-16,0,0,1,1,0,0,0,대구,북구,1,6,0,0,0,7,1,128.6039,35.8781,대구북구,0,자전거없음,0,0,0,112,0,0
2013-12-16,1,0,1,2,1,0,0,경북,영천시,1,9,5,0,0,0,6,128.9065,35.9511,경북영천시,0,승용차승합차,0,0,0,5,0,0
2013-12-11,1,2,1,1,0,0,0,경남,거제시,1,10,0,0,0,3,1,128.5741,34.8788,경남거제시,0,건설기계없음,0,0,0,15,0,0
2012-11-27,1,1,1,1,0,0,0,경북,상주시,1,1,0,0,0,1,7,128.0991,36.2906,경북상주시,0,화물차원동기장치자전거,0,0,0,58,0,0
2012-11-28,1,2,1,1,0,0,0,충남,홍성군,1,7,6,1,1,6,2,126.653,36.5982,충남홍성군,0,원동기장치자전거승용차,0,0,0,38,0,0
2012-11-28,1,2,1,1,0,0,0,광주,서구,1,7,0,0,0,0,5,126.8512,35.1606,광주서구,0,승용차자전거,0,0,0,222,0,0
2012-11-09,1,4,1,1,0,0,0,경기,동두천시,1,5,0,1,2,1,5,127.0418,37.903,경기동두천시,0,화물차자전거,0,0,0,94,0,0
2012-09-26,1,2,1,1,0,0,0,전남,강진군,1,10,0,0,0,9,1,126.7709,34.7588,전남강진군,0,농기계없음,0,0,0,121,0,0
2012-09-23,1,6,1,7,5,1,0,경남,하동군,1,9,5,0,0,5,2,127.6951,35.1335,경남하동군,2,특수차승용차,0,1,0,172,0,0
2012-10-23,0,1,1,2,1,0,0,인천,서구,1,1,5,1,1,0,6,126.6744,37.4782,인천서구,0,승용차승합차,0,0,0,97,0,0
2012-10-24,1,2,1,1,0,0,0,경북,문경시,1,7,8,1,1,3,3,128.2339,36.5784,경북문경시,0,건설기계화물차,0,0,0,74,0,0
2012-10-10,1,2,1,1,0,0,0,충북,음성군,1,6,5,0,0,1,1,127.4752,36.9744,충북음성군,0,화물차없음,0,0,0,110,0,0
2012-10-11,1,3,1,1,0,0,0,경북,상주시,1,7,0,0,0,4,8,128.176,36.3856,경북상주시,0,이륜차농기계,0,0,0,58,0,0
2012-10-11,1,3,1,1,0,0,0,경북,의성군,1,1,0,0,0,1,8,128.7816,36.4175,경북의성군,0,화물차농기계,0,0,0,105,0,0
2012-10-12,1,4,1,1,0,0,0,전남,목포시,1,7,7,1,1,1,4,126.3878,34.7861,전남목포시,0,화물차이륜차,0,0,0,153,0,0
2012-10-12,1,4,1,13,5,7,0,부산,해운대구,1,1,5,0,0,1,6,129.1194,35.1994,부산해운대구,2,화물차승합차,0,0,0,1,0,0
2012-10-13,1,5,1,1,0,0,0,경북,포항시,1,1,0,0,0,4,1,129.4544,35.9924,경북포항시,0,이륜차없음,0,1,0,160,0,0
2012-10-13,1,5,2,2,0,0,0,경기,화성시,1,7,5,0,0,4,3,126.9002,37.1064,경기화성시,0,이륜차화물차,0,1,0,50,0,0
2012-10-10,1,2,2,3,1,0,0,대전,서구,1,10,0,0,0,4,1,127.3556,36.3002,대전서구,1,이륜차없음,0,0,0,4,0,0
2013-11-21,0,3,1,1,0,0,0,울산,동구,1,1,6,1,1,4,4,129.4284,35.4992,울산동구,0,이륜차이륜차,0,0,0,225,0,0
2013-11-21,0,3,1,1,0,0,0,경북,포항시,1,1,0,1,1,2,7,129.4019,36.0768,경북포항시,0,승합차원동기장치자전거,0,0,0,160,0,0
2013-11-22,0,4,1,1,0,0,0,경기,성남시,1,1,0,0,0,4,1,127.102,37.3881,경기성남시,0,이륜차없음,0,0,0,95,0,0
2013-11-22,0,4,1,1,0,0,0,제주,제주시,1,7,7,1,1,0,7,126.5395,33.4921,제주제주시,0,승용차원동기장치자전거,0,0,0,90,0,0
2013-11-30,1,5,1,1,0,0,0,전북,익산시,1,7,6,1,1,7,3,126.9446,35.9332,전북익산시,0,자전거화물차,0,1,0,125,0,0
2013-10-25,1,4,1,3,2,0,0,충남,태안군,1,7,0,0,0,1,2,126.2876,36.7494,충남태안군,1,화물차승용차,0,0,0,169,0,0
2013-10-27,0,6,1,1,0,0,0,경기,김포시,1,10,0,0,0,1,1,126.5478,37.6919,경기김포시,0,화물차없음,0,1,0,47,0,0