발생년월일,주야,요일,사망자수,사상자수,중상자수,경상자수,부상신고자수,발생지시도,발생지시군구,사고유형_대분류,사고유형_중분류,법규위반,도로형태_대분류,도로형태,당사자종별_1당_대분류,당사자종별_2당_대분류,경도,위도,발생지,사고피해정도,사고차량타입,도시여부,주말/공휴일,인구수,발생지번호,보행자의위치,무단횡단여부
2013-05-13,1,0,1,1,0,0,0,세종,세종,1,10,0,0,0,3,1,127.3117,36.5008,세종세종,0,건설기계없음,1,0,0,229,0,0
2013-05-15,0,2,1,1,0,0,0,대구,중구,1,7,7,1,1,0,4,128.6088,35.8643,대구중구,0,승용차이륜차,0,0,0,178,0,0
2013-11-13,0,2,1,1,0,0,0,부산,사상구,1,7,6,1,1,1,4,128.989,35.141,부산사상구,0,화물차이륜차,0,0,0,120,0,0
2013-03-10,0,6,1,1,0,0,0,전북,전주시,1,6,0,0,0,0,1,127.1535,35.8767,전북전주시,0,승용차없음,0,1,0,11,0,0
2013-08-15,1,3,1,4,3,0,0,전남,영암군,1,10,0,0,0,0,1,126.5211,34.781,전남영암군,1,승용차없음,0,1,0,16,0,0
2013-10-12,1,5,1,4,1,2,0,강원,삼척시,1,9,5,0,0,4,2,129.1019,37.3852,강원삼척시,1,이륜차승용차,0,1,0,78,0,0
2013-07-05,1,4,1,2,0,0,1,충북,충주시,1,6,0,0,0,1,1,127.8524,36.965,충북충주시,0,화물차없음,0,0,0,6,0,0
2013-07-05,1,4,1,4,3,0,0,광주,광산구,1,1,6,1,1,0,2,126.815,35.2024,광주광산구,1,승용차승용차,0,0,0,135,0,0
2013-04-19,1,4,1,2,0,1,0,충북,영동군,1,5,0,0,0,1,3,127.8118,36.2438,충북영동군,0,화물차화물차,0,0,0,75,0,0
2013-11-19,1,1,1,1,0,0,0,광주,남구,1,5,7,1,1,6,2,126.9098,35.1456,광주남구,0,원동기장치자전거승용차,0,0,0,190,0,0
2013-07-17,0,2,1,1,0,0,0,경기,포천시,1,1,0,1,1,0,3,127.1487,37.8274,경기포천시,0,승용차화물차,0,0,0,171,0,0
2013-09-16,1,0,1,1,0,0,0,전남,순천시,1,1,0,0,0,9,1,127.3767,34.955,전남순천시,0,농기계없음,0,0,0,27,0,0
2013-05-23,0,3,1,1,0,0,0,경북,경주시,1,1,0,2,4,0,8,129.4542,35.6865,경북경주시,0,승용차농기계,0,0,0,100,0,0
2013-04-02,1,1,1,1,0,0,0,경북,봉화군,1,6,0,0,0,9,1,128.8489,36.9298,경북봉화군,0,농기계없음,0,0,0,149,0,0
2013-04-09,1,1,2,2,0,0,0,인천,강화군,1,11,0,1,2,1,1,126.4159,37.7678,인천강화군,0,화물차없음,0,0,0,92,0,0
2013-07-25,1,3,1,1,0,0,0,경기,평택시,1,1,3,1,2,7,2,126.9242,36.9768,경기평택시,0,자전거승용차,0,0,0,14,0,0
2013-07-27,0,5,1,1,0,0,0,대구,달성군,1,10,0,0,0,1,1,128.5072,35.7797,대구달성군,0,화물차없음,0,1,0,30,0,0
2013-07-27,0,5,1,1,0,0,0,충남,예산군,1,1,0,0,0,4,1,126.8509,36.7414,충남예산군,0,이륜차없음,0,1,0,187,0,0
2013-07-31,1,2,1,3,2,0,0,경남,합천군,1,6,0,0,0,1,1,128.2479,35.5101,경남합천군,1,화물차없음,0,0,0,133,0,0
2013-08-09,1,4,1,2,0,0,1,경북,영천시,1,10,0,2,4,9,1,128.7263,36.0904,경북영천시,0,농기계없음,0,0,0,5,0,0
2013-08-10,0,5,1,2,1,0,0,충북,청원군,1,1,6,1,1,4,4,127.5233,36.6971,충북청주시,0,이륜차이륜차,0,1,0,83,0,0
2013-08-05,1,0,1,1,0,0,0,경기,시흥시,1,1,3,1,2,4,2,126.7739,37.4359,경기시흥시,0,이륜차승용차,0,0,0,73,0,0
2013-08-14,0,2,1,1,0,0,0,인천,부평구,1,9,5,0,0,0,3,126.6917,37.5042,인천부평구,0,승용차화물차,0,0,0,44,0,0
2013-08-14,0,2,1,2,1,0,0,충남,천안시,1,1,6,1,1,0,6,127.1682,36.7645,충남천안시,0,승용차승합차,0,0,0,63,0,0
2013-08-19,0,0,1,1,0,0,0,경기,안산시,1,6,0,0,0,0,1,126.764,37.3347,경기안산시,0,승용차없음,0,0,0,2,0,0
2013-08-19,1,0,1,1,0,0,0,충남,부여군,1,1,5,2,4,4,9,126.8926,36.2761,충남부여군,0,이륜차건설기계,0,0,0,129,0,0
2013-08-21,0,2,2,3,1,0,0,대전,대덕구,1,7,0,0,0,0,3,127.4142,36.4368,대전대덕구,1,승용차화물차,0,0,0,77,0,0
2013-08-19,1,0,1,1,0,0,0,전남,해남군,1,10,0,0,0,4,1,126.6478,34.5676,전남해남군,0,이륜차없음,0,0,0,119,0,0
2013-08-18,1,6,1,1,0,0,0,전남,진도군,1,1,0,0,0,3,5,126.2618,34.4813,전남진도군,0,건설기계자전거,0,1,0,71,0,0
2013-08-18,1,6,1,1,0,0,0,충남,아산시,1,10,0,1,1,9,1,127.0978,36.7719,충남아산시,0,농기계없음,0,1,0,53,0,0
2013-07-17,1,2,1,1,0,0,0,충남,부여군,1,7,7,1,1,6,2,126.7598,36.2143,충남부여군,0,원동기장치자전거승용차,0,0,0,129,0,0
2013-07-16,1,1,1,1,0,0,0,경기,수원시,1,7,0,1,2,7,6,127.0189,37.2503,경기수원시,0,자전거승합차,0,0,0,99,0,0
2013-09-17,0,1,1,1,0,0,0,부산,진구,1,7,9,0,3,4,2,129.0691,35.1705,부산진구,0,이륜차승용차,0,0,0,231,0,0
2013-09-27,1,4,1,1,0,0,0,충북,충주시,1,6,0,0,0,2,1,127.8574,37.0705,충북충주시,0,승합차없음,0,0,0,6,0,0
2013-09-27,1,4,1,2,0,1,0,충남,보령시,1,7,8,1,1,4,3,126.6015,36.3297,충남보령시,0,이륜차화물차,0,0,0,136,0,0
2013-09-27,1,4,1,2,0,1,0,전남,여수시,1,6,0,0,0,1,1,127.5775,34.6755,전남여수시,0,화물차없음,0,0,0,102,0,0
2013-09-23,0,0,1,1,0,0,0,경북,영천시,1,5,0,0,0,1,5,128.8886,35.9033,경북영천시,0,화물차자전거,0,0,0,5,0,0
2013-09-23,1,0,1,1,0,0,0,경남,거제시,1,9,0,0,0,0,3,128.6407,34.9564,경남거제시,0,승용차화물차,0,0,0,15,0,0
2013-10-01,1,1,1,1,0,0,0,충남,부여군,1,6,0,0,0,1,1,126.8666,36.301,충남부여군,0,화물차없음,0,0,0,129,0,0
2012-06-26,1,1,1,3,1,1,0,충남,논산시,1,1,7,1,1,0,2,127.1036,36.1694,충남논산시,0,승용차승용차,0,0,0,61,0,0
2012-06-26,1,1,1,2,0,1,0,경기,남양주시,1,9,5,0,3,0,2,127.1729,37.6131,경기남양주시,0,승용차승용차,0,0,0,70,0,0
2012-06-25,0,0,1,2,1,0,0,충북,음성군,1,6,0,0,0,4,1,127.686,36.9302,충북음성군,0,이륜차없음,0,0,0,110,0,0
2012-07-01,0,6,1,1,0,0,0,충남,아산시,1,6,0,2,4,0,1,127.0098,36.8214,충남아산시,0,승용차없음,0,1,0,53,0,0
2012-06-29,0,4,1,11,4,6,0,강원,영월군,1,5,2,0,0,3,2,128.5382,37.1848,강원영월군,2,건설기계승용차,0,0,0,114,0,0
2012-06-30,0,5,1,1,0,0,0,전남,고흥군,1,6,0,0,0,1,1,127.4632,34.5084,전남고흥군,0,화물차없음,0,1,0,191,0,0
2012-06-29,0,4,1,1,0,0,0,경기,하남시,1,10,0,0,0,4,1,127.1833,37.5494,경기하남시,0,이륜차없음,0,0,0,67,0,0
2012-07-06,0,4,1,1,0,0,0,경기,오산시,1,6,0,1,1,0,1,127.0463,37.1777,경기오산시,0,승용차없음,0,0,0,143,0,0
2012-07-04,0,2,1,1,0,0,0,세종,세종,1,5,5,0,0,1,2,127.2911,36.6247,세종세종,0,화물차승용차,1,0,0,229,0,0
2012-07-15,0,6,1,1,0,0,0,충남,아산시,1,6,0,1,1,1,1,126.9489,36.7839,충남아산시,0,화물차없음,0,1,0,53,0,0
2012-07-14,0,5,2,4,1,1,0,경북,포항시,1,6,0,0,0,1,1,129.3492,36.0721,경북포항시,1,화물차없음,0,1,0,160,0,0
2012-07-21,0,5,1,2,0,1,0,경기,동두천시,1,9,5,0,0,0,2,127.0574,37.8743,경기동두천시,0,승용차승용차,0,1,0,94,0,0
2012-07-18,1,2,1,1,0,0,0,경기,화성시,1,6,0,0,0,4,1,126.8553,37.0505,경기화성시,0,이륜차없음,0,0,0,50,0,0
2012-07-30,1,0,1,1,0,0,0,부산,금정구,1,5,0,0,0,1,3,129.1193,35.2344,부산금정구,0,화물차화물차,0,0,0,96,0,0
2012-07-28,0,5,1,1,0,0,0,충남,논산시,1,9,8,1,1,4,6,127.2053,36.1843,충남논산시,0,이륜차승합차,0,1,0,61,0,0
2012-07-28,1,5,2,8,6,0,0,강원,평창군,1,7,5,0,0,0,2,128.4308,37.6062,강원평창군,2,승용차승용차,0,1,0,24,0,0
2013-03-29,0,4,1,2,1,0,0,광주,서구,1,1,0,0,3,0,2,126.8949,35.1528,광주서구,0,승용차승용차,0,0,0,222,0,0
2013-03-27,0,2,1,2,1,0,0,충북,괴산군,1,5,0,0,0,0,8,127.7645,36.6268,충북괴산군,0,승용차농기계,0,0,0,179,0,0
2013-03-27,1,2,1,2,1,0,0,충남,예산군,1,7,6,1,1,0,2,126.8126,36.761,충남예산군,0,승용차승용차,0,0,0,187,0,0
2013-03-27,0,2,1,1,0,0,0,울산,동구,1,1,0,0,0,4,2,129.4213,35.5009,울산동구,0,이륜차승용차,0,0,0,225,0,0
2013-03-29,1,4,1,1,0,0,0,제주,제주시,1,1,6,1,1,1,4,126.1862,33.3488,제주제주시,0,화물차이륜차,0,0,0,90,0,0
2013-04-02,1,1,1,1,0,0,0,광주,북구,1,6,0,1,1,0,1,126.8856,35.1863,광주북구,0,승용차없음,0,0,0,137,0,0
2013-04-01,1,0,1,1,0,0,0,충남,금산군,1,11,0,0,0,6,1,127.5068,36.2318,충남금산군,0,원동기장치자전거없음,0,0,0,68,0,0
2013-04-11,1,3,2,9,1,6,0,경북,김천시,1,7,5,0,0,1,6,128.0328,35.9931,경북김천시,2,화물차승합차,0,0,0,76,0,0
2013-02-28,1,3,1,1,0,0,0,전북,정읍시,1,1,2,0,0,1,5,126.9266,35.6661,전북정읍시,0,화물차자전거,0,0,0,12,0,0
2013-02-28,1,3,1,2,1,0,0,전남,화순군,1,1,0,0,0,6,1,126.9487,34.9294,전남화순군,0,원동기장치자전거없음,0,0,0,88,0,0
2013-02-28,1,3,1,1,0,0,0,전북,정읍시,1,9,0,1,2,0,3,126.8795,35.5502,전북정읍시,0,승용차화물차,0,0,0,12,0,0
2013-03-01,1,4,1,1,0,0,0,경기,안성시,1,6,0,1,2,4,1,127.1694,37.0043,경기안성시,0,이륜차없음,0,1,0,23,0,0
2013-10-22,1,1,1,1,0,0,0,전북,고창군,1,1,0,0,0,6,1,126.5967,35.3506,전북고창군,0,원동기장치자전거없음,0,0,0,219,0,0
2013-04-13,1,5,1,1,0,0,0,전남,해남군,1,6,0,0,0,1,1,126.3292,34.6901,전남해남군,0,화물차없음,0,1,0,119,0,0
2013-03-14,0,3,1,1,0,0,0,경북,상주시,1,5,0,0,0,1,5,128.025,36.3676,경북상주시,0,화물차자전거,0,0,0,58,0,0
2013-08-12,1,0,1,2,0,1,0,서울,노원구,1,7,6,1,2,6,2,127.0753,37.6577,서울노원구,0,원동기장치자전거승용차,0,0,0,18,0,0
2013-07-19,0,4,1,2,0,1,0,전북,군산시,1,5,0,0,0,0,3,126.7414,35.9435,전북군산시,0,승용차화물차,0,0,0,166,0,0
2013-07-16,1,1,2,3,0,1,0,충남,당진시,1,9,0,0,0,1,3,126.7905,36.7716,충남당진시,1,화물차화물차,0,0,0,46,0,0
2013-09-15,0,6,1,1,0,0,0,경기,고양시,1,1,0,0,3,6,2,126.8483,37.7202,경기고양시,0,원동기장치자전거승용차,0,1,0,40,0,0
2013-09-11,0,2,1,1,0,0,0,부산,북구,1,7,9,0,3,7,6,129.0151,35.2639,부산북구,0,자전거승합차,0,0,0,118,0,0
2013-03-29,1,4,1,2,0,1,0,전남,영광군,1,9,0,1,1,1,3,126.3283,35.2264,전남영광군,0,화물차화물차,0,0,0,127,0,0
2013-03-29,1,4,1,1,0,0,0,전남,무안군,1,1,0,0,0,7,1,126.4258,34.8638,전남무안군,0,자전거없음,0,0,0,101,0,0
2013-04-16,0,1,1,1,0,0,0,대구,동구,1,6,0,0,0,1,1,128.6296,35.968,대구동구,0,화물차없음,0,0,0,26,0,0
2013-04-17,1,2,1,1,0,0,0,대구,수성구,1,1,0,0,0,0,5,128.6135,35.8292,대구수성구,0,승용차자전거,0,0,0,37,0,0
2013-04-17,1,2,1,1,0,0,0,경북,포항시,1,1,0,0,0,0,5,129.3622,36.037,경북포항시,0,승용차자전거,0,0,0,160,0,0
2013-04-14,0,6,1,1,0,0,0,울산,울주군,1,6,0,1,2,0,1,129.2547,35.5584,울산울주군,0,승용차없음,0,1,0,17,0,0
2013-04-14,1,6,1,3,0,2,0,전북,전주시,1,9,2,0,0,0,2,127.1292,35.8873,전북전주시,0,승용차승용차,0,1,0,11,0,0
2013-04-14,0,6,1,2,1,0,0,경북,구미시,1,1,5,0,0,0,6,128.3129,36.1294,경북구미시,0,승용차승합차,0,1,0,144,0,0
2013-04-12,1,4,1,1,0,0,0,전북,완주군,1,6,0,1,1,0,1,127.0707,35.9024,전북완주군,0,승용차없음,0,0,0,28,0,0
2013-04-13,0,5,1,22,5,16,0,경기,광주시,1,9,5,0,0,1,6,127.2005,37.3404,경기광주시,2,화물차승합차,0,1,0,9,0,0
2013-04-14,0,6,1,2,1,0,0,경남,김해시,1,5,0,0,0,4,3,128.7639,35.2753,경남김해시,0,이륜차화물차,0,1,0,13,0,0
2013-04-22,1,0,1,1,0,0,0,부산,사하구,1,10,0,0,0,6,1,128.9859,35.0833,부산사하구,0,원동기장치자전거없음,0,0,0,25,0,0
2013-04-22,1,0,1,1,0,0,0,충남,예산군,1,1,0,0,0,0,1,126.5905,36.6274,충남예산군,0,승용차없음,0,0,0,187,0,0
2013-04-20,0,5,3,4,1,0,0,경북,구미시,1,6,0,0,0,0,1,128.3532,36.1722,경북구미시,1,승용차없음,0,1,0,144,0,0
2013-02-26,0,1,1,1,0,0,0,경기,양평군,1,7,5,0,0,1,2,127.5319,37.4924,경기양평군,0,화물차승용차,0,0,0,48,0,0
2013-03-04,0,0,1,1,0,0,0,충북,제천시,1,1,0,0,0,0,11,128.2326,37.1143,충북제천시,0,승용차특수차,0,0,0,103,0,0
2013-03-08,1,4,1,1,0,0,0,경북,고령군,1,6,0,0,0,1,1,128.2499,35.697,경북고령군,0,화물차없음,0,0,0,220,0,0
2013-04-09,1,1,1,1,0,0,0,충북,청원군,1,10,0,0,0,1,1,127.6121,36.7106,충북청주시,0,화물차없음,0,0,0,83,0,0
2013-04-07,0,6,1,1,0,0,0,경북,포항시,1,11,0,0,0,0,1,129.2303,36.0619,경북포항시,0,승용차없음,0,1,0,160,0,0
2013-04-08,0,0,1,1,0,0,0,대구,동구,1,1,0,0,0,0,2,128.6342,35.8749,대구동구,0,승용차승용차,0,0,0,26,0,0
2013-03-04,1,0,1,3,1,1,0,경기,포천시,1,1,0,1,2,0,2,127.3202,37.961,경기포천시,0,승용차승용차,0,0,0,171,0,0
2013-03-06,0,2,1,1,0,0,0,인천,부평구,1,7,0,0,0,0,5,126.737,37.5085,인천부평구,0,승용차자전거,0,0,0,44,0,0
2013-03-06,1,2,1,1,0,0,0,경기,안성시,1,11,0,0,0,9,1,127.4809,37.1137,경기안성시,0,농기계없음,0,0,0,23,0,0
2013-03-14,1,3,1,1,0,0,0,경남,남해군,1,11,0,0,0,6,1,127.9892,34.8923,경남남해군,0,원동기장치자전거없음,0,0,0,197,0,0
2013-03-11,1,0,1,2,0,0,1,제주,서귀포시,1,6,0,0,0,1,1,126.3553,33.3356,제주서귀포시,0,화물차없음,0,0,0,62,0,0
2013-03-12,1,1,1,1,0,0,0,경북,예천군,1,5,2,0,0,1,4,128.4385,36.6325,경북예천군,0,화물차이륜차,0,0,0,55,0,0
2013-03-17,0,6,1,2,0,1,0,전남,무안군,1,5,0,0,0,1,3,126.4268,35.0152,전남무안군,0,화물차화물차,0,1,0,101,0,0
2013-03-17,1,6,1,1,0,0,0,경기,여주시,1,11,0,0,0,1,1,127.6159,37.3494,경기여주시,0,화물차없음,0,1,0,22,0,0
2013-03-16,1,5,1,1,0,0,0,강원,춘천시,1,11,0,0,0,7,1,127.728,37.8327,강원춘천시,0,자전거없음,0,1,0,111,0,0
2013-04-21,1,6,1,1,0,0,0,울산,울주군,1,6,0,0,0,4,1,129.1545,35.624,울산울주군,0,이륜차없음,0,1,0,17,0,0
2013-04-20,1,5,1,1,0,0,0,울산,동구,1,10,0,0,0,4,1,129.4149,35.5346,울산동구,0,이륜차없음,0,1,0,225,0,0
2013-04-21,1,6,1,2,1,0,0,경기,화성시,1,10,0,0,0,0,1,126.8306,37.0806,경기화성시,0,승용차없음,0,1,0,50,0,0
2013-04-20,0,5,1,1,0,0,0,경기,화성시,1,5,0,0,0,1,8,126.7888,37.2235,경기화성시,0,화물차농기계,0,1,0,50,0,0
2013-04-19,1,4,1,1,0,0,0,울산,북구,1,7,6,1,1,1,4,129.3586,35.5883,울산북구,0,화물차이륜차,0,0,0,158,0,0
2013-04-18,1,3,1,3,0,2,0,경남,남해군,1,5,3,0,0,6,2,127.8774,34.892,경남남해군,0,원동기장치자전거승용차,0,0,0,197,0,0
2013-04-05,0,4,1,1,0,0,0,충남,예산군,1,6,0,1,1,4,1,126.8154,36.7651,충남예산군,0,이륜차없음,0,0,0,187,0,0
2013-04-03,1,2,1,1,0,0,0,강원,고성군,1,10,0,0,0,5,1,128.5379,38.294,강원고성군,0,특수차없음,0,0,0,217,0,0
2013-04-11,0,3,1,1,0,0,0,경북,포항시,1,1,0,1,2,0,2,129.3812,36.0034,경북포항시,0,승용차승용차,0,0,0,160,0,0
2013-04-10,0,2,1,1,0,0,0,강원,영월군,1,11,0,0,0,1,1,128.2748,37.2853,강원영월군,0,화물차없음,0,0,0,114,0,0
2013-04-06,1,5,1,2,1,0,0,충남,태안군,1,1,5,0,0,1,2,126.2603,36.7502,충남태안군,0,화물차승용차,0,1,0,169,0,0
2013-04-09,1,1,1,1,0,0,0,전남,진도군,1,1,0,0,0,1,1,126.2555,34.3904,전남진도군,0,화물차없음,0,0,0,71,0,0
2013-04-07,0,6,2,2,0,0,0,전남,광양시,1,6,0,1,2,0,1,127.7151,34.932,전남광양시,0,승용차없음,0,1,0,130,0,0
2013-02-21,0,3,1,2,0,1,0,서울,마포구,1,5,0,0,0,0,3,126.8727,37.5706,서울마포구,0,승용차화물차,0,0,0,159,0,0
2013-02-21,1,3,1,1,0,0,0,인천,강화군,1,1,0,0,0,6,2,126.4989,37.7411,인천강화군,0,원동기장치자전거승용차,0,0,0,92,0,0
2013-02-21,1,3,1,1,0,0,0,경기,파주시,1,6,0,0,0,1,1,126.8314,37.9312,경기파주시,0,화물차없음,0,0,0,175,0,0
2013-02-21,1,3,1,3,1,1,0,경기,평택시,1,9,5,0,0,0,2,126.8478,36.9951,경기평택시,0,승용차승용차,0,0,0,14,0,0
2013-10-05,0,5,1,1,0,0,0,전남,나주시,1,6,0,0,0,0,1,126.8208,34.9979,전남나주시,0,승용차없음,0,1,0,33,0,0
2013-10-05,1,5,1,1,0,0,0,경남,거제시,1,1,0,1,2,1,2,128.7034,34.9009,경남거제시,0,화물차승용차,0,1,0,15,0,0
2013-10-01,1,1,1,1,0,0,0,충남,금산군,1,1,0,1,2,4,3,127.4709,36.1876,충남금산군,0,이륜차화물차,0,0,0,68,0,0
2013-09-28,0,5,1,1,0,0,0,충남,서산시,1,9,5,0,0,0,6,126.5967,36.8143,충남서산시,0,승용차승합차,0,1,0,69,0,0
2013-09-28,1,5,1,1,0,0,0,충남,당진시,1,7,6,1,1,7,2,126.6371,36.8877,충남당진시,0,자전거승용차,0,1,0,46,0,0
2013-10-07,0,0,1,1,0,0,0,경북,의성군,1,6,0,0,0,0,1,128.4645,36.3688,경북의성군,0,승용차없음,0,0,0,105,0,0
2013-10-04,1,4,1,1,0,0,0,경북,성주군,1,1,3,2,4,3,5,128.3518,35.8539,경북성주군,0,건설기계자전거,0,0,0,168,0,0
2013-10-08,1,1,1,1,0,0,0,경기,김포시,1,6,0,0,0,0,1,126.7958,37.5851,경기김포시,0,승용차없음,0,0,0,47,0,0
2013-10-09,1,2,1,1,0,0,0,충남,논산시,1,11,0,0,0,4,1,127.1238,36.2445,충남논산시,0,이륜차없음,0,1,0,61,0,0
2013-10-08,0,1,1,12,1,10,0,충남,보령시,1,1,5,0,0,2,6,126.5843,36.339,충남보령시,2,승합차승합차,0,0,0,136,0,0
2013-10-10,1,3,1,1,0,0,0,경기,평택시,1,1,0,0,0,4,2,127.0227,37.0073,경기평택시,0,이륜차승용차,0,0,0,14,0,0
2013-10-10,0,3,1,2,0,1,0,경기,시흥시,1,7,6,1,1,0,6,126.7561,37.3397,경기시흥시,0,승용차승합차,0,0,0,73,0,0
2013-10-14,0,0,1,1,0,0,0,강원,춘천시,1,6,0,0,0,4,1,127.7305,37.8685,강원춘천시,0,이륜차없음,0,0,0,111,0,0
2013-10-14,1,0,1,3,2,0,0,경북,봉화군,1,6,0,0,0,0,1,128.9965,36.9561,경북봉화군,1,승용차없음,0,0,0,149,0,0
2013-09-08,1,6,1,1,0,0,0,전북,군산시,1,1,0,1,2,0,2,126.6851,35.9696,전북군산시,0,승용차승용차,0,1,0,166,0,0
2013-09-09,0,0,1,1,0,0,0,부산,강서구,1,1,0,0,0,6,2,128.9138,35.1613,부산강서구,0,원동기장치자전거승용차,0,0,0,206,0,0
2013-09-06,0,4,1,4,0,3,0,경기,시흥시,1,9,5,0,0,0,2,126.7182,37.3186,경기시흥시,1,승용차승용차,0,0,0,73,0,0
2013-09-15,0,6,1,2,0,1,0,부산,기장군,1,1,5,0,0,4,3,129.2505,35.3139,부산기장군,0,이륜차화물차,0,1,0,85,0,0
2013-09-14,0,5,1,1,0,0,0,전북,김제시,1,6,0,0,0,0,1,126.9671,35.8935,전북김제시,0,승용차없음,0,1,0,34,0,0
2013-09-14,1,5,1,1,0,0,0,경기,여주시,1,6,0,0,0,0,1,127.6715,37.1723,경기여주시,0,승용차없음,0,1,0,22,0,0
2013-09-12,0,3,1,4,0,2,1,부산,강서구,1,5,10,1,2,0,3,128.9238,35.1136,부산강서구,0,승용차화물차,0,0,0,206,0,0
2013-09-17,1,1,1,2,0,1,0,경기,용인시,1,9,6,1,1,0,6,127.3464,37.1737,경기용인시,0,승용차승합차,0,0,0,51,0,0
2013-09-16,0,0,1,1,0,0,0,인천,서구,1,1,0,0,0,7,3,126.6618,37.5828,인천서구,0,자전거화물차,0,0,0,97,0,0
2013-03-01,1,4,1,1,0,0,0,전남,구례군,1,10,0,0,0,9,1,127.4787,35.204,전남구례군,0,농기계없음,0,1,0,161,0,0
2013-03-04,0,0,1,1,0,0,0,경남,진주시,1,9,5,0,0,0,4,128.1425,35.2175,경남진주시,0,승용차이륜차,0,0,0,42,0,0
2013-03-01,1,4,1,2,0,1,0,경북,안동시,1,6,0,0,0,1,1,128.5731,36.5722,경북안동시,0,화물차없음,0,1,0,66,0,0
2013-03-09,0,5,1,1,0,0,0,전남,영광군,1,6,0,0,0,4,1,126.5045,35.2885,전남영광군,0,이륜차없음,0,1,0,127,0,0
2013-03-19,1,1,1,1,0,0,0,부산,중구,1,7,6,1,1,6,2,129.0376,35.1052,부산중구,0,원동기장치자전거승용차,0,0,0,228,0,0
2013-03-19,0,1,1,1,0,0,0,부산,사하구,1,9,5,0,0,7,2,128.9794,35.0632,부산사하구,0,자전거승용차,0,0,0,25,0,0
2013-03-17,1,6,1,3,1,0,1,강원,춘천시,1,5,0,0,0,4,4,127.6354,37.8137,강원춘천시,0,이륜차이륜차,0,1,0,111,0,0
2013-03-25,1,0,1,2,0,1,0,경북,영주시,1,7,0,0,0,0,2,128.6079,36.8462,경북영주시,0,승용차승용차,0,0,0,113,0,0
2013-03-29,1,4,1,1,0,0,0,경기,연천군,1,6,0,0,0,4,1,127.0012,37.9349,경기연천군,0,이륜차없음,0,0,0,106,0,0
2013-03-29,0,4,1,2,0,1,0,충북,충주시,1,5,0,1,2,0,11,127.7752,37.1007,충북충주시,0,승용차특수차,0,0,0,6,0,0
2013-03-27,1,2,1,1,0,0,0,강원,춘천시,1,10,0,0,0,0,1,127.7299,38.0033,강원춘천시,0,승용차없음,0,0,0,111,0,0
2013-03-27,1,2,1,2,1,0,0,제주,제주시,1,1,0,0,0,0,1,126.6643,33.4281,제주제주시,0,승용차없음,0,0,0,90,0,0
2013-04-10,0,2,1,1,0,0,0,전남,진도군,1,6,0,2,4,1,1,126.2722,34.4822,전남진도군,0,화물차없음,0,0,0,71,0,0
2013-04-07,1,6,1,1,0,0,0,전남,나주시,1,10,0,0,0,9,1,126.7648,35.0135,전남나주시,0,농기계없음,0,1,0,33,0,0
2013-02-26,0,1,1,1,0,0,0,경북,성주군,1,11,0,0,0,1,1,128.2122,35.9479,경북성주군,0,화물차없음,0,0,0,168,0,0
2013-08-24,0,5,2,3,1,0,0,경남,함안군,1,9,6,1,2,0,2,128.2968,35.3075,경남함안군,1,승용차승용차,0,1,0,117,0,0
2013-08-23,1,4,1,1,0,0,0,서울,강남구,1,1,0,1,1,0,7,127.0536,37.4809,서울강남구,0,승용차원동기장치자전거,0,0,0,89,0,0
2013-08-22,0,3,1,1,0,0,0,경북,포항시,1,6,0,0,0,6,1,129.4094,35.9627,경북포항시,0,원동기장치자전거없음,0,0,0,160,0,0
2013-08-23,1,4,1,2,0,1,0,전남,영암군,1,7,8,1,1,4,3,126.7038,34.8881,전남영암군,0,이륜차화물차,0,0,0,16,0,0
2013-08-23,1,4,1,1,0,0,0,전남,신안군,1,1,5,1,2,4,3,125.9578,34.7685,전남신안군,0,이륜차화물차,0,0,0,132,0,0
2013-08-23,1,4,1,1,0,0,0,전북,전주시,1,6,0,0,0,0,1,127.0733,35.7863,전북전주시,0,승용차없음,0,0,0,11,0,0
2013-08-30,0,4,1,1,0,0,0,경기,화성시,1,6,0,2,4,0,1,126.8298,37.1191,경기화성시,0,승용차없음,0,0,0,50,0,0
2013-08-30,0,4,1,2,0,1,0,강원,철원군,1,1,5,1,1,2,3,127.2237,38.211,강원철원군,0,승합차화물차,0,0,0,184,0,0
2013-08-31,1,5,1,1,0,0,0,경기,이천시,1,7,0,0,0,0,7,127.4572,37.2571,경기이천시,0,승용차원동기장치자전거,0,1,0,41,0,0
2013-03-04,0,0,1,1,0,0,0,전남,여수시,1,6,0,0,0,0,1,127.6706,34.8105,전남여수시,0,승용차없음,0,0,0,102,0,0
2013-03-05,0,1,1,1,0,0,0,경북,김천시,1,1,0,0,0,7,3,128.1168,36.0895,경북김천시,0,자전거화물차,0,0,0,76,0,0
2013-03-15,0,4,1,1,0,0,0,경북,성주군,1,6,0,0,0,0,1,128.3542,35.8567,경북성주군,0,승용차없음,0,0,0,168,0,0
2013-03-19,1,1,1,1,0,0,0,경기,안성시,1,11,0,0,0,0,1,127.1534,37.0453,경기안성시,0,승용차없음,0,0,0,23,0,0
2013-03-23,1,5,1,1,0,0,0,경기,용인시,1,10,0,0,0,4,1,127.3196,37.1606,경기용인시,0,이륜차없음,0,1,0,51,0,0