발생년월일,주야,요일,사망자수,사상자수,중상자수,경상자수,부상신고자수,발생지시도,발생지시군구,사고유형_대분류,사고유형_중분류,법규위반,도로형태_대분류,도로형태,당사자종별_1당_대분류,당사자종별_2당_대분류,경도,위도,발생지,사고피해정도,사고차량타입,도시여부,주말/공휴일,인구수,발생지번호,보행자의위치,무단횡단여부
2013-09-29,1,6,1,1,0,0,0,경남,창원시(통합),1,7,5,1,2,6,2,128.6877,35.2004,경남창원시(통합),0,원동기장치자전거승용차,0,1,0,86,0,0
2013-09-29,1,6,1,1,0,0,0,경기,과천시,1,1,0,0,0,0,1,127.0027,37.433,경기과천시,0,승용차없음,0,1,0,227,0,0
2012-08-03,1,4,1,4,1,2,0,전남,여수시,1,7,7,1,1,3,2,127.7427,34.8508,전남여수시,1,건설기계승용차,0,0,0,102,0,0
2012-08-03,0,4,1,5,3,1,0,전남,여수시,1,7,3,0,0,0,2,127.6975,34.727,전남여수시,1,승용차승용차,0,0,0,102,0,0
2012-08-02,1,3,1,1,0,0,0,전남,나주시,1,1,0,0,0,9,1,126.5652,34.9451,전남나주시,0,농기계없음,0,0,0,33,0,0
2012-08-01,1,2,1,1,0,0,0,경기,양평군,1,5,0,0,0,0,2,127.4954,37.4902,경기양평군,0,승용차승용차,0,0,0,48,0,0
2012-07-30,0,0,1,2,1,0,0,경남,창녕군,1,7,0,1,1,2,2,128.505,35.5378,경남창녕군,0,승합차승용차,0,0,0,211,0,0
2012-07-30,1,0,1,1,0,0,0,경북,안동시,1,10,0,0,0,0,1,128.5538,36.5791,경북안동시,0,승용차없음,0,0,0,66,0,0
2012-06-12,1,1,1,1,0,0,0,충남,부여군,1,7,0,0,0,4,11,126.8511,36.1233,충남부여군,0,이륜차특수차,0,0,0,129,0,0
2012-06-18,0,0,1,1,0,0,0,서울,마포구,1,6,0,0,0,4,1,126.9135,37.5633,서울마포구,0,이륜차없음,0,0,0,159,0,0
2012-06-16,0,5,1,2,0,1,0,인천,서구,1,5,0,0,0,4,2,126.6624,37.5177,인천서구,0,이륜차승용차,0,1,0,97,0,0
2012-06-23,0,5,1,1,0,0,0,경남,김해시,1,11,0,1,1,6,1,128.85,35.3396,경남김해시,0,원동기장치자전거없음,0,1,0,13,0,0
2012-06-21,0,3,2,3,1,0,0,경남,양산시,1,10,0,0,0,0,1,129.0557,35.4291,경남양산시,1,승용차없음,0,0,0,49,0,0
2012-06-21,0,3,1,1,0,0,0,전남,광양시,1,1,0,0,0,0,2,127.6184,34.96,전남광양시,0,승용차승용차,0,0,0,130,0,0
2013-10-25,0,4,1,1,0,0,0,서울,은평구,1,9,5,0,0,8,4,126.92,37.5879,서울은평구,0,기타이륜차,0,0,0,139,0,0
2013-10-05,1,5,1,2,1,0,0,경남,함안군,1,9,5,1,2,0,3,128.3595,35.2931,경남함안군,0,승용차화물차,0,1,0,117,0,0
2013-10-10,1,3,1,3,2,0,0,경기,가평군,1,6,0,1,1,0,1,127.3653,37.7967,경기가평군,1,승용차없음,0,0,0,176,0,0
2013-10-09,0,2,1,2,0,1,0,제주,제주시,1,6,2,0,0,0,1,126.4794,33.4821,제주제주시,0,승용차없음,0,1,0,90,0,0
2013-10-08,1,1,1,1,0,0,0,광주,서구,1,7,0,1,1,7,2,126.8483,35.1605,광주서구,0,자전거승용차,0,0,0,222,0,0
2013-10-09,0,2,1,1,0,0,0,전북,김제시,1,5,0,0,0,0,3,126.8756,35.9056,전북김제시,0,승용차화물차,0,1,0,34,0,0
2013-04-23,0,1,1,1,0,0,0,경남,거창군,1,10,0,0,0,1,1,127.8983,35.6328,경남거창군,0,화물차없음,0,0,0,154,0,0
2013-11-26,1,1,1,1,0,0,0,제주,제주시,1,1,0,0,0,1,5,126.2382,33.383,제주제주시,0,화물차자전거,0,0,0,90,0,0
2013-11-10,0,6,1,1,0,0,0,충남,논산시,1,6,0,0,0,0,1,127.0992,36.1494,충남논산시,0,승용차없음,0,1,0,61,0,0
2013-11-09,0,5,1,1,0,0,0,부산,북구,1,1,0,2,4,0,2,129.0143,35.2403,부산북구,0,승용차승용차,0,1,0,118,0,0
2013-10-30,1,2,1,1,0,0,0,경북,문경시,1,10,0,0,0,9,1,128.2641,36.6592,경북문경시,0,농기계없음,0,0,0,74,0,0
2013-03-18,1,0,1,2,1,0,0,경기,파주시,1,9,0,1,2,0,3,126.8344,37.7811,경기파주시,0,승용차화물차,0,0,0,175,0,0
2013-08-08,0,3,1,2,1,0,0,경기,평택시,1,7,7,1,1,0,2,126.8504,36.9762,경기평택시,0,승용차승용차,0,0,0,14,0,0
2013-09-16,1,0,1,1,0,0,0,경기,가평군,1,10,0,1,2,9,1,127.5229,37.6015,경기가평군,0,농기계없음,0,0,0,176,0,0
2013-09-18,0,2,1,1,0,0,0,인천,부평구,1,7,0,0,0,2,5,126.7404,37.4905,인천부평구,0,승합차자전거,0,1,0,44,0,0
2013-10-02,1,2,1,1,0,0,0,경남,김해시,1,1,0,0,0,0,8,128.9926,35.2618,경남김해시,0,승용차농기계,0,0,0,13,0,0
2013-06-04,0,1,1,1,0,0,0,전남,장성군,1,9,0,0,0,1,5,126.7345,35.2789,전남장성군,0,화물차자전거,0,0,0,146,0,0
2013-05-25,1,5,1,2,1,0,0,대전,동구,1,11,0,0,0,0,1,127.4768,36.3344,대전동구,0,승용차없음,0,1,0,80,0,0
2013-06-07,0,4,1,2,1,0,0,인천,부평구,1,9,5,1,2,4,4,126.7228,37.4941,인천부평구,0,이륜차이륜차,0,0,0,44,0,0
2013-05-01,1,2,1,1,0,0,0,경기,고양시,1,5,3,0,0,7,6,126.8621,37.609,경기고양시,0,자전거승합차,0,0,0,40,0,0
2013-09-22,1,6,1,1,0,0,0,전남,고흥군,1,1,0,2,4,9,1,127.242,34.5756,전남고흥군,0,농기계없음,0,1,0,191,0,0
2013-10-06,1,6,1,1,0,0,0,전남,나주시,1,7,7,1,2,7,2,126.8277,35.0453,전남나주시,0,자전거승용차,0,1,0,33,0,0
2013-06-09,0,6,1,4,3,0,0,울산,동구,1,6,0,0,0,0,1,129.4036,35.5098,울산동구,1,승용차없음,0,1,0,225,0,0
2013-05-29,1,2,1,1,0,0,0,경남,창원시(통합),1,6,0,0,0,1,1,128.6769,35.2434,경남창원시(통합),0,화물차없음,0,0,0,86,0,0
2013-01-03,1,3,1,1,0,0,0,충북,보은군,1,6,0,0,0,0,1,127.733,36.4248,충북보은군,0,승용차없음,0,0,0,32,0,0
2013-11-07,1,3,1,1,0,0,0,경남,의령군,1,1,0,0,0,1,1,128.3552,35.3473,경남의령군,0,화물차없음,0,0,0,189,0,0
2013-11-26,1,1,1,1,0,0,0,강원,삼척시,1,5,0,0,0,1,2,129.3565,37.147,강원삼척시,0,화물차승용차,0,0,0,78,0,0
2013-03-19,0,1,1,1,0,0,0,전북,고창군,1,6,0,1,1,1,1,126.7359,35.5384,전북고창군,0,화물차없음,0,0,0,219,0,0
2013-07-22,1,0,1,1,0,0,0,경북,김천시,1,7,0,0,0,0,4,128.1835,36.1348,경북김천시,0,승용차이륜차,0,0,0,76,0,0
2013-08-04,0,6,1,1,0,0,0,인천,연수구,1,10,0,0,0,4,1,126.6577,37.4045,인천연수구,0,이륜차없음,0,1,0,35,0,0
2013-06-16,1,6,1,1,0,0,0,충북,보은군,1,6,0,2,4,4,1,127.6429,36.4787,충북보은군,0,이륜차없음,0,1,0,32,0,0
2013-02-28,0,3,1,1,0,0,0,광주,서구,1,9,6,1,1,0,4,126.8591,35.1356,광주서구,0,승용차이륜차,0,0,0,222,0,0
2013-02-26,0,1,1,1,0,0,0,부산,수영구,1,6,0,0,0,0,1,129.1148,35.1664,부산수영구,0,승용차없음,0,0,0,45,0,0
2013-03-07,0,3,1,1,0,0,0,부산,사하구,1,6,0,1,2,4,1,128.9868,35.0993,부산사하구,0,이륜차없음,0,0,0,25,0,0
2013-03-09,1,5,1,1,0,0,0,경기,성남시,1,1,0,2,4,3,5,127.102,37.3478,경기성남시,0,건설기계자전거,0,1,0,95,0,0
2014-04-12,0,5,1,2,1,0,0,경기,오산시,1,6,0,1,2,0,1,127.0433,37.194,경기오산시,0,승용차없음,0,1,0,143,0,0
2014-04-11,1,4,1,1,0,0,0,경기,시흥시,1,1,8,1,1,1,4,126.7053,37.3444,경기시흥시,0,화물차이륜차,0,0,0,73,0,0
2014-04-07,0,0,1,1,0,0,0,부산,남구,1,5,0,0,0,1,3,129.1162,35.1325,부산남구,0,화물차화물차,0,0,0,180,0,0
2014-04-28,0,0,1,1,0,0,0,강원,강릉시,1,10,0,0,0,0,1,128.9784,37.7178,강원강릉시,0,승용차없음,0,0,0,194,0,0
2014-04-28,0,0,1,1,0,0,0,강원,원주시,1,5,0,0,0,0,3,127.8638,37.3354,강원원주시,0,승용차화물차,0,0,0,36,0,0
2014-04-26,0,5,1,2,0,1,0,경기,광명시,1,5,0,1,2,1,3,126.8727,37.4585,경기광명시,0,화물차화물차,0,1,0,81,0,0
2014-05-07,0,2,1,1,0,0,0,서울,송파구,1,1,0,1,1,0,4,127.0809,37.5019,서울송파구,0,승용차이륜차,0,0,0,156,0,0
2014-03-18,1,1,1,1,0,0,0,경북,상주시,1,1,0,0,0,0,7,128.2942,36.3751,경북상주시,0,승용차원동기장치자전거,0,0,0,58,0,0
2014-03-30,1,6,2,4,1,1,0,경기,이천시,1,9,5,0,0,2,3,127.4638,37.0759,경기이천시,1,승합차화물차,0,1,0,41,0,0
2014-04-05,0,5,1,1,0,0,0,경기,안산시,1,1,0,0,0,4,1,126.7593,37.3334,경기안산시,0,이륜차없음,0,1,0,2,0,0
2014-04-09,1,2,1,1,0,0,0,광주,남구,1,1,0,1,1,1,5,126.8961,35.1116,광주남구,0,화물차자전거,0,0,0,190,0,0
2014-04-10,1,3,1,1,0,0,0,전남,영암군,1,1,3,1,1,4,3,126.6577,34.8155,전남영암군,0,이륜차화물차,0,0,0,16,0,0
2014-04-10,0,3,1,1,0,0,0,경기,화성시,1,10,0,0,0,0,1,126.9028,37.0985,경기화성시,0,승용차없음,0,0,0,50,0,0
2013-06-29,0,5,1,3,2,0,0,충북,단양군,1,1,0,1,1,0,2,128.3425,36.974,충북단양군,1,승용차승용차,0,1,0,204,0,0
2013-06-29,1,5,1,8,5,2,0,충남,태안군,1,9,5,0,0,1,6,126.3848,36.4478,충남태안군,2,화물차승합차,0,1,0,169,0,0
2013-06-29,0,5,1,4,3,0,0,충남,태안군,1,9,5,0,0,0,2,126.1691,36.7724,충남태안군,1,승용차승용차,0,1,0,169,0,0
2013-07-06,0,5,1,2,1,0,0,경기,여주시,1,6,0,0,0,0,1,127.5816,37.2989,경기여주시,0,승용차없음,0,1,0,22,0,0
2013-07-06,1,5,1,1,0,0,0,경기,용인시,1,10,0,0,0,4,1,127.2532,37.3408,경기용인시,0,이륜차없음,0,1,0,51,0,0
2013-07-09,1,1,1,2,0,1,0,전남,해남군,1,9,5,0,0,1,9,126.6048,34.5511,전남해남군,0,화물차건설기계,0,0,0,119,0,0
2013-07-07,1,6,1,5,0,3,1,경기,의정부시,1,9,6,1,1,0,2,127.0333,37.7515,경기의정부시,1,승용차승용차,0,1,0,64,0,0
2013-05-18,0,5,1,6,3,2,0,경북,영덕군,1,7,8,1,1,0,2,129.4016,36.563,경북영덕군,1,승용차승용차,0,1,0,54,0,0
2013-05-28,0,1,1,1,0,0,0,전남,목포시,1,6,0,1,1,0,1,126.3621,34.7521,전남목포시,0,승용차없음,0,0,0,153,0,0
2013-05-28,1,1,1,1,0,0,0,강원,삼척시,1,6,0,0,0,1,1,129.1505,37.1011,강원삼척시,0,화물차없음,0,0,0,78,0,0
2012-06-20,1,2,1,1,0,0,0,경기,평택시,1,10,0,0,0,6,1,127.0243,37.1179,경기평택시,0,원동기장치자전거없음,0,0,0,14,0,0
2012-06-26,0,1,1,1,0,0,0,충북,괴산군,1,11,0,0,0,0,1,127.8562,36.8697,충북괴산군,0,승용차없음,0,0,0,179,0,0
2012-06-26,0,1,1,1,0,0,0,경남,고성군,1,11,0,0,0,0,1,128.4726,35.0725,경남고성군,0,승용차없음,0,0,0,87,0,0
2012-07-02,0,0,1,1,0,0,0,서울,영등포구,1,10,0,1,2,4,1,126.9057,37.5322,서울영등포구,0,이륜차없음,0,0,0,150,0,0
2012-07-01,1,6,1,2,1,0,0,경북,예천군,1,5,0,1,1,0,2,128.3751,36.7725,경북예천군,0,승용차승용차,0,1,0,55,0,0
2012-07-07,1,5,1,4,3,0,0,경남,고성군,1,10,0,0,0,1,1,128.215,34.9758,경남고성군,1,화물차없음,0,1,0,87,0,0
2012-07-12,0,3,1,2,1,0,0,경남,양산시,1,1,0,1,2,1,3,129.0063,35.2927,경남양산시,0,화물차화물차,0,0,0,49,0,0
2012-07-14,1,5,1,1,0,0,0,경기,안성시,1,10,0,0,0,9,1,127.2651,36.9295,경기안성시,0,농기계없음,0,1,0,23,0,0
2012-07-09,0,0,1,1,0,0,0,강원,횡성군,1,11,0,0,0,1,1,128.0775,37.3327,강원횡성군,0,화물차없음,0,0,0,31,0,0
2012-07-19,1,3,1,1,0,0,0,강원,춘천시,1,10,0,0,0,4,1,127.7517,37.9154,강원춘천시,0,이륜차없음,0,0,0,111,0,0
2014-04-01,1,1,1,2,0,1,0,경남,사천시,1,1,0,0,0,0,2,127.9589,35.1548,경남사천시,0,승용차승용차,0,0,0,57,0,0
2013-02-27,1,2,1,2,1,0,0,경북,경주시,1,7,6,1,1,0,2,129.1843,35.9971,경북경주시,0,승용차승용차,0,0,0,100,0,0
2013-03-03,0,6,1,1,0,0,0,전북,전주시,1,10,0,0,0,0,1,127.0366,35.8774,전북전주시,0,승용차없음,0,1,0,11,0,0
2013-03-07,1,3,1,2,0,1,0,전북,남원시,1,5,0,0,0,1,3,127.4172,35.4103,전북남원시,0,화물차화물차,0,0,0,193,0,0
2013-03-04,0,0,1,1,0,0,0,인천,옹진군,1,6,0,0,0,1,1,126.3699,37.531,인천옹진군,0,화물차없음,0,0,0,186,0,0
2013-03-11,1,0,1,2,1,0,0,강원,홍천군,1,11,0,0,0,9,1,128.0902,37.8231,강원홍천군,0,농기계없음,0,0,0,82,0,0
2013-03-21,0,3,1,2,1,0,0,대구,달서구,1,5,0,0,0,1,3,128.5228,35.8541,대구달서구,0,화물차화물차,0,0,0,20,0,0
2013-03-16,1,5,1,2,1,0,0,전북,완주군,1,6,0,0,0,1,1,127.2299,35.792,전북완주군,0,화물차없음,0,1,0,28,0,0
2013-03-16,1,5,1,1,0,0,0,경기,화성시,1,6,0,0,0,4,1,126.8001,37.0427,경기화성시,0,이륜차없음,0,1,0,50,0,0
2013-03-25,1,0,1,1,0,0,0,경남,의령군,1,5,0,0,0,1,4,128.2706,35.3179,경남의령군,0,화물차이륜차,0,0,0,189,0,0
2013-03-25,1,0,1,1,0,0,0,충남,천안시,1,7,0,1,1,1,5,127.1355,36.9119,충남천안시,0,화물차자전거,0,0,0,63,0,0
2013-03-21,1,3,1,1,0,0,0,부산,기장군,1,6,0,0,0,0,1,129.1612,35.3376,부산기장군,0,승용차없음,0,0,0,85,0,0
2013-03-28,0,3,1,4,0,2,1,서울,서초구,1,1,3,0,0,0,6,127.0895,37.4632,서울서초구,0,승용차승합차,0,0,0,214,0,0
2013-12-02,1,0,1,1,0,0,0,경북,칠곡군,1,6,0,0,0,1,1,128.5392,36.0797,경북칠곡군,0,화물차없음,0,0,0,21,0,0
2013-10-28,1,0,2,4,0,2,0,경기,양주시,1,9,5,0,0,1,3,127.0755,37.837,경기양주시,1,화물차화물차,0,0,0,59,0,0
2013-03-31,1,6,1,4,2,1,0,경남,하동군,1,11,0,0,0,0,1,127.7711,35.2093,경남하동군,1,승용차없음,0,1,0,172,0,0
2013-03-09,1,5,1,1,0,0,0,대구,수성구,1,5,6,1,1,2,4,128.6169,35.8351,대구수성구,0,승합차이륜차,0,1,0,37,0,0
2013-10-01,1,1,1,2,1,0,0,충북,진천군,1,7,7,1,1,0,3,127.5187,36.7956,충북진천군,0,승용차화물차,0,0,0,60,0,0
2013-10-07,0,0,2,3,0,1,0,경북,영천시,1,5,0,0,0,0,8,128.8414,36.036,경북영천시,1,승용차농기계,0,0,0,5,0,0
2013-06-13,1,3,1,1,0,0,0,경기,안성시,1,10,0,1,1,9,1,127.1853,36.9758,경기안성시,0,농기계없음,0,0,0,23,0,0
2013-03-31,1,6,1,1,0,0,0,전남,해남군,1,1,0,0,0,0,1,126.6688,34.4701,전남해남군,0,승용차없음,0,1,0,119,0,0
2013-04-15,0,0,1,1,0,0,0,경북,경주시,1,6,0,0,0,0,1,129.0896,35.8656,경북경주시,0,승용차없음,0,0,0,100,0,0
2013-04-15,0,0,1,1,0,0,0,대전,서구,1,6,0,1,1,1,1,127.4017,36.3448,대전서구,0,화물차없음,0,0,0,4,0,0
2013-04-16,1,1,1,1,0,0,0,대전,중구,1,7,6,1,1,7,2,127.4033,36.3263,대전중구,0,자전거승용차,0,0,0,39,0,0
2013-04-17,1,2,1,1,0,0,0,강원,양양군,1,6,0,0,0,1,1,128.5662,38.0567,강원양양군,0,화물차없음,0,0,0,164,0,0
2013-04-13,0,5,1,5,2,2,0,경북,고령군,1,7,8,1,1,0,6,128.2722,35.7217,경북고령군,1,승용차승합차,0,1,0,220,0,0
2013-04-12,0,4,1,2,0,0,1,인천,남구,1,1,0,0,0,0,2,126.6807,37.4736,인천남동구,0,승용차승용차,0,0,0,29,0,0
2013-04-13,0,5,1,1,0,0,0,전북,순창군,1,5,0,0,0,4,9,127.2115,35.3899,전북순창군,0,이륜차건설기계,0,1,0,131,0,0
2013-04-12,1,4,1,1,0,0,0,광주,광산구,1,7,7,1,1,4,3,126.8111,35.1685,광주광산구,0,이륜차화물차,0,0,0,135,0,0
2013-04-13,0,5,1,1,0,0,0,서울,송파구,1,7,6,1,1,4,2,127.0972,37.5066,서울송파구,0,이륜차승용차,0,1,0,156,0,0
2013-02-25,0,0,1,1,0,0,0,경기,연천군,1,6,0,0,0,0,1,126.9195,37.994,경기연천군,0,승용차없음,0,0,0,106,0,0
2013-03-01,0,4,1,1,0,0,0,경기,부천시,1,6,0,0,0,0,1,126.778,37.5287,경기부천시,0,승용차없음,0,1,0,65,0,0
2013-03-04,1,0,1,1,0,0,0,충남,부여군,1,1,8,1,1,4,2,127.0056,36.1546,충남부여군,0,이륜차승용차,0,0,0,129,0,0
2013-03-09,1,5,1,1,0,0,0,경기,파주시,1,1,0,0,0,0,1,126.8869,37.9005,경기파주시,0,승용차없음,0,1,0,175,0,0
2013-03-07,1,3,1,1,0,0,0,전남,화순군,1,10,0,0,0,1,1,127.0067,35.0398,전남화순군,0,화물차없음,0,0,0,88,0,0
2013-03-06,1,2,1,1,0,0,0,전북,임실군,1,10,0,0,0,1,1,127.2854,35.6173,전북임실군,0,화물차없음,0,0,0,152,0,0
2013-03-14,1,3,1,1,0,0,0,광주,서구,1,1,0,0,0,1,1,126.8582,35.1314,광주서구,0,화물차없음,0,0,0,222,0,0
2013-03-13,0,2,1,1,0,0,0,대구,달성군,1,6,0,0,0,4,1,128.5124,35.8032,대구달성군,0,이륜차없음,0,0,0,30,0,0
2013-03-14,1,3,1,1,0,0,0,경북,군위군,1,7,0,0,0,1,5,128.6807,36.1814,경북군위군,0,화물차자전거,0,0,0,170,0,0
2013-03-18,1,0,1,1,0,0,0,전북,군산시,1,5,0,0,0,0,4,126.8023,36.0159,전북군산시,0,승용차이륜차,0,0,0,166,0,0
2013-03-14,1,3,1,1,0,0,0,인천,옹진군,1,10,0,0,0,4,1,126.4765,37.2594,인천옹진군,0,이륜차없음,0,0,0,186,0,0
2013-04-06,0,5,1,1,0,0,0,경기,김포시,1,10,0,0,0,4,1,126.7063,37.6285,경기김포시,0,이륜차없음,0,1,0,47,0,0
2013-04-03,1,2,1,1,0,0,0,경기,성남시,1,7,0,1,1,0,4,127.1467,37.4505,경기성남시,0,승용차이륜차,0,0,0,95,0,0
2013-04-04,1,3,1,1,0,0,0,경기,동두천시,1,7,6,1,1,1,4,127.0582,37.9075,경기동두천시,0,화물차이륜차,0,0,0,94,0,0
2013-04-01,1,0,1,1,0,0,0,충남,당진시,1,5,0,0,0,1,4,126.5552,36.8698,충남당진시,0,화물차이륜차,0,0,0,46,0,0
2013-04-03,1,2,1,1,0,0,0,전남,담양군,1,7,0,1,1,2,5,126.9796,35.3248,전남담양군,0,승합차자전거,0,0,0,181,0,0
2013-04-08,1,0,1,1,0,0,0,경기,양평군,1,1,0,1,2,8,4,127.4892,37.4547,경기양평군,0,기타이륜차,0,0,0,48,0,0
2013-04-08,0,0,1,2,0,1,0,충북,증평군,1,7,6,1,1,1,2,127.5896,36.7979,충북증평군,0,화물차승용차,0,0,0,138,0,0
2013-04-16,1,1,1,2,0,1,0,충북,진천군,1,5,3,0,0,1,3,127.5271,36.7716,충북진천군,0,화물차화물차,0,0,0,60,0,0
2013-04-15,0,0,1,1,0,0,0,전남,신안군,1,11,0,0,0,1,1,126.126,34.7938,전남신안군,0,화물차없음,0,0,0,132,0,0
2013-04-15,1,0,3,18,12,3,0,전남,여수시,1,5,2,0,0,0,6,127.7111,34.7825,전남여수시,2,승용차승합차,0,0,0,102,0,0
2013-04-17,1,2,1,1,0,0,0,경남,창원시(통합),1,1,0,0,0,0,1,128.5965,35.1817,경남창원시(통합),0,승용차없음,0,0,0,86,0,0
2013-04-15,1,0,1,1,0,0,0,부산,사하구,1,7,3,1,2,4,3,128.9982,35.0873,부산사하구,0,이륜차화물차,0,0,0,25,0,0
2013-04-12,1,4,1,1,0,0,0,충남,아산시,1,1,0,0,0,3,5,127.0205,36.8055,충남아산시,0,건설기계자전거,0,0,0,53,0,0
2013-02-22,0,4,1,2,0,1,0,경기,남양주시,1,6,0,0,0,0,1,127.1912,37.6492,경기남양주시,0,승용차없음,0,0,0,70,0,0
2013-02-26,1,1,1,1,0,0,0,경남,창원시(통합),1,1,0,0,0,2,1,128.5863,35.2366,경남창원시(통합),0,승합차없음,0,0,0,86,0,0
2013-02-27,1,2,1,1,0,0,0,경남,창원시(통합),1,1,0,0,0,0,5,128.6593,35.1538,경남창원시(통합),0,승용차자전거,0,0,0,86,0,0
2013-07-19,1,4,1,1,0,0,0,충남,태안군,1,1,0,1,2,0,7,126.2428,36.7434,충남태안군,0,승용차원동기장치자전거,0,0,0,169,0,0
2013-07-18,0,3,1,1,0,0,0,경북,상주시,1,11,0,0,0,0,1,128.1418,36.5755,경북상주시,0,승용차없음,0,0,0,58,0,0
2013-07-14,1,6,1,1,0,0,0,충북,충주시,1,6,0,0,0,0,1,127.8894,36.9612,충북충주시,0,승용차없음,0,1,0,6,0,0
2013-07-21,0,6,2,4,2,0,0,경기,가평군,1,1,2,0,0,0,3,127.3216,37.8213,경기가평군,1,승용차화물차,0,1,0,176,0,0
2013-09-02,0,0,1,2,0,1,0,전남,장흥군,1,11,0,0,0,6,1,126.9106,34.4914,전남장흥군,0,원동기장치자전거없음,0,0,0,56,0,0
2013-09-02,1,0,1,1,0,0,0,전남,장성군,1,6,0,0,0,0,1,126.8155,35.4241,전남장성군,0,승용차없음,0,0,0,146,0,0
2013-09-01,1,6,1,1,0,0,0,충북,청원군,1,1,7,1,1,0,8,127.5418,36.7026,충북청주시,0,승용차농기계,0,1,0,83,0,0
2013-09-02,1,0,1,1,0,0,0,충북,괴산군,1,5,0,0,0,1,8,127.7746,36.6337,충북괴산군,0,화물차농기계,0,0,0,179,0,0
2013-06-01,1,5,1,1,0,0,0,강원,원주시,1,7,0,1,2,7,3,127.9419,37.3716,강원원주시,0,자전거화물차,0,1,0,36,0,0
2013-06-01,1,5,1,1,0,0,0,서울,강동구,1,9,0,0,0,7,5,127.1506,37.5672,서울강동구,0,자전거자전거,0,1,0,91,0,0
2013-06-02,0,6,1,1,0,0,0,경북,구미시,1,10,0,1,1,4,1,128.3559,36.112,경북구미시,0,이륜차없음,0,1,0,144,0,0
2013-06-01,1,5,1,1,0,0,0,경남,함안군,1,7,0,1,1,4,2,128.5113,35.2956,경남함안군,0,이륜차승용차,0,1,0,117,0,0
2013-05-30,1,3,1,2,1,0,0,충북,진천군,1,7,7,1,1,1,7,127.4286,36.9463,충북진천군,0,화물차원동기장치자전거,0,0,0,60,0,0
2013-06-06,1,3,1,1,0,0,0,경남,거창군,1,9,5,0,0,0,7,127.9121,35.6834,경남거창군,0,승용차원동기장치자전거,0,1,0,154,0,0
2013-06-08,1,5,1,1,0,0,0,서울,중랑구,1,7,6,1,1,4,3,127.0801,37.5717,서울중랑구,0,이륜차화물차,0,1,0,196,0,0
2013-06-07,0,4,1,1,0,0,0,경기,용인시,1,9,5,0,0,6,3,127.3072,37.1791,경기용인시,0,원동기장치자전거화물차,0,0,0,51,0,0
2013-06-07,0,4,1,1,0,0,0,경북,상주시,1,10,0,0,0,9,1,128.2147,36.3423,경북상주시,0,농기계없음,0,0,0,58,0,0
2013-06-09,1,6,1,1,0,0,0,서울,송파구,1,7,0,0,0,7,6,127.1115,37.5004,서울송파구,0,자전거승합차,0,1,0,156,0,0
2013-06-14,0,4,1,1,0,0,0,경북,영천시,1,5,10,0,0,1,4,128.895,35.9393,경북영천시,0,화물차이륜차,0,0,0,5,0,0
2013-06-13,1,3,2,2,0,0,0,경기,동두천시,1,7,7,1,1,3,4,127.0452,37.9054,경기동두천시,0,건설기계이륜차,0,0,0,94,0,0
2013-06-14,1,4,1,1,0,0,0,대전,대덕구,1,10,0,0,0,7,1,127.4661,36.4582,대전대덕구,0,자전거없음,0,0,0,77,0,0
2013-06-19,1,2,1,1,0,0,0,경북,경주시,1,1,0,1,1,0,1,129.2415,35.8192,경북경주시,0,승용차없음,0,0,0,100,0,0
2013-06-18,1,1,1,1,0,0,0,전남,장성군,1,10,0,0,0,9,1,126.8244,35.2554,전남장성군,0,농기계없음,0,0,0,146,0,0
2013-06-29,1,5,1,1,0,0,0,경북,경주시,1,10,0,0,0,0,1,129.3823,35.6705,경북경주시,0,승용차없음,0,1,0,100,0,0
2013-07-07,1,6,2,12,8,2,0,경남,진주시,1,10,0,0,0,2,1,128.1335,35.2379,경남진주시,2,승합차없음,0,1,0,42,0,0
2013-07-06,0,5,1,1,0,0,0,경남,김해시,1,7,3,0,0,0,4,128.9006,35.2418,경남김해시,0,승용차이륜차,0,1,0,13,0,0
2013-07-08,1,0,1,1,0,0,0,전북,전주시,1,5,0,0,0,4,2,127.1376,35.8421,전북전주시,0,이륜차승용차,0,0,0,11,0,0
2013-04-09,0,1,1,2,0,1,0,경기,여주시,1,5,0,0,0,0,9,127.6058,37.2977,경기여주시,0,승용차건설기계,0,0,0,22,0,0
2013-05-28,0,1,1,2,0,1,0,경북,경주시,1,9,5,0,0,0,3,129.3019,35.7176,경북경주시,0,승용차화물차,0,0,0,100,0,0
2013-05-24,1,4,1,1,0,0,0,경기,용인시,1,7,6,1,1,1,2,127.3256,37.2515,경기용인시,0,화물차승용차,0,0,0,51,0,0
2012-04-22,0,6,1,4,1,2,0,충남,서산시,1,1,0,0,0,0,3,126.5693,36.8008,충남서산시,1,승용차화물차,0,1,0,69,0,0
2013-04-08,0,0,1,1,0,0,0,인천,연수구,1,1,6,1,1,4,2,126.651,37.3965,인천연수구,0,이륜차승용차,0,0,0,35,0,0
2013-04-08,0,0,1,2,1,0,0,경북,포항시,1,5,0,0,0,5,8,129.3701,36.2457,경북포항시,0,특수차농기계,0,0,0,160,0,0
2013-04-08,0,0,1,1,0,0,0,경남,창원시(통합),1,5,0,0,0,1,11,128.7658,35.115,경남창원시(통합),0,화물차특수차,0,0,0,86,0,0