발생년월일,주야,요일,사망자수,사상자수,중상자수,경상자수,부상신고자수,발생지시도,발생지시군구,사고유형_대분류,사고유형_중분류,법규위반,도로형태_대분류,도로형태,당사자종별_1당_대분류,당사자종별_2당_대분류,경도,위도,발생지,사고피해정도,사고차량타입,도시여부,주말/공휴일,인구수,발생지번호,보행자의위치,무단횡단여부
2013-04-17,1,2,1,1,0,0,0,전남,화순군,1,6,0,0,0,0,1,126.9209,35.02,전남화순군,0,승용차없음,0,0,0,88,0,0
2013-03-08,0,4,2,2,0,0,0,경남,산청군,1,11,0,0,0,1,1,127.738,35.255,경남산청군,0,화물차없음,0,0,0,224,0,0
2013-03-05,0,1,1,1,0,0,0,충남,천안시,1,6,0,0,0,0,1,127.1188,36.7886,충남천안시,0,승용차없음,0,0,0,63,0,0
2013-03-13,1,2,1,6,5,0,0,서울,강남구,1,7,5,0,0,0,2,127.0752,37.498,서울강남구,1,승용차승용차,0,0,0,89,0,0
2013-03-13,0,2,1,1,0,0,0,충남,천안시,1,6,0,0,0,0,1,127.1276,36.9208,충남천안시,0,승용차없음,0,0,0,63,0,0
2013-03-13,1,2,1,1,0,0,0,경남,김해시,1,10,0,0,0,0,1,128.8158,35.2878,경남김해시,0,승용차없음,0,0,0,13,0,0
2013-08-21,1,2,1,1,0,0,0,전남,해남군,1,10,0,0,0,9,1,126.5905,34.5188,전남해남군,0,농기계없음,0,0,0,119,0,0
2013-08-21,1,2,1,1,0,0,0,충남,천안시,1,5,6,1,1,0,4,127.2331,36.7427,충남천안시,0,승용차이륜차,0,0,0,63,0,0
2013-08-31,1,5,1,1,0,0,0,경기,부천시,1,7,10,1,2,7,2,126.7609,37.5176,경기부천시,0,자전거승용차,0,1,0,65,0,0
2013-08-27,1,1,1,1,0,0,0,충북,영동군,1,1,0,0,0,6,3,127.8306,36.2401,충북영동군,0,원동기장치자전거화물차,0,0,0,75,0,0
2013-07-11,1,3,1,1,0,0,0,경남,진주시,1,7,8,1,1,1,4,128.1873,35.0936,경남진주시,0,화물차이륜차,0,0,0,42,0,0
2013-07-24,0,2,1,1,0,0,0,경기,화성시,1,1,0,0,0,0,4,126.9238,37.1517,경기화성시,0,승용차이륜차,0,0,0,50,0,0
2013-07-24,0,2,1,13,7,5,0,전남,나주시,1,1,4,0,0,2,1,126.7785,35.0315,전남나주시,2,승합차없음,0,0,0,33,0,0
2013-07-23,1,1,1,1,0,0,0,경북,예천군,1,6,0,0,0,0,1,128.4656,36.6785,경북예천군,0,승용차없음,0,0,0,55,0,0
2013-07-22,1,0,2,3,1,0,0,경남,양산시,1,6,0,0,0,0,1,129.1241,35.3393,경남양산시,1,승용차없음,0,0,0,49,0,0
2013-07-21,0,6,1,2,0,0,1,경남,창원시(통합),1,7,9,0,0,0,4,128.6359,35.2631,경남창원시(통합),0,승용차이륜차,0,1,0,86,0,0
2013-07-28,0,6,1,4,2,1,0,전남,순천시,1,1,0,0,0,0,2,127.5637,34.9314,전남순천시,1,승용차승용차,0,1,0,27,0,0
2013-07-27,1,5,1,5,1,3,0,경남,통영시,1,10,0,0,0,2,1,128.4346,34.8859,경남통영시,1,승합차없음,0,1,0,212,0,0
2013-07-26,1,4,1,1,0,0,0,강원,횡성군,1,1,8,1,1,1,7,127.9828,37.4864,강원횡성군,0,화물차원동기장치자전거,0,0,0,31,0,0
2013-08-03,1,5,1,1,0,0,0,경기,양평군,1,10,0,0,0,6,1,127.769,37.4567,경기양평군,0,원동기장치자전거없음,0,1,0,48,0,0
2013-07-31,0,2,1,1,0,0,0,전남,해남군,1,1,0,0,0,6,1,126.4733,34.6204,전남해남군,0,원동기장치자전거없음,0,0,0,119,0,0
2013-03-17,0,6,1,1,0,0,0,서울,관악구,1,5,0,0,0,4,3,126.9271,37.4897,서울관악구,0,이륜차화물차,0,1,0,188,0,0
2013-03-24,0,6,2,3,1,0,0,경기,고양시,1,6,0,0,0,0,1,126.8231,37.6042,경기고양시,1,승용차없음,0,1,0,40,0,0
2013-03-24,0,6,1,1,0,0,0,부산,사상구,1,6,0,0,0,0,1,128.9919,35.1498,부산사상구,0,승용차없음,0,1,0,120,0,0
2013-03-30,0,5,1,3,1,0,1,경남,창원시(통합),1,7,6,1,1,0,2,128.6623,35.2148,경남창원시(통합),0,승용차승용차,0,1,0,86,0,0
2013-04-13,0,5,1,1,0,0,0,대전,서구,1,6,0,0,0,0,1,127.379,36.3459,대전서구,0,승용차없음,0,1,0,4,0,0
2013-07-11,0,3,1,1,0,0,0,경기,의정부시,1,6,0,2,4,4,1,127.0456,37.6989,경기의정부시,0,이륜차없음,0,0,0,64,0,0
2013-07-16,0,1,1,1,0,0,0,부산,영도구,1,6,0,0,0,0,1,129.0595,35.0973,부산영도구,0,승용차없음,0,0,0,173,0,0
2013-07-15,0,0,1,1,0,0,0,경기,안성시,1,9,5,0,0,0,4,127.1724,37.0152,경기안성시,0,승용차이륜차,0,0,0,23,0,0
2013-07-16,1,1,1,1,0,0,0,전남,영암군,1,11,0,0,0,9,1,126.6787,34.9312,전남영암군,0,농기계없음,0,0,0,16,0,0
2013-07-22,0,0,2,7,4,1,0,충남,당진시,1,9,5,0,0,0,2,126.7152,36.9281,충남당진시,2,승용차승용차,0,0,0,46,0,0
2013-07-30,1,1,1,1,0,0,0,전남,함평군,1,7,0,0,0,1,4,126.4906,35.1812,전남함평군,0,화물차이륜차,0,0,0,157,0,0
2013-07-29,0,0,1,4,1,2,0,경기,안양시,1,7,6,1,1,0,7,126.9553,37.3782,경기안양시,1,승용차원동기장치자전거,0,0,0,151,0,0
2013-07-31,1,2,1,1,0,0,0,전남,장흥군,1,6,0,0,0,0,1,126.8978,34.6775,전남장흥군,0,승용차없음,0,0,0,56,0,0
2013-08-07,1,2,1,2,1,0,0,제주,제주시,1,7,6,1,1,4,2,126.7912,33.5518,제주제주시,0,이륜차승용차,0,0,0,90,0,0
2013-08-07,0,2,2,2,0,0,0,경남,거제시,1,6,0,0,0,0,1,128.7028,34.8298,경남거제시,0,승용차없음,0,0,0,15,0,0
2013-08-28,0,2,1,5,4,0,0,인천,남동구,1,1,0,0,0,0,2,126.7133,37.4637,인천남동구,1,승용차승용차,0,0,0,29,0,0
2013-09-05,1,3,1,47,28,11,7,인천,부평구,1,5,0,0,0,2,3,126.7548,37.4732,인천부평구,2,승합차화물차,0,0,0,44,0,0
2013-09-05,1,3,1,1,0,0,0,서울,양천구,1,5,0,0,0,1,5,126.8354,37.5249,서울양천구,0,화물차자전거,0,0,0,140,0,0
2013-08-13,0,1,1,1,0,0,0,충남,논산시,1,10,0,2,4,1,1,127.1779,36.161,충남논산시,0,화물차없음,0,0,0,61,0,0
2013-08-10,1,5,1,2,0,1,0,울산,울주군,1,5,7,1,1,0,2,129.3513,35.44,울산울주군,0,승용차승용차,0,1,0,17,0,0
2013-08-10,1,5,1,1,0,0,0,광주,광산구,1,11,0,1,1,9,1,126.7793,35.2267,광주광산구,0,농기계없음,0,1,0,135,0,0
2013-08-19,0,0,1,1,0,0,0,전남,나주시,1,5,0,0,0,4,11,126.7155,35.0207,전남나주시,0,이륜차특수차,0,0,0,33,0,0
2013-08-16,1,4,1,2,0,1,0,전남,무안군,1,7,0,1,1,1,4,126.4743,34.87,전남무안군,0,화물차이륜차,0,0,0,101,0,0
2013-08-26,0,0,1,1,0,0,0,부산,사상구,1,1,6,1,1,6,3,128.9868,35.1541,부산사상구,0,원동기장치자전거화물차,0,0,0,120,0,0
2013-08-26,0,0,1,1,0,0,0,전남,보성군,1,6,0,0,0,1,1,127.2933,34.8858,전남보성군,0,화물차없음,0,0,0,122,0,0
2013-08-23,0,4,1,1,0,0,0,경기,안성시,1,10,0,0,0,0,1,127.3088,37.0027,경기안성시,0,승용차없음,0,0,0,23,0,0
2013-08-22,1,3,1,2,0,1,0,경남,거제시,1,9,5,0,0,2,3,128.5322,34.9119,경남거제시,0,승합차화물차,0,0,0,15,0,0
2013-08-23,0,4,1,1,0,0,0,충북,청원군,1,5,0,1,2,4,2,127.4262,36.4965,충북청주시,0,이륜차승용차,0,0,0,83,0,0
2013-08-31,1,5,1,1,0,0,0,경북,경산시,1,10,0,0,0,1,1,128.7623,35.9604,경북경산시,0,화물차없음,0,1,0,52,0,0
2013-07-11,1,3,4,6,2,0,0,경남,진주시,1,7,5,1,2,0,2,128.1016,35.1452,경남진주시,2,승용차승용차,0,0,0,42,0,0
2013-09-08,0,6,2,2,0,0,0,서울,관악구,1,7,6,1,1,0,4,126.9265,37.4925,서울관악구,0,승용차이륜차,0,1,0,188,0,0
2013-09-09,0,0,1,1,0,0,0,강원,동해시,1,6,0,1,1,0,1,129.1042,37.5326,강원동해시,0,승용차없음,0,0,0,210,0,0
2013-09-15,1,6,1,1,0,0,0,경기,성남시,1,6,0,1,2,0,1,127.1042,37.3598,경기성남시,0,승용차없음,0,1,0,95,0,0
2013-09-11,0,2,1,2,0,1,0,전남,함평군,1,10,0,0,0,9,1,126.5368,35.0053,전남함평군,0,농기계없음,0,0,0,157,0,0
2013-09-12,1,3,1,2,1,0,0,전남,신안군,1,9,5,0,0,0,4,126.3086,34.868,전남신안군,0,승용차이륜차,0,0,0,132,0,0
2013-09-13,0,4,1,1,0,0,0,광주,북구,1,11,0,0,0,6,1,127.032,35.1772,광주북구,0,원동기장치자전거없음,0,0,0,137,0,0
2013-09-13,0,4,1,1,0,0,0,전북,군산시,1,11,0,0,0,0,1,126.7979,36.0129,전북군산시,0,승용차없음,0,0,0,166,0,0
2013-09-13,1,4,1,1,0,0,0,전북,고창군,1,11,0,0,0,0,1,126.6881,35.524,전북고창군,0,승용차없음,0,0,0,219,0,0
2013-09-20,0,4,1,1,0,0,0,부산,북구,1,5,0,0,0,0,3,129.008,35.2341,부산북구,0,승용차화물차,0,1,0,118,0,0
2013-09-19,0,3,1,6,4,1,0,부산,진구,1,7,0,1,1,0,2,129.0209,35.1483,부산진구,1,승용차승용차,0,1,0,231,0,0
2013-09-25,1,2,1,3,1,1,0,강원,고성군,1,9,5,0,0,0,2,128.4353,38.4494,강원고성군,0,승용차승용차,0,0,0,217,0,0
2013-09-25,1,2,1,1,0,0,0,강원,철원군,1,5,0,0,0,1,5,127.4062,38.1445,강원철원군,0,화물차자전거,0,0,0,184,0,0
2013-09-23,0,0,1,4,3,0,0,경기,여주시,1,9,6,1,1,1,2,127.6168,37.2852,경기여주시,1,화물차승용차,0,0,0,22,0,0
2013-09-23,1,0,1,6,1,3,1,전북,익산시,1,7,2,1,1,2,2,127.012,35.9603,전북익산시,1,승합차승용차,0,0,0,125,0,0
2013-09-22,0,6,1,1,0,0,0,울산,울주군,1,10,0,0,0,7,1,129.0637,35.6165,울산울주군,0,자전거없음,0,1,0,17,0,0
2013-09-22,1,6,1,2,1,0,0,경북,포항시,1,6,0,0,0,1,1,129.173,36.087,경북포항시,0,화물차없음,0,1,0,160,0,0
2013-10-02,1,2,1,1,0,0,0,경남,산청군,1,5,0,0,0,0,8,127.9654,35.3158,경남산청군,0,승용차농기계,0,0,0,224,0,0
2013-10-01,1,1,1,2,1,0,0,경남,진주시,1,1,5,1,2,0,5,128.0882,35.1942,경남진주시,0,승용차자전거,0,0,0,42,0,0
2013-10-01,1,1,1,2,1,0,0,경남,고성군,1,6,0,0,0,0,1,128.3437,34.9513,경남고성군,0,승용차없음,0,0,0,87,0,0
2013-09-28,1,5,1,1,0,0,0,경기,남양주시,1,11,0,0,0,0,1,127.2927,37.626,경기남양주시,0,승용차없음,0,1,0,70,0,0
2013-10-05,1,5,1,1,0,0,0,서울,도봉구,1,5,6,0,3,7,2,127.0496,37.6792,서울도봉구,0,자전거승용차,0,1,0,98,0,0
2013-10-07,0,0,1,4,3,0,0,경기,파주시,1,5,0,0,0,0,3,126.6874,37.722,경기파주시,1,승용차화물차,0,0,0,175,0,0
2013-10-08,0,1,1,2,1,0,0,서울,성동구,1,7,0,0,0,0,3,127.0313,37.5424,서울성동구,0,승용차화물차,0,0,0,84,0,0
2013-10-07,0,0,1,1,0,0,0,경북,구미시,1,6,0,0,0,1,1,128.3442,36.1307,경북구미시,0,화물차없음,0,0,0,144,0,0
2013-10-03,1,3,1,2,0,1,0,경기,파주시,1,1,5,0,0,6,3,126.9317,37.8554,경기파주시,0,원동기장치자전거화물차,0,1,0,175,0,0
2013-09-01,1,6,1,1,0,0,0,전남,화순군,1,1,0,0,0,6,6,127.0283,35.0245,전남화순군,0,원동기장치자전거승합차,0,1,0,88,0,0
2012-07-14,1,5,1,1,0,0,0,경북,경산시,1,1,0,1,2,2,5,128.7317,35.8214,경북경산시,0,승합차자전거,0,1,0,52,0,0
2012-07-20,0,4,1,1,0,0,0,전북,정읍시,1,9,5,0,0,0,5,126.8117,35.6731,전북정읍시,0,승용차자전거,0,0,0,12,0,0
2012-07-21,1,5,1,1,0,0,0,전북,남원시,1,1,0,1,2,4,9,127.4497,35.4583,전북남원시,0,이륜차건설기계,0,1,0,193,0,0
2012-01-17,0,1,1,4,3,0,0,경남,김해시,1,6,0,0,0,0,1,128.7392,35.306,경남김해시,1,승용차없음,0,0,0,13,0,0
2012-02-15,0,2,1,2,1,0,0,경남,김해시,1,1,0,0,0,6,5,128.7644,35.2463,경남김해시,0,원동기장치자전거자전거,0,0,0,13,0,0
2012-08-29,1,2,1,1,0,0,0,경남,합천군,1,6,0,0,0,0,1,128.1929,35.5932,경남합천군,0,승용차없음,0,0,0,133,0,0
2012-09-05,1,2,1,1,0,0,0,경기,안성시,1,7,7,1,1,0,4,127.418,37.0731,경기안성시,0,승용차이륜차,0,0,0,23,0,0
2012-09-05,1,2,1,1,0,0,0,충남,홍성군,1,7,7,1,1,4,3,126.546,36.5257,충남홍성군,0,이륜차화물차,0,0,0,38,0,0
2012-08-18,1,5,1,1,0,0,0,인천,남동구,1,1,0,1,2,0,5,126.7225,37.4217,인천남동구,0,승용차자전거,0,1,0,29,0,0
2012-01-07,1,5,1,3,2,0,0,경남,의령군,1,7,6,1,1,0,3,128.3274,35.3794,경남의령군,1,승용차화물차,0,1,0,189,0,0
2012-04-19,1,3,1,2,1,0,0,전북,고창군,1,1,8,1,1,1,7,126.5975,35.3444,전북고창군,0,화물차원동기장치자전거,0,0,0,219,0,0
2012-03-07,1,2,1,3,2,0,0,경북,경주시,1,6,0,0,0,1,1,129.4633,35.7882,경북경주시,1,화물차없음,0,0,0,100,0,0
2012-01-24,0,1,1,1,0,0,0,경남,거제시,1,6,0,0,0,0,1,128.5535,34.9035,경남거제시,0,승용차없음,0,1,0,15,0,0
2012-12-12,1,2,1,2,1,0,0,강원,횡성군,1,7,7,1,1,2,4,128.019,37.4932,강원횡성군,0,승합차이륜차,0,0,0,31,0,0
2012-12-12,1,2,1,5,1,3,0,경기,시흥시,1,5,0,0,0,0,6,126.8177,37.3815,경기시흥시,1,승용차승합차,0,0,0,73,0,0
2012-08-17,0,4,1,1,0,0,0,경북,포항시,1,7,7,1,1,0,2,129.3501,36.1089,경북포항시,0,승용차승용차,0,0,0,160,0,0
2013-08-07,0,2,1,1,0,0,0,인천,서구,1,9,5,0,0,6,3,126.6513,37.5829,인천서구,0,원동기장치자전거화물차,0,0,0,97,0,0
2013-08-07,1,2,1,1,0,0,0,충남,천안시,1,1,0,2,4,6,2,127.132,36.8191,충남천안시,0,원동기장치자전거승용차,0,0,0,63,0,0
2013-08-30,1,4,1,1,0,0,0,서울,구로구,1,1,0,1,1,4,1,126.8654,37.5023,서울구로구,0,이륜차없음,0,0,0,79,0,0
2013-08-31,1,5,1,2,1,0,0,충남,논산시,1,5,0,0,0,6,2,127.0525,36.2229,충남논산시,0,원동기장치자전거승용차,0,1,0,61,0,0
2013-08-29,1,3,1,1,0,0,0,세종,세종,1,1,7,1,1,4,6,127.2848,36.4559,세종세종,0,이륜차승합차,1,0,0,229,0,0
2013-08-26,0,0,1,1,0,0,0,충북,제천시,1,1,0,1,1,1,5,128.2067,37.1536,충북제천시,0,화물차자전거,0,0,0,103,0,0
2013-09-03,0,1,1,2,0,1,0,경기,성남시,1,9,5,0,0,4,2,127.1793,37.4442,경기성남시,0,이륜차승용차,0,0,0,95,0,0
2013-07-09,0,1,1,4,2,1,0,전남,광양시,1,10,0,0,0,0,1,127.7099,34.9358,전남광양시,1,승용차없음,0,0,0,130,0,0
2013-10-04,0,4,1,1,0,0,0,인천,연수구,1,6,0,1,1,0,1,126.6397,37.3861,인천연수구,0,승용차없음,0,0,0,35,0,0
2013-10-21,1,0,1,1,0,0,0,인천,남동구,1,1,0,1,1,1,1,126.6849,37.3876,인천남동구,0,화물차없음,0,0,0,29,0,0
2013-10-19,0,5,1,3,2,0,0,서울,강서구,1,10,0,0,0,0,1,126.8587,37.5535,서울강서구,1,승용차없음,0,1,0,43,0,0
2013-10-17,0,3,1,1,0,0,0,경남,창녕군,1,5,0,0,0,0,5,128.4808,35.3944,경남창녕군,0,승용차자전거,0,0,0,211,0,0
2013-10-19,0,5,1,4,3,0,0,충북,괴산군,1,6,0,0,0,0,1,127.7472,36.652,충북괴산군,1,승용차없음,0,1,0,179,0,0
2013-10-03,1,3,1,1,0,0,0,전남,고흥군,1,5,2,0,0,1,8,127.334,34.7874,전남고흥군,0,화물차농기계,0,1,0,191,0,0
2013-10-03,1,3,1,1,0,0,0,부산,기장군,1,6,0,0,3,6,1,129.2755,35.3257,부산기장군,0,원동기장치자전거없음,0,1,0,85,0,0
2013-07-19,1,4,1,1,0,0,0,경남,의령군,1,6,0,0,0,0,1,128.2743,35.3142,경남의령군,0,승용차없음,0,0,0,189,0,0
2013-07-19,1,4,1,1,0,0,0,경남,고성군,1,6,0,0,0,1,1,128.3797,35.0941,경남고성군,0,화물차없음,0,0,0,87,0,0
2013-07-19,1,4,1,1,0,0,0,충북,보은군,1,7,7,1,1,1,4,127.7371,36.4186,충북보은군,0,화물차이륜차,0,0,0,32,0,0
2013-10-08,1,1,1,1,0,0,0,경북,성주군,1,11,0,0,0,4,1,128.288,35.9124,경북성주군,0,이륜차없음,0,0,0,168,0,0
2013-10-16,1,2,1,1,0,0,0,인천,연수구,1,11,0,0,0,0,1,126.6268,37.4055,인천연수구,0,승용차없음,0,0,0,35,0,0
2013-10-16,0,2,1,1,0,0,0,경기,용인시,1,5,0,1,1,4,11,127.234,37.2873,경기용인시,0,이륜차특수차,0,0,0,51,0,0
2013-10-15,1,1,1,5,2,2,0,서울,마포구,1,1,5,0,0,0,2,126.8891,37.572,서울마포구,1,승용차승용차,0,0,0,159,0,0
2013-10-14,1,0,1,1,0,0,0,전북,진안군,1,10,0,0,0,7,1,127.4417,35.8664,전북진안군,0,자전거없음,0,0,0,192,0,0
2013-10-14,1,0,1,1,0,0,0,충남,천안시,1,7,7,1,1,0,4,127.1276,36.9002,충남천안시,0,승용차이륜차,0,0,0,63,0,0
2013-08-31,0,5,1,2,1,0,0,전남,여수시,1,7,6,1,1,0,4,127.6946,34.7759,전남여수시,0,승용차이륜차,0,1,0,102,0,0
2013-09-09,1,0,1,1,0,0,0,전남,신안군,1,1,0,0,0,4,1,126.1183,34.7842,전남신안군,0,이륜차없음,0,0,0,132,0,0
2013-09-15,1,6,1,1,0,0,0,경기,김포시,1,6,0,0,0,0,1,126.712,37.6232,경기김포시,0,승용차없음,0,1,0,47,0,0
2013-09-16,0,0,1,1,0,0,0,경북,구미시,1,5,0,0,0,5,8,128.3119,36.2229,경북구미시,0,특수차농기계,0,0,0,144,0,0
2013-09-16,0,0,1,4,0,3,0,울산,북구,1,5,0,1,2,1,3,129.3412,35.6569,울산북구,1,화물차화물차,0,0,0,158,0,0
2013-09-16,0,0,1,1,0,0,0,경기,수원시,1,6,0,0,0,4,1,127.0244,37.2607,경기수원시,0,이륜차없음,0,0,0,99,0,0
2013-09-13,1,4,1,1,0,0,0,전남,무안군,1,11,0,1,2,9,1,126.3046,35.1109,전남무안군,0,농기계없음,0,0,0,101,0,0
2013-09-21,0,5,1,1,0,0,0,경기,오산시,1,6,0,0,0,4,1,127.0793,37.1511,경기오산시,0,이륜차없음,0,1,0,143,0,0
2013-09-21,1,5,1,2,1,0,0,전남,순천시,1,7,0,1,2,0,2,127.4776,34.8914,전남순천시,0,승용차승용차,0,1,0,27,0,0
2013-09-21,0,5,1,1,0,0,0,전남,영암군,1,1,0,0,0,0,2,126.6912,34.8908,전남영암군,0,승용차승용차,0,1,0,16,0,0
2013-09-21,0,5,1,1,0,0,0,전남,순천시,1,10,0,1,2,0,1,127.4777,34.8913,전남순천시,0,승용차없음,0,1,0,27,0,0
2013-09-28,1,5,1,1,0,0,0,강원,평창군,1,1,0,0,0,0,1,128.5549,37.5828,강원평창군,0,승용차없음,0,1,0,24,0,0
2013-10-04,1,4,1,1,0,0,0,경남,밀양시,1,7,10,0,0,0,4,128.7492,35.5029,경남밀양시,0,승용차이륜차,0,0,0,177,0,0
2013-10-02,0,2,1,2,1,0,0,충북,청원군,1,1,0,0,0,1,8,127.5633,36.7126,충북청주시,0,화물차농기계,0,0,0,83,0,0
2013-10-02,0,2,1,2,1,0,0,충북,청원군,1,6,0,0,0,0,1,127.3713,36.679,충북청주시,0,승용차없음,0,0,0,83,0,0
2013-10-11,1,4,1,1,0,0,0,전남,강진군,1,1,5,0,0,9,4,126.7813,34.726,전남강진군,0,농기계이륜차,0,0,0,121,0,0
2013-10-08,0,1,1,2,1,0,0,부산,사상구,1,5,0,0,0,0,3,128.9755,35.1809,부산사상구,0,승용차화물차,0,0,0,120,0,0
2012-07-24,1,1,1,2,1,0,0,경북,청도군,1,6,0,0,0,1,1,128.7614,35.5722,경북청도군,0,화물차없음,0,0,0,3,0,0
2012-07-22,1,6,1,1,0,0,0,경기,양주시,1,6,0,0,0,0,1,127.0242,37.7859,경기양주시,0,승용차없음,0,1,0,59,0,0
2012-07-30,0,0,1,3,0,2,0,경북,경산시,1,1,7,1,1,1,2,128.8171,35.9159,경북경산시,0,화물차승용차,0,0,0,52,0,0
2012-07-28,0,5,1,1,0,0,0,인천,서구,1,1,0,1,2,0,9,126.6416,37.499,인천서구,0,승용차건설기계,0,1,0,97,0,0
2012-08-03,1,4,1,1,0,0,0,서울,용산구,1,6,0,0,0,1,1,127.0087,37.5318,서울용산구,0,화물차없음,0,0,0,134,0,0
2012-08-01,1,2,1,1,0,0,0,서울,강서구,1,11,0,0,0,2,1,126.7998,37.586,서울강서구,0,승합차없음,0,0,0,43,0,0
2012-06-13,1,2,1,1,0,0,0,경북,구미시,1,7,0,2,4,0,3,128.4004,36.1768,경북구미시,0,승용차화물차,0,0,0,144,0,0
2012-06-18,0,0,2,4,1,1,0,경북,의성군,1,9,5,0,0,4,3,128.4814,36.3407,경북의성군,1,이륜차화물차,0,0,0,105,0,0
2012-06-16,1,5,1,2,1,0,0,경북,상주시,1,7,0,1,1,3,2,128.2137,36.3246,경북상주시,0,건설기계승용차,0,1,0,58,0,0
2012-06-27,0,2,1,1,0,0,0,강원,고성군,1,6,0,1,2,0,1,128.5249,38.3275,강원고성군,0,승용차없음,0,0,0,217,0,0
2012-07-05,0,3,1,2,1,0,0,경북,안동시,1,6,0,0,0,0,1,128.5029,36.5557,경북안동시,0,승용차없음,0,0,0,66,0,0
2012-07-09,0,0,1,1,0,0,0,강원,원주시,1,5,0,0,0,6,2,127.9169,37.2982,강원원주시,0,원동기장치자전거승용차,0,0,0,36,0,0
2012-07-09,0,0,1,1,0,0,0,강원,홍천군,1,11,0,1,2,4,1,127.8392,37.6525,강원홍천군,0,이륜차없음,0,0,0,82,0,0
2012-07-14,1,5,1,1,0,0,0,전북,장수군,1,1,0,2,4,1,1,127.6295,35.807,전북장수군,0,화물차없음,0,1,0,155,0,0
2012-07-12,1,3,1,1,0,0,0,경북,구미시,1,6,0,1,1,0,1,128.291,36.239,경북구미시,0,승용차없음,0,0,0,144,0,0
2012-07-16,1,0,1,1,0,0,0,울산,중구,1,6,4,1,2,2,1,129.3344,35.5555,울산중구,0,승합차없음,0,0,0,205,0,0
2012-07-15,0,6,1,10,1,8,0,서울,금천구,1,7,6,1,1,0,6,126.9037,37.4424,서울금천구,2,승용차승합차,0,1,0,109,0,0
2012-07-21,0,5,1,4,2,1,0,경기,고양시,1,7,6,1,1,0,4,126.7521,37.6796,경기고양시,1,승용차이륜차,0,1,0,40,0,0
2012-07-23,0,0,1,1,0,0,0,강원,양양군,1,1,0,0,0,0,4,128.551,38.0616,강원양양군,0,승용차이륜차,0,0,0,164,0,0
2012-07-24,0,1,1,1,0,0,0,부산,강서구,1,6,0,0,0,0,1,128.9531,35.1496,부산강서구,0,승용차없음,0,0,0,206,0,0
2012-07-28,0,5,1,1,0,0,0,인천,남동구,1,6,0,0,0,0,1,126.7012,37.4629,인천남동구,0,승용차없음,0,1,0,29,0,0
2013-02-14,1,3,1,1,0,0,0,경기,구리시,1,7,0,0,3,4,6,127.1298,37.601,경기구리시,0,이륜차승합차,0,0,0,165,0,0
2013-02-07,0,3,1,3,1,1,0,전남,광양시,1,9,5,1,2,0,2,127.5944,34.9703,전남광양시,0,승용차승용차,0,0,0,130,0,0
2013-02-08,0,4,1,1,0,0,0,경기,화성시,1,6,0,0,0,0,1,126.9362,37.1765,경기화성시,0,승용차없음,0,0,0,50,0,0
2013-05-06,1,0,1,1,0,0,0,전북,전주시,1,1,0,0,3,0,5,127.1395,35.8302,전북전주시,0,승용차자전거,0,0,0,11,0,0
2013-11-16,1,5,1,1,0,0,0,충북,진천군,1,7,5,1,2,6,3,127.3849,36.8788,충북진천군,0,원동기장치자전거화물차,0,1,0,60,0,0
2013-11-19,1,1,1,2,0,1,0,경기,이천시,1,7,7,1,1,1,3,127.5746,37.1679,경기이천시,0,화물차화물차,0,0,0,41,0,0
2012-10-06,1,5,1,1,0,0,0,경기,포천시,1,7,0,1,1,0,4,127.3282,37.9682,경기포천시,0,승용차이륜차,0,1,0,171,0,0
2012-10-11,1,3,1,15,11,3,0,전남,여수시,1,7,6,1,1,2,3,127.6577,34.8,전남여수시,2,승합차화물차,0,0,0,102,0,0
2012-09-27,0,3,1,1,0,0,0,대구,서구,1,5,0,1,1,0,7,128.5606,35.8835,대구서구,0,승용차원동기장치자전거,0,0,0,107,0,0
2012-11-27,1,1,1,1,0,0,0,강원,춘천시,1,1,0,0,0,0,1,127.7407,37.9222,강원춘천시,0,승용차없음,0,0,0,111,0,0
2012-07-24,0,1,1,2,0,1,0,경기,남양주시,1,9,0,1,1,4,2,127.1979,37.7096,경기남양주시,0,이륜차승용차,0,0,0,70,0,0
2013-01-15,0,1,1,1,0,0,0,경기,부천시,1,1,0,0,0,4,4,126.7563,37.4982,경기부천시,0,이륜차이륜차,0,0,0,65,0,0
2013-01-20,1,6,1,1,0,0,0,전남,보성군,1,11,0,0,0,1,1,127.3738,34.8125,전남보성군,0,화물차없음,0,1,0,122,0,0
2014-04-13,1,6,1,1,0,0,0,충남,청양군,1,6,0,0,0,0,1,126.9547,36.3567,충남청양군,0,승용차없음,0,1,0,174,0,0
2014-04-14,1,0,1,1,0,0,0,전남,완도군,1,5,0,0,0,2,4,126.6787,34.3861,전남완도군,0,승합차이륜차,0,0,0,141,0,0
2014-04-24,0,3,1,1,0,0,0,제주,서귀포시,1,7,2,1,1,1,5,126.2753,33.2464,제주서귀포시,0,화물차자전거,0,0,0,62,0,0
2014-04-24,0,3,1,1,0,0,0,서울,서대문구,1,7,5,0,3,0,4,126.93,37.5656,서울서대문구,0,승용차이륜차,0,0,0,195,0,0
2014-04-25,1,4,1,1,0,0,0,전남,강진군,1,1,0,0,0,9,1,126.7517,34.6806,전남강진군,0,농기계없음,0,0,0,121,0,0