발생년월일,주야,요일,사망자수,사상자수,중상자수,경상자수,부상신고자수,발생지시도,발생지시군구,사고유형_대분류,사고유형_중분류,법규위반,도로형태_대분류,도로형태,당사자종별_1당_대분류,당사자종별_2당_대분류,경도,위도,발생지,사고피해정도,사고차량타입,도시여부,주말/공휴일,인구수,발생지번호,보행자의위치,무단횡단여부
2014-04-22,0,1,1,2,0,1,0,서울,서초구,1,9,6,1,2,4,2,126.9965,37.4994,서울서초구,0,이륜차승용차,0,0,0,214,0,0
2014-04-23,1,2,1,3,1,1,0,경기,파주시,1,5,0,0,0,0,2,126.7692,37.8672,경기파주시,0,승용차승용차,0,0,0,175,0,0
2014-04-23,1,2,1,1,0,0,0,전북,익산시,1,7,0,0,0,0,5,126.9745,35.9234,전북익산시,0,승용차자전거,0,0,0,125,0,0
2014-04-21,0,0,1,1,0,0,0,강원,춘천시,1,10,0,0,0,0,1,127.7612,37.8578,강원춘천시,0,승용차없음,0,0,0,111,0,0
2014-04-22,1,1,1,3,1,1,0,부산,강서구,1,7,8,1,1,0,2,128.9574,35.1927,부산강서구,0,승용차승용차,0,0,0,206,0,0
2014-04-19,0,5,1,1,0,0,0,전북,전주시,1,6,0,0,0,0,1,127.0988,35.8186,전북전주시,0,승용차없음,0,1,0,11,0,0
2014-05-06,1,1,1,2,0,1,0,경기,화성시,1,9,5,1,2,6,2,126.9001,37.2479,경기화성시,0,원동기장치자전거승용차,0,1,0,50,0,0
2014-05-07,1,2,1,3,2,0,0,제주,서귀포시,1,7,8,1,1,1,2,126.1888,33.2748,제주서귀포시,1,화물차승용차,0,0,0,62,0,0
2014-05-07,1,2,1,1,0,0,0,경남,밀양시,1,6,0,1,2,1,1,128.6477,35.4906,경남밀양시,0,화물차없음,0,0,0,177,0,0
2014-05-06,0,1,1,2,0,0,1,부산,동래구,1,7,6,1,1,4,2,129.0845,35.2181,부산동래구,0,이륜차승용차,0,1,0,216,0,0
2014-05-03,0,5,1,2,1,0,0,경기,부천시,1,6,0,1,2,4,1,126.81,37.4785,경기부천시,0,이륜차없음,0,1,0,65,0,0
2013-09-07,1,5,1,2,0,1,0,제주,제주시,1,7,5,0,0,0,3,126.5135,33.4735,제주제주시,0,승용차화물차,0,1,0,90,0,0
2013-09-15,1,6,1,1,0,0,0,강원,태백시,1,7,7,1,1,0,4,128.9884,37.1592,강원태백시,0,승용차이륜차,0,1,0,215,0,0
2013-09-13,0,4,1,1,0,0,0,인천,계양구,1,6,0,0,0,0,1,126.7408,37.5691,인천계양구,0,승용차없음,0,0,0,7,0,0
2013-09-13,1,4,1,1,0,0,0,충남,태안군,1,1,0,0,0,1,7,126.213,36.7551,충남태안군,0,화물차원동기장치자전거,0,0,0,169,0,0
2013-09-26,0,3,1,1,0,0,0,전남,해남군,1,1,2,0,0,1,8,126.5153,34.4915,전남해남군,0,화물차농기계,0,0,0,119,0,0
2013-09-26,0,3,1,3,0,2,0,충북,진천군,1,5,0,1,2,1,2,127.4405,36.9028,충북진천군,0,화물차승용차,0,0,0,60,0,0
2013-09-26,1,3,1,3,1,1,0,경남,함안군,1,7,6,1,1,1,2,128.5134,35.3861,경남함안군,0,화물차승용차,0,0,0,117,0,0
2013-09-27,1,4,1,1,0,0,0,강원,삼척시,1,10,0,2,4,1,1,128.8904,37.3083,강원삼척시,0,화물차없음,0,0,0,78,0,0
2013-09-30,1,0,1,1,0,0,0,경북,구미시,1,5,0,1,2,0,3,128.3985,36.1365,경북구미시,0,승용차화물차,0,0,0,144,0,0
2013-09-30,1,0,1,1,0,0,0,경남,사천시,1,1,8,1,1,4,3,128.0778,34.9312,경남사천시,0,이륜차화물차,0,0,0,57,0,0
2013-05-14,1,1,1,2,0,1,0,강원,동해시,1,1,5,0,0,0,6,129.1192,37.5306,강원동해시,0,승용차승합차,0,0,0,210,0,0
2013-10-31,1,3,1,1,0,0,0,전북,무주군,1,6,0,0,0,9,1,127.6625,35.8426,전북무주군,0,농기계없음,0,0,0,182,0,0
2013-10-26,1,5,1,1,0,0,0,경기,용인시,1,7,5,0,0,0,4,127.2155,37.2693,경기용인시,0,승용차이륜차,0,1,0,51,0,0
2013-11-19,0,1,1,1,0,0,0,강원,철원군,1,7,0,1,1,1,11,127.3014,38.1363,강원철원군,0,화물차특수차,0,0,0,184,0,0
2013-03-17,0,6,1,1,0,0,0,경남,밀양시,1,6,0,0,0,0,1,128.668,35.4221,경남밀양시,0,승용차없음,0,1,0,177,0,0
2013-04-20,0,5,1,1,0,0,0,경기,화성시,1,6,0,0,0,1,1,126.9112,37.2288,경기화성시,0,화물차없음,0,1,0,50,0,0
2013-04-17,1,2,1,1,0,0,0,경기,동두천시,1,6,0,0,0,0,1,127.0405,37.8957,경기동두천시,0,승용차없음,0,0,0,94,0,0
2014-08-13,0,2,1,2,1,0,0,경기,안성시,1,6,0,1,1,0,1,127.236,37.0272,경기안성시,0,승용차없음,0,0,0,23,0,0
2012-10-12,0,4,1,1,0,0,0,경기,광주시,1,6,0,0,0,0,1,127.1629,37.3513,경기광주시,0,승용차없음,0,0,0,9,0,0
2014-12-31,0,2,1,34,3,0,30,경기,화성시,1,1,3,0,0,0,2,126.8133,37.0777,경기화성시,2,승용차승용차,0,0,0,50,0,0
2013-10-09,1,2,1,1,0,0,0,전북,순창군,1,7,8,1,1,4,3,126.9125,35.4436,전북순창군,0,이륜차화물차,0,1,0,131,0,0
2013-10-17,1,3,1,1,0,0,0,강원,양양군,1,11,0,0,0,3,1,128.4902,37.9367,강원양양군,0,건설기계없음,0,0,0,164,0,0
2013-10-18,1,4,1,3,2,0,0,전북,익산시,1,5,0,1,2,1,3,126.991,36.1308,전북익산시,1,화물차화물차,0,0,0,125,0,0
2013-10-17,0,3,1,1,0,0,0,강원,원주시,1,10,0,0,0,0,1,127.929,37.3347,강원원주시,0,승용차없음,0,0,0,36,0,0
2013-10-16,0,2,1,1,0,0,0,전북,완주군,1,1,0,1,2,1,5,127.1526,35.9346,전북완주군,0,화물차자전거,0,0,0,28,0,0
2013-01-27,1,6,1,3,0,2,0,충남,천안시,1,5,0,0,0,2,3,127.113,36.6634,충남천안시,0,승합차화물차,0,1,0,63,0,0
2013-10-25,0,4,2,2,0,0,0,충북,영동군,1,10,0,0,0,1,1,127.8531,36.2539,충북영동군,0,화물차없음,0,0,0,75,0,0
2013-05-17,0,4,1,4,1,1,1,충남,당진시,1,6,0,0,0,2,1,126.4706,37.0065,충남당진시,1,승합차없음,0,1,0,46,0,0
2013-11-10,1,6,1,2,1,0,0,경남,진주시,1,9,5,1,1,1,11,128.1717,35.1322,경남진주시,0,화물차특수차,0,1,0,42,0,0
2013-08-09,0,4,1,1,0,0,0,경북,칠곡군,1,1,0,0,0,0,1,128.3981,36.0832,경북칠곡군,0,승용차없음,0,0,0,21,0,0
2013-08-21,0,2,1,1,0,0,0,전북,김제시,1,11,0,1,2,6,1,126.9776,35.8616,전북김제시,0,원동기장치자전거없음,0,0,0,34,0,0
2013-08-22,1,3,1,18,10,7,0,전북,완주군,1,10,0,1,1,1,1,127.0956,35.919,전북완주군,2,화물차없음,0,0,0,28,0,0
2013-08-22,0,3,1,1,0,0,0,충남,서산시,1,10,0,1,1,1,1,126.4454,36.8601,충남서산시,0,화물차없음,0,0,0,69,0,0
2013-09-10,1,1,1,1,0,0,0,경남,하동군,1,7,5,0,0,0,8,127.9104,35.0078,경남하동군,0,승용차농기계,0,0,0,172,0,0
2013-10-26,0,5,1,2,1,0,0,부산,동래구,1,10,0,0,0,0,1,129.0796,35.2158,부산동래구,0,승용차없음,0,1,0,216,0,0
2013-10-26,0,5,1,1,0,0,0,전남,광양시,1,6,0,1,1,0,1,127.6876,34.9407,전남광양시,0,승용차없음,0,1,0,130,0,0
2013-06-07,1,4,1,1,0,0,0,전북,익산시,1,5,0,0,0,1,4,126.991,36.0246,전북익산시,0,화물차이륜차,0,0,0,125,0,0
2013-05-29,0,2,1,1,0,0,0,경기,안양시,1,5,3,0,0,8,2,126.8938,37.4195,경기안양시,0,기타승용차,0,0,0,151,0,0
2013-04-23,1,1,1,2,1,0,0,경남,함안군,1,9,5,1,1,0,9,128.3492,35.266,경남함안군,0,승용차건설기계,0,0,0,117,0,0
2013-04-29,0,0,1,1,0,0,0,전북,전주시,1,1,0,0,0,0,4,127.1448,35.8,전북전주시,0,승용차이륜차,0,0,0,11,0,0
2014-05-27,0,1,1,1,0,0,0,전북,남원시,1,11,0,0,0,9,1,127.4265,35.3837,전북남원시,0,농기계없음,0,0,0,193,0,0
2014-06-26,1,3,1,1,0,0,0,충남,아산시,1,7,0,1,1,0,7,127.0053,36.7799,충남아산시,0,승용차원동기장치자전거,0,0,0,53,0,0
2013-02-21,0,3,1,1,0,0,0,경기,안양시,1,10,0,0,0,6,1,126.9473,37.3959,경기안양시,0,원동기장치자전거없음,0,0,0,151,0,0
2014-02-01,0,5,1,1,0,0,0,경기,부천시,1,1,8,0,0,0,5,126.8189,37.5304,경기부천시,0,승용차자전거,0,1,0,65,0,0
2014-10-26,0,6,1,3,2,0,0,경기,하남시,1,11,0,0,0,0,1,127.1903,37.4958,경기하남시,1,승용차없음,0,1,0,67,0,0
2014-05-10,0,5,1,1,0,0,0,경남,김해시,1,6,0,0,0,2,1,128.8634,35.2075,경남김해시,0,승합차없음,0,1,0,13,0,0
2012-08-16,0,3,1,1,0,0,0,울산,중구,1,1,0,0,0,7,1,129.3496,35.5524,울산중구,0,자전거없음,0,0,0,205,0,0
2012-10-03,1,2,1,1,0,0,0,경북,김천시,1,1,0,0,0,9,1,128.1981,36.1563,경북김천시,0,농기계없음,0,1,0,76,0,0
2014-06-10,1,1,1,1,0,0,0,전북,군산시,1,1,0,1,2,0,5,126.7114,35.9838,전북군산시,0,승용차자전거,0,0,0,166,0,0
2013-04-04,1,3,1,1,0,0,0,전북,익산시,1,6,0,0,0,0,1,127.0751,35.9212,전북익산시,0,승용차없음,0,0,0,125,0,0
2012-01-12,1,3,1,2,0,1,0,전북,전주시,1,5,0,0,0,2,3,127.144,35.8136,전북전주시,0,승합차화물차,0,0,0,11,0,0
2014-01-18,1,5,1,1,0,0,0,경기,동두천시,1,5,0,0,0,1,2,127.0598,37.9132,경기동두천시,0,화물차승용차,0,1,0,94,0,0
2012-09-06,0,3,1,2,0,0,1,경기,화성시,1,9,0,0,0,1,11,126.8239,37.2256,경기화성시,0,화물차특수차,0,0,0,50,0,0
2014-03-24,1,0,1,1,0,0,0,전남,영광군,1,1,0,0,0,1,1,126.3868,35.25,전남영광군,0,화물차없음,0,0,0,127,0,0
2012-06-16,0,5,1,1,0,0,0,충남,연기군,1,9,5,0,0,4,2,127.2561,36.4998,충남연기군,0,이륜차승용차,0,1,0,232,0,0
2014-05-30,1,4,1,1,0,0,0,경북,경주시,1,10,0,2,4,9,1,129.0087,35.7353,경북경주시,0,농기계없음,0,0,0,100,0,0
2014-10-09,0,3,1,1,0,0,0,경기,화성시,1,1,0,0,0,4,1,126.9627,37.0946,경기화성시,0,이륜차없음,0,1,0,50,0,0
2012-08-03,0,4,1,1,0,0,0,경북,김천시,1,7,0,0,0,4,8,128.1076,36.2013,경북김천시,0,이륜차농기계,0,0,0,76,0,0
2014-06-20,0,4,1,1,0,0,0,인천,부평구,1,7,7,1,2,0,5,126.6931,37.4775,인천부평구,0,승용차자전거,0,0,0,44,0,0
2012-11-18,1,6,1,1,0,0,0,경기,안성시,1,7,0,0,0,1,4,127.155,36.9828,경기안성시,0,화물차이륜차,0,1,0,23,0,0
2014-10-16,1,3,1,2,1,0,0,인천,강화군,1,1,0,0,0,0,1,126.5081,37.635,인천강화군,0,승용차없음,0,0,0,92,0,0
2014-03-13,0,3,1,1,0,0,0,경북,포항시,1,6,0,1,2,2,1,129.3605,36.0524,경북포항시,0,승합차없음,0,0,0,160,0,0
2014-11-11,0,1,1,2,1,0,0,인천,연수구,1,7,5,0,0,0,2,126.6473,37.4077,인천연수구,0,승용차승용차,0,0,0,35,0,0
2014-10-06,1,0,1,1,0,0,0,전남,광양시,1,1,0,0,0,9,1,127.6218,35.02,전남광양시,0,농기계없음,0,0,0,130,0,0
2013-07-22,1,0,1,3,2,0,0,전남,담양군,1,9,5,0,0,1,3,127.0323,35.2931,전남담양군,1,화물차화물차,0,0,0,181,0,0
2013-07-22,0,0,1,1,0,0,0,경북,경산시,1,11,0,0,0,4,1,128.7572,35.8493,경북경산시,0,이륜차없음,0,0,0,52,0,0
2013-07-21,1,6,1,1,0,0,0,충북,보은군,1,1,2,1,1,1,5,127.7663,36.4244,충북보은군,0,화물차자전거,0,1,0,32,0,0
2013-07-25,0,3,1,1,0,0,0,부산,연제구,1,1,0,0,0,1,2,129.0672,35.1878,부산연제구,0,화물차승용차,0,0,0,221,0,0
2013-07-26,1,4,1,1,0,0,0,경기,이천시,1,1,0,0,0,3,3,127.3524,37.2556,경기이천시,0,건설기계화물차,0,0,0,41,0,0
2013-07-26,1,4,1,2,0,1,0,경북,포항시,1,7,0,1,2,0,4,129.5712,36.0066,경북포항시,0,승용차이륜차,0,0,0,160,0,0
2013-07-27,1,5,1,3,0,1,1,경남,창원시(통합),1,5,0,1,2,1,2,128.5558,35.1724,경남창원시(통합),0,화물차승용차,0,1,0,86,0,0
2014-05-04,0,6,1,2,0,1,0,전남,여수시,1,6,0,0,0,1,1,127.6735,34.8393,전남여수시,0,화물차없음,0,1,0,102,0,0
2014-03-30,1,6,1,1,0,0,0,서울,강남구,1,7,2,0,0,0,2,127.107,37.4727,서울강남구,0,승용차승용차,0,1,0,89,0,0
2014-03-26,1,2,1,2,0,0,1,부산,남구,1,10,0,0,0,0,1,129.0692,35.1242,부산남구,0,승용차없음,0,0,0,180,0,0
2014-03-24,1,0,1,2,0,1,0,충남,서천군,1,1,6,1,1,6,3,126.8109,36.0867,충남서천군,0,원동기장치자전거화물차,0,0,0,10,0,0
2014-03-31,0,0,1,1,0,0,0,경기,고양시,1,5,6,1,1,4,2,126.8367,37.6301,경기고양시,0,이륜차승용차,0,0,0,40,0,0
2014-04-11,0,4,1,1,0,0,0,경남,남해군,1,11,0,2,4,0,1,128.0161,34.8969,경남남해군,0,승용차없음,0,0,0,197,0,0
2014-04-07,0,0,1,2,1,0,0,충북,청주시,1,6,2,0,0,0,1,127.5161,36.6197,충북청주시,0,승용차없음,0,0,0,83,0,0
2014-04-08,0,1,1,1,0,0,0,충남,당진시,1,5,2,0,0,0,4,126.5363,37.0138,충남당진시,0,승용차이륜차,0,0,0,46,0,0
2014-04-08,0,1,1,1,0,0,0,경남,사천시,1,6,0,0,0,0,1,128.0808,34.9448,경남사천시,0,승용차없음,0,0,0,57,0,0
2014-04-18,1,4,1,1,0,0,0,경기,고양시,1,7,7,1,1,1,7,126.8819,37.6289,경기고양시,0,화물차원동기장치자전거,0,0,0,40,0,0
2014-04-13,0,6,1,1,0,0,0,강원,고성군,1,7,7,1,1,2,7,128.5453,38.2923,강원고성군,0,승합차원동기장치자전거,0,1,0,217,0,0
2014-04-13,1,6,1,5,3,1,0,경남,진주시,1,7,5,0,0,0,2,128.1792,35.2023,경남진주시,1,승용차승용차,0,1,0,42,0,0
2014-04-23,0,2,1,2,1,0,0,서울,성북구,1,7,5,1,2,0,4,127.0609,37.607,서울성북구,0,승용차이륜차,0,0,0,167,0,0
2013-07-07,0,6,1,3,0,2,0,대구,수성구,1,7,6,1,1,6,2,128.6934,35.8322,대구수성구,0,원동기장치자전거승용차,0,1,0,37,0,0
2013-07-05,1,4,1,1,0,0,0,전북,김제시,1,7,5,0,0,4,2,126.8165,35.8521,전북김제시,0,이륜차승용차,0,0,0,34,0,0
2013-07-05,1,4,1,2,1,0,0,경북,경주시,1,10,0,0,0,1,1,129.2712,35.8451,경북경주시,0,화물차없음,0,0,0,100,0,0
2013-07-04,1,3,3,7,4,0,0,광주,광산구,1,5,2,0,0,0,2,126.7999,35.1679,광주광산구,2,승용차승용차,0,0,0,135,0,0
2013-05-20,1,0,1,6,1,3,1,강원,영월군,1,1,0,0,0,2,2,128.382,37.1883,강원영월군,1,승합차승용차,0,0,0,114,0,0
2013-05-18,0,5,1,1,0,0,0,경북,경주시,1,1,0,0,0,0,4,129.1954,35.7326,경북경주시,0,승용차이륜차,0,1,0,100,0,0
2013-05-26,0,6,1,1,0,0,0,경기,파주시,1,5,0,1,1,4,6,126.7548,37.7096,경기파주시,0,이륜차승합차,0,1,0,175,0,0
2013-05-27,1,0,1,2,1,0,0,전북,익산시,1,7,6,1,1,0,4,126.9352,36.0479,전북익산시,0,승용차이륜차,0,0,0,125,0,0
2013-05-25,0,5,1,1,0,0,0,서울,송파구,1,5,0,0,0,0,5,127.1052,37.5151,서울송파구,0,승용차자전거,0,1,0,156,0,0
2013-06-07,1,4,1,1,0,0,0,제주,제주시,1,1,0,0,0,4,1,126.2685,33.4275,제주제주시,0,이륜차없음,0,0,0,90,0,0
2013-06-15,1,5,1,1,0,0,0,전남,완도군,1,1,0,0,0,9,1,126.8625,34.1817,전남완도군,0,농기계없음,0,1,0,141,0,0
2013-06-14,1,4,1,1,0,0,0,경기,시흥시,1,7,6,1,1,3,5,126.8173,37.4526,경기시흥시,0,건설기계자전거,0,0,0,73,0,0
2013-01-29,0,1,1,3,2,0,0,세종,세종,1,6,0,0,0,0,1,127.2642,36.4691,세종세종,1,승용차없음,1,0,0,229,0,0
2013-04-02,0,1,1,1,0,0,0,충남,아산시,1,1,0,0,0,5,2,127.0538,36.7771,충남아산시,0,특수차승용차,0,0,0,53,0,0
2013-04-12,1,4,1,2,1,0,0,전남,순천시,1,6,0,0,0,1,1,127.4142,34.857,전남순천시,0,화물차없음,0,0,0,27,0,0
2013-07-10,0,2,1,1,0,0,0,충남,보령시,1,10,0,1,1,4,1,126.5203,36.312,충남보령시,0,이륜차없음,0,0,0,136,0,0
2013-09-19,1,3,1,1,0,0,0,충남,서산시,1,10,0,0,0,9,1,126.415,36.7239,충남서산시,0,농기계없음,0,1,0,69,0,0
2013-03-13,1,2,1,1,0,0,0,전남,여수시,1,6,0,0,0,0,1,127.7143,34.7792,전남여수시,0,승용차없음,0,0,0,102,0,0
2013-03-20,0,2,1,1,0,0,0,경기,평택시,1,6,0,0,0,0,1,127.1,37.0008,경기평택시,0,승용차없음,0,0,0,14,0,0
2013-03-19,1,1,2,3,0,1,0,전남,무안군,1,9,0,1,1,1,2,126.4306,34.8901,전남무안군,1,화물차승용차,0,0,0,101,0,0
2013-03-18,0,0,1,1,0,0,0,충남,당진시,1,11,0,0,0,0,1,126.6987,36.9135,충남당진시,0,승용차없음,0,0,0,46,0,0
2013-03-17,0,6,2,3,0,1,0,세종,세종,1,9,5,0,0,6,2,127.3001,36.6134,세종세종,1,원동기장치자전거승용차,1,1,0,229,0,0
2013-03-17,0,6,1,1,0,0,0,서울,성북구,1,6,0,0,0,4,1,127.0475,37.6058,서울성북구,0,이륜차없음,0,1,0,167,0,0
2013-03-17,0,6,1,1,0,0,0,서울,용산구,1,6,0,0,0,4,1,126.9535,37.5256,서울용산구,0,이륜차없음,0,1,0,134,0,0
2013-03-22,0,4,1,2,1,0,0,경북,성주군,1,9,5,0,0,4,2,128.2825,35.9393,경북성주군,0,이륜차승용차,0,0,0,168,0,0
2013-03-27,1,2,1,1,0,0,0,경기,안성시,1,7,0,0,0,1,5,127.4111,37.0708,경기안성시,0,화물차자전거,0,0,0,23,0,0
2013-03-28,1,3,1,1,0,0,0,경북,경주시,1,1,0,1,1,1,5,129.2273,35.991,경북경주시,0,화물차자전거,0,0,0,100,0,0
2013-03-29,0,4,1,1,0,0,0,경기,평택시,1,6,5,0,0,0,1,126.8688,36.9478,경기평택시,0,승용차없음,0,0,0,14,0,0
2013-04-11,0,3,1,1,0,0,0,경남,진주시,1,6,0,0,0,1,1,128.0568,35.1904,경남진주시,0,화물차없음,0,0,0,42,0,0
2013-04-07,0,6,1,1,0,0,0,전남,신안군,1,10,0,0,0,9,1,126.1115,34.8275,전남신안군,0,농기계없음,0,1,0,132,0,0
2013-04-20,0,5,1,1,0,0,0,경기,고양시,1,6,0,1,1,0,1,126.7925,37.6505,경기고양시,0,승용차없음,0,1,0,40,0,0
2013-07-21,0,6,1,1,0,0,0,전남,여수시,1,10,7,1,1,0,1,127.5891,34.8744,전남여수시,0,승용차없음,0,1,0,102,0,0
2013-04-14,0,6,1,2,1,0,0,경북,경주시,1,10,0,0,0,0,1,129.2348,35.9676,경북경주시,0,승용차없음,0,1,0,100,0,0
2013-04-14,1,6,1,1,0,0,0,충남,당진시,1,11,0,0,0,1,1,126.6615,36.815,충남당진시,0,화물차없음,0,1,0,46,0,0
2013-04-21,0,6,1,4,2,1,0,제주,서귀포시,1,10,0,1,1,0,1,126.6003,33.2604,제주서귀포시,1,승용차없음,0,1,0,62,0,0
2013-04-22,0,0,1,4,3,0,0,경기,안산시,1,1,6,1,1,0,2,126.8434,37.3036,경기안산시,1,승용차승용차,0,0,0,2,0,0
2013-04-20,0,5,1,1,0,0,0,경북,안동시,1,6,0,0,0,0,1,128.4791,36.5298,경북안동시,0,승용차없음,0,1,0,66,0,0
2013-04-21,0,6,1,2,1,0,0,경남,거제시,1,6,0,0,0,0,1,128.6883,34.9852,경남거제시,0,승용차없음,0,1,0,15,0,0
2013-04-04,1,3,1,2,0,1,0,경북,포항시,1,7,0,1,1,6,2,129.344,35.9977,경북포항시,0,원동기장치자전거승용차,0,0,0,160,0,0
2013-04-05,1,4,1,2,1,0,0,경북,성주군,1,9,5,0,0,1,9,128.2594,35.7949,경북성주군,0,화물차건설기계,0,0,0,168,0,0
2013-04-04,1,3,1,2,1,0,0,충남,서천군,1,9,6,1,1,1,3,126.8109,36.0867,충남서천군,0,화물차화물차,0,0,0,10,0,0
2013-04-04,1,3,1,1,0,0,0,세종,세종,1,7,0,2,0,1,7,127.2992,36.5927,세종세종,0,화물차원동기장치자전거,1,0,0,229,0,0
2013-03-02,1,5,1,1,0,0,0,경북,칠곡군,1,6,0,0,0,1,1,128.536,36.0971,경북칠곡군,0,화물차없음,0,1,0,21,0,0
2013-03-03,0,6,1,3,2,0,0,경기,평택시,1,7,6,1,1,1,2,126.8516,36.9942,경기평택시,1,화물차승용차,0,1,0,14,0,0
2013-03-07,0,3,1,2,1,0,0,전북,군산시,1,1,7,1,1,1,3,126.5865,35.9618,전북군산시,0,화물차화물차,0,0,0,166,0,0
2013-03-05,1,1,1,1,0,0,0,경기,의정부시,1,5,0,0,0,1,3,127.0348,37.7252,경기의정부시,0,화물차화물차,0,0,0,64,0,0
2013-03-04,0,0,1,2,0,1,0,경기,평택시,1,1,0,0,0,0,3,126.9184,37.0633,경기평택시,0,승용차화물차,0,0,0,14,0,0
2013-03-15,1,4,1,2,1,0,0,전북,고창군,1,7,8,1,1,6,3,126.7018,35.4337,전북고창군,0,원동기장치자전거화물차,0,0,0,219,0,0
2013-03-20,1,2,1,1,0,0,0,서울,종로구,1,6,0,0,0,2,1,126.9671,37.5895,서울종로구,0,승합차없음,0,0,0,116,0,0
2013-03-16,1,5,1,1,0,0,0,서울,영등포구,1,7,3,0,0,4,2,126.883,37.5234,서울영등포구,0,이륜차승용차,0,1,0,150,0,0
2013-03-17,1,6,1,2,0,0,1,경남,창원시(통합),1,11,0,0,0,0,1,128.5754,35.1628,경남창원시(통합),0,승용차없음,0,1,0,86,0,0
2013-03-24,0,6,1,2,0,1,0,서울,성동구,1,1,0,0,0,6,1,127.0557,37.534,서울성동구,0,원동기장치자전거없음,0,1,0,84,0,0
2013-04-01,0,0,1,1,0,0,0,경남,의령군,1,11,0,0,0,4,1,128.2662,35.4725,경남의령군,0,이륜차없음,0,0,0,189,0,0
2013-03-31,1,6,1,1,0,0,0,충남,홍성군,1,1,0,2,4,4,2,126.5065,36.5492,충남홍성군,0,이륜차승용차,0,1,0,38,0,0
2013-03-31,0,6,1,3,2,0,0,서울,강동구,1,6,0,1,2,0,1,127.1563,37.5519,서울강동구,1,승용차없음,0,1,0,91,0,0
2013-04-14,1,6,1,1,0,0,0,충남,서산시,1,10,0,0,0,4,1,126.3946,36.7178,충남서산시,0,이륜차없음,0,1,0,69,0,0
2013-04-11,0,3,1,1,0,0,0,경북,군위군,1,10,0,0,0,6,1,128.4817,36.2515,경북군위군,0,원동기장치자전거없음,0,0,0,170,0,0
2013-04-22,1,0,1,1,0,0,0,경남,진주시,1,7,0,0,0,1,5,128.1255,35.1718,경남진주시,0,화물차자전거,0,0,0,42,0,0
2013-07-27,1,5,1,1,0,0,0,경기,평택시,1,7,0,1,1,0,4,127.0503,36.9677,경기평택시,0,승용차이륜차,0,1,0,14,0,0
2013-07-26,0,4,1,2,0,1,0,전북,전주시,1,1,3,1,2,0,3,127.0617,35.8703,전북전주시,0,승용차화물차,0,0,0,11,0,0
2013-07-27,1,5,1,3,2,0,0,경기,용인시,1,9,5,0,0,0,2,127.1052,37.3191,경기용인시,1,승용차승용차,0,1,0,51,0,0
2013-08-04,0,6,1,1,0,0,0,경기,시흥시,1,10,0,0,0,0,1,126.7355,37.3605,경기시흥시,0,승용차없음,0,1,0,73,0,0
2013-08-02,0,4,1,1,0,0,0,경기,광명시,1,7,0,1,2,1,6,126.8517,37.4738,경기광명시,0,화물차승합차,0,0,0,81,0,0
2013-08-02,1,4,1,1,0,0,0,경북,울진군,1,9,0,0,0,0,4,129.4123,37.0442,경북울진군,0,승용차이륜차,0,0,0,208,0,0
2013-08-10,1,5,1,1,0,0,0,전남,장흥군,1,10,0,0,0,0,1,126.9336,34.6136,전남장흥군,0,승용차없음,0,1,0,56,0,0
2013-08-05,1,0,1,1,0,0,0,전북,군산시,1,11,0,0,0,9,1,126.7451,35.943,전북군산시,0,농기계없음,0,0,0,166,0,0
2013-08-06,0,1,2,3,1,0,0,전남,영암군,1,6,0,0,0,0,1,126.6154,34.7407,전남영암군,1,승용차없음,0,0,0,16,0,0
2013-08-14,1,2,1,1,0,0,0,경기,고양시,1,1,0,0,0,0,5,126.7138,37.6835,경기고양시,0,승용차자전거,0,0,0,40,0,0
2013-08-14,1,2,1,1,0,0,0,전북,군산시,1,7,5,0,0,7,2,126.7168,35.9595,전북군산시,0,자전거승용차,0,0,0,166,0,0
2013-08-15,0,3,1,1,0,0,0,경남,양산시,1,6,0,0,0,4,1,129.1449,35.3999,경남양산시,0,이륜차없음,0,1,0,49,0,0
2013-08-12,1,0,1,1,0,0,0,강원,평창군,1,7,0,1,1,1,3,128.4558,37.534,강원평창군,0,화물차화물차,0,0,0,24,0,0
2013-08-10,1,5,1,1,0,0,0,경북,포항시,1,5,0,0,0,0,11,129.3954,35.9564,경북포항시,0,승용차특수차,0,1,0,160,0,0
2013-07-09,0,1,1,2,1,0,0,인천,강화군,1,11,0,1,2,0,1,126.5087,37.7469,인천강화군,0,승용차없음,0,0,0,92,0,0
2013-07-18,1,3,1,1,0,0,0,경남,함안군,1,9,0,0,0,3,7,128.4952,35.363,경남함안군,0,건설기계원동기장치자전거,0,0,0,117,0,0
2013-07-18,1,3,1,1,0,0,0,전북,고창군,1,10,0,0,0,3,1,126.4686,35.4806,전북고창군,0,건설기계없음,0,0,0,219,0,0
2013-07-15,1,0,1,1,0,0,0,서울,송파구,1,7,6,1,1,4,2,127.1065,37.5154,서울송파구,0,이륜차승용차,0,0,0,156,0,0
2013-07-25,0,3,1,1,0,0,0,전북,익산시,1,6,0,0,0,4,1,126.9138,35.9231,전북익산시,0,이륜차없음,0,0,0,125,0,0
2013-07-22,0,0,1,2,0,1,0,전북,김제시,1,7,0,0,0,9,3,126.9457,35.7875,전북김제시,0,농기계화물차,0,0,0,34,0,0