발생년월일,주야,요일,사망자수,사상자수,중상자수,경상자수,부상신고자수,발생지시도,발생지시군구,사고유형_대분류,사고유형_중분류,법규위반,도로형태_대분류,도로형태,당사자종별_1당_대분류,당사자종별_2당_대분류,경도,위도,발생지,사고피해정도,사고차량타입,도시여부,주말/공휴일,인구수,발생지번호,보행자의위치,무단횡단여부
2013-07-25,1,3,1,2,1,0,0,경북,상주시,1,1,5,0,0,4,3,128.1592,36.4319,경북상주시,0,이륜차화물차,0,0,0,58,0,0
2013-07-20,0,5,1,4,0,3,0,광주,북구,1,1,0,2,4,0,2,126.9,35.1716,광주북구,1,승용차승용차,0,1,0,137,0,0
2013-07-19,1,4,1,1,0,0,0,경기,광명시,1,7,3,0,0,7,6,126.8823,37.4595,경기광명시,0,자전거승합차,0,0,0,81,0,0
2013-07-30,1,1,1,2,1,0,0,충북,영동군,1,9,5,0,0,0,3,127.6931,36.2417,충북영동군,0,승용차화물차,0,0,0,75,0,0
2013-07-29,0,0,1,1,0,0,0,강원,횡성군,1,11,0,0,0,1,1,128.0708,37.4879,강원횡성군,0,화물차없음,0,0,0,31,0,0
2013-09-09,0,0,1,1,0,0,0,서울,노원구,1,10,0,0,0,6,1,127.0776,37.657,서울노원구,0,원동기장치자전거없음,0,0,0,18,0,0
2013-09-12,1,3,1,1,0,0,0,전남,강진군,1,7,8,1,1,4,2,126.7909,34.6542,전남강진군,0,이륜차승용차,0,0,0,121,0,0
2013-09-21,1,5,1,1,0,0,0,서울,강서구,1,7,6,1,1,6,2,126.8566,37.5636,서울강서구,0,원동기장치자전거승용차,0,1,0,43,0,0
2013-06-20,0,3,1,2,1,0,0,충남,아산시,1,9,5,0,0,1,3,126.9017,36.8581,충남아산시,0,화물차화물차,0,0,0,53,0,0
2013-06-20,0,3,1,2,1,0,0,전남,고흥군,1,1,0,0,0,2,8,127.4658,34.6317,전남고흥군,0,승합차농기계,0,0,0,191,0,0
2013-06-30,1,6,1,2,1,0,0,경남,창원시(통합),1,1,10,0,0,0,6,128.5641,35.1614,경남창원시(통합),0,승용차승합차,0,1,0,86,0,0
2013-07-07,0,6,1,2,1,0,0,경기,부천시,1,1,2,0,0,0,3,126.8073,37.5342,경기부천시,0,승용차화물차,0,1,0,65,0,0
2013-07-09,1,1,1,1,0,0,0,부산,기장군,1,7,0,1,2,1,5,129.1439,35.3574,부산기장군,0,화물차자전거,0,0,0,85,0,0
2013-07-06,0,5,1,1,0,0,0,경기,이천시,1,6,0,1,2,0,1,127.4749,37.2808,경기이천시,0,승용차없음,0,1,0,41,0,0
2013-07-06,1,5,1,1,0,0,0,충북,음성군,1,1,0,1,1,1,8,127.6065,37.063,충북음성군,0,화물차농기계,0,1,0,110,0,0
2013-07-05,0,4,2,3,1,0,0,충남,부여군,1,11,2,1,2,0,1,126.9202,36.2928,충남부여군,1,승용차없음,0,0,0,129,0,0
2013-07-03,1,2,1,1,0,0,0,전북,전주시,1,1,0,0,0,4,2,127.1323,35.8246,전북전주시,0,이륜차승용차,0,0,0,11,0,0
2013-07-03,0,2,1,1,0,0,0,충북,음성군,1,1,5,0,0,1,4,127.5279,36.964,충북음성군,0,화물차이륜차,0,0,0,110,0,0
2013-07-12,0,4,1,1,0,0,0,경기,하남시,1,1,0,0,0,7,1,127.1934,37.5021,경기하남시,0,자전거없음,0,0,0,67,0,0
2013-07-13,1,5,1,1,0,0,0,전북,남원시,1,10,0,0,0,6,1,127.3511,35.4047,전북남원시,0,원동기장치자전거없음,0,1,0,193,0,0
2013-05-21,0,1,1,1,0,0,0,충남,당진시,1,5,0,0,0,1,11,126.7906,36.9372,충남당진시,0,화물차특수차,0,0,0,46,0,0
2013-05-20,1,0,1,1,0,0,0,경기,양주시,1,5,6,1,1,0,7,126.9731,37.8361,경기양주시,0,승용차원동기장치자전거,0,0,0,59,0,0
2013-03-21,0,3,1,6,1,4,0,강원,동해시,1,9,5,0,0,0,2,129.1042,37.5342,강원동해시,1,승용차승용차,0,0,0,210,0,0
2014-06-28,0,5,1,2,1,0,0,대구,수성구,1,1,0,1,1,0,1,128.617,35.8388,대구수성구,0,승용차없음,0,1,0,37,0,0
2014-06-27,1,4,1,1,0,0,0,전북,군산시,1,7,0,1,1,0,5,126.6789,35.9657,전북군산시,0,승용차자전거,0,0,0,166,0,0
2013-08-31,1,5,1,2,1,0,0,제주,제주시,1,6,0,0,0,6,1,126.6915,33.4662,제주제주시,0,원동기장치자전거없음,0,1,0,90,0,0
2013-10-03,1,3,3,4,1,0,0,충북,영동군,1,1,7,1,1,3,2,127.7995,36.1709,충북영동군,1,건설기계승용차,0,1,0,75,0,0
2013-09-07,1,5,1,1,0,0,0,충남,천안시,1,5,0,0,0,4,6,127.1584,36.8111,충남천안시,0,이륜차승합차,0,1,0,63,0,0
2013-09-20,0,4,1,1,0,0,0,전남,무안군,1,10,0,0,0,0,1,126.3177,35.1154,전남무안군,0,승용차없음,0,1,0,101,0,0
2013-06-13,0,3,1,1,0,0,0,서울,서초구,1,1,3,0,0,6,4,127.0243,37.497,서울서초구,0,원동기장치자전거이륜차,0,0,0,214,0,0
2012-03-21,0,2,2,9,7,0,0,부산,강서구,1,5,0,0,0,0,3,128.9425,35.1576,부산강서구,2,승용차화물차,0,0,0,206,0,0
2013-04-08,0,0,1,2,1,0,0,강원,강릉시,1,5,0,0,0,6,2,128.8251,37.8957,강원강릉시,0,원동기장치자전거승용차,0,0,0,194,0,0
2013-04-06,0,5,1,1,0,0,0,경남,창원시(통합),1,6,0,0,0,0,1,128.7056,35.329,경남창원시(통합),0,승용차없음,0,1,0,86,0,0
2013-04-07,0,6,1,7,6,0,0,서울,양천구,1,9,5,0,0,0,2,126.8622,37.5439,서울양천구,2,승용차승용차,0,1,0,140,0,0
2013-04-16,0,1,1,2,1,0,0,경기,안산시,1,6,0,0,0,4,1,126.7956,37.3441,경기안산시,0,이륜차없음,0,0,0,2,0,0
2013-04-16,1,1,1,1,0,0,0,전남,영광군,1,1,0,0,0,4,1,126.3821,35.3118,전남영광군,0,이륜차없음,0,0,0,127,0,0
2013-04-14,0,6,1,1,0,0,0,강원,춘천시,1,6,0,0,0,4,1,127.7469,37.8734,강원춘천시,0,이륜차없음,0,1,0,111,0,0
2013-04-13,0,5,3,4,1,0,0,충남,서천군,1,6,0,0,0,0,1,126.6628,36.0102,충남서천군,1,승용차없음,0,1,0,10,0,0
2013-02-21,0,3,1,1,0,0,0,강원,인제군,1,6,0,0,0,1,1,128.3052,37.9321,강원인제군,0,화물차없음,0,0,0,124,0,0
2013-03-01,1,4,1,1,0,0,0,부산,서구,1,1,0,0,3,0,2,129.0242,35.0951,부산서구,0,승용차승용차,0,1,0,226,0,0
2013-03-09,0,5,1,1,0,0,0,서울,강서구,1,6,0,0,0,6,1,126.8683,37.5537,서울강서구,0,원동기장치자전거없음,0,1,0,43,0,0
2013-03-08,0,4,1,2,1,0,0,전남,화순군,1,10,0,2,4,0,1,127.1258,35.036,전남화순군,0,승용차없음,0,0,0,88,0,0
2013-03-08,0,4,1,1,0,0,0,경남,거제시,1,1,0,1,1,0,4,128.6333,34.8728,경남거제시,0,승용차이륜차,0,0,0,15,0,0
2013-03-06,0,2,1,1,0,0,0,충북,단양군,1,6,0,0,0,0,1,128.3005,37.0564,충북단양군,0,승용차없음,0,0,0,204,0,0
2013-03-20,1,2,1,1,0,0,0,전북,정읍시,1,1,0,1,1,1,5,126.8532,35.5723,전북정읍시,0,화물차자전거,0,0,0,12,0,0
2013-03-17,0,6,1,1,0,0,0,경기,평택시,1,7,0,0,0,1,9,127.0635,37.0929,경기평택시,0,화물차건설기계,0,1,0,14,0,0
2013-07-14,0,6,1,1,0,0,0,경기,군포시,1,1,9,0,3,7,2,126.9374,37.3694,경기군포시,0,자전거승용차,0,1,0,126,0,0
2013-07-25,1,3,1,2,0,1,0,전남,영광군,1,7,7,1,1,6,2,126.3857,35.2087,전남영광군,0,원동기장치자전거승용차,0,0,0,127,0,0
2013-08-04,1,6,1,11,3,7,0,경북,군위군,1,9,5,0,0,0,2,128.6437,36.1867,경북군위군,2,승용차승용차,0,1,0,170,0,0
2013-08-05,0,0,1,1,0,0,0,경기,고양시,1,1,9,0,3,7,2,126.756,37.6723,경기고양시,0,자전거승용차,0,0,0,40,0,0
2013-08-07,0,2,1,2,1,0,0,경기,의정부시,1,1,0,2,4,4,7,127.0469,37.7421,경기의정부시,0,이륜차원동기장치자전거,0,0,0,64,0,0
2013-08-30,0,4,1,1,0,0,0,경북,울진군,1,5,0,0,0,1,9,129.3806,37.0717,경북울진군,0,화물차건설기계,0,0,0,208,0,0
2013-08-30,0,4,1,3,2,0,0,충북,청주시,1,1,0,1,1,0,2,127.501,36.609,충북청주시,1,승용차승용차,0,0,0,83,0,0
2013-08-29,0,3,1,3,2,0,0,경기,수원시,1,7,6,1,1,4,2,127.0688,37.2806,경기수원시,1,이륜차승용차,0,0,0,99,0,0
2013-08-29,1,3,1,3,2,0,0,경기,양주시,1,5,5,0,0,0,2,127.0473,37.774,경기양주시,1,승용차승용차,0,0,0,59,0,0
2013-08-26,1,0,1,1,0,0,0,강원,동해시,1,7,0,1,1,1,5,129.1172,37.5216,강원동해시,0,화물차자전거,0,0,0,210,0,0
2013-08-27,1,1,1,7,5,1,0,경기,안산시,1,9,5,0,0,0,2,126.5706,37.27,경기안산시,2,승용차승용차,0,0,0,2,0,0
2013-08-28,1,2,1,1,0,0,0,경기,여주시,1,1,5,0,0,6,2,127.5523,37.2213,경기여주시,0,원동기장치자전거승용차,0,0,0,22,0,0
2013-08-26,0,0,1,1,0,0,0,서울,강서구,1,1,0,0,0,7,6,126.8123,37.5614,서울강서구,0,자전거승합차,0,0,0,43,0,0
2013-08-29,0,3,1,1,0,0,0,경남,하동군,1,6,0,2,4,0,1,127.7758,35.0753,경남하동군,0,승용차없음,0,0,0,172,0,0
2013-08-28,0,2,1,1,0,0,0,인천,남구,1,1,0,1,1,6,1,126.6898,37.4482,인천남동구,0,원동기장치자전거없음,0,0,0,29,0,0
2013-09-03,1,1,1,1,0,0,0,전북,전주시,1,1,9,1,2,2,2,127.1005,35.8561,전북전주시,0,승합차승용차,0,0,0,11,0,0
2013-04-04,1,3,1,1,0,0,0,충북,음성군,1,10,0,0,0,7,1,127.517,37.0145,충북음성군,0,자전거없음,0,0,0,110,0,0
2013-04-05,0,4,1,1,0,0,0,부산,사상구,1,1,5,0,0,4,2,128.9668,35.1393,부산사상구,0,이륜차승용차,0,0,0,120,0,0
2013-07-16,0,1,1,2,1,0,0,울산,울주군,1,5,0,0,0,0,9,129.3333,35.4405,울산울주군,0,승용차건설기계,0,0,0,17,0,0
2013-07-16,0,1,1,1,0,0,0,부산,강서구,1,6,0,0,0,0,1,128.8396,35.0834,부산강서구,0,승용차없음,0,0,0,206,0,0
2013-07-23,1,1,1,1,0,0,0,강원,철원군,1,6,0,0,0,1,1,127.2863,38.2436,강원철원군,0,화물차없음,0,0,0,184,0,0
2013-07-23,0,1,1,1,0,0,0,전남,목포시,1,7,6,1,1,2,5,126.39,34.79,전남목포시,0,승합차자전거,0,0,0,153,0,0
2013-07-23,1,1,1,2,1,0,0,강원,강릉시,1,6,0,0,0,0,1,128.8361,37.868,강원강릉시,0,승용차없음,0,0,0,194,0,0
2013-07-21,1,6,1,1,0,0,0,충남,금산군,1,6,0,0,0,0,1,127.4719,36.1817,충남금산군,0,승용차없음,0,1,0,68,0,0
2013-07-21,0,6,1,1,0,0,0,전북,부안군,1,10,0,1,2,6,1,126.493,35.6319,전북부안군,0,원동기장치자전거없음,0,1,0,185,0,0
2013-07-20,0,5,1,1,0,0,0,서울,마포구,1,1,0,1,2,4,3,126.9101,37.5557,서울마포구,0,이륜차화물차,0,1,0,159,0,0
2013-07-29,0,0,1,1,0,0,0,서울,강동구,1,6,0,0,0,0,1,127.165,37.5729,서울강동구,0,승용차없음,0,0,0,91,0,0
2013-07-30,1,1,1,1,0,0,0,경남,사천시,1,7,7,1,1,0,6,128.0766,35.0558,경남사천시,0,승용차승합차,0,0,0,57,0,0
2013-08-01,0,3,1,2,1,0,0,경남,창원시(통합),1,6,0,1,1,0,1,128.659,35.1464,경남창원시(통합),0,승용차없음,0,0,0,86,0,0
2013-09-06,1,4,1,1,0,0,0,충남,논산시,1,1,0,0,0,4,6,127.0824,36.1992,충남논산시,0,이륜차승합차,0,0,0,61,0,0
2013-08-13,1,1,1,1,0,0,0,충북,충주시,1,5,8,1,1,1,4,127.7971,37.085,충북충주시,0,화물차이륜차,0,0,0,6,0,0
2013-08-19,1,0,1,1,0,0,0,충남,금산군,1,1,0,1,1,6,3,127.4806,36.1217,충남금산군,0,원동기장치자전거화물차,0,0,0,68,0,0
2013-08-16,1,4,1,1,0,0,0,울산,남구,1,1,0,0,0,1,5,129.2671,35.539,울산남구,0,화물차자전거,0,0,0,213,0,0
2013-08-16,0,4,1,2,0,0,1,인천,계양구,1,6,0,0,0,4,1,126.7435,37.5353,인천계양구,0,이륜차없음,0,0,0,7,0,0
2013-08-24,1,5,1,1,0,0,0,경북,경주시,1,6,0,1,2,0,1,129.2239,35.8674,경북경주시,0,승용차없음,0,1,0,100,0,0
2013-08-24,0,5,1,1,0,0,0,경북,구미시,1,1,0,0,0,0,5,128.3505,36.1822,경북구미시,0,승용차자전거,0,1,0,144,0,0
2013-08-24,1,5,1,1,0,0,0,경기,평택시,1,6,0,0,0,1,1,127.0194,37.0304,경기평택시,0,화물차없음,0,1,0,14,0,0
2013-08-24,1,5,1,3,0,0,2,경기,고양시,1,5,0,0,0,0,3,126.8389,37.6039,경기고양시,0,승용차화물차,0,1,0,40,0,0
2013-08-23,1,4,1,3,2,0,0,서울,강남구,1,7,5,1,2,0,6,127.0171,37.523,서울강남구,1,승용차승합차,0,0,0,89,0,0
2013-08-22,0,3,1,1,0,0,0,강원,춘천시,1,11,0,0,0,1,1,127.5728,37.7076,강원춘천시,0,화물차없음,0,0,0,111,0,0
2013-08-21,1,2,1,1,0,0,0,경기,용인시,1,7,0,0,0,3,2,127.105,37.2541,경기용인시,0,건설기계승용차,0,0,0,51,0,0
2013-08-22,1,3,1,1,0,0,0,경기,양평군,1,7,0,1,1,7,2,127.3971,37.4687,경기양평군,0,자전거승용차,0,0,0,48,0,0
2013-08-30,1,4,1,2,0,1,0,경북,안동시,1,1,5,0,0,4,2,128.8837,36.4778,경북안동시,0,이륜차승용차,0,0,0,66,0,0
2013-08-30,1,4,1,2,0,1,0,전북,군산시,1,7,0,1,1,6,3,126.8464,35.9385,전북군산시,0,원동기장치자전거화물차,0,0,0,166,0,0
2013-08-29,1,3,1,1,0,0,0,경남,합천군,1,6,0,0,0,4,1,128.2474,35.5596,경남합천군,0,이륜차없음,0,0,0,133,0,0
2013-08-29,1,3,1,1,0,0,0,경남,거창군,1,6,0,0,0,6,1,127.8942,35.6914,경남거창군,0,원동기장치자전거없음,0,0,0,154,0,0
2013-09-20,0,4,1,1,0,0,0,충북,단양군,1,9,5,0,0,4,6,128.4846,37.0456,충북단양군,0,이륜차승합차,0,1,0,204,0,0
2013-09-18,1,2,1,2,0,1,0,충북,음성군,1,7,6,1,1,0,2,127.5303,36.9776,충북음성군,0,승용차승용차,0,1,0,110,0,0
2013-09-16,1,0,1,1,0,0,0,경북,영주시,1,7,6,1,1,6,3,128.637,36.8223,경북영주시,0,원동기장치자전거화물차,0,0,0,113,0,0
2013-09-17,1,1,1,1,0,0,0,경기,여주시,1,10,0,0,0,6,1,127.5809,37.2908,경기여주시,0,원동기장치자전거없음,0,0,0,22,0,0
2013-09-17,1,1,1,1,0,0,0,전남,영암군,1,11,0,0,0,9,1,126.743,34.8009,전남영암군,0,농기계없음,0,0,0,16,0,0
2013-09-25,1,2,1,1,0,0,0,충북,괴산군,1,10,0,0,0,9,1,127.7845,36.6589,충북괴산군,0,농기계없음,0,0,0,179,0,0
2013-09-25,1,2,1,1,0,0,0,제주,제주시,1,7,7,1,1,0,4,126.4883,33.4859,제주제주시,0,승용차이륜차,0,0,0,90,0,0
2013-10-06,1,6,1,1,0,0,0,경북,포항시,1,6,0,0,0,1,1,129.3738,36.042,경북포항시,0,화물차없음,0,1,0,160,0,0
2013-10-07,1,0,1,2,1,0,0,전북,남원시,1,1,0,1,2,4,1,127.3322,35.4891,전북남원시,0,이륜차없음,0,0,0,193,0,0
2013-10-07,0,0,1,1,0,0,0,전남,나주시,1,11,0,0,0,9,1,126.8076,35.0051,전남나주시,0,농기계없음,0,0,0,33,0,0
2013-10-05,1,5,1,1,0,0,0,전북,남원시,1,10,0,1,1,6,1,127.3223,35.4853,전북남원시,0,원동기장치자전거없음,0,1,0,193,0,0
2013-10-11,1,4,2,2,0,0,0,울산,동구,1,7,7,1,1,0,4,129.4528,35.5532,울산동구,0,승용차이륜차,0,0,0,225,0,0
2013-10-11,0,4,1,1,0,0,0,경북,예천군,1,1,0,1,1,1,4,128.2876,36.5048,경북예천군,0,화물차이륜차,0,0,0,55,0,0
2013-10-12,0,5,1,1,0,0,0,부산,진구,1,1,0,0,0,0,1,129.0322,35.1593,부산진구,0,승용차없음,0,1,0,231,0,0
2013-09-08,0,6,1,1,0,0,0,경기,화성시,1,5,0,0,0,0,8,126.9275,37.1557,경기화성시,0,승용차농기계,0,1,0,50,0,0
2013-09-08,1,6,1,1,0,0,0,전남,곡성군,1,1,0,1,1,1,5,127.1915,35.3058,전남곡성군,0,화물차자전거,0,1,0,147,0,0
2013-09-08,1,6,1,2,1,0,0,강원,횡성군,1,6,0,0,0,0,1,128.1876,37.4913,강원횡성군,0,승용차없음,0,1,0,31,0,0
2013-09-07,0,5,2,4,1,1,0,경북,상주시,1,10,0,1,2,0,1,128.1683,36.4036,경북상주시,1,승용차없음,0,1,0,58,0,0
2013-09-15,0,6,1,5,3,1,0,충북,청원군,1,7,0,1,2,0,2,127.5159,36.6915,충북청주시,1,승용차승용차,0,1,0,83,0,0
2012-07-27,1,4,1,1,0,0,0,경기,파주시,1,1,0,1,1,1,3,126.9819,37.9925,경기파주시,0,화물차화물차,0,0,0,175,0,0
2012-07-27,1,4,1,1,0,0,0,경남,함안군,1,7,0,1,1,1,5,128.5176,35.3072,경남함안군,0,화물차자전거,0,0,0,117,0,0
2012-07-30,1,0,1,3,1,0,1,서울,강동구,1,1,5,0,0,4,2,127.1481,37.5279,서울강동구,0,이륜차승용차,0,0,0,91,0,0
2012-06-18,1,0,1,1,0,0,0,경북,구미시,1,1,0,2,4,1,8,128.3727,36.2237,경북구미시,0,화물차농기계,0,0,0,144,0,0
2012-06-19,1,1,1,1,0,0,0,전북,남원시,1,10,0,1,2,1,1,127.4859,35.489,전북남원시,0,화물차없음,0,0,0,193,0,0
2012-06-22,1,4,1,1,0,0,0,제주,제주시,1,6,0,2,4,9,1,126.7597,33.5478,제주제주시,0,농기계없음,0,0,0,90,0,0
2012-06-23,0,5,1,1,0,0,0,경기,평택시,1,1,0,0,0,0,1,126.9385,37.0311,경기평택시,0,승용차없음,0,1,0,14,0,0
2012-05-29,0,1,1,2,0,1,0,충남,천안시,1,10,0,0,0,0,1,127.151,36.6748,충남천안시,0,승용차없음,0,0,0,63,0,0
2012-06-05,0,1,1,1,0,0,0,인천,연수구,1,7,3,1,2,0,4,126.6495,37.3921,인천연수구,0,승용차이륜차,0,0,0,35,0,0
2012-06-05,0,1,1,3,0,2,0,강원,원주시,1,1,0,1,2,0,2,127.848,37.3296,강원원주시,0,승용차승용차,0,0,0,36,0,0
2012-06-10,0,6,1,2,0,1,0,경남,거제시,1,5,0,0,0,0,2,128.5564,34.9024,경남거제시,0,승용차승용차,0,1,0,15,0,0
2013-12-11,0,2,1,4,1,2,0,전북,무주군,1,5,3,0,0,0,2,127.6535,35.97,전북무주군,1,승용차승용차,0,0,0,182,0,0
2013-02-15,1,4,1,1,0,0,0,경북,청도군,1,10,0,0,0,4,1,128.8683,35.7356,경북청도군,0,이륜차없음,0,0,0,3,0,0
2013-10-02,1,2,1,2,0,1,0,경남,거제시,1,1,0,0,0,1,3,128.6071,34.8887,경남거제시,0,화물차화물차,0,0,0,15,0,0
2014-06-28,1,5,1,1,0,0,0,전북,전주시,1,7,5,0,0,6,2,127.123,35.816,전북전주시,0,원동기장치자전거승용차,0,1,0,11,0,0
2013-09-29,0,6,1,5,4,0,0,광주,광산구,1,7,7,1,1,0,2,126.7562,35.1297,광주광산구,1,승용차승용차,0,1,0,135,0,0
2013-10-14,0,0,1,3,1,1,0,충남,보령시,1,7,6,1,1,0,2,126.5909,36.3421,충남보령시,0,승용차승용차,0,0,0,136,0,0
2013-06-11,1,1,1,1,0,0,0,서울,강남구,1,1,0,0,0,0,2,127.0769,37.4867,서울강남구,0,승용차승용차,0,0,0,89,0,0
2013-08-11,0,6,1,1,0,0,0,경남,창원시(통합),1,1,0,1,2,0,3,128.5791,35.234,경남창원시(통합),0,승용차화물차,0,1,0,86,0,0
2013-08-11,1,6,1,1,0,0,0,충북,청주시,1,1,6,1,1,6,2,127.4869,36.6182,충북청주시,0,원동기장치자전거승용차,0,1,0,83,0,0
2013-08-11,1,6,1,1,0,0,0,경남,함양군,1,7,6,1,1,6,2,127.7828,35.5641,경남함양군,0,원동기장치자전거승용차,0,1,0,108,0,0
2013-08-19,0,0,1,9,0,8,0,전북,전주시,1,5,0,1,2,0,6,127.1056,35.8533,전북전주시,2,승용차승합차,0,0,0,11,0,0
2013-07-09,0,1,1,2,1,0,0,경기,광주시,1,9,5,0,0,2,2,127.1737,37.3465,경기광주시,0,승합차승용차,0,0,0,9,0,0
2013-07-10,0,2,1,1,0,0,0,경남,창원시(통합),1,7,0,0,0,4,6,128.6639,35.2361,경남창원시(통합),0,이륜차승합차,0,0,0,86,0,0
2013-07-18,0,3,1,1,0,0,0,울산,중구,1,6,0,1,1,0,1,129.2862,35.5566,울산중구,0,승용차없음,0,0,0,205,0,0
2013-07-17,0,2,1,3,1,1,0,제주,제주시,1,7,6,1,1,0,6,126.894,33.492,제주제주시,0,승용차승합차,0,0,0,90,0,0
2013-07-15,0,0,1,2,0,1,0,강원,동해시,1,9,5,0,0,0,2,129.1194,37.5297,강원동해시,0,승용차승용차,0,0,0,210,0,0
2013-07-22,1,0,1,2,0,1,0,경기,남양주시,1,7,0,0,0,0,3,127.2033,37.6135,경기남양주시,0,승용차화물차,0,0,0,70,0,0
2013-10-21,1,0,1,1,0,0,0,경남,거창군,1,7,0,0,0,1,7,127.9346,35.6577,경남거창군,0,화물차원동기장치자전거,0,0,0,154,0,0
2013-10-21,1,0,1,1,0,0,0,충북,괴산군,1,6,0,1,2,1,1,127.8636,36.8695,충북괴산군,0,화물차없음,0,0,0,179,0,0
2013-10-21,1,0,1,1,0,0,0,전북,정읍시,1,1,0,0,0,7,1,126.9352,35.7173,전북정읍시,0,자전거없음,0,0,0,12,0,0
2013-10-22,0,1,1,1,0,0,0,전북,군산시,1,6,0,1,2,0,1,126.6256,35.9666,전북군산시,0,승용차없음,0,0,0,166,0,0
2013-10-21,0,0,1,1,0,0,0,전남,순천시,1,7,10,1,2,7,2,127.5223,34.9332,전남순천시,0,자전거승용차,0,0,0,27,0,0
2013-10-18,0,4,1,1,0,0,0,전북,익산시,1,7,0,1,1,2,4,126.9596,35.9372,전북익산시,0,승합차이륜차,0,0,0,125,0,0
2013-10-18,0,4,1,1,0,0,0,충남,아산시,1,11,0,0,0,1,1,126.9895,36.6773,충남아산시,0,화물차없음,0,0,0,53,0,0
2013-10-18,1,4,1,1,0,0,0,충남,홍성군,1,10,0,0,0,9,1,126.6904,36.5955,충남홍성군,0,농기계없음,0,0,0,38,0,0
2013-10-03,1,3,1,1,0,0,0,충북,보은군,1,1,0,1,1,4,1,127.7971,36.5207,충북보은군,0,이륜차없음,0,1,0,32,0,0
2013-10-03,1,3,1,9,3,4,1,서울,서초구,1,5,0,0,0,2,2,127.0344,37.4694,서울서초구,2,승합차승용차,0,1,0,214,0,0
2013-10-04,1,4,1,1,0,0,0,경기,여주시,1,1,0,2,4,7,1,127.5866,37.3525,경기여주시,0,자전거없음,0,0,0,22,0,0
2013-10-04,1,4,1,1,0,0,0,서울,양천구,1,1,0,0,3,7,2,126.8689,37.5221,서울양천구,0,자전거승용차,0,0,0,140,0,0
2013-10-05,1,5,1,4,2,1,0,부산,진구,1,5,0,0,0,1,3,129.0318,35.1593,부산진구,1,화물차화물차,0,1,0,231,0,0
2013-10-12,1,5,1,2,0,1,0,경남,사천시,1,7,7,1,1,6,2,128.0968,34.9329,경남사천시,0,원동기장치자전거승용차,0,1,0,57,0,0
2013-10-09,0,2,1,1,0,0,0,서울,용산구,1,6,4,1,2,2,1,126.9968,37.5406,서울용산구,0,승합차없음,0,1,0,134,0,0
2013-09-04,1,2,1,1,0,0,0,전남,고흥군,1,6,0,0,0,1,1,127.3286,34.7825,전남고흥군,0,화물차없음,0,0,0,191,0,0
2013-09-09,0,0,1,1,0,0,0,경남,밀양시,1,11,0,0,0,9,1,128.8011,35.4507,경남밀양시,0,농기계없음,0,0,0,177,0,0
2013-08-29,1,3,1,1,0,0,0,전남,곡성군,1,11,0,1,2,4,1,127.1375,35.2482,전남곡성군,0,이륜차없음,0,0,0,147,0,0
2013-07-11,0,3,1,1,0,0,0,대구,달서구,1,7,7,1,1,0,5,128.496,35.8477,대구달서구,0,승용차자전거,0,0,0,20,0,0
2013-10-17,1,3,1,2,1,0,0,경남,김해시,1,9,5,0,0,0,3,128.8537,35.2103,경남김해시,0,승용차화물차,0,0,0,13,0,0
2013-10-13,1,6,1,1,0,0,0,대구,달서구,1,1,0,0,3,7,2,128.5321,35.8588,대구달서구,0,자전거승용차,0,1,0,20,0,0
2013-10-14,0,0,1,1,0,0,0,전북,김제시,1,6,0,0,0,0,1,126.8848,35.8019,전북김제시,0,승용차없음,0,0,0,34,0,0
2013-10-15,0,1,1,1,0,0,0,울산,동구,1,6,0,0,0,6,1,129.451,35.5427,울산동구,0,원동기장치자전거없음,0,0,0,225,0,0
2013-10-14,0,0,1,1,0,0,0,울산,중구,1,7,10,0,0,4,2,129.3184,35.5639,울산중구,0,이륜차승용차,0,0,0,205,0,0
2013-10-15,1,1,1,1,0,0,0,경기,이천시,1,10,0,0,0,9,1,127.4632,37.3314,경기이천시,0,농기계없음,0,0,0,41,0,0
2013-10-22,1,1,1,1,0,0,0,전남,고흥군,1,6,0,0,0,4,1,127.1524,34.527,전남고흥군,0,이륜차없음,0,0,0,191,0,0
2013-10-20,1,6,1,1,0,0,0,전남,영광군,1,1,2,0,0,1,5,126.5607,35.3074,전남영광군,0,화물차자전거,0,1,0,127,0,0
2013-10-20,1,6,2,2,0,0,0,경남,창원시(통합),1,10,0,0,0,1,1,128.5319,35.1165,경남창원시(통합),0,화물차없음,0,1,0,86,0,0
2013-10-21,1,0,1,1,0,0,0,경남,김해시,1,1,0,0,0,6,8,128.7886,35.3453,경남김해시,0,원동기장치자전거농기계,0,0,0,13,0,0
2013-10-22,1,1,1,1,0,0,0,경북,문경시,1,1,0,0,3,0,5,128.2021,36.5952,경북문경시,0,승용차자전거,0,0,0,74,0,0
2013-09-02,1,0,1,1,0,0,0,충남,청양군,1,7,8,1,1,5,4,126.7774,36.4001,충남청양군,0,특수차이륜차,0,0,0,174,0,0
2013-09-01,1,6,1,3,2,0,0,전북,김제시,1,7,7,1,1,0,9,126.8081,35.885,전북김제시,1,승용차건설기계,0,1,0,34,0,0
2013-09-01,0,6,1,1,0,0,0,경기,화성시,1,6,0,0,0,4,1,126.9261,37.2015,경기화성시,0,이륜차없음,0,1,0,50,0,0
2013-09-01,0,6,1,3,0,2,0,경기,양주시,1,7,0,0,0,9,2,126.9885,37.7873,경기양주시,0,농기계승용차,0,1,0,59,0,0