발생년월일,주야,요일,사망자수,사상자수,중상자수,경상자수,부상신고자수,발생지시도,발생지시군구,사고유형_대분류,사고유형_중분류,법규위반,도로형태_대분류,도로형태,당사자종별_1당_대분류,당사자종별_2당_대분류,경도,위도,발생지,사고피해정도,사고차량타입,도시여부,주말/공휴일,인구수,발생지번호,보행자의위치,무단횡단여부
2013-04-12,1,4,1,1,0,0,0,강원,춘천시,1,10,0,0,0,0,1,127.7148,37.8508,강원춘천시,0,승용차없음,0,0,0,111,0,0
2013-04-12,0,4,1,1,0,0,0,경남,밀양시,1,6,0,0,0,1,1,128.6707,35.3829,경남밀양시,0,화물차없음,0,0,0,177,0,0
2013-02-25,1,0,1,1,0,0,0,경기,용인시,1,6,0,0,0,0,1,127.0939,37.2579,경기용인시,0,승용차없음,0,0,0,51,0,0
2013-03-02,0,5,1,4,3,0,0,인천,중구,1,6,0,1,1,0,1,126.3861,37.4559,인천중구,1,승용차없음,0,1,0,72,0,0
2013-03-09,1,5,1,1,0,0,0,경기,의왕시,1,1,6,1,1,0,7,126.9617,37.3349,경기의왕시,0,승용차원동기장치자전거,0,1,0,199,0,0
2013-04-03,1,2,1,1,0,0,0,강원,원주시,1,5,10,0,0,7,2,127.83,37.3295,강원원주시,0,자전거승용차,0,0,0,36,0,0
2013-04-03,0,2,1,1,0,0,0,경남,창원시(통합),1,6,0,0,0,1,1,128.6506,35.2411,경남창원시(통합),0,화물차없음,0,0,0,86,0,0
2013-04-03,0,2,1,1,0,0,0,경기,평택시,1,1,6,1,1,1,2,126.8497,36.967,경기평택시,0,화물차승용차,0,0,0,14,0,0
2013-04-02,1,1,1,1,0,0,0,경남,양산시,1,5,0,2,4,1,2,129.0215,35.3827,경남양산시,0,화물차승용차,0,0,0,49,0,0
2013-04-12,0,4,1,2,1,0,0,경북,경주시,1,6,0,0,0,0,1,129.228,35.8782,경북경주시,0,승용차없음,0,0,0,100,0,0
2013-02-21,0,3,2,2,0,0,0,충남,논산시,1,9,5,1,2,0,2,127.1556,36.2116,충남논산시,0,승용차승용차,0,0,0,61,0,0
2013-03-02,1,5,1,1,0,0,0,충북,영동군,1,6,0,2,4,4,1,127.9004,36.233,충북영동군,0,이륜차없음,0,1,0,75,0,0
2013-03-04,1,0,1,3,1,1,0,충북,제천시,1,5,0,0,0,1,9,128.0144,37.1657,충북제천시,0,화물차건설기계,0,0,0,103,0,0
2013-03-03,1,6,1,2,0,1,0,충남,청양군,1,9,5,0,0,0,2,126.8042,36.4104,충남청양군,0,승용차승용차,0,1,0,174,0,0
2013-03-03,1,6,1,4,3,0,0,충남,태안군,1,11,0,0,0,0,1,126.2635,36.7601,충남태안군,1,승용차없음,0,1,0,169,0,0
2013-03-05,1,1,1,1,0,0,0,경기,광주시,1,7,0,0,0,1,5,127.2436,37.4271,경기광주시,0,화물차자전거,0,0,0,9,0,0
2013-03-13,1,2,1,1,0,0,0,경남,거창군,1,5,0,0,0,0,5,128.0001,35.71,경남거창군,0,승용차자전거,0,0,0,154,0,0
2013-03-15,1,4,1,1,0,0,0,경북,의성군,1,1,9,1,1,1,7,128.3762,36.4633,경북의성군,0,화물차원동기장치자전거,0,0,0,105,0,0
2013-03-30,1,5,1,2,1,0,0,전북,전주시,1,5,0,0,0,1,8,127.0544,35.8746,전북전주시,0,화물차농기계,0,1,0,11,0,0
2013-04-13,0,5,1,4,3,0,0,경남,거창군,1,6,0,0,0,0,1,127.8837,35.689,경남거창군,1,승용차없음,0,1,0,154,0,0
2013-04-20,0,5,1,1,0,0,0,강원,평창군,1,10,0,0,0,1,1,128.4465,37.3787,강원평창군,0,화물차없음,0,1,0,24,0,0
2013-04-18,0,3,1,1,0,0,0,전남,광양시,1,1,0,0,0,2,5,127.7116,34.9814,전남광양시,0,승합차자전거,0,0,0,130,0,0
2013-04-18,1,3,1,1,0,0,0,전남,화순군,1,10,0,1,2,9,1,127.0572,34.9621,전남화순군,0,농기계없음,0,0,0,88,0,0
2013-04-19,1,4,1,2,0,1,0,제주,서귀포시,1,9,5,0,0,1,3,126.7175,33.3065,제주서귀포시,0,화물차화물차,0,0,0,62,0,0
2013-04-05,1,4,1,1,0,0,0,충남,논산시,1,10,0,1,2,1,1,127.2256,36.2113,충남논산시,0,화물차없음,0,0,0,61,0,0
2013-04-06,1,5,3,3,0,0,0,충북,충주시,1,1,5,0,0,0,2,127.8887,36.9614,충북충주시,1,승용차승용차,0,1,0,6,0,0
2013-04-05,0,4,1,2,1,0,0,경북,경주시,1,1,0,0,0,1,1,129.0506,35.677,경북경주시,0,화물차없음,0,0,0,100,0,0
2013-04-02,0,1,1,1,0,0,0,전남,영광군,1,11,0,0,0,1,1,126.4768,35.3694,전남영광군,0,화물차없음,0,0,0,127,0,0
2013-04-02,1,1,1,2,0,0,1,대구,남구,1,5,0,0,0,0,2,128.6039,35.8453,대구남구,0,승용차승용차,0,0,0,145,0,0
2013-04-02,1,1,1,1,0,0,0,부산,사상구,1,5,0,0,0,1,5,128.9869,35.1546,부산사상구,0,화물차자전거,0,0,0,120,0,0
2013-04-01,1,0,1,1,0,0,0,경북,경주시,1,9,5,0,0,1,2,129.2059,35.8249,경북경주시,0,화물차승용차,0,0,0,100,0,0
2013-07-09,1,1,1,4,1,2,0,서울,송파구,1,9,0,1,1,1,2,127.1485,37.502,서울송파구,1,화물차승용차,0,0,0,156,0,0
2013-08-09,0,4,1,1,0,0,0,경북,청도군,1,6,0,0,0,4,1,128.7477,35.6627,경북청도군,0,이륜차없음,0,0,0,3,0,0
2013-08-09,0,4,1,1,0,0,0,경기,안산시,1,5,0,0,0,0,3,126.8601,37.297,경기안산시,0,승용차화물차,0,0,0,2,0,0
2013-08-09,0,4,1,2,0,0,1,서울,영등포구,1,7,0,1,1,6,2,126.8959,37.499,서울영등포구,0,원동기장치자전거승용차,0,0,0,150,0,0
2013-08-07,1,2,1,3,2,0,0,경북,구미시,1,9,5,0,0,4,3,128.3521,36.1575,경북구미시,1,이륜차화물차,0,0,0,144,0,0
2013-08-13,1,1,1,1,0,0,0,경남,의령군,1,10,0,0,0,0,1,128.2489,35.4637,경남의령군,0,승용차없음,0,0,0,189,0,0
2013-08-11,0,6,1,5,2,2,0,세종,세종,1,5,0,0,0,0,2,127.2655,36.5329,세종세종,1,승용차승용차,1,1,0,229,0,0
2013-08-12,0,0,3,5,1,1,0,경기,성남시,1,5,0,0,0,1,2,127.087,37.4293,경기성남시,1,화물차승용차,0,0,0,95,0,0
2013-09-05,1,3,1,1,0,0,0,서울,마포구,1,5,0,0,0,6,9,126.947,37.5457,서울마포구,0,원동기장치자전거건설기계,0,0,0,159,0,0
2013-07-10,0,2,1,4,1,2,0,경기,포천시,1,7,6,1,1,1,2,127.2002,37.8903,경기포천시,1,화물차승용차,0,0,0,171,0,0
2013-07-10,0,2,1,1,0,0,0,경기,의정부시,1,7,0,1,1,2,4,127.0471,37.7408,경기의정부시,0,승합차이륜차,0,0,0,64,0,0
2013-07-11,1,3,1,2,0,1,0,경기,여주시,1,7,7,1,1,6,3,127.5791,37.3741,경기여주시,0,원동기장치자전거화물차,0,0,0,22,0,0
2013-07-19,1,4,1,3,2,0,0,전남,고흥군,1,5,0,0,0,0,8,127.4685,34.4871,전남고흥군,1,승용차농기계,0,0,0,191,0,0
2013-07-23,0,1,1,1,0,0,0,울산,북구,1,1,3,1,2,0,2,129.332,35.6248,울산북구,0,승용차승용차,0,0,0,158,0,0
2013-07-20,1,5,1,1,0,0,0,부산,강서구,1,5,0,0,0,1,3,128.8865,35.1603,부산강서구,0,화물차화물차,0,1,0,206,0,0
2013-07-29,1,0,1,2,1,0,0,충남,보령시,1,9,5,0,0,3,2,126.6316,36.3782,충남보령시,0,건설기계승용차,0,0,0,136,0,0
2013-07-27,0,5,1,3,0,2,0,경북,칠곡군,1,9,5,0,0,6,2,128.4011,36.015,경북칠곡군,0,원동기장치자전거승용차,0,1,0,21,0,0
2013-07-27,1,5,1,4,3,0,0,경북,경주시,1,1,0,0,0,0,1,129.4323,35.8007,경북경주시,1,승용차없음,0,1,0,100,0,0
2013-07-25,1,3,1,1,0,0,0,충남,아산시,1,6,0,1,2,0,1,126.8549,36.8508,충남아산시,0,승용차없음,0,0,0,53,0,0
2013-07-26,0,4,1,3,2,0,0,전북,전주시,1,7,6,1,1,0,2,127.1213,35.8698,전북전주시,1,승용차승용차,0,0,0,11,0,0
2013-08-03,0,5,1,1,0,0,0,강원,홍천군,1,6,7,1,2,1,1,128.3861,37.7569,강원홍천군,0,화물차없음,0,1,0,82,0,0
2013-08-04,0,6,1,1,0,0,0,전남,영암군,1,10,0,0,0,1,1,126.6437,34.7032,전남영암군,0,화물차없음,0,1,0,16,0,0
2013-08-04,1,6,1,1,0,0,0,전남,무안군,1,10,0,0,0,4,1,126.4246,34.9088,전남무안군,0,이륜차없음,0,1,0,101,0,0
2013-08-01,1,3,1,2,0,1,0,경북,상주시,1,6,0,0,0,0,1,128.1071,36.5616,경북상주시,0,승용차없음,0,0,0,58,0,0
2013-08-01,1,3,1,1,0,0,0,경북,안동시,1,6,0,2,4,7,1,128.7139,36.572,경북안동시,0,자전거없음,0,0,0,66,0,0
2013-09-20,0,4,1,1,0,0,0,서울,서초구,1,1,0,0,0,0,6,127.0043,37.499,서울서초구,0,승용차승합차,0,1,0,214,0,0
2013-09-17,1,1,1,1,0,0,0,강원,강릉시,1,6,0,0,0,0,1,128.8535,37.8164,강원강릉시,0,승용차없음,0,0,0,194,0,0
2013-09-27,1,4,1,1,0,0,0,충북,영동군,1,7,7,1,1,6,9,128.0022,36.2121,충북영동군,0,원동기장치자전거건설기계,0,0,0,75,0,0
2013-09-27,0,4,1,1,0,0,0,인천,연수구,1,1,0,0,0,7,1,126.699,37.4263,인천연수구,0,자전거없음,0,0,0,35,0,0
2013-10-02,1,2,1,3,1,1,0,전남,순천시,1,9,5,0,0,0,6,127.4287,35.1012,전남순천시,0,승용차승합차,0,0,0,27,0,0
2012-10-10,1,2,1,2,0,1,0,강원,원주시,1,7,0,0,0,0,2,127.8426,37.325,강원원주시,0,승용차승용차,0,0,0,36,0,0
2012-10-20,0,5,1,4,3,0,0,경기,안산시,1,9,5,0,0,4,2,126.8576,37.3207,경기안산시,1,이륜차승용차,0,1,0,2,0,0
2012-06-16,0,5,1,2,0,1,0,서울,송파구,1,5,0,0,0,1,3,127.1093,37.4848,서울송파구,0,화물차화물차,0,1,0,156,0,0
2012-07-03,1,1,1,1,0,0,0,전북,부안군,1,10,0,1,1,4,1,126.7223,35.7231,전북부안군,0,이륜차없음,0,0,0,185,0,0
2012-12-04,0,1,1,3,0,2,0,경북,경산시,1,5,0,0,0,0,3,128.7593,35.9541,경북경산시,0,승용차화물차,0,0,0,52,0,0
2012-04-11,0,2,1,1,0,0,0,경기,양주시,1,1,0,1,2,0,2,127.0441,37.7653,경기양주시,0,승용차승용차,0,1,0,59,0,0
2012-04-14,1,5,1,1,0,0,0,대구,서구,1,5,3,0,0,1,3,128.5775,35.8815,대구서구,0,화물차화물차,0,1,0,107,0,0
2012-04-14,0,5,1,2,1,0,0,서울,구로구,1,7,5,0,0,6,7,126.8552,37.4973,서울구로구,0,원동기장치자전거원동기장치자전거,0,1,0,79,0,0
2012-01-20,1,4,1,1,0,0,0,경기,의정부시,1,7,0,0,3,0,5,127.0547,37.7454,경기의정부시,0,승용차자전거,0,0,0,64,0,0
2012-11-03,1,5,1,1,0,0,0,대구,중구,1,7,6,0,3,0,7,128.5905,35.8661,대구중구,0,승용차원동기장치자전거,0,1,0,178,0,0
2012-09-20,0,3,1,4,3,0,0,서울,마포구,1,7,6,1,1,0,4,126.9482,37.5413,서울마포구,1,승용차이륜차,0,0,0,159,0,0
2012-11-07,1,2,1,1,0,0,0,경남,김해시,1,7,0,0,0,0,5,128.8014,35.1874,경남김해시,0,승용차자전거,0,0,0,13,0,0
2013-01-12,1,5,1,1,0,0,0,충북,보은군,1,7,0,0,0,0,5,127.7293,36.4909,충북보은군,0,승용차자전거,0,1,0,32,0,0
2013-05-21,0,1,1,2,0,1,0,인천,서구,1,5,3,0,0,0,2,126.6813,37.5218,인천서구,0,승용차승용차,0,0,0,97,0,0
2013-04-11,0,3,2,2,0,0,0,경기,남양주시,1,9,5,0,0,0,2,127.2051,37.5909,경기남양주시,0,승용차승용차,0,0,0,70,0,0
2013-06-30,1,6,1,2,1,0,0,서울,서초구,1,5,0,0,0,0,6,127.0541,37.4481,서울서초구,0,승용차승합차,0,1,0,214,0,0
2013-08-28,1,2,1,5,3,1,0,경기,구리시,1,5,0,0,0,1,3,127.1544,37.6003,경기구리시,1,화물차화물차,0,0,0,165,0,0
2012-12-03,0,0,1,4,3,0,0,경북,영천시,1,6,0,0,0,0,1,129.008,35.9125,경북영천시,1,승용차없음,0,0,0,5,0,0
2012-05-16,0,2,1,3,2,0,0,충남,부여군,1,9,5,0,0,0,2,126.7714,36.2206,충남부여군,1,승용차승용차,0,0,0,129,0,0
2012-04-09,1,0,1,1,0,0,0,경북,의성군,1,7,0,0,0,4,3,128.356,36.4472,경북의성군,0,이륜차화물차,0,0,0,105,0,0
2012-04-16,1,0,1,1,0,0,0,서울,은평구,1,7,0,0,0,2,4,126.9315,37.6324,서울은평구,0,승합차이륜차,0,0,0,139,0,0
2012-02-07,1,1,1,1,0,0,0,경기,파주시,1,1,0,0,0,2,3,126.6856,37.7006,경기파주시,0,승합차화물차,0,0,0,175,0,0
2012-06-28,1,3,1,1,0,0,0,경북,의성군,1,1,0,0,0,9,1,128.6996,36.2862,경북의성군,0,농기계없음,0,0,0,105,0,0
2012-10-23,1,1,1,4,1,1,1,부산,사상구,1,7,6,1,1,1,7,129.0114,35.1511,부산사상구,1,화물차원동기장치자전거,0,0,0,120,0,0
2012-07-29,1,6,1,4,2,1,0,전남,화순군,1,6,0,0,0,0,1,126.9608,34.9988,전남화순군,1,승용차없음,0,1,0,88,0,0
2013-01-16,1,2,1,2,0,1,0,울산,울주군,1,5,0,1,2,1,2,129.1952,35.7005,울산울주군,0,화물차승용차,0,0,0,17,0,0
2013-08-20,1,1,1,2,0,1,0,전북,전주시,1,7,6,1,1,4,6,127.106,35.821,전북전주시,0,이륜차승합차,0,0,0,11,0,0
2014-08-11,1,0,1,2,0,0,1,경북,경주시,1,10,0,0,0,0,1,129.2223,35.8643,경북경주시,0,승용차없음,0,0,0,100,0,0
2012-08-30,0,3,1,1,0,0,0,인천,옹진군,1,11,0,1,2,0,1,126.4676,37.2686,인천옹진군,0,승용차없음,0,0,0,186,0,0
2014-12-02,0,1,1,8,5,1,1,충북,청주시,1,1,0,0,0,1,2,127.4273,36.5755,충북청주시,2,화물차승용차,0,0,0,83,0,0
2014-03-08,0,5,1,2,1,0,0,광주,북구,1,10,0,1,1,4,1,126.8994,35.1594,광주북구,0,이륜차없음,0,1,0,137,0,0
2014-04-04,1,4,1,3,0,2,0,부산,동구,1,1,0,0,0,0,2,129.0594,35.1404,부산동구,0,승용차승용차,0,0,0,209,0,0
2014-04-07,0,0,1,1,0,0,0,충남,태안군,1,5,0,1,2,1,9,126.3218,36.7534,충남태안군,0,화물차건설기계,0,0,0,169,0,0
2014-10-14,0,1,1,1,0,0,0,충북,영동군,1,11,0,0,0,4,1,127.8925,36.2167,충북영동군,0,이륜차없음,0,0,0,75,0,0
2014-01-22,1,2,1,1,0,0,0,전북,군산시,1,7,0,0,0,1,5,126.7773,35.9407,전북군산시,0,화물차자전거,0,0,0,166,0,0
2014-02-24,1,0,1,1,0,0,0,충북,청원군,1,5,10,0,0,6,2,127.327,36.6107,충북청주시,0,원동기장치자전거승용차,0,0,0,83,0,0
2014-01-12,1,6,1,1,0,0,0,강원,횡성군,1,9,5,0,0,0,3,128.0731,37.5426,강원횡성군,0,승용차화물차,0,1,0,31,0,0
2014-05-21,1,2,1,1,0,0,0,경기,남양주시,1,7,0,0,0,3,5,127.1646,37.6369,경기남양주시,0,건설기계자전거,0,0,0,70,0,0
2014-08-02,0,5,1,2,0,1,0,울산,울주군,1,5,0,1,2,0,3,129.2462,35.5671,울산울주군,0,승용차화물차,0,1,0,17,0,0
2013-05-18,0,5,1,4,3,0,0,충남,공주시,1,1,4,1,2,0,3,127.0189,36.4985,충남공주시,1,승용차화물차,0,1,0,19,0,0
2013-07-05,1,4,1,1,0,0,0,충북,청원군,1,6,0,0,0,0,1,127.6899,36.662,충북청주시,0,승용차없음,0,0,0,83,0,0
2014-05-27,0,1,1,2,1,0,0,전북,전주시,1,9,0,0,0,6,5,127.1783,35.8007,전북전주시,0,원동기장치자전거자전거,0,0,0,11,0,0
2014-05-02,1,4,1,1,0,0,0,경기,안양시,1,10,0,0,0,4,1,126.9577,37.3732,경기안양시,0,이륜차없음,0,0,0,151,0,0
2014-03-18,1,1,1,4,0,3,0,경남,하동군,1,9,5,0,0,0,3,127.883,35.0571,경남하동군,1,승용차화물차,0,0,0,172,0,0
2014-11-19,1,2,1,1,0,0,0,광주,북구,1,5,0,1,2,7,2,126.9115,35.1579,광주북구,0,자전거승용차,0,0,0,137,0,0
2014-10-08,1,2,1,1,0,0,0,경북,칠곡군,1,5,0,0,0,1,7,128.4959,36.1154,경북칠곡군,0,화물차원동기장치자전거,0,0,0,21,0,0
2014-01-26,1,6,1,1,0,0,0,제주,서귀포시,1,1,0,1,1,1,4,126.1944,33.2719,제주서귀포시,0,화물차이륜차,0,1,0,62,0,0
2012-03-19,0,0,1,1,0,0,0,서울,도봉구,1,6,0,2,4,4,1,127.0478,37.6484,서울도봉구,0,이륜차없음,0,0,0,98,0,0
2012-03-24,1,5,1,2,0,1,0,충남,보령시,1,7,0,0,0,0,2,126.5827,36.3703,충남보령시,0,승용차승용차,0,1,0,136,0,0
2012-04-01,0,6,1,1,0,0,0,경기,수원시,1,6,0,0,0,4,1,126.9874,37.3194,경기수원시,0,이륜차없음,0,1,0,99,0,0
2012-01-22,0,6,1,9,2,6,0,경북,경산시,1,5,0,1,2,0,2,128.7486,35.8345,경북경산시,2,승용차승용차,0,1,0,52,0,0
2012-01-31,1,1,1,1,0,0,0,제주,제주시,1,6,0,0,0,0,1,126.5374,33.4781,제주제주시,0,승용차없음,0,0,0,90,0,0
2012-12-12,1,2,2,3,1,0,0,강원,영월군,1,9,5,0,0,1,3,128.3965,37.204,강원영월군,1,화물차화물차,0,0,0,114,0,0
2012-09-18,1,1,1,3,2,0,0,경남,김해시,1,5,0,0,0,1,3,128.9172,35.2264,경남김해시,1,화물차화물차,0,0,0,13,0,0
2012-11-23,1,4,1,1,0,0,0,경북,상주시,1,11,0,0,0,4,1,128.0855,36.3507,경북상주시,0,이륜차없음,0,0,0,58,0,0
2012-07-22,1,6,1,5,2,2,0,경남,김해시,1,6,0,1,1,0,1,128.7297,35.3096,경남김해시,1,승용차없음,0,1,0,13,0,0
2012-07-29,1,6,1,4,1,2,0,인천,남동구,1,5,0,0,0,0,2,126.7233,37.4063,인천남동구,1,승용차승용차,0,1,0,29,0,0
2014-05-24,0,5,1,5,1,3,0,경북,구미시,1,5,3,0,0,1,3,128.2628,36.2164,경북구미시,1,화물차화물차,0,1,0,144,0,0
2014-10-03,1,4,1,1,0,0,0,경북,문경시,1,1,0,0,0,6,5,128.2073,36.6113,경북문경시,0,원동기장치자전거자전거,0,1,0,74,0,0
2013-10-28,1,0,1,20,6,11,2,부산,금정구,1,5,2,0,0,0,3,129.0932,35.2466,부산금정구,2,승용차화물차,0,0,0,96,0,0
2014-03-31,0,0,1,1,0,0,0,울산,남구,1,7,10,0,0,0,4,129.3442,35.5103,울산남구,0,승용차이륜차,0,0,0,213,0,0
2014-04-01,1,1,1,2,0,1,0,경기,고양시,1,1,0,0,0,1,3,126.8108,37.599,경기고양시,0,화물차화물차,0,0,0,40,0,0
2014-04-09,1,2,1,3,0,2,0,대구,서구,1,7,0,1,1,0,2,128.5712,35.8722,대구서구,0,승용차승용차,0,0,0,107,0,0
2014-04-10,1,3,1,1,0,0,0,경기,용인시,1,1,4,0,0,1,1,127.0777,37.3281,경기용인시,0,화물차없음,0,0,0,51,0,0
2014-04-11,0,4,1,1,0,0,0,강원,춘천시,1,1,4,1,1,2,1,127.7218,37.8778,강원춘천시,0,승합차없음,0,0,0,111,0,0
2014-04-11,0,4,1,1,0,0,0,충남,논산시,1,6,0,0,0,1,1,127.0664,36.1599,충남논산시,0,화물차없음,0,0,0,61,0,0
2014-04-16,1,2,1,1,0,0,0,경북,김천시,1,11,0,2,4,6,1,128.1685,36.2289,경북김천시,0,원동기장치자전거없음,0,0,0,76,0,0
2014-04-16,1,2,1,1,0,0,0,충남,부여군,1,5,0,0,0,4,2,126.9218,36.3039,충남부여군,0,이륜차승용차,0,0,0,129,0,0
2014-04-18,1,4,1,2,1,0,0,경남,하동군,1,9,5,0,0,1,3,127.8166,34.9958,경남하동군,0,화물차화물차,0,0,0,172,0,0
2014-04-17,1,3,1,1,0,0,0,대구,북구,1,11,0,0,0,2,1,128.5874,35.9129,대구북구,0,승합차없음,0,0,0,112,0,0
2014-04-16,1,2,1,2,0,1,0,충남,청양군,1,1,8,1,1,4,3,127.013,36.3939,충남청양군,0,이륜차화물차,0,0,0,174,0,0
2014-04-12,1,5,1,6,0,5,0,전남,여수시,1,5,0,1,2,0,2,127.6749,34.7557,전남여수시,1,승용차승용차,0,1,0,102,0,0
2014-04-23,0,2,1,2,1,0,0,서울,구로구,1,9,5,0,0,0,2,126.8372,37.4931,서울구로구,0,승용차승용차,0,0,0,79,0,0
2014-04-24,1,3,1,1,0,0,0,경기,평택시,1,10,0,0,0,4,1,127.0089,37.0011,경기평택시,0,이륜차없음,0,0,0,14,0,0
2014-04-23,0,2,1,1,0,0,0,경기,동두천시,1,1,0,0,0,1,5,127.0645,37.9618,경기동두천시,0,화물차자전거,0,0,0,94,0,0
2014-04-24,0,3,1,1,0,0,0,충남,논산시,1,7,0,1,1,0,7,127.1,36.1895,충남논산시,0,승용차원동기장치자전거,0,0,0,61,0,0
2014-04-24,1,3,1,1,0,0,0,대전,중구,1,1,8,1,1,1,5,127.3889,36.3117,대전중구,0,화물차자전거,0,0,0,39,0,0
2014-04-20,1,6,1,3,1,1,0,경기,성남시,1,5,3,2,4,0,2,127.1182,37.4186,경기성남시,0,승용차승용차,0,1,0,95,0,0
2014-04-20,0,6,1,1,0,0,0,경남,진주시,1,6,0,1,1,6,1,128.0587,35.1713,경남진주시,0,원동기장치자전거없음,0,1,0,42,0,0
2014-04-28,0,0,1,8,0,7,0,경북,경산시,1,1,0,0,0,1,6,128.7596,35.8182,경북경산시,1,화물차승합차,0,0,0,52,0,0
2013-02-24,1,6,1,3,2,0,0,경북,구미시,1,9,0,1,1,1,2,128.3248,36.2129,경북구미시,1,화물차승용차,0,1,0,144,0,0
2014-05-11,1,6,1,1,0,0,0,경북,의성군,1,11,0,0,0,9,1,128.3512,36.453,경북의성군,0,농기계없음,0,1,0,105,0,0
2014-05-13,1,1,1,1,0,0,0,경북,울릉군,1,1,0,1,2,9,1,130.8379,37.4704,인천서구,0,농기계없음,0,0,0,97,0,0
2014-05-13,1,1,1,1,0,0,0,강원,강릉시,1,6,0,0,0,4,1,128.9169,37.7691,강원강릉시,0,이륜차없음,0,0,0,194,0,0
2014-05-14,1,2,1,2,0,1,0,충남,홍성군,1,5,0,0,0,0,8,126.6676,36.5742,충남홍성군,0,승용차농기계,0,0,0,38,0,0
2014-03-18,1,1,1,1,0,0,0,대전,서구,1,7,6,0,3,0,5,127.3947,36.363,대전서구,0,승용차자전거,0,0,0,4,0,0
2014-03-24,1,0,1,1,0,0,0,서울,노원구,1,6,0,0,0,0,1,127.0853,37.62,서울노원구,0,승용차없음,0,0,0,18,0,0
2014-04-05,0,5,1,3,0,2,0,서울,서대문구,1,9,5,2,0,4,2,126.9609,37.5729,서울서대문구,0,이륜차승용차,0,1,0,195,0,0
2014-04-03,0,3,2,2,0,0,0,전남,나주시,1,11,0,0,0,0,1,126.7125,35.0026,전남나주시,0,승용차없음,0,0,0,33,0,0
2014-03-30,0,6,4,4,0,0,0,충남,아산시,1,6,2,0,0,0,1,126.9594,36.8725,충남아산시,1,승용차없음,0,1,0,53,0,0
2014-04-02,1,2,1,1,0,0,0,강원,강릉시,1,11,0,0,0,6,1,128.9194,37.7432,강원강릉시,0,원동기장치자전거없음,0,0,0,194,0,0
2014-04-05,1,5,1,1,0,0,0,충남,서천군,1,1,0,0,0,9,1,126.6824,36.1004,충남서천군,0,농기계없음,0,1,0,10,0,0
2014-04-18,1,4,1,1,0,0,0,경남,거제시,1,1,0,0,0,4,1,128.6429,34.904,경남거제시,0,이륜차없음,0,0,0,15,0,0
2014-04-14,0,0,1,1,0,0,0,강원,정선군,1,6,0,0,0,4,1,128.8435,37.1695,강원정선군,0,이륜차없음,0,0,0,198,0,0
2014-04-13,0,6,1,1,0,0,0,충북,충주시,1,5,0,0,0,6,5,127.937,36.9721,충북충주시,0,원동기장치자전거자전거,0,1,0,6,0,0
2014-04-22,1,1,1,1,0,0,0,전남,여수시,1,10,0,0,0,6,1,127.5596,34.8739,전남여수시,0,원동기장치자전거없음,0,0,0,102,0,0
2014-05-12,1,0,1,1,0,0,0,경남,함양군,1,10,3,0,0,1,1,127.7554,35.4629,경남함양군,0,화물차없음,0,0,0,108,0,0
2014-04-30,1,2,1,5,0,4,0,경기,남양주시,1,9,5,1,2,0,2,127.1823,37.6095,경기남양주시,1,승용차승용차,0,0,0,70,0,0
2014-04-30,1,2,1,1,0,0,0,경남,창원시(통합),1,7,7,1,1,3,4,128.3649,35.1311,경남창원시(통합),0,건설기계이륜차,0,0,0,86,0,0
2014-04-29,1,1,1,1,0,0,0,경기,가평군,1,1,4,2,4,7,1,127.4747,37.8091,경기가평군,0,자전거없음,0,0,0,176,0,0
2014-04-29,0,1,1,2,0,1,0,전남,목포시,1,1,5,2,4,6,2,126.414,34.7925,전남목포시,0,원동기장치자전거승용차,0,0,0,153,0,0
2014-05-03,0,5,1,1,0,0,0,서울,노원구,1,1,0,0,0,4,1,127.0584,37.6627,서울노원구,0,이륜차없음,0,1,0,18,0,0
2014-05-03,1,5,1,1,0,0,0,대전,서구,1,7,0,1,1,4,2,127.3871,36.3399,대전서구,0,이륜차승용차,0,1,0,4,0,0
2014-05-03,1,5,1,1,0,0,0,전북,순창군,1,7,0,0,0,1,7,127.1566,35.3782,전북순창군,0,화물차원동기장치자전거,0,1,0,131,0,0
2014-04-18,0,4,1,2,1,0,0,대구,달성군,1,5,0,0,0,4,3,128.4558,35.7862,대구달성군,0,이륜차화물차,0,0,0,30,0,0
2014-05-12,1,0,1,1,0,0,0,충남,계룡시,1,7,5,0,0,4,2,127.239,36.2964,충남계룡시,0,이륜차승용차,0,0,0,223,0,0
2014-05-13,1,1,1,1,0,0,0,충남,부여군,1,11,0,0,0,4,1,126.9414,36.3073,충남부여군,0,이륜차없음,0,0,0,129,0,0
2014-05-13,1,1,1,1,0,0,0,부산,남구,1,7,0,0,0,7,2,129.0797,35.1259,부산남구,0,자전거승용차,0,0,0,180,0,0
2014-05-13,1,1,1,1,0,0,0,강원,원주시,1,6,0,0,0,0,1,127.9944,37.2896,강원원주시,0,승용차없음,0,0,0,36,0,0
2014-05-14,1,2,1,1,0,0,0,광주,광산구,1,7,0,1,1,5,5,126.8582,35.1892,광주광산구,0,특수차자전거,0,0,0,135,0,0
2014-05-12,1,0,1,1,0,0,0,강원,평창군,1,11,0,0,0,9,1,128.3619,37.3031,강원평창군,0,농기계없음,0,0,0,24,0,0
2014-05-12,1,0,1,2,0,1,0,전남,화순군,1,5,0,1,2,5,3,127.0256,34.8657,전남화순군,0,특수차화물차,0,0,0,88,0,0