발생년월일,주야,요일,사망자수,사상자수,중상자수,경상자수,부상신고자수,발생지시도,발생지시군구,사고유형_대분류,사고유형_중분류,법규위반,도로형태_대분류,도로형태,당사자종별_1당_대분류,당사자종별_2당_대분류,경도,위도,발생지,사고피해정도,사고차량타입,도시여부,주말/공휴일,인구수,발생지번호,보행자의위치,무단횡단여부
2014-01-11,0,5,1,1,0,0,0,경남,고성군,1,5,0,0,0,1,9,128.299,34.9779,경남고성군,0,화물차건설기계,0,1,0,87,0,0
2014-01-10,0,4,1,1,0,0,0,충남,천안시,1,5,0,0,0,0,8,127.1344,36.9352,충남천안시,0,승용차농기계,0,0,0,63,0,0
2014-01-20,1,0,1,1,0,0,0,충남,서천군,1,1,8,1,1,0,7,126.6887,36.0751,충남서천군,0,승용차원동기장치자전거,0,0,0,10,0,0
2014-01-31,1,4,1,3,0,2,0,전북,정읍시,1,7,7,1,1,1,4,126.7672,35.6192,전북정읍시,0,화물차이륜차,0,1,0,12,0,0
2014-01-31,0,4,1,1,0,0,0,울산,울주군,1,1,0,0,0,4,1,129.06,35.6178,울산울주군,0,이륜차없음,0,1,0,17,0,0
2014-01-28,1,1,1,1,0,0,0,경남,의령군,1,7,0,1,2,5,4,128.2324,35.4369,경남의령군,0,특수차이륜차,0,0,0,189,0,0
2014-01-29,0,2,1,1,0,0,0,충북,제천시,1,1,0,0,0,2,2,128.2087,37.1485,충북제천시,0,승합차승용차,0,0,0,103,0,0
2014-01-28,0,1,1,1,0,0,0,경기,시흥시,1,1,6,1,1,4,6,126.7392,37.3451,경기시흥시,0,이륜차승합차,0,0,0,73,0,0
2014-04-26,1,5,1,1,0,0,0,경기,광명시,1,7,6,1,1,2,7,126.8787,37.4155,경기광명시,0,승합차원동기장치자전거,0,1,0,81,0,0
2014-04-26,1,5,1,1,0,0,0,경기,의정부시,1,6,0,0,0,1,1,127.0344,37.7276,경기의정부시,0,화물차없음,0,1,0,64,0,0
2014-04-27,0,6,1,1,0,0,0,전북,완주군,1,6,0,0,0,0,1,127.1245,35.9731,전북완주군,0,승용차없음,0,1,0,28,0,0
2014-04-26,0,5,1,1,0,0,0,서울,중랑구,1,1,0,0,0,6,2,127.0933,37.5925,서울중랑구,0,원동기장치자전거승용차,0,1,0,196,0,0
2014-05-07,1,2,1,1,0,0,0,전남,장흥군,1,1,0,0,0,0,1,126.8716,34.5023,전남장흥군,0,승용차없음,0,0,0,56,0,0
2013-05-20,1,0,1,9,3,5,0,부산,기장군,1,7,0,1,1,0,2,129.2155,35.2432,부산기장군,2,승용차승용차,0,0,0,85,0,0
2013-05-26,1,6,1,2,0,1,0,전북,군산시,1,7,6,1,1,4,2,126.5675,35.9608,전북군산시,0,이륜차승용차,0,1,0,166,0,0
2013-05-26,0,6,1,2,0,1,0,경기,양평군,1,9,5,0,0,0,4,127.5477,37.4815,경기양평군,0,승용차이륜차,0,1,0,48,0,0
2013-05-24,0,4,2,7,4,1,0,충남,공주시,1,6,0,0,0,0,1,127.0185,36.5455,충남공주시,2,승용차없음,0,0,0,19,0,0
2013-05-25,1,5,1,1,0,0,0,경기,시흥시,1,7,2,0,0,1,5,126.7517,37.364,경기시흥시,0,화물차자전거,0,1,0,73,0,0
2013-05-31,0,4,1,3,0,2,0,전남,광양시,1,6,0,0,0,1,1,127.5969,35.0947,전남광양시,0,화물차없음,0,0,0,130,0,0
2013-06-05,0,2,1,1,0,0,0,전북,진안군,1,10,0,0,0,9,1,127.61,35.8473,전북진안군,0,농기계없음,0,0,0,192,0,0
2013-06-11,0,1,1,1,0,0,0,전북,군산시,1,6,0,0,0,4,1,126.7585,35.9444,전북군산시,0,이륜차없음,0,0,0,166,0,0
2013-06-20,0,3,1,1,0,0,0,경기,의왕시,1,5,0,0,0,0,4,126.9808,37.3884,경기의왕시,0,승용차이륜차,0,0,0,199,0,0
2013-07-04,0,3,1,1,0,0,0,충남,청양군,1,9,5,0,0,1,2,126.823,36.4498,충남청양군,0,화물차승용차,0,0,0,174,0,0
2013-07-13,1,5,1,2,1,0,0,제주,제주시,1,9,5,0,0,0,3,126.5062,33.4932,제주제주시,0,승용차화물차,0,1,0,90,0,0
2013-07-13,1,5,1,1,0,0,0,경남,남해군,1,10,0,1,1,9,1,128.006,34.8691,경남남해군,0,농기계없음,0,1,0,197,0,0
2013-07-13,1,5,1,1,0,0,0,전남,담양군,1,1,0,1,1,2,5,126.9844,35.3198,전남담양군,0,승합차자전거,0,1,0,181,0,0
2013-06-27,0,3,1,1,0,0,0,서울,도봉구,1,7,4,0,0,0,7,127.0331,37.6675,서울도봉구,0,승용차원동기장치자전거,0,0,0,98,0,0
2013-06-28,0,4,1,2,0,1,0,충북,음성군,1,9,5,1,2,0,2,127.4949,36.9665,충북음성군,0,승용차승용차,0,0,0,110,0,0
2013-07-03,1,2,1,1,0,0,0,인천,서구,1,6,0,0,0,0,1,126.6159,37.5551,인천서구,0,승용차없음,0,0,0,97,0,0
2013-12-12,0,3,1,1,0,0,0,경기,군포시,1,5,0,0,0,2,9,126.9123,37.3232,경기군포시,0,승합차건설기계,0,0,0,126,0,0
2013-05-04,0,5,1,2,0,1,0,충남,예산군,1,6,0,0,0,0,1,126.8827,36.648,충남예산군,0,승용차없음,0,1,0,187,0,0
2013-05-10,1,4,1,1,0,0,0,경남,창녕군,1,9,5,0,0,6,3,128.4164,35.4281,경남창녕군,0,원동기장치자전거화물차,0,0,0,211,0,0
2013-10-24,1,3,1,1,0,0,0,경남,의령군,1,7,7,1,1,6,3,128.3162,35.4615,경남의령군,0,원동기장치자전거화물차,0,0,0,189,0,0
2013-12-02,1,0,1,1,0,0,0,경기,안양시,1,7,3,0,3,1,4,126.9761,37.4025,경기안양시,0,화물차이륜차,0,0,0,151,0,0
2013-03-10,0,6,2,5,3,0,0,경기,포천시,1,9,5,0,0,0,2,127.2283,37.7712,경기포천시,1,승용차승용차,0,1,0,171,0,0
2013-08-01,1,3,1,1,0,0,0,세종,세종,1,10,0,2,4,4,1,127.1584,36.7251,세종세종,0,이륜차없음,1,0,0,229,0,0
2013-08-02,1,4,1,1,0,0,0,전남,영암군,1,6,0,0,0,0,1,126.6918,34.841,전남영암군,0,승용차없음,0,0,0,16,0,0
2013-08-05,1,0,1,3,0,2,0,충남,청양군,1,7,8,1,1,0,4,126.9507,36.4105,충남청양군,0,승용차이륜차,0,0,0,174,0,0
2013-08-15,1,3,1,5,0,4,0,경남,밀양시,1,5,0,1,2,1,2,128.7645,35.5126,경남밀양시,1,화물차승용차,0,1,0,177,0,0
2013-08-12,1,0,1,2,0,1,0,전남,진도군,1,9,5,0,0,1,6,126.2763,34.5678,전남진도군,0,화물차승합차,0,0,0,71,0,0
2013-01-20,0,6,1,1,0,0,0,충남,홍성군,1,10,0,1,1,0,1,126.6529,36.594,충남홍성군,0,승용차없음,0,1,0,38,0,0
2013-01-12,0,5,1,2,1,0,0,서울,동대문구,1,1,0,0,0,4,1,127.0383,37.5857,서울동대문구,0,이륜차없음,0,1,0,201,0,0
2013-03-27,0,2,1,1,0,0,0,경남,김해시,1,9,0,0,0,0,2,128.8976,35.2375,경남김해시,0,승용차승용차,0,0,0,13,0,0
2013-05-29,0,2,1,5,4,0,0,경북,경주시,1,1,5,1,2,0,3,129.245,35.9198,경북경주시,1,승용차화물차,0,0,0,100,0,0
2013-05-30,1,3,1,1,0,0,0,전북,고창군,1,11,0,0,0,9,1,126.5434,35.3625,전북고창군,0,농기계없음,0,0,0,219,0,0
2013-06-06,0,3,1,1,0,0,0,전남,나주시,1,11,0,2,4,4,1,126.6293,34.9291,전남나주시,0,이륜차없음,0,1,0,33,0,0
2013-06-07,1,4,1,2,0,1,0,전남,화순군,1,1,6,1,1,2,7,127.0007,35.0604,전남화순군,0,승합차원동기장치자전거,0,0,0,88,0,0
2013-06-04,0,1,1,1,0,0,0,인천,남구,1,5,0,0,0,7,3,126.6762,37.471,인천남동구,0,자전거화물차,0,0,0,29,0,0
2013-06-02,1,6,1,1,0,0,0,경북,김천시,1,7,0,0,0,0,8,128.1111,36.0893,경북김천시,0,승용차농기계,0,1,0,76,0,0
2013-06-09,0,6,1,1,0,0,0,제주,제주시,1,7,5,0,0,4,2,126.5129,33.5002,제주제주시,0,이륜차승용차,0,1,0,90,0,0
2013-06-10,0,0,1,2,1,0,0,전남,영광군,1,1,5,0,0,4,4,126.3862,35.2085,전남영광군,0,이륜차이륜차,0,0,0,127,0,0
2013-06-12,0,2,1,1,0,0,0,전남,담양군,1,6,0,0,0,0,1,127.0287,35.2901,전남담양군,0,승용차없음,0,0,0,181,0,0
2013-06-16,1,6,1,1,0,0,0,경기,양주시,1,10,0,0,0,4,1,127.107,37.809,경기양주시,0,이륜차없음,0,1,0,59,0,0
2013-06-17,0,0,1,1,0,0,0,경북,의성군,1,1,0,0,0,1,1,128.6878,36.2573,경북의성군,0,화물차없음,0,0,0,105,0,0
2013-05-06,1,0,1,2,0,1,0,울산,울주군,1,5,0,0,0,0,3,129.1795,35.5561,울산울주군,0,승용차화물차,0,0,0,17,0,0
2013-10-24,1,3,1,5,4,0,0,경기,여주시,1,6,0,0,0,0,1,127.6116,37.2043,경기여주시,1,승용차없음,0,0,0,22,0,0
2013-02-07,1,3,1,2,0,0,1,전남,진도군,1,6,0,1,2,2,1,126.351,34.4609,전남진도군,0,승합차없음,0,0,0,71,0,0
2013-05-20,1,0,1,1,0,0,0,경기,화성시,1,1,0,0,0,3,5,127.0303,37.2091,경기화성시,0,건설기계자전거,0,0,0,50,0,0
2013-11-16,1,5,1,1,0,0,0,충북,진천군,1,7,5,0,0,4,2,127.5228,36.8163,충북진천군,0,이륜차승용차,0,1,0,60,0,0
2013-11-14,1,3,1,1,0,0,0,경북,경주시,1,11,0,0,0,1,1,129.4536,35.791,경북경주시,0,화물차없음,0,0,0,100,0,0
2013-01-17,0,3,1,1,0,0,0,경남,창원시(통합),1,1,4,0,0,2,1,128.5873,35.2443,경남창원시(통합),0,승합차없음,0,0,0,86,0,0
2014-10-28,1,1,1,3,2,0,0,세종,세종,1,5,0,0,0,1,3,127.285,36.4524,세종세종,1,화물차화물차,1,0,0,229,0,0
2014-10-28,1,1,1,2,0,1,0,전북,부안군,1,7,8,1,1,1,3,126.6685,35.7771,전북부안군,0,화물차화물차,0,0,0,185,0,0
2014-11-19,1,2,1,1,0,0,0,충남,논산시,1,7,0,0,0,2,4,127.0813,36.209,충남논산시,0,승합차이륜차,0,0,0,61,0,0
2014-11-19,1,2,1,2,1,0,0,경남,거제시,1,10,0,0,0,1,1,128.5272,34.9182,경남거제시,0,화물차없음,0,0,0,15,0,0
2014-11-19,0,2,1,1,0,0,0,충남,논산시,1,5,0,0,0,1,5,127.0967,36.0973,충남논산시,0,화물차자전거,0,0,0,61,0,0
2014-11-19,0,2,1,4,2,1,0,경기,시흥시,1,5,0,1,2,1,3,126.7746,37.4288,경기시흥시,1,화물차화물차,0,0,0,73,0,0
2014-11-19,1,2,2,2,0,0,0,강원,인제군,1,6,0,0,0,0,1,128.2317,37.831,강원인제군,0,승용차없음,0,0,0,124,0,0
2014-11-05,1,2,1,1,0,0,0,전북,전주시,1,5,0,0,0,6,9,127.1721,35.8443,전북전주시,0,원동기장치자전거건설기계,0,0,0,11,0,0
2014-11-02,1,6,1,2,1,0,0,충남,부여군,1,9,5,0,0,1,3,126.7184,36.285,충남부여군,0,화물차화물차,0,1,0,129,0,0
2014-11-04,0,1,1,1,0,0,0,전남,담양군,1,5,0,0,0,0,5,126.9608,35.317,전남담양군,0,승용차자전거,0,0,0,181,0,0
2014-11-03,1,0,1,3,2,0,0,경기,연천군,1,9,5,1,2,1,2,127.0279,38.0347,경기연천군,1,화물차승용차,0,0,0,106,0,0
2014-11-04,1,1,1,2,1,0,0,제주,제주시,1,1,3,0,0,0,8,126.3525,33.4669,제주제주시,0,승용차농기계,0,0,0,90,0,0
2014-10-05,0,6,1,1,0,0,0,경기,화성시,1,6,0,1,2,0,1,126.9894,37.1097,경기화성시,0,승용차없음,0,1,0,50,0,0
2014-10-03,1,4,1,1,0,0,0,충북,청주시,1,1,0,0,3,0,5,127.4995,36.6164,충북청주시,0,승용차자전거,0,1,0,83,0,0
2014-10-10,1,4,1,4,2,1,0,전남,완도군,1,7,5,1,2,1,3,126.8373,34.4007,전남완도군,1,화물차화물차,0,0,0,141,0,0
2014-10-18,1,5,1,3,1,1,0,충남,예산군,1,5,0,0,0,1,8,126.7498,36.6856,충남예산군,0,화물차농기계,0,1,0,187,0,0
2014-10-18,1,5,1,2,1,0,0,전북,순창군,1,7,8,1,1,6,2,127.1945,35.3936,전북순창군,0,원동기장치자전거승용차,0,1,0,131,0,0
2014-11-01,0,5,2,5,3,0,0,충남,공주시,1,6,2,0,0,0,1,127.1458,36.4746,충남공주시,1,승용차없음,0,1,0,19,0,0
2014-10-30,1,3,1,1,0,0,0,충남,부여군,1,1,0,0,0,4,1,127.0032,36.2173,충남부여군,0,이륜차없음,0,0,0,129,0,0
2014-10-28,0,1,1,1,0,0,0,충남,당진시,1,1,0,0,0,0,3,126.7404,36.8862,충남당진시,0,승용차화물차,0,0,0,46,0,0
2014-10-30,0,3,2,8,6,0,0,서울,서초구,1,10,0,0,0,2,1,126.9985,37.5097,서울서초구,2,승합차없음,0,0,0,214,0,0
2014-10-28,1,1,1,1,0,0,0,광주,광산구,1,7,6,1,1,0,7,126.8045,35.2089,광주광산구,0,승용차원동기장치자전거,0,0,0,135,0,0
2014-10-29,0,2,1,1,0,0,0,경북,문경시,1,6,0,0,0,0,1,128.109,36.7249,경북문경시,0,승용차없음,0,0,0,74,0,0
2014-11-15,0,5,1,1,0,0,0,인천,서구,1,7,6,1,1,0,6,126.6346,37.5219,인천서구,0,승용차승합차,0,1,0,97,0,0
2013-06-28,0,4,1,1,0,0,0,강원,영월군,1,1,0,0,0,0,1,128.2448,37.243,강원영월군,0,승용차없음,0,0,0,114,0,0
2013-06-25,1,1,1,1,0,0,0,전북,임실군,1,10,0,1,2,1,1,127.2325,35.6877,전북임실군,0,화물차없음,0,0,0,152,0,0
2013-07-02,0,1,1,1,0,0,0,경기,이천시,1,5,0,1,2,0,3,127.5014,37.2419,경기이천시,0,승용차화물차,0,0,0,41,0,0
2013-07-03,0,2,1,1,0,0,0,강원,평창군,1,11,0,0,0,0,1,128.5974,37.6811,강원평창군,0,승용차없음,0,0,0,24,0,0
2013-07-01,1,0,1,2,0,0,1,경남,창원시(통합),1,1,0,1,1,4,6,128.5932,35.3734,경남창원시(통합),0,이륜차승합차,0,0,0,86,0,0
2013-07-01,0,0,1,1,0,0,0,경기,이천시,1,6,0,0,0,1,1,127.4961,37.1882,경기이천시,0,화물차없음,0,0,0,41,0,0
2012-01-02,1,0,1,1,0,0,0,경기,광명시,1,10,0,0,0,1,1,126.8512,37.441,경기광명시,0,화물차없음,0,0,0,81,0,0
2012-04-26,0,3,1,2,1,0,0,충북,괴산군,1,9,5,0,0,1,3,127.7536,36.838,충북괴산군,0,화물차화물차,0,0,0,179,0,0
2012-02-20,0,0,1,1,0,0,0,전남,함평군,1,5,0,0,0,5,5,126.5279,35.0191,전남함평군,0,특수차자전거,0,0,0,157,0,0
2012-10-30,1,1,1,40,6,33,0,강원,영월군,1,9,5,0,0,2,9,128.5589,37.1209,강원영월군,2,승합차건설기계,0,0,0,114,0,0
2012-06-25,0,0,1,1,0,0,0,경남,함양군,1,9,5,0,0,6,2,127.6606,35.3977,경남함양군,0,원동기장치자전거승용차,0,0,0,108,0,0
2012-07-10,1,1,1,1,0,0,0,경북,영주시,1,7,6,1,1,0,5,128.614,36.8147,경북영주시,0,승용차자전거,0,0,0,113,0,0
2013-08-20,0,1,1,1,0,0,0,경북,김천시,1,10,0,0,0,0,1,128.2537,36.1599,경북김천시,0,승용차없음,0,0,0,76,0,0
2014-06-27,0,4,1,1,0,0,0,부산,기장군,1,6,0,0,0,4,1,129.2159,35.1913,부산기장군,0,이륜차없음,0,0,0,85,0,0
2013-08-23,0,4,2,2,0,0,0,광주,북구,1,5,0,0,0,0,3,126.8979,35.1703,광주북구,0,승용차화물차,0,0,0,137,0,0
2013-09-24,1,1,1,1,0,0,0,충북,영동군,1,5,0,1,2,6,9,127.7841,36.1646,충북영동군,0,원동기장치자전거건설기계,0,0,0,75,0,0
2014-06-28,1,5,1,2,1,0,0,강원,횡성군,1,9,5,0,0,2,3,127.8095,37.5254,강원횡성군,0,승합차화물차,0,1,0,31,0,0
2014-06-28,1,5,1,1,0,0,0,전남,고흥군,1,10,0,0,0,4,1,127.2214,34.4686,전남고흥군,0,이륜차없음,0,1,0,191,0,0
2014-06-25,0,2,1,1,0,0,0,경남,창원시(통합),1,5,0,0,0,1,5,128.6884,35.3679,경남창원시(통합),0,화물차자전거,0,0,0,86,0,0
2014-06-26,0,3,1,1,0,0,0,경북,고령군,1,5,0,0,0,0,8,128.2754,35.7464,경북고령군,0,승용차농기계,0,0,0,220,0,0
2014-06-28,1,5,1,1,0,0,0,충남,홍성군,1,1,0,0,0,7,1,126.6474,36.603,충남홍성군,0,자전거없음,0,1,0,38,0,0
2014-06-27,1,4,1,2,1,0,0,부산,사하구,1,9,5,0,0,0,2,128.9701,35.0911,부산사하구,0,승용차승용차,0,0,0,25,0,0
2012-03-15,1,3,1,1,0,0,0,대구,달서구,1,7,0,1,1,2,5,128.5374,35.8436,대구달서구,0,승합차자전거,0,0,0,20,0,0
2012-03-12,1,0,1,5,1,1,2,대구,달서구,1,7,7,1,1,4,2,128.5533,35.8505,대구달서구,1,이륜차승용차,0,0,0,20,0,0
2012-01-26,1,3,1,1,0,0,0,제주,제주시,1,7,7,1,1,1,7,126.8338,33.534,제주제주시,0,화물차원동기장치자전거,0,0,0,90,0,0
2012-08-10,0,4,1,2,1,0,0,인천,부평구,1,5,0,2,0,4,2,126.7331,37.5242,인천부평구,0,이륜차승용차,0,0,0,44,0,0
2012-11-14,0,2,1,1,0,0,0,경북,울진군,1,5,0,0,0,0,9,129.4125,36.9982,경북울진군,0,승용차건설기계,0,0,0,208,0,0
2012-11-18,0,6,1,3,2,0,0,경기,의정부시,1,9,5,0,0,0,2,127.0065,37.7365,경기의정부시,1,승용차승용차,0,1,0,64,0,0
2012-09-05,0,2,1,1,0,0,0,충북,청원군,1,5,0,0,0,1,3,127.3498,36.623,충북청주시,0,화물차화물차,0,0,0,83,0,0
2012-10-19,0,4,1,1,0,0,0,인천,남구,1,7,0,0,0,0,4,126.6593,37.4549,인천남동구,0,승용차이륜차,0,0,0,29,0,0
2013-04-15,1,0,1,2,1,0,0,강원,횡성군,1,11,0,0,0,1,1,127.9909,37.6069,강원횡성군,0,화물차없음,0,0,0,31,0,0
2013-03-09,0,5,2,4,2,0,0,부산,기장군,1,6,0,0,0,0,1,129.1639,35.2362,부산기장군,1,승용차없음,0,1,0,85,0,0
2013-03-31,0,6,1,2,0,1,0,강원,영월군,1,1,5,0,0,1,3,128.2446,37.271,강원영월군,0,화물차화물차,0,1,0,114,0,0
2013-03-05,1,1,1,2,0,1,0,경북,경산시,1,1,5,0,0,0,9,128.7323,35.7324,경북경산시,0,승용차건설기계,0,0,0,52,0,0
2013-04-04,0,3,1,1,0,0,0,울산,동구,1,1,0,0,0,4,1,129.4135,35.5336,울산동구,0,이륜차없음,0,0,0,225,0,0
2013-07-20,1,5,1,6,2,3,0,전남,보성군,1,7,7,1,1,0,3,127.0623,34.6668,전남보성군,1,승용차화물차,0,1,0,122,0,0
2014-06-28,1,5,1,1,0,0,0,전남,해남군,1,10,0,0,0,9,1,126.5072,34.6309,전남해남군,0,농기계없음,0,1,0,119,0,0
2012-05-31,0,3,1,1,0,0,0,충남,당진시,1,5,0,0,0,1,3,126.7767,36.9328,충남당진시,0,화물차화물차,0,0,0,46,0,0
2012-06-24,0,6,2,8,5,1,0,경기,화성시,1,10,0,0,0,2,1,127.0949,37.1732,경기화성시,2,승합차없음,0,1,0,50,0,0
2012-08-17,0,4,1,1,0,0,0,경남,창녕군,1,1,0,0,0,1,3,128.5122,35.4626,경남창녕군,0,화물차화물차,0,0,0,211,0,0
2012-04-24,1,1,1,3,1,1,0,충남,연기군,1,7,6,1,1,0,11,127.1531,36.7207,충남연기군,0,승용차특수차,0,0,0,232,0,0
2012-04-28,0,5,1,2,1,0,0,경기,여주시,1,1,0,0,0,0,3,127.6479,37.1668,경기여주시,0,승용차화물차,0,1,0,22,0,0
2012-03-29,1,3,1,2,0,1,0,전북,군산시,1,7,0,0,3,0,5,126.7377,35.9722,전북군산시,0,승용차자전거,0,0,0,166,0,0
2014-10-01,1,2,2,2,0,0,0,경북,구미시,1,7,7,1,1,4,3,128.3057,36.2327,경북구미시,0,이륜차화물차,0,0,0,144,0,0
2014-08-16,0,5,1,4,3,0,0,전남,곡성군,1,9,2,0,0,0,2,127.2491,35.2391,전남곡성군,1,승용차승용차,0,1,0,147,0,0
2014-08-26,0,1,1,1,0,0,0,경남,진주시,1,11,0,0,0,0,1,128.1271,35.2127,경남진주시,0,승용차없음,0,0,0,42,0,0
2014-08-27,1,2,1,2,1,0,0,경북,영양군,1,9,5,0,0,0,6,129.1254,36.6743,경북영양군,0,승용차승합차,0,0,0,128,0,0
2014-08-22,1,4,1,1,0,0,0,전북,군산시,1,5,0,0,0,0,2,126.7299,35.9695,전북군산시,0,승용차승용차,0,0,0,166,0,0
2014-08-22,1,4,1,1,0,0,0,강원,강릉시,1,7,0,1,1,1,8,129.0091,37.6192,강원강릉시,0,화물차농기계,0,0,0,194,0,0
2014-08-22,0,4,1,1,0,0,0,경기,화성시,1,7,0,1,1,4,2,126.7928,37.0627,경기화성시,0,이륜차승용차,0,0,0,50,0,0
2014-08-31,0,6,1,3,2,0,0,제주,제주시,1,5,0,0,0,0,6,126.4653,33.4794,제주제주시,1,승용차승합차,0,1,0,90,0,0
2014-08-29,0,4,1,1,0,0,0,인천,남동구,1,6,0,1,2,6,1,126.7321,37.4482,인천남동구,0,원동기장치자전거없음,0,0,0,29,0,0
2014-09-07,1,6,1,1,0,0,0,강원,삼척시,1,1,0,0,0,1,1,129.2187,37.3288,강원삼척시,0,화물차없음,0,1,0,78,0,0
2014-09-07,1,6,1,1,0,0,0,경북,포항시,1,10,0,0,0,4,1,129.3549,36.1196,경북포항시,0,이륜차없음,0,1,0,160,0,0
2014-09-15,0,0,1,2,1,0,0,경남,김해시,1,5,0,1,2,0,2,128.7508,35.2526,경남김해시,0,승용차승용차,0,0,0,13,0,0
2014-09-21,0,6,2,3,1,0,0,전남,영암군,1,1,6,1,1,0,2,126.4433,34.7774,전남영암군,1,승용차승용차,0,1,0,16,0,0
2014-09-19,0,4,1,1,0,0,0,경남,거창군,1,5,0,0,0,1,4,127.9518,35.6507,경남거창군,0,화물차이륜차,0,0,0,154,0,0
2014-09-21,0,6,2,4,0,0,2,경기,성남시,1,6,0,0,0,0,1,127.1211,37.4127,경기성남시,1,승용차없음,0,1,0,95,0,0
2014-10-02,1,3,1,3,2,0,0,충북,청주시,1,1,5,0,0,0,9,127.5066,36.7354,충북청주시,1,승용차건설기계,0,0,0,83,0,0
2014-10-02,1,3,1,5,2,2,0,전남,나주시,1,9,5,1,2,1,3,126.7237,34.9897,전남나주시,1,화물차화물차,0,0,0,33,0,0
2014-10-02,0,3,1,1,0,0,0,서울,강서구,1,1,6,1,1,4,2,126.8266,37.5596,서울강서구,0,이륜차승용차,0,0,0,43,0,0
2014-10-02,0,3,1,1,0,0,0,충남,금산군,1,6,0,0,0,0,1,127.4989,36.1322,충남금산군,0,승용차없음,0,0,0,68,0,0
2014-09-17,1,2,1,1,0,0,0,전북,군산시,1,7,0,0,0,1,5,126.674,35.9554,전북군산시,0,화물차자전거,0,0,0,166,0,0
2014-09-18,0,3,1,1,0,0,0,충남,태안군,1,11,0,0,0,1,1,126.3163,36.7621,충남태안군,0,화물차없음,0,0,0,169,0,0
2014-10-01,1,2,1,2,1,0,0,경기,화성시,1,1,6,1,1,1,9,126.6884,37.188,경기화성시,0,화물차건설기계,0,0,0,50,0,0
2014-10-01,1,2,1,1,0,0,0,전북,군산시,1,1,0,1,2,1,5,126.7173,35.9798,전북군산시,0,화물차자전거,0,0,0,166,0,0
2014-09-30,1,1,1,3,1,1,0,전북,완주군,1,1,0,0,0,4,3,127.0964,35.902,전북완주군,0,이륜차화물차,0,0,0,28,0,0
2014-09-30,1,1,1,1,0,0,0,전북,남원시,1,10,0,0,0,4,1,127.4144,35.4273,전북남원시,0,이륜차없음,0,0,0,193,0,0
2014-09-28,1,6,1,1,0,0,0,인천,동구,1,1,0,0,0,1,5,126.6205,37.4864,인천동구,0,화물차자전거,0,1,0,207,0,0
2014-09-30,1,1,1,1,0,0,0,전북,남원시,1,1,0,1,1,6,9,127.387,35.3915,전북남원시,0,원동기장치자전거건설기계,0,0,0,193,0,0
2014-09-30,0,1,1,1,0,0,0,경기,평택시,1,7,6,1,1,4,2,126.9533,36.9967,경기평택시,0,이륜차승용차,0,0,0,14,0,0
2014-08-15,1,4,1,1,0,0,0,전북,익산시,1,1,4,0,0,2,1,126.9563,35.9302,전북익산시,0,승합차없음,0,1,0,125,0,0
2013-05-05,1,6,1,1,0,0,0,부산,사하구,1,6,0,0,0,6,1,128.9959,35.0861,부산사하구,0,원동기장치자전거없음,0,1,0,25,0,0
2013-11-20,0,2,2,2,0,0,0,경기,이천시,1,5,10,0,0,0,4,127.4695,37.264,경기이천시,0,승용차이륜차,0,0,0,41,0,0
2013-08-11,1,6,1,1,0,0,0,부산,동래구,1,5,3,1,2,6,2,129.0846,35.2182,부산동래구,0,원동기장치자전거승용차,0,1,0,216,0,0
2013-06-04,0,1,1,1,0,0,0,경남,거창군,1,5,2,0,0,0,4,127.8543,35.7034,경남거창군,0,승용차이륜차,0,0,0,154,0,0
2013-06-19,0,2,1,2,0,0,1,경북,구미시,1,6,0,0,0,0,1,128.4105,36.1266,경북구미시,0,승용차없음,0,0,0,144,0,0
2014-12-10,0,2,1,2,0,1,0,강원,평창군,1,5,0,2,4,0,3,128.3643,37.5614,강원평창군,0,승용차화물차,0,0,0,24,0,0
2014-01-30,1,3,1,2,1,0,0,충북,단양군,1,1,0,0,0,0,1,128.3035,36.9201,충북단양군,0,승용차없음,0,1,0,204,0,0
2014-01-26,0,6,1,1,0,0,0,경북,포항시,1,1,0,0,0,6,1,129.3138,36.0447,경북포항시,0,원동기장치자전거없음,0,1,0,160,0,0
2014-02-14,1,4,1,1,0,0,0,경남,밀양시,1,10,0,0,0,0,1,128.8745,35.5128,경남밀양시,0,승용차없음,0,0,0,177,0,0
2014-01-01,1,2,2,4,2,0,0,충북,보은군,1,6,0,0,0,0,1,127.6514,36.4738,충북보은군,1,승용차없음,0,1,0,32,0,0
2013-03-10,0,6,1,1,0,0,0,서울,광진구,1,6,0,0,0,0,1,127.0771,37.5304,서울광진구,0,승용차없음,0,1,0,183,0,0
2014-02-27,0,3,1,1,0,0,0,대전,서구,1,1,0,2,4,0,2,127.3788,36.3458,대전서구,0,승용차승용차,0,0,0,4,0,0
2014-03-26,0,2,1,2,1,0,0,대구,북구,1,5,3,0,0,2,4,128.6026,35.9029,대구북구,0,승합차이륜차,0,0,0,112,0,0
2014-04-18,1,4,1,2,0,1,0,경기,용인시,1,5,0,0,0,1,2,127.1456,37.3311,경기용인시,0,화물차승용차,0,0,0,51,0,0
2014-10-06,1,0,1,4,1,2,0,경북,안동시,1,9,5,0,0,1,6,128.9024,36.2989,경북안동시,1,화물차승합차,0,0,0,66,0,0