발생년월일,주야,요일,사망자수,사상자수,중상자수,경상자수,부상신고자수,발생지시도,발생지시군구,사고유형_대분류,사고유형_중분류,법규위반,도로형태_대분류,도로형태,당사자종별_1당_대분류,당사자종별_2당_대분류,경도,위도,발생지,사고피해정도,사고차량타입,도시여부,주말/공휴일,인구수,발생지번호,보행자의위치,무단횡단여부
2014-08-23,0,5,1,2,0,1,0,경기,파주시,1,5,0,0,0,0,9,126.7961,37.7484,경기파주시,0,승용차건설기계,0,1,0,175,0,0
2014-01-14,1,1,1,1,0,0,0,충남,부여군,1,10,0,2,4,5,1,126.8568,36.2574,충남부여군,0,특수차없음,0,0,0,129,0,0
2014-05-22,1,3,1,22,10,8,3,전남,보성군,1,5,0,1,2,2,2,127.3414,34.8399,전남보성군,2,승합차승용차,0,0,0,122,0,0
2014-05-28,1,2,1,1,0,0,0,전남,무안군,1,7,0,1,1,6,3,126.335,34.9514,전남무안군,0,원동기장치자전거화물차,0,0,0,101,0,0
2014-05-16,1,4,1,1,0,0,0,경북,상주시,1,1,7,1,1,0,4,128.1637,36.4212,경북상주시,0,승용차이륜차,0,0,0,58,0,0
2014-06-14,0,5,1,1,0,0,0,전북,무주군,1,1,0,0,0,4,1,127.5586,35.9744,전북무주군,0,이륜차없음,0,1,0,182,0,0
2014-05-16,1,4,1,3,0,2,0,전북,완주군,1,1,0,0,0,1,4,127.0913,35.9107,전북완주군,0,화물차이륜차,0,0,0,28,0,0
2014-05-31,0,5,1,1,0,0,0,서울,서초구,1,6,0,1,2,0,1,126.9927,37.4741,서울서초구,0,승용차없음,0,1,0,214,0,0
2014-08-01,1,4,2,2,0,0,0,전북,부안군,1,9,0,0,0,0,7,126.6654,35.7067,전북부안군,0,승용차원동기장치자전거,0,0,0,185,0,0
2014-04-26,1,5,1,1,0,0,0,강원,속초시,1,5,0,0,0,4,2,128.5947,38.2116,강원속초시,0,이륜차승용차,0,1,0,104,0,0
2014-09-01,1,0,1,1,0,0,0,울산,북구,1,1,9,1,2,7,2,129.3523,35.626,울산북구,0,자전거승용차,0,0,0,158,0,0
2014-09-07,1,6,1,1,0,0,0,강원,속초시,1,6,0,0,0,6,1,128.5899,38.1843,강원속초시,0,원동기장치자전거없음,0,1,0,104,0,0
2014-01-23,0,3,1,1,0,0,0,충북,보은군,1,1,0,1,2,9,1,127.6878,36.439,충북보은군,0,농기계없음,0,0,0,32,0,0
2014-07-12,0,5,1,1,0,0,0,경기,수원시,1,7,0,1,2,0,7,126.9848,37.2519,경기수원시,0,승용차원동기장치자전거,0,1,0,99,0,0
2014-03-01,0,5,2,3,1,0,0,인천,강화군,1,6,0,0,0,0,1,126.4843,37.7472,인천강화군,1,승용차없음,0,1,0,92,0,0
2014-03-23,0,6,1,1,0,0,0,대구,달성군,1,6,0,0,0,6,1,128.4725,35.732,대구달성군,0,원동기장치자전거없음,0,1,0,30,0,0
2014-03-24,1,0,1,1,0,0,0,경북,고령군,1,7,0,0,0,6,2,128.2931,35.6856,경북고령군,0,원동기장치자전거승용차,0,0,0,220,0,0
2014-04-09,1,2,1,1,0,0,0,경남,양산시,1,1,0,0,0,3,7,129.0271,35.3742,경남양산시,0,건설기계원동기장치자전거,0,0,0,49,0,0
2014-10-31,0,4,1,2,1,0,0,대전,서구,1,6,0,0,0,4,1,127.3544,36.2818,대전서구,0,이륜차없음,0,0,0,4,0,0
2014-10-25,1,5,1,2,1,0,0,전북,진안군,1,6,0,1,1,1,1,127.4949,35.9434,전북진안군,0,화물차없음,0,1,0,192,0,0
2014-08-25,0,0,1,1,0,0,0,울산,동구,1,1,6,1,1,4,6,129.4267,35.539,울산동구,0,이륜차승합차,0,0,0,225,0,0
2014-01-24,0,4,1,2,1,0,0,전북,전주시,1,5,0,0,0,1,3,127.0578,35.8962,전북전주시,0,화물차화물차,0,0,0,11,0,0
2014-04-26,1,5,1,1,0,0,0,경남,합천군,1,10,0,0,0,1,1,128.0273,35.4854,경남합천군,0,화물차없음,0,1,0,133,0,0
2014-05-05,0,0,1,1,0,0,0,부산,사하구,1,7,0,0,0,4,2,128.9804,35.0668,부산사하구,0,이륜차승용차,0,1,0,25,0,0
2014-05-07,0,2,1,2,1,0,0,서울,마포구,1,1,0,0,0,0,2,126.8734,37.5705,서울마포구,0,승용차승용차,0,0,0,159,0,0
2014-05-02,1,4,2,6,3,1,0,서울,구로구,1,5,2,0,0,0,2,126.8236,37.481,서울구로구,1,승용차승용차,0,0,0,79,0,0
2012-09-15,1,5,1,1,0,0,0,인천,계양구,1,5,0,0,0,0,5,126.7779,37.5775,인천계양구,0,승용차자전거,0,1,0,7,0,0
2012-08-23,1,3,1,1,0,0,0,전남,광양시,1,7,5,1,2,1,3,127.758,34.9418,전남광양시,0,화물차화물차,0,0,0,130,0,0
2012-10-03,1,2,1,6,5,0,0,경북,의성군,1,1,5,0,0,1,3,128.7387,36.3672,경북의성군,1,화물차화물차,0,1,0,105,0,0
2013-10-25,1,4,2,11,1,7,1,강원,횡성군,1,1,0,2,4,0,6,128.1002,37.4477,강원횡성군,2,승용차승합차,0,0,0,31,0,0
2014-12-24,0,2,2,2,0,0,0,경기,의왕시,1,5,0,0,0,0,3,126.9608,37.3236,경기의왕시,0,승용차화물차,0,0,0,199,0,0
2014-06-03,0,1,1,1,0,0,0,충남,공주시,1,11,0,1,2,6,1,127.1866,36.5477,충남공주시,0,원동기장치자전거없음,0,0,0,19,0,0
2014-06-03,1,1,1,1,0,0,0,충남,아산시,1,7,0,0,0,0,4,126.9877,36.8788,충남아산시,0,승용차이륜차,0,0,0,53,0,0
2014-11-10,0,0,1,1,0,0,0,경북,의성군,1,5,0,0,0,0,8,128.4021,36.3531,경북의성군,0,승용차농기계,0,0,0,105,0,0
2014-09-18,0,3,1,1,0,0,0,경기,김포시,1,1,0,0,0,1,5,126.6096,37.6813,경기김포시,0,화물차자전거,0,0,0,47,0,0
2014-06-15,0,6,1,4,3,0,0,경남,김해시,1,6,0,0,0,0,1,128.8046,35.1991,경남김해시,1,승용차없음,0,1,0,13,0,0
2014-12-31,0,2,1,2,1,0,0,경남,합천군,1,9,5,0,0,9,2,128.1531,35.4942,경남합천군,0,농기계승용차,0,0,0,133,0,0
2014-12-31,0,2,1,1,0,0,0,서울,양천구,1,7,0,1,1,1,2,126.8472,37.5106,서울양천구,0,화물차승용차,0,0,0,140,0,0
2014-12-15,0,0,1,1,0,0,0,경북,경산시,1,11,0,0,0,0,1,128.7963,35.9,경북경산시,0,승용차없음,0,0,0,52,0,0
2014-12-16,1,1,1,1,0,0,0,서울,동대문구,1,1,0,0,0,8,3,127.0643,37.5726,서울동대문구,0,기타화물차,0,0,0,201,0,0
2014-12-27,1,5,1,3,0,2,0,부산,영도구,1,5,0,1,2,0,9,129.0696,35.0927,부산영도구,0,승용차건설기계,0,1,0,173,0,0
2014-12-23,1,1,1,1,0,0,0,경남,사천시,1,5,3,0,0,4,9,128.0484,34.9344,경남사천시,0,이륜차건설기계,0,0,0,57,0,0
2014-12-26,1,4,1,3,0,2,0,광주,동구,1,7,5,0,0,0,3,126.9207,35.1575,광주동구,0,승용차화물차,0,0,0,162,0,0
2014-12-30,1,1,1,1,0,0,0,경남,진주시,1,7,0,0,0,2,5,128.0892,35.1829,경남진주시,0,승합차자전거,0,0,0,42,0,0
2014-12-10,1,2,1,1,0,0,0,대전,중구,1,7,0,0,0,6,2,127.4273,36.3293,대전중구,0,원동기장치자전거승용차,0,0,0,39,0,0
2014-11-16,1,6,1,1,0,0,0,충북,청주시,1,7,6,1,1,0,4,127.5084,36.6114,충북청주시,0,승용차이륜차,0,1,0,83,0,0
2014-11-23,0,6,1,1,0,0,0,경기,이천시,1,5,0,0,0,0,3,127.6197,37.118,경기이천시,0,승용차화물차,0,1,0,41,0,0
2014-11-21,0,4,1,3,1,1,0,강원,원주시,1,7,0,1,1,1,2,127.932,37.3342,강원원주시,0,화물차승용차,0,0,0,36,0,0
2014-11-21,0,4,1,1,0,0,0,경남,창원시(통합),1,6,0,0,0,0,1,128.5904,35.3165,경남창원시(통합),0,승용차없음,0,0,0,86,0,0
2014-11-21,0,4,1,1,0,0,0,제주,서귀포시,1,1,0,0,0,0,5,126.5443,33.263,제주서귀포시,0,승용차자전거,0,0,0,62,0,0
2014-12-01,1,0,1,1,0,0,0,경기,포천시,1,5,0,0,0,1,9,127.2113,37.8184,경기포천시,0,화물차건설기계,0,0,0,171,0,0
2014-12-01,1,0,1,1,0,0,0,충북,청주시,1,6,0,0,0,4,1,127.4149,36.4896,충북청주시,0,이륜차없음,0,0,0,83,0,0
2014-12-01,1,0,1,1,0,0,0,전남,보성군,1,1,0,0,0,0,2,127.216,34.7891,전남보성군,0,승용차승용차,0,0,0,122,0,0
2014-12-20,1,5,1,1,0,0,0,경기,안산시,1,5,0,0,0,1,5,126.8728,37.3545,경기안산시,0,화물차자전거,0,1,0,2,0,0
2014-06-10,1,1,1,1,0,0,0,제주,서귀포시,1,1,0,0,0,7,1,126.27,33.1715,제주서귀포시,0,자전거없음,0,0,0,62,0,0
2014-06-11,0,2,1,2,1,0,0,경북,영덕군,1,6,0,0,0,0,1,129.407,36.5547,경북영덕군,0,승용차없음,0,0,0,54,0,0
2014-08-14,1,3,1,1,0,0,0,충북,괴산군,1,11,0,0,0,1,1,128.0131,36.7539,충북괴산군,0,화물차없음,0,0,0,179,0,0
2014-08-12,0,1,1,1,0,0,0,강원,원주시,1,1,6,1,1,0,7,127.9333,37.3437,강원원주시,0,승용차원동기장치자전거,0,0,0,36,0,0
2012-10-06,0,5,1,1,0,0,0,충북,제천시,1,7,8,1,1,0,7,128.2056,37.1364,충북제천시,0,승용차원동기장치자전거,0,1,0,103,0,0
2014-05-07,1,2,1,1,0,0,0,전남,담양군,1,11,0,0,0,3,1,126.9738,35.2897,전남담양군,0,건설기계없음,0,0,0,181,0,0
2014-05-08,0,3,1,2,1,0,0,경북,구미시,1,6,0,0,0,4,1,128.3388,36.1177,경북구미시,0,이륜차없음,0,0,0,144,0,0
2014-04-19,1,5,1,1,0,0,0,전북,군산시,1,7,0,0,0,3,5,126.7348,35.9663,전북군산시,0,건설기계자전거,0,1,0,166,0,0
2014-04-29,1,1,1,1,0,0,0,서울,강서구,1,1,6,1,2,2,5,126.7971,37.5844,서울강서구,0,승합차자전거,0,0,0,43,0,0
2014-03-30,1,6,1,1,0,0,0,충북,영동군,1,11,0,0,0,4,1,127.8897,36.2159,충북영동군,0,이륜차없음,0,1,0,75,0,0
2014-03-24,1,0,1,2,1,0,0,경남,창원시(통합),1,7,3,2,4,0,3,128.6193,35.2113,경남창원시(통합),0,승용차화물차,0,0,0,86,0,0
2014-04-07,0,0,1,3,0,1,1,부산,강서구,1,9,0,2,4,0,2,128.9013,35.1971,부산강서구,0,승용차승용차,0,0,0,206,0,0
2014-04-23,0,2,1,1,0,0,0,강원,춘천시,1,7,7,1,1,0,3,127.7562,37.8929,강원춘천시,0,승용차화물차,0,0,0,111,0,0
2014-04-24,0,3,1,2,0,1,0,전남,순천시,1,1,0,0,0,0,2,127.5404,34.9325,전남순천시,0,승용차승용차,0,0,0,27,0,0
2014-04-23,0,2,1,4,2,1,0,경북,구미시,1,7,6,1,1,0,2,128.3622,36.0968,경북구미시,1,승용차승용차,0,0,0,144,0,0
2014-04-25,1,4,1,1,0,0,0,경기,여주시,1,1,0,1,1,6,2,127.551,37.2112,경기여주시,0,원동기장치자전거승용차,0,0,0,22,0,0
2014-04-26,0,5,1,1,0,0,0,충북,청원군,1,10,0,1,2,9,1,127.5838,36.7274,충북청주시,0,농기계없음,0,1,0,83,0,0
2014-04-27,0,6,1,1,0,0,0,전남,목포시,1,10,0,1,2,0,1,126.409,34.7985,전남목포시,0,승용차없음,0,1,0,153,0,0
2014-05-08,0,3,1,6,3,1,1,경남,통영시,1,10,0,0,0,0,1,128.4279,34.8287,경남통영시,1,승용차없음,0,0,0,212,0,0
2014-05-07,1,2,1,2,0,1,0,대구,달성군,1,6,0,0,0,0,1,128.4734,35.7298,대구달성군,0,승용차없음,0,0,0,30,0,0
2014-05-08,1,3,1,1,0,0,0,경기,포천시,1,1,0,1,1,1,5,127.1854,37.9465,경기포천시,0,화물차자전거,0,0,0,171,0,0
2014-05-06,1,1,1,4,1,2,0,강원,횡성군,1,5,0,0,0,0,6,128.1994,37.4161,강원횡성군,1,승용차승합차,0,1,0,31,0,0
2014-05-02,0,4,1,1,0,0,0,서울,강서구,1,1,9,0,3,7,6,126.8136,37.561,서울강서구,0,자전거승합차,0,0,0,43,0,0
2014-04-21,1,0,1,2,0,1,0,경기,평택시,1,5,0,1,2,1,3,126.8567,36.9839,경기평택시,0,화물차화물차,0,0,0,14,0,0
2014-04-30,0,2,1,1,0,0,0,울산,울주군,1,10,0,1,2,0,1,129.3325,35.4663,울산울주군,0,승용차없음,0,0,0,17,0,0
2014-05-02,1,4,1,1,0,0,0,경기,이천시,1,7,0,1,2,1,5,127.3523,37.2556,경기이천시,0,화물차자전거,0,0,0,41,0,0
2014-05-01,1,3,1,1,0,0,0,충남,당진시,1,9,0,1,1,1,5,126.7606,36.8592,충남당진시,0,화물차자전거,0,0,0,46,0,0
2014-04-10,1,3,1,4,0,3,0,경기,화성시,1,9,5,0,0,0,6,126.7247,37.2034,경기화성시,1,승용차승합차,0,0,0,50,0,0
2014-10-14,0,1,1,1,0,0,0,경기,이천시,1,6,0,0,0,0,1,127.4033,37.2186,경기이천시,0,승용차없음,0,0,0,41,0,0
2014-10-15,0,2,1,2,1,0,0,경기,용인시,1,9,5,1,2,0,3,127.1359,37.267,경기용인시,0,승용차화물차,0,0,0,51,0,0
2014-10-12,1,6,1,2,1,0,0,경북,안동시,1,1,8,1,1,6,3,128.7077,36.6207,경북안동시,0,원동기장치자전거화물차,0,1,0,66,0,0
2014-10-12,0,6,1,3,0,0,2,충남,천안시,1,9,6,1,1,0,2,127.1178,36.8214,충남천안시,0,승용차승용차,0,1,0,63,0,0
2014-10-18,0,5,1,1,0,0,0,대구,달성군,1,6,0,0,0,4,1,128.4176,35.6509,대구달성군,0,이륜차없음,0,1,0,30,0,0
2014-10-25,1,5,1,1,0,0,0,전남,순천시,1,11,0,0,0,9,1,127.2861,35.0512,전남순천시,0,농기계없음,0,1,0,27,0,0
2014-10-24,0,4,1,2,1,0,0,전북,김제시,1,5,0,1,2,0,3,126.9788,35.8729,전북김제시,0,승용차화물차,0,0,0,34,0,0
2014-10-25,0,5,1,7,4,2,0,서울,노원구,1,7,6,1,1,0,2,127.0871,37.6216,서울노원구,2,승용차승용차,0,1,0,18,0,0
2014-10-25,1,5,1,1,0,0,0,전북,남원시,1,7,6,1,1,0,3,127.3408,35.3623,전북남원시,0,승용차화물차,0,1,0,193,0,0
2014-10-25,1,5,1,2,1,0,0,대구,동구,1,9,5,0,0,0,2,128.6292,35.9687,대구동구,0,승용차승용차,0,1,0,26,0,0
2014-10-26,1,6,1,2,1,0,0,충남,천안시,1,7,5,0,0,0,6,127.1517,36.8198,충남천안시,0,승용차승합차,0,1,0,63,0,0
2014-10-26,1,6,1,1,0,0,0,강원,태백시,1,1,0,0,0,7,1,128.935,37.2042,강원태백시,0,자전거없음,0,1,0,215,0,0
2014-11-02,0,6,1,1,0,0,0,광주,북구,1,7,6,1,1,4,2,126.9291,35.1621,광주북구,0,이륜차승용차,0,1,0,137,0,0
2014-11-02,0,6,1,1,0,0,0,경북,경주시,1,6,0,0,0,0,1,129.2951,35.9985,경북경주시,0,승용차없음,0,1,0,100,0,0
2014-10-31,1,4,1,5,2,2,0,충남,홍성군,1,1,6,1,1,1,2,126.664,36.6132,충남홍성군,1,화물차승용차,0,0,0,38,0,0
2014-11-01,0,5,1,5,1,3,0,경기,고양시,1,1,5,0,0,0,2,126.8505,37.7159,경기고양시,1,승용차승용차,0,1,0,40,0,0
2014-11-01,0,5,1,1,0,0,0,제주,제주시,1,10,0,1,2,0,1,126.4553,33.4962,제주제주시,0,승용차없음,0,1,0,90,0,0
2014-10-30,1,3,1,1,0,0,0,서울,중랑구,1,5,6,1,1,1,6,127.0862,37.5929,서울중랑구,0,화물차승합차,0,0,0,196,0,0
2013-08-12,1,0,1,1,0,0,0,인천,서구,1,7,3,1,2,1,4,126.6867,37.5884,인천서구,0,화물차이륜차,0,0,0,97,0,0
2014-09-10,0,2,1,1,0,0,0,경남,양산시,1,7,0,0,0,2,2,128.9926,35.2845,경남양산시,0,승합차승용차,0,0,0,49,0,0
2013-06-18,0,1,1,1,0,0,0,강원,영월군,1,6,0,0,0,0,1,128.3296,37.2256,강원영월군,0,승용차없음,0,0,0,114,0,0
2013-06-17,1,0,1,1,0,0,0,경기,의정부시,1,1,0,1,2,0,5,127.0438,37.7319,경기의정부시,0,승용차자전거,0,0,0,64,0,0
2013-06-14,1,4,1,4,0,3,0,대구,동구,1,1,0,1,1,0,2,128.7182,35.872,대구동구,1,승용차승용차,0,0,0,26,0,0
2013-06-13,0,3,1,1,0,0,0,대구,동구,1,5,0,0,0,0,4,128.6189,35.8903,대구동구,0,승용차이륜차,0,0,0,26,0,0
2013-06-23,1,6,1,3,1,1,0,전남,진도군,1,9,5,0,0,0,3,126.2983,34.5354,전남진도군,0,승용차화물차,0,1,0,71,0,0
2013-06-25,0,1,1,1,0,0,0,울산,남구,1,7,6,1,1,4,2,129.3412,35.5334,울산남구,0,이륜차승용차,0,0,0,213,0,0
2013-06-30,0,6,1,1,0,0,0,전남,화순군,1,10,0,0,0,0,1,127.0352,34.9125,전남화순군,0,승용차없음,0,1,0,88,0,0
2013-06-30,0,6,1,1,0,0,0,전남,곡성군,1,1,0,0,0,9,1,127.1311,35.2618,전남곡성군,0,농기계없음,0,1,0,147,0,0
2013-07-01,0,0,1,1,0,0,0,경남,사천시,1,1,0,0,0,1,5,128.0951,35.0505,경남사천시,0,화물차자전거,0,0,0,57,0,0
2013-07-01,1,0,1,2,0,1,0,경남,합천군,1,1,0,1,2,6,3,128.1691,35.7055,경남합천군,0,원동기장치자전거화물차,0,0,0,133,0,0
2013-05-26,0,6,1,1,0,0,0,경기,고양시,1,1,0,0,0,4,1,126.7475,37.6793,경기고양시,0,이륜차없음,0,1,0,40,0,0
2013-05-27,1,0,1,1,0,0,0,충남,아산시,1,10,0,0,0,4,1,127.0266,36.9221,충남아산시,0,이륜차없음,0,0,0,53,0,0
2013-05-24,0,4,1,1,0,0,0,충북,청원군,1,7,0,1,2,0,5,127.3089,36.6046,충북청주시,0,승용차자전거,0,0,0,83,0,0
2013-05-29,0,2,1,1,0,0,0,경기,양평군,1,10,0,0,0,7,1,127.3286,37.5453,경기양평군,0,자전거없음,0,0,0,48,0,0
2013-06-07,1,4,1,1,0,0,0,경기,남양주시,1,7,7,1,1,4,6,127.2007,37.6254,경기남양주시,0,이륜차승합차,0,0,0,70,0,0
2014-02-07,0,4,1,1,0,0,0,경남,진주시,1,7,6,1,1,4,2,128.0692,35.1857,경남진주시,0,이륜차승용차,0,0,0,42,0,0
2014-02-04,0,1,1,1,0,0,0,경기,의정부시,1,6,0,0,0,0,1,127.0619,37.7188,경기의정부시,0,승용차없음,0,0,0,64,0,0
2014-02-03,0,0,1,1,0,0,0,경남,창원시(통합),1,7,7,1,1,0,4,128.56,35.1838,경남창원시(통합),0,승용차이륜차,0,0,0,86,0,0
2014-02-03,1,0,1,1,0,0,0,경기,남양주시,1,7,6,1,1,4,2,127.1223,37.6582,경기남양주시,0,이륜차승용차,0,0,0,70,0,0
2014-01-28,1,1,1,1,0,0,0,경기,화성시,1,5,0,0,0,1,2,126.8797,37.1471,경기화성시,0,화물차승용차,0,0,0,50,0,0
2014-01-24,1,4,1,1,0,0,0,경북,경산시,1,5,0,0,0,1,3,128.7901,35.8768,경북경산시,0,화물차화물차,0,0,0,52,0,0
2014-03-28,0,4,1,2,0,0,1,충북,충주시,1,1,0,1,1,1,3,127.743,36.999,충북충주시,0,화물차화물차,0,0,0,6,0,0
2014-03-29,1,5,1,2,0,1,0,경북,영덕군,1,7,6,1,1,1,2,129.3815,36.3457,경북영덕군,0,화물차승용차,0,1,0,54,0,0
2014-03-25,0,1,1,1,0,0,0,부산,동래구,1,7,5,0,0,6,2,129.0793,35.2053,부산동래구,0,원동기장치자전거승용차,0,0,0,216,0,0
2014-04-05,0,5,1,1,0,0,0,경기,시흥시,1,5,0,0,0,1,3,126.7754,37.3532,경기시흥시,0,화물차화물차,0,1,0,73,0,0
2014-04-05,1,5,1,1,0,0,0,충남,천안시,1,6,0,2,4,0,1,127.1662,36.8281,충남천안시,0,승용차없음,0,1,0,63,0,0
2013-07-02,0,1,1,1,0,0,0,경기,고양시,1,10,0,0,0,4,1,126.955,37.6701,경기고양시,0,이륜차없음,0,0,0,40,0,0
2013-07-02,0,1,1,2,1,0,0,경남,통영시,1,6,0,0,0,4,1,128.4196,34.8667,경남통영시,0,이륜차없음,0,0,0,212,0,0
2013-06-29,0,5,1,2,0,1,0,경북,포항시,1,6,0,0,0,0,1,129.0937,36.165,경북포항시,0,승용차없음,0,1,0,160,0,0
2013-05-18,1,5,1,1,0,0,0,경남,창녕군,1,1,0,1,2,2,5,128.4814,35.392,경남창녕군,0,승합차자전거,0,1,0,211,0,0
2013-05-18,0,5,1,1,0,0,0,경기,의정부시,1,6,0,0,0,4,1,127.102,37.7195,경기의정부시,0,이륜차없음,0,1,0,64,0,0
2013-05-26,0,6,1,2,0,1,0,전남,고흥군,1,1,5,0,0,4,5,127.3656,34.6809,전남고흥군,0,이륜차자전거,0,1,0,191,0,0
2013-05-23,1,3,1,1,0,0,0,경기,부천시,1,1,0,0,0,1,1,126.8057,37.5206,경기부천시,0,화물차없음,0,0,0,65,0,0
2013-05-28,0,1,3,4,1,0,0,전남,영암군,1,7,6,1,2,0,2,126.4325,34.7746,전남영암군,1,승용차승용차,0,0,0,16,0,0
2013-06-13,1,3,1,1,0,0,0,인천,강화군,1,7,0,0,0,6,2,126.2838,37.787,인천강화군,0,원동기장치자전거승용차,0,0,0,92,0,0
2013-07-13,1,5,1,1,0,0,0,부산,금정구,1,1,0,0,0,2,5,129.1007,35.2864,부산금정구,0,승합차자전거,0,1,0,96,0,0
2013-07-13,0,5,1,1,0,0,0,경북,구미시,1,1,0,1,1,0,2,128.4311,36.0919,경북구미시,0,승용차승용차,0,1,0,144,0,0
2013-07-14,0,6,1,2,1,0,0,경북,상주시,1,5,0,0,0,0,8,128.0903,36.4848,경북상주시,0,승용차농기계,0,1,0,58,0,0
2013-07-14,1,6,1,2,1,0,0,충북,청원군,1,6,0,1,2,0,1,127.4309,36.7109,충북청주시,0,승용차없음,0,1,0,83,0,0
2013-07-12,0,4,1,1,0,0,0,전남,영암군,1,11,0,0,0,0,1,126.6276,34.7565,전남영암군,0,승용차없음,0,0,0,16,0,0
2013-06-26,1,2,1,1,0,0,0,경북,안동시,1,11,0,1,1,9,1,128.6809,36.5045,경북안동시,0,농기계없음,0,0,0,66,0,0
2013-06-26,1,2,1,1,0,0,0,전남,순천시,1,1,0,0,0,1,5,127.4975,34.9496,전남순천시,0,화물차자전거,0,0,0,27,0,0
2013-06-26,0,2,1,2,1,0,0,강원,철원군,1,7,7,1,1,1,7,127.2181,38.2035,강원철원군,0,화물차원동기장치자전거,0,0,0,184,0,0
2013-06-27,1,3,1,1,0,0,0,서울,동대문구,1,1,7,1,1,1,5,127.0494,37.5788,서울동대문구,0,화물차자전거,0,0,0,201,0,0
2013-06-28,1,4,1,10,2,6,1,서울,강서구,1,7,3,0,0,0,6,126.8155,37.5609,서울강서구,2,승용차승합차,0,0,0,43,0,0
2013-06-26,1,2,1,1,0,0,0,경기,포천시,1,7,0,1,1,0,5,127.2025,37.8923,경기포천시,0,승용차자전거,0,0,0,171,0,0
2013-06-25,0,1,1,2,0,1,0,전남,장성군,1,10,0,0,0,0,1,126.7692,35.2942,전남장성군,0,승용차없음,0,0,0,146,0,0
2013-06-27,0,3,1,1,0,0,0,충남,천안시,1,1,6,1,1,1,7,127.1844,36.8553,충남천안시,0,화물차원동기장치자전거,0,0,0,63,0,0
2013-06-24,0,0,1,1,0,0,0,경북,봉화군,1,11,0,1,1,7,1,128.8692,36.9109,경북봉화군,0,자전거없음,0,0,0,149,0,0
2012-11-22,1,3,2,18,9,6,1,서울,서초구,1,5,0,0,0,2,2,127.0647,37.4358,서울서초구,2,승합차승용차,0,0,0,214,0,0
2012-05-21,0,0,1,2,0,1,0,경남,양산시,1,7,6,1,1,0,4,129.1835,35.4276,경남양산시,0,승용차이륜차,0,0,0,49,0,0
2012-03-21,0,2,1,1,0,0,0,인천,남동구,1,1,10,1,2,6,3,126.703,37.4432,인천남동구,0,원동기장치자전거화물차,0,0,0,29,0,0
2012-01-20,1,4,1,1,0,0,0,경남,거창군,1,7,0,1,1,6,3,127.925,35.6967,경남거창군,0,원동기장치자전거화물차,0,0,0,154,0,0
2012-10-06,0,5,1,1,0,0,0,대구,달서구,1,10,0,0,0,4,1,128.4923,35.8581,대구달서구,0,이륜차없음,0,1,0,20,0,0
2012-01-07,0,5,1,1,0,0,0,대구,달성군,1,10,0,0,0,1,1,128.4746,35.7685,대구달성군,0,화물차없음,0,1,0,30,0,0
2012-08-04,1,5,1,1,0,0,0,부산,기장군,1,1,0,1,2,4,1,129.2124,35.2195,부산기장군,0,이륜차없음,0,1,0,85,0,0
2012-11-22,0,3,1,2,1,0,0,충남,공주시,1,9,5,0,0,1,9,127.0477,36.4619,충남공주시,0,화물차건설기계,0,0,0,19,0,0
2012-06-21,0,3,1,1,0,0,0,경북,울진군,1,11,0,0,0,9,1,129.3769,37.0786,경북울진군,0,농기계없음,0,0,0,208,0,0
2012-07-01,1,6,1,2,1,0,0,경기,시흥시,1,1,6,1,1,4,4,126.7824,37.3479,경기시흥시,0,이륜차이륜차,0,1,0,73,0,0
2013-05-06,0,0,1,1,0,0,0,전남,진도군,1,5,0,0,0,0,8,126.244,34.4692,전남진도군,0,승용차농기계,0,0,0,71,0,0
2013-05-06,1,0,2,2,0,0,0,충남,금산군,1,11,0,0,0,4,1,127.4607,36.1279,충남금산군,0,이륜차없음,0,0,0,68,0,0
2013-04-28,0,6,1,1,0,0,0,경기,이천시,1,11,0,0,0,4,1,127.4305,37.2846,경기이천시,0,이륜차없음,0,1,0,41,0,0
2013-05-05,1,6,1,7,5,1,0,경북,상주시,1,9,5,0,0,0,6,128.1081,36.408,경북상주시,2,승용차승합차,0,1,0,58,0,0
2013-05-01,0,2,1,1,0,0,0,대구,달서구,1,7,0,1,1,0,4,128.5529,35.8384,대구달서구,0,승용차이륜차,0,0,0,20,0,0
2013-04-11,0,3,1,1,0,0,0,경기,고양시,1,10,0,0,0,4,1,126.7759,37.6768,경기고양시,0,이륜차없음,0,0,0,40,0,0
2013-02-22,0,4,1,1,0,0,0,경기,고양시,1,6,0,0,0,0,1,126.7084,37.6974,경기고양시,0,승용차없음,0,0,0,40,0,0
2012-06-20,1,2,1,1,0,0,0,경기,이천시,1,10,0,0,0,4,1,127.4823,37.1549,경기이천시,0,이륜차없음,0,0,0,41,0,0
2013-06-02,1,6,1,1,0,0,0,경북,청도군,1,7,5,0,0,9,2,128.6023,35.6316,경북청도군,0,농기계승용차,0,1,0,3,0,0
2013-06-02,1,6,1,1,0,0,0,경북,상주시,1,5,0,1,2,4,2,128.1585,36.4286,경북상주시,0,이륜차승용차,0,1,0,58,0,0
2013-06-09,1,6,1,1,0,0,0,제주,제주시,1,6,0,0,0,9,1,126.356,33.4632,제주제주시,0,농기계없음,0,1,0,90,0,0
2013-06-10,1,0,1,1,0,0,0,경남,창원시(통합),1,1,6,1,1,0,2,128.6331,35.2389,경남창원시(통합),0,승용차승용차,0,0,0,86,0,0