발생년월일,주야,요일,사망자수,사상자수,중상자수,경상자수,부상신고자수,발생지시도,발생지시군구,사고유형_대분류,사고유형_중분류,법규위반,도로형태_대분류,도로형태,당사자종별_1당_대분류,당사자종별_2당_대분류,경도,위도,발생지,사고피해정도,사고차량타입,도시여부,주말/공휴일,인구수,발생지번호,보행자의위치,무단횡단여부
2013-06-18,0,1,1,1,0,0,0,경북,성주군,1,6,0,0,0,0,1,128.2698,36.0334,경북성주군,0,승용차없음,0,0,0,168,0,0
2013-06-18,0,1,1,1,0,0,0,경남,함양군,1,6,0,0,0,1,1,127.6783,35.561,경남함양군,0,화물차없음,0,0,0,108,0,0
2013-06-17,1,0,1,1,0,0,0,경기,남양주시,1,6,0,0,0,7,1,127.3567,37.6393,경기남양주시,0,자전거없음,0,0,0,70,0,0
2013-06-15,1,5,1,1,0,0,0,부산,진구,1,1,5,0,0,0,4,129.0332,35.1716,부산진구,0,승용차이륜차,0,1,0,231,0,0
2013-07-03,1,2,1,1,0,0,0,대전,유성구,1,7,0,1,1,0,7,127.4075,36.4168,대전유성구,0,승용차원동기장치자전거,0,0,0,148,0,0
2013-07-03,0,2,1,1,0,0,0,서울,동대문구,1,5,0,2,4,1,5,127.0377,37.5728,서울동대문구,0,화물차자전거,0,0,0,201,0,0
2012-01-19,0,3,1,1,0,0,0,서울,동대문구,1,6,0,1,2,0,1,127.0425,37.5912,서울동대문구,0,승용차없음,0,0,0,201,0,0
2012-10-20,1,5,1,4,2,1,0,경북,영주시,1,5,0,0,0,1,3,128.5265,36.8586,경북영주시,1,화물차화물차,0,1,0,113,0,0
2012-07-18,1,2,1,1,0,0,0,충남,부여군,1,1,0,0,0,1,4,126.8071,36.213,충남부여군,0,화물차이륜차,0,0,0,129,0,0
2012-07-23,0,0,1,7,6,0,0,충남,보령시,1,7,6,1,1,0,6,126.6044,36.3485,충남보령시,2,승용차승합차,0,0,0,136,0,0
2012-06-27,0,2,1,1,0,0,0,강원,횡성군,1,6,0,0,0,1,1,128.2297,37.5033,강원횡성군,0,화물차없음,0,0,0,31,0,0
2013-11-17,0,6,1,1,0,0,0,충북,충주시,1,6,0,0,0,0,1,127.93,37.0517,충북충주시,0,승용차없음,0,1,0,6,0,0
2013-10-24,0,3,1,2,1,0,0,경남,창원시(통합),1,9,5,0,0,0,3,128.7222,35.1918,경남창원시(통합),0,승용차화물차,0,0,0,86,0,0
2013-11-01,1,4,1,1,0,0,0,경북,의성군,1,9,0,0,0,1,7,128.6789,36.251,경북의성군,0,화물차원동기장치자전거,0,0,0,105,0,0
2014-11-04,1,1,1,2,1,0,0,전남,영광군,1,5,0,0,0,0,7,126.4874,35.2814,전남영광군,0,승용차원동기장치자전거,0,0,0,127,0,0
2014-11-04,1,1,3,20,3,0,14,제주,서귀포시,1,9,5,0,0,0,6,126.6259,33.3724,제주서귀포시,2,승용차승합차,0,0,0,62,0,0
2014-11-02,0,6,1,4,2,0,1,경기,의정부시,1,5,0,0,0,0,3,127.0532,37.7214,경기의정부시,1,승용차화물차,0,1,0,64,0,0
2014-10-08,0,2,1,1,0,0,0,전남,구례군,1,6,0,1,1,0,1,127.4305,35.3098,전남구례군,0,승용차없음,0,0,0,161,0,0
2014-10-07,0,1,1,1,0,0,0,대구,동구,1,1,0,0,3,0,5,128.641,35.8955,대구동구,0,승용차자전거,0,0,0,26,0,0
2014-10-04,1,5,1,1,0,0,0,전남,곡성군,1,1,0,1,2,6,1,127.3028,35.2768,전남곡성군,0,원동기장치자전거없음,0,1,0,147,0,0
2014-10-15,0,2,1,1,0,0,0,경북,상주시,1,5,0,0,0,0,4,128.17,36.419,경북상주시,0,승용차이륜차,0,0,0,58,0,0
2014-10-15,1,2,1,1,0,0,0,경기,시흥시,1,5,4,1,2,1,5,126.7494,37.3339,경기시흥시,0,화물차자전거,0,0,0,73,0,0
2014-10-14,0,1,1,1,0,0,0,전북,전주시,1,1,0,0,0,0,4,127.0508,35.8298,전북전주시,0,승용차이륜차,0,0,0,11,0,0
2014-10-12,0,6,1,2,0,0,1,충북,영동군,1,1,0,0,0,1,8,127.7232,36.1272,충북영동군,0,화물차농기계,0,1,0,75,0,0
2014-10-16,0,3,1,3,1,1,0,전남,영암군,1,5,0,1,2,1,3,126.6897,34.8883,전남영암군,0,화물차화물차,0,0,0,16,0,0
2014-10-16,0,3,1,2,1,0,0,경기,포천시,1,5,0,0,0,0,8,127.1981,38.0174,경기포천시,0,승용차농기계,0,0,0,171,0,0
2014-10-19,1,6,1,1,0,0,0,충남,보령시,1,10,0,0,0,4,1,126.5952,36.3329,충남보령시,0,이륜차없음,0,1,0,136,0,0
2014-10-26,1,6,1,1,0,0,0,경남,통영시,1,1,0,0,0,1,1,128.253,34.6233,경남통영시,0,화물차없음,0,1,0,212,0,0
2014-10-24,1,4,1,1,0,0,0,부산,강서구,1,6,0,0,0,0,1,128.927,35.0977,부산강서구,0,승용차없음,0,0,0,206,0,0
2014-10-29,0,2,1,1,0,0,0,충북,청주시,1,5,0,0,0,1,8,127.317,36.5892,충북청주시,0,화물차농기계,0,0,0,83,0,0
2014-11-07,0,4,1,1,0,0,0,경북,김천시,1,7,7,1,1,0,4,128.1192,36.1581,경북김천시,0,승용차이륜차,0,0,0,76,0,0
2014-11-03,0,0,1,1,0,0,0,전남,나주시,1,6,0,0,0,1,1,126.7314,35.0345,전남나주시,0,화물차없음,0,0,0,33,0,0
2014-11-02,0,6,1,1,0,0,0,충남,천안시,1,1,0,0,0,1,4,127.2639,36.7695,충남천안시,0,화물차이륜차,0,1,0,63,0,0
2014-11-11,0,1,1,1,0,0,0,경기,이천시,1,6,0,0,0,2,1,127.4915,37.1841,경기이천시,0,승합차없음,0,0,0,41,0,0
2014-11-13,1,3,1,1,0,0,0,경기,파주시,1,1,6,1,1,2,5,126.7604,37.7297,경기파주시,0,승합차자전거,0,0,0,175,0,0
2014-11-13,0,3,1,1,0,0,0,경남,통영시,1,5,0,0,0,0,9,128.4195,34.9519,경남통영시,0,승용차건설기계,0,0,0,212,0,0
2014-08-27,1,2,1,1,0,0,0,경기,파주시,1,7,0,1,1,4,3,126.7783,37.847,경기파주시,0,이륜차화물차,0,0,0,175,0,0
2014-08-27,1,2,2,2,0,0,0,경북,경주시,1,1,5,0,0,1,3,129.2218,35.9988,경북경주시,0,화물차화물차,0,0,0,100,0,0
2014-08-23,0,5,1,1,0,0,0,충남,아산시,1,1,0,2,4,1,8,127.0155,36.7457,충남아산시,0,화물차농기계,0,1,0,53,0,0
2013-06-23,0,6,1,3,1,1,0,부산,강서구,1,6,0,1,1,0,1,128.8954,35.1661,부산강서구,0,승용차없음,0,1,0,206,0,0
2013-06-24,1,0,1,1,0,0,0,전북,군산시,1,7,0,1,1,0,5,126.7156,35.9669,전북군산시,0,승용차자전거,0,0,0,166,0,0
2013-06-24,0,0,1,1,0,0,0,경북,경산시,1,6,0,1,1,0,1,128.7277,35.8081,경북경산시,0,승용차없음,0,0,0,52,0,0
2013-06-24,1,0,1,1,0,0,0,경남,진주시,1,7,0,1,1,0,5,128.1207,35.1917,경남진주시,0,승용차자전거,0,0,0,42,0,0
2013-07-01,1,0,1,1,0,0,0,충남,아산시,1,5,0,0,0,1,5,127.011,36.7988,충남아산시,0,화물차자전거,0,0,0,53,0,0
2013-07-07,1,6,1,2,1,0,0,서울,용산구,1,6,2,2,0,4,1,126.9826,37.5162,서울용산구,0,이륜차없음,0,1,0,134,0,0
2013-07-04,1,3,1,1,0,0,0,충남,서산시,1,1,6,1,1,1,3,126.4856,36.8089,충남서산시,0,화물차화물차,0,0,0,69,0,0
2013-08-31,0,5,1,1,0,0,0,경기,평택시,1,1,0,0,0,0,2,127.0538,36.9493,경기평택시,0,승용차승용차,0,1,0,14,0,0
2012-07-13,0,4,1,1,0,0,0,경북,구미시,1,5,0,0,0,0,3,128.3618,36.1058,경북구미시,0,승용차화물차,0,0,0,144,0,0
2012-04-08,0,6,1,1,0,0,0,경기,부천시,1,1,6,1,1,0,4,126.8161,37.5339,경기부천시,0,승용차이륜차,0,1,0,65,0,0
2012-01-30,1,0,1,1,0,0,0,서울,강북구,1,1,0,1,1,7,2,127.0193,37.6243,서울강북구,0,자전거승용차,0,0,0,200,0,0
2012-02-05,0,6,1,1,0,0,0,경기,수원시,1,5,0,0,0,0,4,126.9918,37.2604,경기수원시,0,승용차이륜차,0,1,0,99,0,0
2012-08-25,1,5,1,2,1,0,0,전북,순창군,1,9,5,0,0,1,4,126.9523,35.4354,전북순창군,0,화물차이륜차,0,1,0,131,0,0
2012-11-25,0,6,1,1,0,0,0,경북,포항시,1,1,0,0,0,1,2,129.3571,36.2244,경북포항시,0,화물차승용차,0,1,0,160,0,0
2012-11-10,0,5,2,2,0,0,0,경기,안산시,1,5,0,0,0,4,3,126.8695,37.306,경기안산시,0,이륜차화물차,0,1,0,2,0,0
2012-07-19,0,3,1,1,0,0,0,충남,천안시,1,6,0,0,0,2,1,127.3572,36.7841,충남천안시,0,승합차없음,0,0,0,63,0,0
2012-07-24,1,1,1,2,0,1,0,전남,영암군,1,7,8,1,1,1,3,126.4097,34.7527,전남영암군,0,화물차화물차,0,0,0,16,0,0
2012-07-26,0,3,1,1,0,0,0,제주,제주시,1,1,0,0,0,4,2,126.864,33.5251,제주제주시,0,이륜차승용차,0,0,0,90,0,0
2012-07-26,1,3,1,1,0,0,0,울산,동구,1,10,0,0,0,4,1,129.4333,35.5258,울산동구,0,이륜차없음,0,0,0,225,0,0
2013-09-11,0,2,1,2,0,1,0,경북,고령군,1,5,5,0,0,0,3,128.2306,35.7026,경북고령군,0,승용차화물차,0,0,0,220,0,0
2013-09-28,1,5,2,6,4,0,0,경남,합천군,1,9,5,0,0,0,6,128.1834,35.7071,경남합천군,2,승용차승합차,0,1,0,133,0,0
2013-03-09,0,5,1,2,1,0,0,경기,용인시,1,7,6,1,1,0,6,127.1922,37.2616,경기용인시,0,승용차승합차,0,1,0,51,0,0
2013-10-07,1,0,1,4,3,0,0,충남,청양군,1,9,5,0,0,0,2,127.0172,36.4353,충남청양군,1,승용차승용차,0,0,0,174,0,0
2013-10-02,0,2,1,1,0,0,0,경남,거제시,1,1,5,0,0,6,2,128.4945,34.8365,경남거제시,0,원동기장치자전거승용차,0,0,0,15,0,0
2013-09-07,1,5,1,1,0,0,0,부산,영도구,1,1,5,0,0,0,7,129.0423,35.0938,부산영도구,0,승용차원동기장치자전거,0,1,0,173,0,0
2014-06-29,0,6,1,3,0,2,0,충북,진천군,1,1,0,0,0,6,1,127.3672,36.8856,충북진천군,0,원동기장치자전거없음,0,1,0,60,0,0
2014-07-01,0,1,1,1,0,0,0,경북,군위군,1,7,2,1,1,0,4,128.5436,36.2706,경북군위군,0,승용차이륜차,0,0,0,170,0,0
2013-10-07,1,0,1,2,1,0,0,전남,완도군,1,9,5,0,0,1,2,126.6591,34.328,전남완도군,0,화물차승용차,0,0,0,141,0,0
2013-10-17,0,3,1,1,0,0,0,대구,동구,1,1,0,0,0,2,2,128.669,35.8766,대구동구,0,승합차승용차,0,0,0,26,0,0
2014-05-09,0,4,1,2,1,0,0,서울,영등포구,1,7,6,1,1,0,2,126.8938,37.498,서울영등포구,0,승용차승용차,0,0,0,150,0,0
2014-04-02,1,2,1,1,0,0,0,전남,장성군,1,7,0,1,1,3,7,126.7558,35.2724,전남장성군,0,건설기계원동기장치자전거,0,0,0,146,0,0
2014-04-26,0,5,1,2,0,0,1,전남,해남군,1,7,7,1,1,1,2,126.5374,34.4342,전남해남군,0,화물차승용차,0,1,0,119,0,0
2013-05-27,0,0,2,3,0,1,0,경기,수원시,1,1,6,1,1,4,2,127.0272,37.2684,경기수원시,1,이륜차승용차,0,0,0,99,0,0
2013-05-20,1,0,1,1,0,0,0,전남,장성군,1,7,5,1,1,1,3,126.693,35.2305,전남장성군,0,화물차화물차,0,0,0,146,0,0
2013-06-01,1,5,2,2,0,0,0,경기,고양시,1,1,0,0,0,4,9,126.8699,37.6035,경기고양시,0,이륜차건설기계,0,1,0,40,0,0
2013-01-23,1,2,1,1,0,0,0,전남,완도군,1,10,0,0,0,3,1,126.771,34.3334,전남완도군,0,건설기계없음,0,0,0,141,0,0
2013-12-31,1,1,1,2,1,0,0,전남,여수시,1,1,5,0,0,1,3,127.7644,34.6767,전남여수시,0,화물차화물차,0,0,0,102,0,0
2013-11-19,0,1,1,1,0,0,0,광주,광산구,1,1,0,0,0,4,1,126.8424,35.2043,광주광산구,0,이륜차없음,0,0,0,135,0,0
2013-11-16,0,5,1,1,0,0,0,울산,동구,1,10,0,0,0,4,1,129.4124,35.5326,울산동구,0,이륜차없음,0,1,0,225,0,0
2013-03-29,1,4,1,1,0,0,0,충남,부여군,1,1,8,1,1,4,3,126.9315,36.1563,충남부여군,0,이륜차화물차,0,0,0,129,0,0
2013-08-07,0,2,1,1,0,0,0,전남,해남군,1,5,0,0,0,0,5,126.5484,34.4588,전남해남군,0,승용차자전거,0,0,0,119,0,0
2014-06-27,0,4,1,1,0,0,0,경남,거제시,1,1,0,2,4,0,6,128.6392,34.9002,경남거제시,0,승용차승합차,0,0,0,15,0,0
2014-06-26,0,3,1,1,0,0,0,광주,남구,1,5,4,0,0,1,2,126.9091,35.1437,광주남구,0,화물차승용차,0,0,0,190,0,0
2014-06-28,1,5,1,1,0,0,0,경남,함안군,1,7,0,1,1,4,3,128.3526,35.2752,경남함안군,0,이륜차화물차,0,1,0,117,0,0
2014-08-24,1,6,1,1,0,0,0,충남,청양군,1,10,0,0,0,4,1,126.8354,36.505,충남청양군,0,이륜차없음,0,1,0,174,0,0
2014-09-01,0,0,1,1,0,0,0,전남,여수시,1,6,4,0,0,5,1,127.6328,34.7614,전남여수시,0,특수차없음,0,0,0,102,0,0
2014-09-13,0,5,1,4,0,3,0,전남,여수시,1,1,0,2,4,5,2,127.6367,34.8045,전남여수시,1,특수차승용차,0,1,0,102,0,0
2014-09-21,1,6,2,3,1,0,0,인천,강화군,1,9,5,0,0,0,2,126.3852,37.7001,인천강화군,1,승용차승용차,0,1,0,92,0,0
2014-09-21,1,6,1,1,0,0,0,경기,수원시,1,1,0,0,0,2,5,126.9859,37.273,경기수원시,0,승합차자전거,0,1,0,99,0,0
2014-09-22,0,0,1,2,1,0,0,전남,해남군,1,10,0,0,0,1,1,126.4654,34.5376,전남해남군,0,화물차없음,0,0,0,119,0,0
2014-10-04,0,5,1,3,2,0,0,인천,서구,1,5,0,0,0,0,3,126.6491,37.5163,인천서구,1,승용차화물차,0,1,0,97,0,0
2014-09-18,0,3,1,1,0,0,0,경남,창원시(통합),1,6,0,0,0,1,1,128.4608,35.0892,경남창원시(통합),0,화물차없음,0,0,0,86,0,0
2014-09-18,0,3,1,2,0,1,0,제주,제주시,1,9,5,0,0,1,3,126.7014,33.5515,제주제주시,0,화물차화물차,0,0,0,90,0,0
2014-09-28,1,6,1,2,0,1,0,경남,함안군,1,9,5,0,0,0,2,128.5282,35.3148,경남함안군,0,승용차승용차,0,1,0,117,0,0
2014-09-30,1,1,1,1,0,0,0,인천,연수구,1,10,0,0,0,0,1,126.6738,37.3839,인천연수구,0,승용차없음,0,0,0,35,0,0
2014-09-29,0,0,1,2,1,0,0,경남,함양군,1,6,0,0,0,1,1,127.6986,35.4588,경남함양군,0,화물차없음,0,0,0,108,0,0
2014-09-29,0,0,1,3,1,1,0,강원,강릉시,1,5,0,0,0,0,2,128.9026,37.7613,강원강릉시,0,승용차승용차,0,0,0,194,0,0
2014-09-29,1,0,1,1,0,0,0,충남,천안시,1,1,0,1,2,6,3,127.1416,36.8138,충남천안시,0,원동기장치자전거화물차,0,0,0,63,0,0
2014-09-29,1,0,1,1,0,0,0,경남,진주시,1,1,4,0,0,2,1,128.1044,35.1795,경남진주시,0,승합차없음,0,0,0,42,0,0
2014-09-26,1,4,1,1,0,0,0,울산,북구,1,7,9,1,1,4,2,129.3458,35.6237,울산북구,0,이륜차승용차,0,0,0,158,0,0
2014-09-27,0,5,1,5,2,2,0,대구,달서구,1,7,6,1,1,4,2,128.5374,35.85,대구달서구,1,이륜차승용차,0,1,0,20,0,0
2014-09-28,0,6,1,3,2,0,0,경기,광주시,1,9,5,0,0,0,2,127.2713,37.4659,경기광주시,1,승용차승용차,0,1,0,9,0,0
2014-12-17,1,2,1,1,0,0,0,전남,장흥군,1,11,0,0,0,0,1,126.8813,34.4772,전남장흥군,0,승용차없음,0,0,0,56,0,0
2014-12-26,1,4,1,1,0,0,0,경기,파주시,1,1,0,0,0,4,3,126.6948,37.7912,경기파주시,0,이륜차화물차,0,0,0,175,0,0
2014-12-29,1,0,1,2,0,1,0,경북,경주시,1,1,5,0,0,0,3,129.2171,35.9999,경북경주시,0,승용차화물차,0,0,0,100,0,0
2012-08-05,1,6,1,1,0,0,0,충북,음성군,1,1,0,1,1,0,4,127.4981,37.0197,충북음성군,0,승용차이륜차,0,1,0,110,0,0
2014-08-26,1,1,1,1,0,0,0,전북,고창군,1,9,5,0,0,0,2,126.6421,35.4414,전북고창군,0,승용차승용차,0,0,0,219,0,0
2014-04-30,0,2,3,3,0,0,0,전북,임실군,1,1,6,1,1,0,2,127.276,35.6615,전북임실군,1,승용차승용차,0,0,0,152,0,0
2012-06-05,1,1,1,1,0,0,0,전북,남원시,1,7,7,1,1,9,3,127.2979,35.3283,전북남원시,0,농기계화물차,0,0,0,193,0,0
2014-02-27,1,3,1,1,0,0,0,부산,해운대구,1,1,0,1,2,4,2,129.1246,35.1763,부산해운대구,0,이륜차승용차,0,0,0,1,0,0
2014-07-02,1,2,1,1,0,0,0,경북,구미시,1,6,0,0,0,0,1,128.2736,36.2259,경북구미시,0,승용차없음,0,0,0,144,0,0
2014-02-11,0,1,2,3,1,0,0,충남,당진시,1,9,5,0,0,0,2,126.7377,36.8871,충남당진시,1,승용차승용차,0,0,0,46,0,0
2014-08-29,1,4,1,2,1,0,0,경남,창녕군,1,7,6,1,1,1,7,128.4558,35.6353,경남창녕군,0,화물차원동기장치자전거,0,0,0,211,0,0
2014-02-15,0,5,1,1,0,0,0,경북,김천시,1,10,0,0,0,0,1,128.2005,36.1793,경북김천시,0,승용차없음,0,1,0,76,0,0
2014-05-08,1,3,1,2,0,1,0,서울,중구,1,5,0,0,0,2,2,127.0149,37.5496,서울중구,0,승합차승용차,0,0,0,8,0,0
2014-06-25,0,2,1,1,0,0,0,충남,천안시,1,9,7,1,2,0,11,127.1181,36.8228,충남천안시,0,승용차특수차,0,0,0,63,0,0
2014-07-12,1,5,1,1,0,0,0,충북,충주시,1,7,0,0,0,6,2,127.9528,37.0253,충북충주시,0,원동기장치자전거승용차,0,1,0,6,0,0
2014-08-20,0,2,1,1,0,0,0,전남,해남군,1,10,0,0,0,6,1,126.4457,34.5778,전남해남군,0,원동기장치자전거없음,0,0,0,119,0,0
2014-04-20,1,6,1,4,1,2,0,충북,청원군,1,6,0,0,0,0,1,127.6629,36.6389,충북청주시,1,승용차없음,0,1,0,83,0,0
2014-04-27,0,6,1,1,0,0,0,울산,북구,1,7,6,1,1,0,4,129.3613,35.5616,울산북구,0,승용차이륜차,0,1,0,158,0,0
2014-11-07,0,4,1,2,1,0,0,전북,익산시,1,7,0,1,1,0,2,126.9716,35.9381,전북익산시,0,승용차승용차,0,0,0,125,0,0
2014-08-18,1,0,1,1,0,0,0,경기,하남시,1,7,0,1,1,3,5,127.2192,37.5315,경기하남시,0,건설기계자전거,0,0,0,67,0,0
2014-11-06,1,3,1,3,0,2,0,전북,순창군,1,5,0,0,0,1,3,127.1353,35.3915,전북순창군,0,화물차화물차,0,0,0,131,0,0
2014-11-07,1,4,1,1,0,0,0,부산,사상구,1,5,0,0,0,0,3,128.973,35.1564,부산사상구,0,승용차화물차,0,0,0,120,0,0
2014-09-28,0,6,1,1,0,0,0,서울,관악구,1,6,0,0,0,4,1,126.918,37.4781,서울관악구,0,이륜차없음,0,1,0,188,0,0
2014-10-08,0,2,1,1,0,0,0,경기,화성시,1,10,0,0,0,1,1,126.8622,37.2373,경기화성시,0,화물차없음,0,0,0,50,0,0
2014-10-07,1,1,1,1,0,0,0,경기,남양주시,1,7,0,0,0,1,6,127.2418,37.5797,경기남양주시,0,화물차승합차,0,0,0,70,0,0
2014-06-27,1,4,1,1,0,0,0,경기,평택시,1,11,0,0,0,3,1,127.0253,37.0592,경기평택시,0,건설기계없음,0,0,0,14,0,0
2014-06-27,1,4,1,1,0,0,0,경남,창원시(통합),1,5,0,1,2,6,3,128.6526,35.2129,경남창원시(통합),0,원동기장치자전거화물차,0,0,0,86,0,0
2014-06-27,0,4,1,1,0,0,0,서울,동대문구,1,7,6,1,1,6,2,127.0459,37.5739,서울동대문구,0,원동기장치자전거승용차,0,0,0,201,0,0
2012-01-15,0,6,1,3,0,2,0,경남,창원시(통합),1,5,0,0,0,0,2,128.6521,35.2739,경남창원시(통합),0,승용차승용차,0,1,0,86,0,0
2014-08-15,1,4,1,1,0,0,0,경북,구미시,1,6,0,0,0,0,1,128.415,36.1271,경북구미시,0,승용차없음,0,1,0,144,0,0
2014-05-13,1,1,1,1,0,0,0,경남,고성군,1,5,0,0,0,1,5,128.33,34.9954,경남고성군,0,화물차자전거,0,0,0,87,0,0
2014-10-27,1,0,1,1,0,0,0,전북,군산시,1,7,6,1,1,4,6,126.6612,35.9168,전북군산시,0,이륜차승합차,0,0,0,166,0,0
2014-10-16,1,3,1,8,3,4,0,경기,양주시,1,5,0,1,1,1,6,127.0159,37.7912,경기양주시,2,화물차승합차,0,0,0,59,0,0
2014-09-12,1,4,1,1,0,0,0,전북,군산시,1,7,3,0,0,6,3,126.7578,35.9635,전북군산시,0,원동기장치자전거화물차,0,0,0,166,0,0
2014-05-19,0,0,1,1,0,0,0,울산,중구,1,5,0,1,1,4,3,129.3415,35.5776,울산중구,0,이륜차화물차,0,0,0,205,0,0
2014-04-03,0,3,1,1,0,0,0,전남,해남군,1,11,0,0,0,1,1,126.411,34.6914,전남해남군,0,화물차없음,0,0,0,119,0,0
2014-04-01,0,1,1,4,2,1,0,경기,성남시,1,9,5,0,0,2,2,127.1796,37.4737,경기성남시,1,승합차승용차,0,0,0,95,0,0
2014-03-31,0,0,1,1,0,0,0,서울,강동구,1,7,2,0,0,0,5,127.1293,37.5367,서울강동구,0,승용차자전거,0,0,0,91,0,0
2014-04-10,1,3,1,1,0,0,0,전북,전주시,1,7,5,0,0,7,2,127.139,35.8309,전북전주시,0,자전거승용차,0,0,0,11,0,0
2014-04-11,1,4,1,3,2,0,0,경남,사천시,1,5,0,0,0,0,2,127.9951,35.1409,경남사천시,1,승용차승용차,0,0,0,57,0,0
2014-04-06,1,6,1,1,0,0,0,강원,정선군,1,6,0,0,0,1,1,128.7833,37.2352,강원정선군,0,화물차없음,0,1,0,198,0,0
2014-04-07,1,0,1,1,0,0,0,경기,양주시,1,1,0,1,1,0,5,127.0649,37.8429,경기양주시,0,승용차자전거,0,0,0,59,0,0
2014-04-15,1,1,1,1,0,0,0,경기,양평군,1,11,0,0,0,4,1,127.7426,37.4448,경기양평군,0,이륜차없음,0,0,0,48,0,0
2014-04-23,0,2,1,2,1,0,0,경기,양평군,1,10,0,0,0,0,1,127.3706,37.6068,경기양평군,0,승용차없음,0,0,0,48,0,0
2014-04-23,1,2,1,1,0,0,0,경남,창원시(통합),1,7,10,1,1,6,3,128.7091,35.3329,경남창원시(통합),0,원동기장치자전거화물차,0,0,0,86,0,0
2014-04-22,0,1,1,1,0,0,0,부산,강서구,1,10,0,1,2,0,1,128.9298,35.1969,부산강서구,0,승용차없음,0,0,0,206,0,0
2014-12-28,1,6,1,1,0,0,0,경북,문경시,1,7,0,1,1,0,4,128.2028,36.5986,경북문경시,0,승용차이륜차,0,1,0,74,0,0
2014-12-27,1,5,1,1,0,0,0,강원,원주시,1,1,0,1,1,0,6,127.952,37.3971,강원원주시,0,승용차승합차,0,1,0,36,0,0
2014-11-16,1,6,1,2,0,0,1,전북,장수군,1,9,5,2,4,0,2,127.5554,35.7494,전북장수군,0,승용차승용차,0,1,0,155,0,0
2014-11-16,0,6,1,1,0,0,0,전북,익산시,1,7,0,1,1,0,7,126.9538,35.9714,전북익산시,0,승용차원동기장치자전거,0,1,0,125,0,0
2014-11-25,1,1,1,1,0,0,0,세종,세종,1,1,0,1,1,1,4,127.2137,36.4937,세종세종,0,화물차이륜차,1,0,0,229,0,0
2014-11-24,1,0,1,8,4,3,0,경북,경주시,1,1,5,0,0,1,6,129.3524,35.8352,경북경주시,2,화물차승합차,0,0,0,100,0,0
2014-11-25,1,1,1,1,0,0,0,대구,동구,1,11,0,0,0,4,1,128.7115,35.9375,대구동구,0,이륜차없음,0,0,0,26,0,0
2014-12-04,1,3,1,2,1,0,0,충북,청주시,1,10,0,0,0,0,1,127.5146,36.6441,충북청주시,0,승용차없음,0,0,0,83,0,0
2014-12-11,0,3,1,1,0,0,0,충남,서산시,1,6,0,0,0,0,1,126.4126,36.9749,충남서산시,0,승용차없음,0,0,0,69,0,0
2014-12-17,0,2,1,1,0,0,0,경기,수원시,1,7,5,0,0,7,6,127.0124,37.2884,경기수원시,0,자전거승합차,0,0,0,99,0,0
2014-12-18,1,3,1,1,0,0,0,전북,익산시,1,1,0,1,2,1,2,126.9142,35.9226,전북익산시,0,화물차승용차,0,0,0,125,0,0
2014-12-27,0,5,1,1,0,0,0,경남,창원시(통합),1,6,0,1,2,0,1,128.7093,35.3312,경남창원시(통합),0,승용차없음,0,1,0,86,0,0
2014-12-10,1,2,1,1,0,0,0,서울,양천구,1,1,0,1,1,1,5,126.8402,37.5185,서울양천구,0,화물차자전거,0,0,0,140,0,0
2014-01-11,1,5,1,1,0,0,0,전남,나주시,1,6,0,0,0,0,1,126.7647,35.0783,전남나주시,0,승용차없음,0,1,0,33,0,0
2013-12-12,0,3,1,1,0,0,0,부산,해운대구,1,5,0,0,0,0,5,129.1599,35.1723,부산해운대구,0,승용차자전거,0,0,0,1,0,0
2013-08-18,0,6,1,1,0,0,0,경기,시흥시,1,7,4,1,2,4,2,126.8027,37.4594,경기시흥시,0,이륜차승용차,0,1,0,73,0,0
2014-09-27,1,5,1,1,0,0,0,대구,달서구,1,7,9,0,3,7,2,128.5243,35.8078,대구달서구,0,자전거승용차,0,1,0,20,0,0
2013-01-15,1,1,1,1,0,0,0,전북,군산시,1,11,0,0,0,1,1,126.8819,36.0045,전북군산시,0,화물차없음,0,0,0,166,0,0
2013-04-15,1,0,1,8,2,5,0,전북,익산시,1,1,8,1,1,0,2,126.9599,36.0445,전북익산시,2,승용차승용차,0,0,0,125,0,0
2014-12-28,0,6,1,1,0,0,0,충남,당진시,1,1,5,0,0,6,3,126.5535,36.8664,충남당진시,0,원동기장치자전거화물차,0,1,0,46,0,0
2014-07-31,0,3,1,1,0,0,0,경북,예천군,1,7,5,0,0,1,4,128.4245,36.5316,경북예천군,0,화물차이륜차,0,0,0,55,0,0
2014-04-04,0,4,1,24,16,7,0,경기,안산시,1,1,2,0,0,2,2,126.8945,37.3005,경기안산시,2,승합차승용차,0,0,0,2,0,0
2014-04-03,0,3,1,2,1,0,0,서울,성동구,1,5,0,0,0,0,3,127.0664,37.5541,서울성동구,0,승용차화물차,0,0,0,84,0,0
2014-04-06,1,6,1,1,0,0,0,세종,세종,1,6,0,0,0,0,1,127.2577,36.5347,세종세종,0,승용차없음,1,1,0,229,0,0
2014-05-06,0,1,1,1,0,0,0,광주,북구,1,10,0,0,0,0,1,126.9228,35.2467,광주북구,0,승용차없음,0,1,0,137,0,0
2014-05-07,1,2,1,2,0,1,0,전남,담양군,1,1,0,1,2,1,2,126.9508,35.3097,전남담양군,0,화물차승용차,0,0,0,181,0,0