발생년월일,주야,요일,사망자수,사상자수,중상자수,경상자수,부상신고자수,발생지시도,발생지시군구,사고유형_대분류,사고유형_중분류,법규위반,도로형태_대분류,도로형태,당사자종별_1당_대분류,당사자종별_2당_대분류,경도,위도,발생지,사고피해정도,사고차량타입,도시여부,주말/공휴일,인구수,발생지번호,보행자의위치,무단횡단여부
2014-05-05,1,0,1,1,0,0,0,서울,중구,1,1,6,1,1,0,4,126.9764,37.5535,서울중구,0,승용차이륜차,0,1,0,8,0,0
2014-05-05,1,0,1,1,0,0,0,전북,무주군,1,7,0,0,0,9,2,127.6574,36.005,전북무주군,0,농기계승용차,0,1,0,182,0,0
2014-05-05,0,0,1,1,0,0,0,경남,창녕군,1,6,0,0,0,0,1,128.4817,35.5492,경남창녕군,0,승용차없음,0,1,0,211,0,0
2014-05-07,1,2,1,1,0,0,0,전남,완도군,1,11,0,2,4,0,1,126.7627,34.3152,전남완도군,0,승용차없음,0,0,0,141,0,0
2014-05-03,1,5,1,2,0,1,0,경북,청도군,1,1,5,0,0,6,3,128.7457,35.643,경북청도군,0,원동기장치자전거화물차,0,1,0,3,0,0
2014-05-03,1,5,1,1,0,0,0,충남,아산시,1,1,10,2,4,6,2,127.0519,36.8451,충남아산시,0,원동기장치자전거승용차,0,1,0,53,0,0
2014-04-19,1,5,1,4,2,1,0,충북,괴산군,1,11,0,0,0,0,1,127.7981,36.9112,충북괴산군,1,승용차없음,0,1,0,179,0,0
2014-04-21,0,0,1,1,0,0,0,전남,완도군,1,6,0,0,0,0,1,126.6524,34.3935,전남완도군,0,승용차없음,0,0,0,141,0,0
2014-04-29,0,1,1,3,1,1,0,경남,창원시(통합),1,9,5,0,0,0,2,128.5705,35.2239,경남창원시(통합),0,승용차승용차,0,0,0,86,0,0
2014-05-01,1,3,1,1,0,0,0,경기,수원시,1,1,9,1,1,4,6,127.0113,37.2877,경기수원시,0,이륜차승합차,0,0,0,99,0,0
2014-05-12,1,0,1,1,0,0,0,경북,안동시,1,1,0,1,1,1,5,128.719,36.5701,경북안동시,0,화물차자전거,0,0,0,66,0,0
2014-05-13,1,1,1,4,1,2,0,전남,해남군,1,9,6,1,1,0,3,126.3779,34.7118,전남해남군,1,승용차화물차,0,0,0,119,0,0
2014-04-01,1,1,1,2,0,1,0,경북,경산시,1,5,6,1,1,0,3,128.8134,35.835,경북경산시,0,승용차화물차,0,0,0,52,0,0
2014-03-18,1,1,1,1,0,0,0,전북,무주군,1,5,0,0,0,1,8,127.6944,35.9225,전북무주군,0,화물차농기계,0,0,0,182,0,0
2014-03-29,0,5,1,1,0,0,0,대구,북구,1,5,0,1,2,0,2,128.5488,35.9362,대구북구,0,승용차승용차,0,1,0,112,0,0
2014-03-29,1,5,1,1,0,0,0,강원,홍천군,1,6,0,1,2,0,1,127.8966,37.6193,강원홍천군,0,승용차없음,0,1,0,82,0,0
2014-03-29,1,5,1,2,0,1,0,경북,의성군,1,7,0,1,1,1,2,128.4026,36.3797,경북의성군,0,화물차승용차,0,1,0,105,0,0
2014-03-29,1,5,1,2,0,1,0,경남,창원시(통합),1,1,0,0,3,0,6,128.5589,35.1815,경남창원시(통합),0,승용차승합차,0,1,0,86,0,0
2014-03-23,1,6,1,1,0,0,0,전남,나주시,1,10,0,1,2,4,1,126.7007,34.9841,전남나주시,0,이륜차없음,0,1,0,33,0,0
2014-04-04,0,4,1,1,0,0,0,충남,부여군,1,11,0,0,0,1,1,126.9641,36.2206,충남부여군,0,화물차없음,0,0,0,129,0,0
2014-04-01,1,1,1,1,0,0,0,전남,고흥군,1,10,0,0,0,9,1,127.2701,34.4846,전남고흥군,0,농기계없음,0,0,0,191,0,0
2014-04-14,1,0,1,3,1,1,0,전북,전주시,1,9,5,0,0,0,3,127.0769,35.8937,전북전주시,0,승용차화물차,0,0,0,11,0,0
2014-10-06,1,0,1,5,4,0,0,충남,당진시,1,7,6,1,1,0,2,126.6475,36.9003,충남당진시,1,승용차승용차,0,0,0,46,0,0
2014-10-14,1,1,1,2,0,1,0,부산,기장군,1,1,0,0,0,0,1,129.1756,35.3384,부산기장군,0,승용차없음,0,0,0,85,0,0
2014-10-11,0,5,1,2,0,0,1,서울,중랑구,1,7,6,1,1,4,4,127.0802,37.5913,서울중랑구,0,이륜차이륜차,0,1,0,196,0,0
2014-10-19,1,6,1,1,0,0,0,충북,청주시,1,6,0,0,0,0,1,127.6018,36.6223,충북청주시,0,승용차없음,0,1,0,83,0,0
2014-10-17,0,4,1,1,0,0,0,강원,춘천시,1,9,5,0,0,1,2,127.5303,37.8346,강원춘천시,0,화물차승용차,0,0,0,111,0,0
2014-10-23,1,3,1,2,0,1,0,강원,원주시,1,9,5,0,0,1,3,127.8454,37.3504,강원원주시,0,화물차화물차,0,0,0,36,0,0
2014-10-22,0,2,1,1,0,0,0,울산,남구,1,1,0,1,2,0,3,129.3416,35.5172,울산남구,0,승용차화물차,0,0,0,213,0,0
2014-10-22,0,2,1,1,0,0,0,서울,성북구,1,6,0,0,0,0,1,126.9963,37.6094,서울성북구,0,승용차없음,0,0,0,167,0,0
2014-10-31,0,4,1,2,1,0,0,서울,강서구,1,1,0,1,2,2,7,126.8208,37.5473,서울강서구,0,승합차원동기장치자전거,0,0,0,43,0,0
2014-11-01,1,5,2,4,2,0,0,강원,철원군,1,11,0,0,0,1,1,127.4801,38.229,강원철원군,1,화물차없음,0,1,0,184,0,0
2014-11-01,1,5,1,2,1,0,0,전남,영암군,1,1,6,1,1,0,2,126.4478,34.7695,전남영암군,0,승용차승용차,0,1,0,16,0,0
2014-10-30,1,3,1,1,0,0,0,강원,춘천시,1,7,0,1,1,0,5,127.7462,37.8621,강원춘천시,0,승용차자전거,0,0,0,111,0,0
2014-10-30,1,3,1,1,0,0,0,전남,화순군,1,1,0,1,1,0,5,126.8973,34.9971,전남화순군,0,승용차자전거,0,0,0,88,0,0
2013-04-06,0,5,1,2,1,0,0,서울,관악구,1,1,2,0,0,0,7,126.9317,37.4611,서울관악구,0,승용차원동기장치자전거,0,1,0,188,0,0
2013-03-09,0,5,1,2,1,0,0,경남,창원시(통합),1,5,5,0,0,1,11,128.6509,35.2139,경남창원시(통합),0,화물차특수차,0,1,0,86,0,0
2013-03-03,0,6,1,1,0,0,0,경남,합천군,1,11,0,0,0,0,1,128.2761,35.5507,경남합천군,0,승용차없음,0,1,0,133,0,0
2012-04-09,1,0,2,4,2,0,0,경남,사천시,1,10,0,0,0,1,1,127.9827,35.0629,경남사천시,1,화물차없음,0,0,0,57,0,0
2014-04-21,0,0,1,1,0,0,0,경남,창원시(통합),1,6,0,0,0,2,1,128.4815,35.1127,경남창원시(통합),0,승합차없음,0,0,0,86,0,0
2014-04-22,1,1,1,3,0,2,0,전북,군산시,1,6,0,0,0,0,1,126.6301,35.9513,전북군산시,0,승용차없음,0,0,0,166,0,0
2014-03-17,1,0,1,2,0,1,0,충남,천안시,1,1,6,1,1,2,2,127.1265,36.7347,충남천안시,0,승합차승용차,0,0,0,63,0,0
2014-03-29,0,5,1,1,0,0,0,경기,고양시,1,1,0,0,0,4,2,126.8984,37.6503,경기고양시,0,이륜차승용차,0,1,0,40,0,0
2014-03-29,0,5,1,1,0,0,0,전북,익산시,1,1,0,0,0,1,5,126.9772,35.9975,전북익산시,0,화물차자전거,0,1,0,125,0,0
2014-03-27,1,3,1,1,0,0,0,강원,원주시,1,1,0,0,0,1,1,127.9981,37.4139,강원원주시,0,화물차없음,0,0,0,36,0,0
2014-03-27,1,3,1,2,0,1,0,경남,창원시(통합),1,5,0,0,0,0,3,128.7432,35.1078,경남창원시(통합),0,승용차화물차,0,0,0,86,0,0
2014-03-26,1,2,1,1,0,0,0,전남,고흥군,1,1,0,1,2,4,9,127.1396,34.5383,전남고흥군,0,이륜차건설기계,0,0,0,191,0,0
2014-03-24,0,0,1,1,0,0,0,전북,진안군,1,1,3,0,0,4,3,127.5741,35.8405,전북진안군,0,이륜차화물차,0,0,0,192,0,0
2014-03-25,0,1,1,2,1,0,0,서울,동작구,1,6,2,1,1,0,1,126.9796,37.5021,서울동작구,0,승용차없음,0,0,0,93,0,0
2013-07-03,0,2,1,1,0,0,0,경북,경산시,1,1,0,0,0,0,3,128.7878,35.8773,경북경산시,0,승용차화물차,0,0,0,52,0,0
2013-06-29,1,5,1,2,1,0,0,제주,서귀포시,1,1,0,1,1,6,1,126.3224,33.2505,제주서귀포시,0,원동기장치자전거없음,0,1,0,62,0,0
2013-06-30,0,6,1,1,0,0,0,부산,진구,1,6,0,0,0,4,1,129.0398,35.1614,부산진구,0,이륜차없음,0,1,0,231,0,0
2013-06-29,0,5,1,2,0,0,1,광주,광산구,1,5,5,0,0,0,7,126.8046,35.2002,광주광산구,0,승용차원동기장치자전거,0,1,0,135,0,0
2013-06-29,0,5,1,1,0,0,0,충남,당진시,1,1,0,0,0,0,1,126.6835,36.9025,충남당진시,0,승용차없음,0,1,0,46,0,0
2013-06-29,0,5,1,2,0,1,0,강원,동해시,1,5,3,0,0,4,2,129.1019,37.5415,강원동해시,0,이륜차승용차,0,1,0,210,0,0
2013-06-29,1,5,1,1,0,0,0,전북,부안군,1,1,0,0,0,6,1,126.5321,35.6602,전북부안군,0,원동기장치자전거없음,0,1,0,185,0,0
2013-07-08,1,0,1,4,3,0,0,충북,청원군,1,7,3,0,0,1,3,127.2808,36.6393,충북청주시,1,화물차화물차,0,0,0,83,0,0
2013-05-20,1,0,1,2,1,0,0,충남,서산시,1,9,5,1,2,4,3,126.4193,36.7359,충남서산시,0,이륜차화물차,0,0,0,69,0,0
2013-05-18,1,5,1,1,0,0,0,강원,화천군,1,1,0,0,0,1,7,127.6605,38.0629,강원화천군,0,화물차원동기장치자전거,0,1,0,218,0,0
2013-05-27,1,0,1,3,1,1,0,경기,화성시,1,9,5,0,0,0,2,126.8578,37.2526,경기화성시,0,승용차승용차,0,0,0,50,0,0
2013-05-29,0,2,1,2,1,0,0,대구,수성구,1,9,0,2,0,0,3,128.6507,35.8784,대구수성구,0,승용차화물차,0,0,0,37,0,0
2013-06-06,1,3,1,1,0,0,0,충남,청양군,1,7,8,1,1,1,5,126.804,36.4554,충남청양군,0,화물차자전거,0,1,0,174,0,0
2013-06-05,0,2,1,2,1,0,0,충남,홍성군,1,7,6,1,1,1,3,126.6171,36.5045,충남홍성군,0,화물차화물차,0,0,0,38,0,0
2013-06-03,0,0,1,1,0,0,0,서울,강동구,1,1,0,0,0,4,1,127.1369,37.5302,서울강동구,0,이륜차없음,0,0,0,91,0,0
2013-06-10,0,0,1,1,0,0,0,충남,예산군,1,10,0,1,2,9,1,126.7549,36.642,충남예산군,0,농기계없음,0,0,0,187,0,0
2013-06-17,1,0,2,2,0,0,0,경기,성남시,1,1,0,1,2,4,2,127.1399,37.3761,경기성남시,0,이륜차승용차,0,0,0,95,0,0
2013-06-17,0,0,1,2,0,1,0,충남,보령시,1,6,0,0,0,9,1,126.5396,36.3211,충남보령시,0,농기계없음,0,0,0,136,0,0
2013-06-15,0,5,1,3,1,1,0,강원,강릉시,1,1,6,1,1,0,2,128.9427,37.737,강원강릉시,0,승용차승용차,0,1,0,194,0,0
2013-06-13,1,3,1,2,1,0,0,강원,양구군,1,6,0,0,0,1,1,128.0428,38.2103,강원양구군,0,화물차없음,0,0,0,115,0,0
2014-04-15,1,1,1,2,1,0,0,충남,당진시,1,1,5,1,2,0,2,126.8329,36.8869,충남당진시,0,승용차승용차,0,0,0,46,0,0
2014-04-13,1,6,1,1,0,0,0,강원,홍천군,1,10,0,0,0,4,1,127.8814,37.8404,강원홍천군,0,이륜차없음,0,1,0,82,0,0
2014-04-21,0,0,1,1,0,0,0,서울,관악구,1,6,0,1,2,1,1,126.9272,37.4603,서울관악구,0,화물차없음,0,0,0,188,0,0
2014-04-19,0,5,1,1,0,0,0,경기,안산시,1,6,0,0,0,0,1,126.9147,37.2983,경기안산시,0,승용차없음,0,1,0,2,0,0
2014-04-20,0,6,1,2,1,0,0,경북,청도군,1,9,5,0,0,1,3,128.7497,35.6505,경북청도군,0,화물차화물차,0,1,0,3,0,0
2014-05-01,0,3,1,2,1,0,0,인천,남구,1,1,5,0,0,7,7,126.6469,37.4574,인천남동구,0,자전거원동기장치자전거,0,0,0,29,0,0
2014-05-01,0,3,2,7,2,1,2,경기,평택시,1,1,0,0,0,0,2,127.0644,37.063,경기평택시,1,승용차승용차,0,0,0,14,0,0
2014-05-02,0,4,1,7,5,1,0,서울,강서구,1,1,6,1,1,0,2,126.8403,37.5416,서울강서구,2,승용차승용차,0,0,0,43,0,0
2014-05-02,1,4,1,1,0,0,0,전남,화순군,1,5,0,0,0,6,3,127.0938,35.0014,전남화순군,0,원동기장치자전거화물차,0,0,0,88,0,0
2013-05-26,0,6,1,1,0,0,0,전남,목포시,1,1,2,0,0,0,6,126.4506,34.8141,전남목포시,0,승용차승합차,0,1,0,153,0,0
2013-05-25,1,5,1,1,0,0,0,충남,논산시,1,7,10,1,2,6,11,127.0988,36.1777,충남논산시,0,원동기장치자전거특수차,0,1,0,61,0,0
2013-05-25,0,5,1,1,0,0,0,충남,보령시,1,6,0,0,0,4,1,126.6187,36.3703,충남보령시,0,이륜차없음,0,1,0,136,0,0
2013-05-25,1,5,1,1,0,0,0,경기,수원시,1,7,6,1,1,6,2,126.9865,37.2524,경기수원시,0,원동기장치자전거승용차,0,1,0,99,0,0
2013-06-01,1,5,1,1,0,0,0,경북,경주시,1,1,0,0,0,1,8,129.3222,35.7233,경북경주시,0,화물차농기계,0,1,0,100,0,0
2013-05-29,0,2,1,1,0,0,0,경북,영덕군,1,5,0,0,0,0,9,129.4084,36.4804,경북영덕군,0,승용차건설기계,0,0,0,54,0,0
2013-06-15,1,5,1,2,0,1,0,대전,서구,1,5,0,1,2,0,2,127.3326,36.3017,대전서구,0,승용차승용차,0,1,0,4,0,0
2013-06-14,0,4,1,3,1,1,0,경남,함안군,1,5,0,0,0,0,3,128.484,35.2652,경남함안군,0,승용차화물차,0,0,0,117,0,0
2013-07-08,0,0,1,1,0,0,0,전남,신안군,1,1,0,0,0,1,1,125.9232,34.7703,전남신안군,0,화물차없음,0,0,0,132,0,0
2013-07-08,0,0,1,1,0,0,0,강원,태백시,1,1,0,0,0,6,1,128.9859,37.1809,강원태백시,0,원동기장치자전거없음,0,0,0,215,0,0
2013-07-07,0,6,1,2,1,0,0,경북,경주시,1,6,0,0,0,0,1,129.2098,35.8263,경북경주시,0,승용차없음,0,1,0,100,0,0
2013-07-07,0,6,1,9,5,3,0,제주,제주시,1,7,6,1,1,2,2,126.5563,33.5074,제주제주시,2,승합차승용차,0,1,0,90,0,0
2013-07-06,1,5,1,1,0,0,0,경기,성남시,1,5,0,0,0,4,6,127.1262,37.3871,경기성남시,0,이륜차승합차,0,1,0,95,0,0
2013-07-06,0,5,1,4,1,2,0,경기,파주시,1,7,6,1,2,0,6,126.7883,37.8493,경기파주시,1,승용차승합차,0,1,0,175,0,0
2013-07-05,0,4,1,1,0,0,0,전북,군산시,1,6,0,0,0,6,1,126.88,35.9881,전북군산시,0,원동기장치자전거없음,0,0,0,166,0,0
2013-07-04,1,3,1,2,0,1,0,경기,평택시,1,1,8,1,1,0,7,127.0882,37.0401,경기평택시,0,승용차원동기장치자전거,0,0,0,14,0,0
2013-07-04,1,3,1,1,0,0,0,부산,진구,1,7,0,1,1,1,4,129.0717,35.1769,부산진구,0,화물차이륜차,0,0,0,231,0,0
2014-04-21,0,0,1,1,0,0,0,경기,남양주시,1,10,0,0,0,6,1,127.2103,37.6927,경기남양주시,0,원동기장치자전거없음,0,0,0,70,0,0
2013-07-01,1,0,1,2,0,1,0,전남,해남군,1,10,0,0,0,1,1,126.6121,34.5314,전남해남군,0,화물차없음,0,0,0,119,0,0
2013-07-01,1,0,1,2,1,0,0,전남,완도군,1,9,5,0,0,0,4,127.0433,34.3419,전남완도군,0,승용차이륜차,0,0,0,141,0,0
2013-07-01,1,0,1,1,0,0,0,대전,유성구,1,1,5,0,0,0,7,127.3854,36.4597,대전유성구,0,승용차원동기장치자전거,0,0,0,148,0,0
2013-07-01,1,0,1,1,0,0,0,울산,북구,1,5,0,0,0,4,6,129.394,35.5303,울산북구,0,이륜차승합차,0,0,0,158,0,0
2013-07-01,1,0,1,1,0,0,0,경남,창원시(통합),1,10,0,0,0,4,1,128.5995,35.2034,경남창원시(통합),0,이륜차없음,0,0,0,86,0,0
2013-07-02,1,1,1,3,2,0,0,경기,성남시,1,9,5,2,0,1,6,127.1561,37.4447,경기성남시,1,화물차승합차,0,0,0,95,0,0
2013-07-02,1,1,1,1,0,0,0,경북,영덕군,1,11,0,0,0,7,1,129.3796,36.3768,경북영덕군,0,자전거없음,0,0,0,54,0,0
2013-06-30,0,6,1,5,1,3,0,충북,옥천군,1,5,0,0,0,0,2,127.5552,36.3161,충북옥천군,1,승용차승용차,0,1,0,142,0,0
2013-06-29,0,5,1,1,0,0,0,충북,충주시,1,1,6,1,2,6,2,127.9337,36.9824,충북충주시,0,원동기장치자전거승용차,0,1,0,6,0,0
2013-06-29,0,5,1,2,0,1,0,경북,울진군,1,9,5,0,0,6,2,129.4123,36.9934,경북울진군,0,원동기장치자전거승용차,0,1,0,208,0,0
2013-06-30,0,6,1,1,0,0,0,강원,강릉시,1,1,0,0,0,4,2,128.8279,37.8852,강원강릉시,0,이륜차승용차,0,1,0,194,0,0
2013-06-30,1,6,1,3,2,0,0,부산,영도구,1,6,0,0,0,0,1,129.0718,35.0704,부산영도구,1,승용차없음,0,1,0,173,0,0
2013-07-07,0,6,1,5,4,0,0,충남,홍성군,1,11,2,0,0,0,1,126.6698,36.5148,충남홍성군,1,승용차없음,0,1,0,38,0,0
2013-07-07,0,6,1,1,0,0,0,울산,동구,1,5,0,0,0,0,4,129.4198,35.5382,울산동구,0,승용차이륜차,0,1,0,225,0,0
2013-07-07,1,6,1,2,1,0,0,전북,군산시,1,6,0,0,0,0,1,126.7554,35.9929,전북군산시,0,승용차없음,0,1,0,166,0,0
2013-05-18,1,5,1,2,1,0,0,경기,평택시,1,7,5,0,0,2,2,126.9341,36.9942,경기평택시,0,승합차승용차,0,1,0,14,0,0
2013-05-19,0,6,1,2,1,0,0,경기,연천군,1,6,0,0,0,0,1,127.0694,37.9866,경기연천군,0,승용차없음,0,1,0,106,0,0
2013-05-30,0,3,1,1,0,0,0,충북,영동군,1,6,0,0,0,0,1,127.9274,36.2247,충북영동군,0,승용차없음,0,0,0,75,0,0
2013-05-29,0,2,1,2,1,0,0,충북,청주시,1,7,7,1,1,6,7,127.4836,36.6638,충북청주시,0,원동기장치자전거원동기장치자전거,0,0,0,83,0,0
2013-05-28,0,1,1,1,0,0,0,전남,순천시,1,11,0,2,4,6,1,127.4944,34.9146,전남순천시,0,원동기장치자전거없음,0,0,0,27,0,0
2013-05-29,0,2,1,1,0,0,0,대구,수성구,1,1,0,1,1,0,2,128.6169,35.8295,대구수성구,0,승용차승용차,0,0,0,37,0,0
2013-06-05,0,2,1,1,0,0,0,경남,양산시,1,9,5,2,4,0,4,129.0417,35.3804,경남양산시,0,승용차이륜차,0,0,0,49,0,0
2013-06-26,1,2,1,1,0,0,0,전남,함평군,1,7,0,0,0,0,7,126.5173,35.0494,전남함평군,0,승용차원동기장치자전거,0,0,0,157,0,0
2013-06-26,1,2,1,1,0,0,0,경기,평택시,1,10,0,0,0,4,1,126.9595,37.0056,경기평택시,0,이륜차없음,0,0,0,14,0,0
2012-07-26,0,3,1,2,0,1,0,경남,창원시(통합),1,5,0,0,0,1,3,128.6493,35.2747,경남창원시(통합),0,화물차화물차,0,0,0,86,0,0
2012-06-14,0,3,1,1,0,0,0,충북,옥천군,1,7,0,1,1,6,2,127.5625,36.3083,충북옥천군,0,원동기장치자전거승용차,0,0,0,142,0,0
2013-10-03,1,3,1,1,0,0,0,전북,군산시,1,5,0,0,0,1,3,126.691,35.9398,전북군산시,0,화물차화물차,0,1,0,166,0,0
2012-09-22,1,5,1,4,2,1,0,전북,임실군,1,1,0,2,4,5,2,127.3099,35.5414,전북임실군,1,특수차승용차,0,1,0,152,0,0
2012-08-15,0,2,2,3,1,0,0,충북,보은군,1,7,0,0,0,1,3,127.5918,36.5016,충북보은군,1,화물차화물차,0,1,0,32,0,0
2013-06-13,0,3,1,2,0,1,0,충남,예산군,1,11,0,0,0,0,1,126.9087,36.6811,충남예산군,0,승용차없음,0,0,0,187,0,0
2013-06-21,1,4,1,3,1,1,0,경기,남양주시,1,7,5,1,1,0,2,127.1998,37.6726,경기남양주시,0,승용차승용차,0,0,0,70,0,0
2013-06-19,0,2,1,2,1,0,0,전남,영암군,1,9,5,0,0,1,3,126.5632,34.706,전남영암군,0,화물차화물차,0,0,0,16,0,0
2013-06-19,1,2,1,2,0,1,0,전남,신안군,1,9,5,0,0,1,2,126.077,34.5927,전남신안군,0,화물차승용차,0,0,0,132,0,0
2013-07-03,0,2,1,3,0,2,0,충남,서산시,1,10,0,0,0,0,1,126.3823,36.9884,충남서산시,0,승용차없음,0,0,0,69,0,0
2013-07-02,0,1,1,3,2,0,0,서울,송파구,1,7,6,1,1,0,2,127.1396,37.507,서울송파구,1,승용차승용차,0,0,0,156,0,0
2013-07-01,1,0,1,1,0,0,0,경북,의성군,1,7,0,0,0,0,5,128.4254,36.3972,경북의성군,0,승용차자전거,0,0,0,105,0,0
2013-06-29,0,5,1,1,0,0,0,인천,부평구,1,5,0,0,0,4,2,126.6914,37.4728,인천부평구,0,이륜차승용차,0,1,0,44,0,0
2013-06-29,0,5,1,1,0,0,0,충북,증평군,1,11,0,2,4,0,1,127.6023,36.8418,충북증평군,0,승용차없음,0,1,0,138,0,0
2012-02-04,1,5,1,1,0,0,0,경기,안성시,1,7,0,0,0,0,6,127.1244,37.0886,경기안성시,0,승용차승합차,0,1,0,23,0,0
2012-03-13,1,1,1,1,0,0,0,충남,부여군,1,7,0,1,1,2,4,126.9011,36.2761,충남부여군,0,승합차이륜차,0,0,0,129,0,0
2012-03-15,0,3,1,5,4,0,0,경남,함안군,1,9,5,0,0,0,2,128.4313,35.2763,경남함안군,1,승용차승용차,0,0,0,117,0,0
2012-01-30,0,0,2,4,1,1,0,경북,칠곡군,1,6,0,1,2,0,1,128.4106,36.0802,경북칠곡군,1,승용차없음,0,0,0,21,0,0
2012-02-05,0,6,1,1,0,0,0,경기,하남시,1,6,0,1,2,0,1,127.2324,37.5009,경기하남시,0,승용차없음,0,1,0,67,0,0
2012-08-18,1,5,1,5,3,1,0,전남,영암군,1,7,0,1,1,5,2,126.6856,34.7943,전남영암군,1,특수차승용차,0,1,0,16,0,0
2013-07-13,1,5,1,2,0,1,0,경기,광주시,1,5,2,0,0,5,6,127.2795,37.4703,경기광주시,0,특수차승합차,0,1,0,9,0,0
2013-06-26,0,2,1,1,0,0,0,부산,사상구,1,6,0,1,2,4,1,129.0062,35.1524,부산사상구,0,이륜차없음,0,0,0,120,0,0
2013-05-27,1,0,1,1,0,0,0,울산,중구,1,6,0,0,0,0,1,129.3158,35.5678,울산중구,0,승용차없음,0,0,0,205,0,0
2013-06-02,0,6,1,1,0,0,0,경기,안양시,1,6,0,0,0,0,1,126.9374,37.3817,경기안양시,0,승용차없음,0,1,0,151,0,0
2013-06-02,0,6,1,1,0,0,0,광주,광산구,1,9,5,1,2,4,3,126.8244,35.1907,광주광산구,0,이륜차화물차,0,1,0,135,0,0
2013-06-06,1,3,1,2,1,0,0,전남,장흥군,1,11,0,0,0,1,1,126.8847,34.6952,전남장흥군,0,화물차없음,0,1,0,56,0,0
2013-06-10,0,0,1,1,0,0,0,충북,청원군,1,1,0,0,0,0,1,127.5889,36.5847,충북청주시,0,승용차없음,0,0,0,83,0,0
2013-06-13,0,3,1,2,1,0,0,경기,용인시,1,6,0,0,0,4,1,127.1179,37.2918,경기용인시,0,이륜차없음,0,0,0,51,0,0
2013-06-13,1,3,1,1,0,0,0,경남,함안군,1,7,0,1,1,2,5,128.3869,35.2709,경남함안군,0,승합차자전거,0,0,0,117,0,0
2013-06-13,0,3,1,2,0,1,0,전남,여수시,1,5,10,0,0,4,4,127.7256,34.7391,전남여수시,0,이륜차이륜차,0,0,0,102,0,0
2012-03-16,0,4,1,3,2,0,0,부산,사상구,1,7,10,0,0,0,2,128.9824,35.1937,부산사상구,1,승용차승용차,0,0,0,120,0,0
2012-03-20,0,1,1,1,0,0,0,경북,경주시,1,10,0,0,0,0,1,129.4568,35.682,경북경주시,0,승용차없음,0,0,0,100,0,0
2012-12-05,0,2,1,1,0,0,0,서울,서대문구,1,6,0,0,0,0,1,126.9489,37.5688,서울서대문구,0,승용차없음,0,0,0,195,0,0
2012-11-18,1,6,1,1,0,0,0,전남,장성군,1,1,0,0,0,4,1,126.8526,35.4116,전남장성군,0,이륜차없음,0,1,0,146,0,0
2012-06-12,1,1,1,1,0,0,0,충북,충주시,1,5,0,0,0,2,4,127.907,36.9662,충북충주시,0,승합차이륜차,0,0,0,6,0,0
2012-07-10,0,1,1,3,0,2,0,전북,전주시,1,1,0,0,0,0,2,127.1052,35.8191,전북전주시,0,승용차승용차,0,0,0,11,0,0
2013-06-23,0,6,1,1,0,0,0,경기,군포시,1,7,6,1,1,4,6,126.9426,37.3469,경기군포시,0,이륜차승합차,0,1,0,126,0,0
2013-05-13,1,0,1,1,0,0,0,전북,고창군,1,5,0,0,0,1,3,126.6832,35.5056,전북고창군,0,화물차화물차,0,0,0,219,0,0
2013-09-04,0,2,1,2,1,0,0,경북,김천시,1,5,0,0,0,1,3,128.2604,36.1876,경북김천시,0,화물차화물차,0,0,0,76,0,0
2013-03-20,1,2,1,2,1,0,0,전북,남원시,1,1,6,1,1,3,3,127.4072,35.4297,전북남원시,0,건설기계화물차,0,0,0,193,0,0
2013-03-29,0,4,1,8,2,5,0,경기,광주시,1,9,5,0,0,1,6,127.2182,37.3469,경기광주시,2,화물차승합차,0,0,0,9,0,0
2013-03-21,1,3,1,1,0,0,0,경북,상주시,1,1,6,1,1,1,5,128.199,36.4184,경북상주시,0,화물차자전거,0,0,0,58,0,0
2013-08-31,1,5,1,1,0,0,0,강원,강릉시,1,6,0,0,0,0,1,128.8803,37.7232,강원강릉시,0,승용차없음,0,1,0,194,0,0
2013-07-12,1,4,2,3,1,0,0,부산,강서구,1,9,5,0,0,5,2,128.8782,35.089,부산강서구,1,특수차승용차,0,0,0,206,0,0
2014-06-26,0,3,1,1,0,0,0,충북,제천시,1,1,0,0,0,0,9,128.2176,37.1608,충북제천시,0,승용차건설기계,0,0,0,103,0,0
2014-11-15,1,5,1,2,1,0,0,충북,음성군,1,1,5,0,0,1,9,127.7236,36.9274,충북음성군,0,화물차건설기계,0,1,0,110,0,0
2014-11-22,1,5,1,4,1,2,0,충북,청주시,1,5,0,0,0,0,2,127.335,36.6193,충북청주시,1,승용차승용차,0,1,0,83,0,0
2014-11-21,0,4,1,1,0,0,0,대전,유성구,1,7,6,1,2,2,4,127.3889,36.4343,대전유성구,0,승합차이륜차,0,0,0,148,0,0
2014-11-30,0,6,1,1,0,0,0,경남,창녕군,1,5,0,0,0,6,9,128.5098,35.4768,경남창녕군,0,원동기장치자전거건설기계,0,1,0,211,0,0
2014-11-30,1,6,1,1,0,0,0,경기,안성시,1,6,0,0,0,0,1,127.2353,36.9397,경기안성시,0,승용차없음,0,1,0,23,0,0
2014-11-30,1,6,1,2,1,0,0,대구,동구,1,6,0,0,0,0,1,128.6689,35.8782,대구동구,0,승용차없음,0,1,0,26,0,0
2014-11-27,1,3,1,3,1,1,0,전북,임실군,1,7,8,1,1,1,3,127.3428,35.5582,전북임실군,0,화물차화물차,0,0,0,152,0,0