발생년월일,주야,요일,사망자수,사상자수,중상자수,경상자수,부상신고자수,발생지시도,발생지시군구,사고유형_대분류,사고유형_중분류,법규위반,도로형태_대분류,도로형태,당사자종별_1당_대분류,당사자종별_2당_대분류,경도,위도,발생지,사고피해정도,사고차량타입,도시여부,주말/공휴일,인구수,발생지번호,보행자의위치,무단횡단여부
2014-12-07,0,6,1,1,0,0,0,충남,아산시,1,1,0,1,1,0,4,127.0038,36.7745,충남아산시,0,승용차이륜차,0,1,0,53,0,0
2014-12-05,1,4,2,9,0,7,0,전남,해남군,1,1,5,0,0,0,6,126.6003,34.5601,전남해남군,2,승용차승합차,0,0,0,119,0,0
2014-12-14,0,6,1,1,0,0,0,전남,해남군,1,11,0,0,0,1,1,126.5573,34.5796,전남해남군,0,화물차없음,0,1,0,119,0,0
2014-12-11,0,3,1,1,0,0,0,부산,진구,1,7,0,1,1,0,2,129.0655,35.1577,부산진구,0,승용차승용차,0,0,0,231,0,0
2014-12-19,0,4,1,3,2,0,0,경기,수원시,1,5,0,2,0,0,2,127.0129,37.2692,경기수원시,1,승용차승용차,0,0,0,99,0,0
2014-12-19,1,4,1,3,2,0,0,경기,시흥시,1,5,0,0,0,1,3,126.7815,37.3885,경기시흥시,1,화물차화물차,0,0,0,73,0,0
2014-12-22,1,0,1,2,1,0,0,대전,대덕구,1,7,6,1,1,1,2,127.4003,36.4418,대전대덕구,0,화물차승용차,0,0,0,77,0,0
2014-12-22,0,0,1,1,0,0,0,인천,계양구,1,6,0,0,0,0,1,126.7098,37.5456,인천계양구,0,승용차없음,0,0,0,7,0,0
2014-12-31,1,2,1,1,0,0,0,경남,거제시,1,6,0,0,0,0,1,128.6338,34.8131,경남거제시,0,승용차없음,0,0,0,15,0,0
2014-12-29,0,0,1,2,1,0,0,충북,음성군,1,9,5,0,0,0,2,127.4985,36.9987,충북음성군,0,승용차승용차,0,0,0,110,0,0
2014-11-06,1,3,1,1,0,0,0,전북,군산시,1,7,6,1,1,5,3,126.556,35.9542,전북군산시,0,특수차화물차,0,0,0,166,0,0
2014-11-08,1,5,1,1,0,0,0,대구,달서구,1,7,7,1,1,4,3,128.4943,35.8446,대구달서구,0,이륜차화물차,0,1,0,20,0,0
2014-10-08,1,2,1,1,0,0,0,전남,함평군,1,7,0,0,0,1,7,126.4958,35.1542,전남함평군,0,화물차원동기장치자전거,0,0,0,157,0,0
2014-10-06,0,0,1,1,0,0,0,강원,태백시,1,6,0,0,0,0,1,128.9558,37.2029,강원태백시,0,승용차없음,0,0,0,215,0,0
2014-10-11,1,5,1,3,2,0,0,전남,강진군,1,6,0,0,0,0,1,126.8049,34.5548,전남강진군,1,승용차없음,0,1,0,121,0,0
2014-10-20,0,0,1,1,0,0,0,충남,보령시,1,1,0,0,0,4,1,126.5815,36.3556,충남보령시,0,이륜차없음,0,0,0,136,0,0
2014-10-26,0,6,1,2,1,0,0,충북,괴산군,1,6,0,0,0,1,1,127.6713,36.8103,충북괴산군,0,화물차없음,0,1,0,179,0,0
2014-10-24,1,4,1,1,0,0,0,전북,정읍시,1,7,6,1,1,4,3,126.9277,35.6624,전북정읍시,0,이륜차화물차,0,0,0,12,0,0
2014-10-24,1,4,1,1,0,0,0,충남,논산시,1,6,0,0,0,1,1,127.2271,36.2245,충남논산시,0,화물차없음,0,0,0,61,0,0
2014-10-30,1,3,1,1,0,0,0,충남,서산시,1,7,6,1,1,4,9,126.5445,36.7134,충남서산시,0,이륜차건설기계,0,0,0,69,0,0
2014-10-28,1,1,1,1,0,0,0,전남,영광군,1,5,0,0,0,1,5,126.353,35.2605,전남영광군,0,화물차자전거,0,0,0,127,0,0
2014-10-28,0,1,1,3,1,1,0,전북,군산시,1,5,0,0,0,2,8,126.8437,36.0465,전북군산시,0,승합차농기계,0,0,0,166,0,0
2014-11-09,0,6,1,6,5,0,0,강원,춘천시,1,10,0,0,0,0,1,127.7956,37.7612,강원춘천시,1,승용차없음,0,1,0,111,0,0
2014-11-10,1,0,1,1,0,0,0,전북,부안군,1,7,6,1,1,4,3,126.7708,35.7566,전북부안군,0,이륜차화물차,0,0,0,185,0,0
2014-11-10,1,0,1,1,0,0,0,경북,경산시,1,1,10,1,2,4,3,128.7393,35.8043,경북경산시,0,이륜차화물차,0,0,0,52,0,0
2014-11-06,1,3,1,3,2,0,0,경기,포천시,1,5,5,0,0,0,2,127.2957,37.9446,경기포천시,1,승용차승용차,0,0,0,171,0,0
2014-11-06,1,3,1,1,0,0,0,경기,수원시,1,7,6,1,1,7,5,127.0075,37.2853,경기수원시,0,자전거자전거,0,0,0,99,0,0
2014-11-06,1,3,1,1,0,0,0,경기,양주시,1,1,0,0,0,1,5,127.0871,37.8056,경기양주시,0,화물차자전거,0,0,0,59,0,0
2014-11-07,1,4,1,1,0,0,0,경북,상주시,1,6,0,1,1,6,1,128.0946,36.3434,경북상주시,0,원동기장치자전거없음,0,0,0,58,0,0
2014-11-09,1,6,3,9,4,2,0,전남,영암군,1,9,0,1,1,0,2,126.7837,34.8305,전남영암군,2,승용차승용차,0,1,0,16,0,0
2014-11-11,0,1,1,1,0,0,0,전남,여수시,1,1,6,1,1,4,3,127.7417,34.7444,전남여수시,0,이륜차화물차,0,0,0,102,0,0
2014-11-09,1,6,1,1,0,0,0,경기,시흥시,1,9,5,0,0,4,2,126.7884,37.3792,경기시흥시,0,이륜차승용차,0,1,0,73,0,0
2014-11-09,0,6,1,1,0,0,0,충남,당진시,1,5,0,0,0,0,11,126.8079,36.9041,충남당진시,0,승용차특수차,0,1,0,46,0,0
2014-10-10,0,4,1,1,0,0,0,경북,포항시,1,1,0,0,0,4,1,129.3615,36.0099,경북포항시,0,이륜차없음,0,0,0,160,0,0
2014-08-25,0,0,3,9,3,3,0,충남,논산시,1,5,0,1,2,1,2,127.0988,36.1188,충남논산시,2,화물차승용차,0,0,0,61,0,0
2014-08-25,0,0,2,3,1,0,0,경남,거제시,1,9,5,0,0,0,2,128.6546,34.95,경남거제시,1,승용차승용차,0,0,0,15,0,0
2014-08-24,1,6,1,8,7,0,0,제주,서귀포시,1,7,8,1,1,0,3,126.8971,33.4066,제주서귀포시,2,승용차화물차,0,1,0,62,0,0
2014-11-13,1,3,1,1,0,0,0,충남,천안시,1,7,0,1,2,6,7,127.1433,36.8101,충남천안시,0,원동기장치자전거원동기장치자전거,0,0,0,63,0,0
2014-11-13,1,3,1,5,1,3,0,울산,동구,1,1,5,0,0,0,2,129.4031,35.502,울산동구,1,승용차승용차,0,0,0,225,0,0
2014-11-13,0,3,1,1,0,0,0,경기,고양시,1,6,0,0,0,1,1,126.8936,37.6534,경기고양시,0,화물차없음,0,0,0,40,0,0
2014-11-08,0,5,1,2,0,1,0,대구,북구,1,5,0,2,4,1,3,128.5993,35.9186,대구북구,0,화물차화물차,0,1,0,112,0,0
2014-11-08,0,5,1,2,1,0,0,경남,창원시(통합),1,1,0,2,4,6,1,128.6392,35.2228,경남창원시(통합),0,원동기장치자전거없음,0,1,0,86,0,0
2014-10-10,1,4,1,1,0,0,0,인천,서구,1,7,0,0,0,1,3,126.6246,37.4982,인천서구,0,화물차화물차,0,0,0,97,0,0
2014-10-08,0,2,1,1,0,0,0,강원,철원군,1,5,0,0,0,0,5,127.3641,38.2376,강원철원군,0,승용차자전거,0,0,0,184,0,0
2014-10-13,1,0,1,2,1,0,0,경남,창원시(통합),1,7,6,1,1,2,2,128.6746,35.2209,경남창원시(통합),0,승합차승용차,0,0,0,86,0,0
2014-10-13,1,0,1,4,3,0,0,강원,삼척시,1,1,5,0,0,1,2,129.1314,37.4428,강원삼척시,1,화물차승용차,0,0,0,78,0,0
2014-10-12,1,6,1,1,0,0,0,경기,평택시,1,10,0,0,0,6,1,127.0534,37.1172,경기평택시,0,원동기장치자전거없음,0,1,0,14,0,0
2014-10-25,0,5,1,1,0,0,0,경남,김해시,1,6,0,0,0,6,1,128.8329,35.2843,경남김해시,0,원동기장치자전거없음,0,1,0,13,0,0
2014-10-26,0,6,2,2,0,0,0,경남,창원시(통합),1,1,0,0,0,0,2,128.6343,35.2425,경남창원시(통합),0,승용차승용차,0,1,0,86,0,0
2014-11-03,1,0,1,1,0,0,0,전남,강진군,1,7,9,1,1,9,7,126.8127,34.72,전남강진군,0,농기계원동기장치자전거,0,0,0,121,0,0
2014-11-03,1,0,1,2,1,0,0,경남,진주시,1,1,6,1,1,6,2,128.0691,35.1915,경남진주시,0,원동기장치자전거승용차,0,0,0,42,0,0
2014-11-13,1,3,1,1,0,0,0,경남,김해시,1,7,0,1,1,0,4,128.7271,35.3033,경남김해시,0,승용차이륜차,0,0,0,13,0,0
2014-11-05,0,2,1,1,0,0,0,경기,가평군,1,1,0,0,0,0,1,127.4408,37.7183,경기가평군,0,승용차없음,0,0,0,176,0,0
2014-11-04,1,1,1,1,0,0,0,서울,도봉구,1,7,0,1,2,2,5,127.0256,37.6473,서울도봉구,0,승합차자전거,0,0,0,98,0,0
2014-12-14,1,6,1,5,1,3,0,충남,예산군,1,10,0,0,0,0,1,126.8567,36.686,충남예산군,1,승용차없음,0,1,0,187,0,0
2014-12-08,1,0,1,2,1,0,0,경기,광주시,1,7,5,0,0,1,3,127.3565,37.4795,경기광주시,0,화물차화물차,0,0,0,9,0,0
2014-12-08,1,0,1,1,0,0,0,경기,오산시,1,1,0,0,0,2,5,127.0683,37.1568,경기오산시,0,승합차자전거,0,0,0,143,0,0
2014-12-10,1,2,2,2,0,0,0,충남,금산군,1,5,0,1,1,1,5,127.4583,36.1286,충남금산군,0,화물차자전거,0,0,0,68,0,0
2014-12-19,0,4,1,2,1,0,0,경남,창원시(통합),1,5,0,1,2,1,3,128.7089,35.3359,경남창원시(통합),0,화물차화물차,0,0,0,86,0,0
2014-12-19,1,4,1,1,0,0,0,경기,광주시,1,1,0,1,2,7,3,127.3378,37.351,경기광주시,0,자전거화물차,0,0,0,9,0,0
2014-12-20,1,5,1,2,1,0,0,전남,영암군,1,1,6,1,1,1,11,126.4478,34.7696,전남영암군,0,화물차특수차,0,1,0,16,0,0
2014-12-19,1,4,1,3,2,0,0,경북,고령군,1,9,5,0,0,0,3,128.2231,35.7154,경북고령군,1,승용차화물차,0,0,0,220,0,0
2014-12-15,1,0,1,8,5,2,0,강원,홍천군,1,1,5,1,1,1,6,128.0559,37.9147,강원홍천군,2,화물차승합차,0,0,0,82,0,0
2014-09-05,0,4,1,1,0,0,0,경기,안산시,1,7,0,0,0,0,5,126.7395,37.3139,경기안산시,0,승용차자전거,0,0,0,2,0,0
2014-09-13,1,5,1,1,0,0,0,경기,파주시,1,9,0,1,1,4,2,126.7832,37.7544,경기파주시,0,이륜차승용차,0,1,0,175,0,0
2014-12-02,1,1,1,2,1,0,0,강원,삼척시,1,6,0,0,0,1,1,129.0421,37.2689,강원삼척시,0,화물차없음,0,0,0,78,0,0
2014-12-13,0,5,1,2,0,1,0,인천,서구,1,1,5,0,0,2,2,126.6701,37.571,인천서구,0,승합차승용차,0,1,0,97,0,0
2014-12-12,0,4,1,1,0,0,0,충남,서천군,1,6,0,2,4,0,1,126.7301,36.0043,충남서천군,0,승용차없음,0,0,0,10,0,0
2014-12-13,1,5,1,1,0,0,0,전남,나주시,1,10,0,0,0,4,1,126.5623,34.9112,전남나주시,0,이륜차없음,0,1,0,33,0,0
2014-12-18,1,3,1,1,0,0,0,강원,동해시,1,1,3,1,2,1,2,129.0962,37.4874,강원동해시,0,화물차승용차,0,0,0,210,0,0
2014-12-21,1,6,1,1,0,0,0,충남,아산시,1,10,0,0,0,1,1,126.9108,36.7585,충남아산시,0,화물차없음,0,1,0,53,0,0
2014-12-31,1,2,1,1,0,0,0,충남,홍성군,1,1,0,0,0,1,1,126.5563,36.5419,충남홍성군,0,화물차없음,0,0,0,38,0,0
2014-12-31,0,2,1,1,0,0,0,대구,수성구,1,6,0,1,2,0,1,128.6069,35.8346,대구수성구,0,승용차없음,0,0,0,37,0,0
2014-12-30,1,1,1,1,0,0,0,경기,가평군,1,1,0,0,0,0,1,127.5014,37.7292,경기가평군,0,승용차없음,0,0,0,176,0,0
2014-12-30,1,1,1,1,0,0,0,전남,순천시,1,11,0,0,0,4,1,127.4584,34.8814,전남순천시,0,이륜차없음,0,0,0,27,0,0
2014-12-29,0,0,1,1,0,0,0,세종,세종,1,6,0,1,1,0,1,127.2243,36.4408,세종세종,0,승용차없음,1,0,0,229,0,0
2014-12-30,1,1,1,1,0,0,0,전남,영암군,1,11,0,0,0,9,1,126.7067,34.8781,전남영암군,0,농기계없음,0,0,0,16,0,0
2014-12-30,1,1,1,1,0,0,0,강원,동해시,1,5,0,1,2,0,7,129.1078,37.4929,강원동해시,0,승용차원동기장치자전거,0,0,0,210,0,0
2014-11-28,0,4,1,4,0,3,0,충북,충주시,1,1,3,0,0,1,2,127.8359,37.0778,충북충주시,1,화물차승용차,0,0,0,6,0,0
2014-12-21,0,6,1,3,0,2,0,대구,달서구,1,1,3,0,0,0,2,128.6093,35.8089,대구달서구,0,승용차승용차,0,1,0,20,0,0
2014-11-25,1,1,1,1,0,0,0,경기,포천시,1,5,0,0,0,2,4,127.2122,37.9068,경기포천시,0,승합차이륜차,0,0,0,171,0,0
2014-11-26,1,2,1,1,0,0,0,경남,김해시,1,1,0,1,1,1,5,128.824,35.307,경남김해시,0,화물차자전거,0,0,0,13,0,0
2014-11-17,0,0,1,2,1,0,0,경기,시흥시,1,6,0,0,0,0,1,126.7677,37.3542,경기시흥시,0,승용차없음,0,0,0,73,0,0
2014-11-24,0,0,1,2,1,0,0,전남,강진군,1,7,8,1,1,0,3,126.8137,34.6398,전남강진군,0,승용차화물차,0,0,0,121,0,0
2014-12-01,0,0,1,1,0,0,0,경북,포항시,1,5,0,0,0,0,3,129.3909,35.9567,경북포항시,0,승용차화물차,0,0,0,160,0,0
2014-09-30,0,1,1,2,0,1,0,충남,공주시,1,1,0,0,0,2,3,127.1204,36.6257,충남공주시,0,승합차화물차,0,0,0,19,0,0
2014-09-20,1,5,1,3,1,1,0,충북,청주시,1,1,0,0,0,1,2,127.3992,36.6114,충북청주시,0,화물차승용차,0,1,0,83,0,0
2014-10-21,0,1,1,1,0,0,0,충북,청주시,1,7,0,0,0,0,2,127.4237,36.5941,충북청주시,0,승용차승용차,0,0,0,83,0,0
2014-10-16,1,3,2,8,3,1,2,충남,예산군,1,1,0,0,0,1,3,126.8536,36.611,충남예산군,2,화물차화물차,0,0,0,187,0,0
2014-08-23,0,5,1,7,0,6,0,충남,천안시,1,1,3,0,0,1,2,127.2478,36.7392,충남천안시,1,화물차승용차,0,1,0,63,0,0
2014-12-10,0,2,1,2,0,0,1,경기,성남시,1,5,3,0,0,0,3,127.0733,37.4272,경기성남시,0,승용차화물차,0,0,0,95,0,0
2014-08-25,0,0,1,1,0,0,0,경기,여주시,1,1,6,1,1,6,3,127.6189,37.2865,경기여주시,0,원동기장치자전거화물차,0,0,0,22,0,0
2014-08-23,0,5,1,1,0,0,0,경기,고양시,1,1,0,0,0,4,1,126.848,37.6944,경기고양시,0,이륜차없음,0,1,0,40,0,0
2014-09-01,1,0,1,1,0,0,0,경남,함양군,1,7,0,0,0,6,3,127.8182,35.6321,경남함양군,0,원동기장치자전거화물차,0,0,0,108,0,0
2014-09-02,0,1,1,1,0,0,0,울산,북구,1,1,6,1,1,0,4,129.3478,35.6298,울산북구,0,승용차이륜차,0,0,0,158,0,0
2014-08-30,0,5,1,1,0,0,0,대전,대덕구,1,1,6,1,1,0,4,127.4254,36.359,대전대덕구,0,승용차이륜차,0,1,0,77,0,0
2014-08-28,1,3,1,1,0,0,0,서울,구로구,1,7,0,0,0,1,5,126.8981,37.4797,서울구로구,0,화물차자전거,0,0,0,79,0,0
2014-09-05,1,4,1,1,0,0,0,충북,음성군,1,1,4,1,1,0,2,127.4956,37.0187,충북음성군,0,승용차승용차,0,0,0,110,0,0
2014-09-07,0,6,1,1,0,0,0,경남,창원시(통합),1,7,0,0,0,1,2,128.579,35.2259,경남창원시(통합),0,화물차승용차,0,1,0,86,0,0
2014-09-15,1,0,1,1,0,0,0,전남,함평군,1,7,7,1,1,2,5,126.605,35.1808,전남함평군,0,승합차자전거,0,0,0,157,0,0
2014-09-22,1,0,1,7,4,0,2,경기,김포시,1,1,0,0,3,0,3,126.6211,37.6816,경기김포시,1,승용차화물차,0,0,0,47,0,0
2014-09-19,1,4,1,1,0,0,0,경기,양주시,1,1,0,0,3,0,5,127.0825,37.7843,경기양주시,0,승용차자전거,0,0,0,59,0,0
2014-09-19,0,4,1,1,0,0,0,충북,증평군,1,5,2,0,0,0,4,127.5885,36.7886,충북증평군,0,승용차이륜차,0,0,0,138,0,0
2014-09-17,1,2,1,1,0,0,0,경기,가평군,1,7,0,0,0,4,2,127.5148,37.8273,경기가평군,0,이륜차승용차,0,0,0,176,0,0
2014-09-30,0,1,1,1,0,0,0,충북,충주시,1,5,0,0,0,6,6,127.8862,36.9615,충북충주시,0,원동기장치자전거승합차,0,0,0,6,0,0
2014-09-29,1,0,1,1,0,0,0,경북,고령군,1,11,0,0,0,4,1,128.3015,35.782,경북고령군,0,이륜차없음,0,0,0,220,0,0
2014-09-26,0,4,1,1,0,0,0,경북,포항시,1,1,0,0,0,1,2,129.368,35.9434,경북포항시,0,화물차승용차,0,0,0,160,0,0
2014-09-27,1,5,1,1,0,0,0,대구,달성군,1,10,0,0,0,7,1,128.5079,35.889,대구달성군,0,자전거없음,0,1,0,30,0,0
2014-09-25,1,3,1,1,0,0,0,충남,태안군,1,6,0,0,0,1,1,126.2914,36.6814,충남태안군,0,화물차없음,0,0,0,169,0,0
2014-09-27,0,5,1,3,2,0,0,부산,중구,1,7,6,1,1,4,2,129.0223,35.1075,부산중구,1,이륜차승용차,0,1,0,228,0,0
2014-09-27,0,5,1,3,2,0,0,경북,구미시,1,1,5,2,4,0,2,128.3562,36.1087,경북구미시,1,승용차승용차,0,1,0,144,0,0
2014-09-28,0,6,1,1,0,0,0,부산,서구,1,7,9,0,0,4,2,129.024,35.094,부산서구,0,이륜차승용차,0,1,0,226,0,0
2014-09-26,1,4,1,5,0,4,0,강원,인제군,1,1,5,0,0,4,3,128.2166,38.1548,강원인제군,1,이륜차화물차,0,0,0,124,0,0
2014-09-17,0,2,1,1,0,0,0,경북,칠곡군,1,5,0,0,0,4,3,128.3352,36.0686,경북칠곡군,0,이륜차화물차,0,0,0,21,0,0
2014-09-24,1,2,1,1,0,0,0,경북,경주시,1,1,0,0,0,0,1,129.2965,35.8316,경북경주시,0,승용차없음,0,0,0,100,0,0
2014-09-23,1,1,1,2,0,1,0,전북,김제시,1,1,6,1,1,1,3,126.9316,35.8172,전북김제시,0,화물차화물차,0,0,0,34,0,0
2014-08-19,1,1,1,1,0,0,0,경남,남해군,1,7,8,1,1,0,4,127.9024,34.8321,경남남해군,0,승용차이륜차,0,0,0,197,0,0
2014-12-27,1,5,1,1,0,0,0,전남,고흥군,1,1,0,0,0,6,1,127.5044,34.5997,전남고흥군,0,원동기장치자전거없음,0,1,0,191,0,0
2014-12-23,1,1,1,2,0,1,0,경기,평택시,1,7,6,1,2,1,6,127.0634,37.0926,경기평택시,0,화물차승합차,0,0,0,14,0,0
2014-12-27,0,5,1,5,2,2,0,경남,밀양시,1,9,5,0,0,0,2,128.7093,35.5296,경남밀양시,1,승용차승용차,0,1,0,177,0,0
2014-11-13,0,3,1,1,0,0,0,경남,창원시(통합),1,5,0,0,0,1,6,128.5734,35.2263,경남창원시(통합),0,화물차승합차,0,0,0,86,0,0
2014-11-25,1,1,1,2,0,1,0,경기,시흥시,1,7,0,0,0,0,3,126.8065,37.364,경기시흥시,0,승용차화물차,0,0,0,73,0,0
2014-11-25,1,1,1,1,0,0,0,전남,무안군,1,7,6,1,1,7,2,126.428,34.8544,전남무안군,0,자전거승용차,0,0,0,101,0,0
2014-11-22,1,5,1,1,0,0,0,전남,보성군,1,7,2,1,1,2,2,127.0966,34.7876,전남보성군,0,승합차승용차,0,1,0,122,0,0
2014-12-01,1,0,1,1,0,0,0,경남,김해시,1,1,7,1,1,4,3,128.7988,35.2129,경남김해시,0,이륜차화물차,0,0,0,13,0,0
2014-11-28,1,4,1,1,0,0,0,광주,남구,1,1,0,1,2,1,5,126.8947,35.1337,광주남구,0,화물차자전거,0,0,0,190,0,0
2014-11-27,1,3,1,1,0,0,0,경남,통영시,1,7,0,1,1,0,3,128.4187,34.8824,경남통영시,0,승용차화물차,0,0,0,212,0,0
2014-12-06,0,5,1,1,0,0,0,경남,창원시(통합),1,11,0,0,0,2,1,128.7314,35.1886,경남창원시(통합),0,승합차없음,0,1,0,86,0,0
2014-12-07,1,6,1,4,0,3,0,울산,울주군,1,9,5,1,1,1,2,129.0589,35.6396,울산울주군,1,화물차승용차,0,1,0,17,0,0
2014-12-03,0,2,1,2,0,1,0,경북,김천시,1,7,0,0,0,0,3,128.2665,36.0707,경북김천시,0,승용차화물차,0,0,0,76,0,0
2014-12-01,0,0,1,1,0,0,0,경기,양주시,1,7,6,1,1,0,4,127.0147,37.8694,경기양주시,0,승용차이륜차,0,0,0,59,0,0
2014-12-04,0,3,1,2,0,1,0,충북,제천시,1,5,0,0,0,1,3,128.0392,37.1437,충북제천시,0,화물차화물차,0,0,0,103,0,0
2014-05-31,1,5,1,1,0,0,0,경기,화성시,1,5,0,0,0,1,3,126.8839,37.2523,경기화성시,0,화물차화물차,0,1,0,50,0,0
2014-04-09,1,2,1,1,0,0,0,충북,음성군,1,6,0,0,0,0,1,127.4807,37.0116,충북음성군,0,승용차없음,0,0,0,110,0,0
2014-11-30,0,6,1,1,0,0,0,경기,성남시,1,5,0,1,1,0,2,127.1269,37.4442,경기성남시,0,승용차승용차,0,1,0,95,0,0
2014-11-30,0,6,1,1,0,0,0,경북,구미시,1,5,7,1,2,0,7,128.3487,36.1478,경북구미시,0,승용차원동기장치자전거,0,1,0,144,0,0
2014-11-30,0,6,5,5,0,0,0,경기,평택시,1,5,0,0,0,0,3,127.0391,37.0128,경기평택시,2,승용차화물차,0,1,0,14,0,0
2014-01-08,1,2,1,3,1,1,0,경기,남양주시,1,1,0,1,2,1,2,127.1921,37.7254,경기남양주시,0,화물차승용차,0,0,0,70,0,0
2014-01-02,1,3,1,2,1,0,0,전북,정읍시,1,6,0,0,0,1,1,126.7487,35.6488,전북정읍시,0,화물차없음,0,0,0,12,0,0
2014-01-22,1,2,1,1,0,0,0,인천,연수구,1,1,0,1,2,1,5,126.6965,37.4284,인천연수구,0,화물차자전거,0,0,0,35,0,0
2014-01-23,1,3,1,2,0,1,0,울산,남구,1,6,0,0,0,4,1,129.3225,35.5363,울산남구,0,이륜차없음,0,0,0,213,0,0
2014-01-18,1,5,1,1,0,0,0,경북,성주군,1,1,4,2,4,0,4,128.2885,35.9178,경북성주군,0,승용차이륜차,0,1,0,168,0,0
2014-01-20,0,0,1,16,6,9,0,인천,연수구,1,6,2,0,0,2,1,126.6713,37.4174,인천연수구,2,승합차없음,0,0,0,35,0,0
2014-01-29,1,2,1,2,0,1,0,경북,경주시,1,1,5,0,0,1,7,129.3161,35.6886,경북경주시,0,화물차원동기장치자전거,0,0,0,100,0,0
2014-01-28,1,1,1,1,0,0,0,경기,평택시,1,1,0,0,0,0,3,127.1162,36.9845,경기평택시,0,승용차화물차,0,0,0,14,0,0
2014-01-27,1,0,1,1,0,0,0,경북,군위군,1,6,0,1,2,0,1,128.7157,36.0955,경북군위군,0,승용차없음,0,0,0,170,0,0
2014-01-27,0,0,1,2,0,1,0,인천,중구,1,5,0,1,2,1,6,126.4858,37.4585,인천중구,0,화물차승합차,0,0,0,72,0,0
2014-01-26,1,6,1,1,0,0,0,경기,남양주시,1,1,0,1,2,6,3,127.3358,37.696,경기남양주시,0,원동기장치자전거화물차,0,1,0,70,0,0
2014-01-25,1,5,1,1,0,0,0,전남,나주시,1,6,0,0,0,0,1,126.7779,35.0364,전남나주시,0,승용차없음,0,1,0,33,0,0
2014-02-06,1,3,1,1,0,0,0,인천,중구,1,7,6,1,1,1,4,126.4969,37.4938,인천중구,0,화물차이륜차,0,0,0,72,0,0
2014-02-07,1,4,1,1,0,0,0,경북,구미시,1,1,0,0,0,4,2,128.3975,36.1151,경북구미시,0,이륜차승용차,0,0,0,144,0,0
2014-02-04,0,1,1,1,0,0,0,부산,남구,1,6,0,0,0,0,1,129.0745,35.1375,부산남구,0,승용차없음,0,0,0,180,0,0
2014-02-01,0,5,1,1,0,0,0,경북,영천시,1,11,0,0,0,0,1,128.9258,36.003,경북영천시,0,승용차없음,0,1,0,5,0,0
2014-11-19,0,2,1,4,2,1,0,경기,시흥시,1,1,0,1,2,1,3,126.7741,37.4288,경기시흥시,1,화물차화물차,0,0,0,73,0,0
2014-11-10,1,0,1,2,0,1,0,경기,안성시,1,1,0,0,0,1,9,127.2202,36.9905,경기안성시,0,화물차건설기계,0,0,0,23,0,0
2014-12-28,1,6,3,8,5,0,0,경기,안성시,1,6,0,0,0,0,1,127.2391,36.98,경기안성시,2,승용차없음,0,1,0,23,0,0
2014-10-31,1,4,1,2,0,1,0,충남,부여군,1,6,0,0,0,1,1,127.0641,36.2727,충남부여군,0,화물차없음,0,0,0,129,0,0
2014-11-12,0,2,1,3,1,1,0,충남,보령시,1,5,0,0,0,1,3,126.5869,36.201,충남보령시,0,화물차화물차,0,0,0,136,0,0
2014-01-06,0,0,1,1,0,0,0,경북,포항시,1,6,0,0,0,0,1,129.3856,36.0001,경북포항시,0,승용차없음,0,0,0,160,0,0
2014-01-06,1,0,1,1,0,0,0,충남,부여군,1,6,0,0,0,0,1,126.9204,36.2372,충남부여군,0,승용차없음,0,0,0,129,0,0
2014-01-01,0,2,1,1,0,0,0,경기,이천시,1,5,0,0,0,0,2,127.4579,37.2759,경기이천시,0,승용차승용차,0,1,0,41,0,0
2014-11-05,1,2,1,8,2,5,0,충북,옥천군,1,1,0,0,0,1,2,127.5772,36.3075,충북옥천군,2,화물차승용차,0,0,0,142,0,0
2014-12-21,0,6,1,2,0,1,0,충남,서천군,1,7,0,0,0,2,2,126.6826,36.0992,충남서천군,0,승합차승용차,0,1,0,10,0,0
2014-11-26,1,2,1,2,0,1,0,부산,강서구,1,1,0,0,0,0,3,128.9366,35.1587,부산강서구,0,승용차화물차,0,0,0,206,0,0
2014-12-23,1,1,1,1,0,0,0,경남,함양군,1,11,0,0,0,0,1,127.6371,35.5687,경남함양군,0,승용차없음,0,0,0,108,0,0
2014-12-23,0,1,1,1,0,0,0,경남,양산시,1,1,6,1,1,0,3,129.0471,35.3751,경남양산시,0,승용차화물차,0,0,0,49,0,0
2014-11-27,0,3,1,1,0,0,0,충남,예산군,1,9,6,1,1,6,2,126.8374,36.6978,충남예산군,0,원동기장치자전거승용차,0,0,0,187,0,0
2014-12-08,1,0,1,1,0,0,0,전북,무주군,1,1,0,0,0,0,1,127.6747,36.0202,전북무주군,0,승용차없음,0,0,0,182,0,0
2014-12-08,1,0,1,1,0,0,0,경북,구미시,1,6,0,1,1,0,1,128.442,36.0937,경북구미시,0,승용차없음,0,0,0,144,0,0
2014-12-06,0,5,1,1,0,0,0,서울,강동구,1,6,0,0,0,0,1,127.1289,37.5397,서울강동구,0,승용차없음,0,1,0,91,0,0
2014-12-10,1,2,1,1,0,0,0,경남,진주시,1,7,7,1,1,1,4,128.0667,35.2121,경남진주시,0,화물차이륜차,0,0,0,42,0,0
2014-12-25,0,3,1,1,0,0,0,경북,영천시,1,5,3,0,0,2,5,128.8031,36.0384,경북영천시,0,승합차자전거,0,1,0,5,0,0