발생년월일,주야,요일,사망자수,사상자수,중상자수,경상자수,부상신고자수,발생지시도,발생지시군구,사고유형_대분류,사고유형_중분류,법규위반,도로형태_대분류,도로형태,당사자종별_1당_대분류,당사자종별_2당_대분류,경도,위도,발생지,사고피해정도,사고차량타입,도시여부,주말/공휴일,인구수,발생지번호,보행자의위치,무단횡단여부
2014-12-27,1,5,1,3,1,1,0,충북,제천시,1,7,6,1,1,6,2,128.2017,37.1446,충북제천시,0,원동기장치자전거승용차,0,1,0,103,0,0
2014-12-28,0,6,1,3,1,1,0,경기,광주시,1,7,0,0,0,0,3,127.3516,37.344,경기광주시,0,승용차화물차,0,1,0,9,0,0
2014-12-26,1,4,1,1,0,0,0,경기,가평군,1,1,0,0,0,0,4,127.5144,37.8283,경기가평군,0,승용차이륜차,0,0,0,176,0,0
2014-12-23,1,1,1,2,1,0,0,충남,청양군,1,1,0,0,0,0,2,126.8365,36.5122,충남청양군,0,승용차승용차,0,0,0,174,0,0
2014-12-29,1,0,1,1,0,0,0,충남,서천군,1,7,6,1,1,6,3,126.6826,36.0837,충남서천군,0,원동기장치자전거화물차,0,0,0,10,0,0
2014-12-30,1,1,1,1,0,0,0,경기,안성시,1,1,7,1,1,1,5,127.2649,37.0071,경기안성시,0,화물차자전거,0,0,0,23,0,0
2014-12-30,1,1,1,1,0,0,0,대구,달성군,1,5,0,0,0,1,3,128.4367,35.7234,대구달성군,0,화물차화물차,0,0,0,30,0,0
2014-12-31,0,2,1,1,0,0,0,전남,고흥군,1,6,0,0,0,0,1,127.1458,34.4744,전남고흥군,0,승용차없음,0,0,0,191,0,0
2014-11-25,0,1,1,1,0,0,0,전북,김제시,1,6,0,0,0,0,1,126.8349,35.8094,전북김제시,0,승용차없음,0,0,0,34,0,0
2014-06-08,0,6,1,1,0,0,0,경남,양산시,1,1,0,0,0,0,4,128.9992,35.288,경남양산시,0,승용차이륜차,0,1,0,49,0,0
2014-01-31,1,4,2,4,2,0,0,경북,영주시,1,9,5,0,0,0,2,128.572,36.8606,경북영주시,1,승용차승용차,0,1,0,113,0,0
2014-01-30,1,3,1,5,4,0,0,경북,영덕군,1,9,5,0,0,0,3,129.4053,36.5117,경북영덕군,1,승용차화물차,0,1,0,54,0,0
2014-01-24,1,4,1,1,0,0,0,부산,기장군,1,1,0,0,0,4,1,129.2736,35.3236,부산기장군,0,이륜차없음,0,0,0,85,0,0
2014-02-14,0,4,1,1,0,0,0,전남,순천시,1,6,0,0,0,0,1,127.5194,34.954,전남순천시,0,승용차없음,0,0,0,27,0,0
2014-02-14,1,4,1,3,1,1,0,경북,영천시,1,1,5,0,0,1,3,128.8888,35.9015,경북영천시,0,화물차화물차,0,0,0,5,0,0
2014-01-07,1,1,1,3,0,2,0,경기,여주시,1,1,0,0,0,2,3,127.5289,37.3604,경기여주시,0,승합차화물차,0,0,0,22,0,0
2014-01-17,1,4,1,3,1,1,0,전북,고창군,1,1,5,2,0,0,3,126.6535,35.4176,전북고창군,0,승용차화물차,0,0,0,219,0,0
2014-10-29,1,2,1,1,0,0,0,전북,익산시,1,7,7,1,1,4,6,126.9621,35.9477,전북익산시,0,이륜차승합차,0,0,0,125,0,0
2014-10-29,1,2,1,1,0,0,0,경기,화성시,1,1,3,1,2,0,6,126.9197,37.1322,경기화성시,0,승용차승합차,0,0,0,50,0,0
2014-11-05,0,2,1,2,1,0,0,경북,의성군,1,9,0,0,0,1,3,128.6142,36.3821,경북의성군,0,화물차화물차,0,0,0,105,0,0
2014-10-06,0,0,1,1,0,0,0,서울,동작구,1,7,6,0,3,2,5,126.9163,37.497,서울동작구,0,승합차자전거,0,0,0,93,0,0
2014-10-04,1,5,1,1,0,0,0,제주,서귀포시,1,1,5,0,0,0,4,126.5234,33.2471,제주서귀포시,0,승용차이륜차,0,1,0,62,0,0
2014-10-05,1,6,1,1,0,0,0,경북,울진군,1,10,0,0,0,4,1,129.4671,36.7336,경북울진군,0,이륜차없음,0,1,0,208,0,0
2014-10-05,1,6,1,4,3,0,0,강원,홍천군,1,11,0,0,0,0,1,128.1008,37.8394,강원홍천군,1,승용차없음,0,1,0,82,0,0
2014-10-14,0,1,1,2,1,0,0,경기,수원시,1,1,5,0,0,0,2,127.0209,37.2939,경기수원시,0,승용차승용차,0,0,0,99,0,0
2014-10-13,0,0,1,2,0,1,0,제주,제주시,1,6,0,0,0,0,1,126.3284,33.3516,제주제주시,0,승용차없음,0,0,0,90,0,0
2014-10-17,1,4,1,1,0,0,0,부산,강서구,1,7,0,1,1,0,5,128.8658,35.0994,부산강서구,0,승용차자전거,0,0,0,206,0,0
2014-10-16,1,3,1,1,0,0,0,경북,구미시,1,1,0,0,0,7,1,128.3618,36.1282,경북구미시,0,자전거없음,0,0,0,144,0,0
2014-10-27,1,0,1,1,0,0,0,충남,서천군,1,5,0,0,0,0,3,126.6984,36.0125,충남서천군,0,승용차화물차,0,0,0,10,0,0
2014-10-26,1,6,1,1,0,0,0,경남,양산시,1,6,0,0,0,4,1,129.0885,35.4791,경남양산시,0,이륜차없음,0,1,0,49,0,0
2014-10-27,0,0,2,4,2,0,0,서울,금천구,1,9,5,2,0,0,2,126.8791,37.4753,서울금천구,1,승용차승용차,0,0,0,109,0,0
2014-10-25,1,5,1,1,0,0,0,경기,부천시,1,5,0,0,0,7,3,126.8175,37.5342,경기부천시,0,자전거화물차,0,1,0,65,0,0
2014-10-31,0,4,1,2,0,1,0,경북,포항시,1,1,0,1,2,1,2,129.3481,36.019,경북포항시,0,화물차승용차,0,0,0,160,0,0
2014-11-01,0,5,1,1,0,0,0,울산,울주군,1,6,0,0,0,6,1,129.3046,35.4342,울산울주군,0,원동기장치자전거없음,0,1,0,17,0,0
2014-11-02,0,6,1,1,0,0,0,경기,양평군,1,5,0,0,0,0,8,127.7145,37.56,경기양평군,0,승용차농기계,0,1,0,48,0,0
2014-10-31,0,4,1,1,0,0,0,경남,진주시,1,6,0,0,0,6,1,128.1152,35.1611,경남진주시,0,원동기장치자전거없음,0,0,0,42,0,0
2014-11-06,1,3,1,1,0,0,0,광주,북구,1,7,0,0,0,1,4,126.8554,35.1733,광주북구,0,화물차이륜차,0,0,0,137,0,0
2014-11-17,1,0,1,1,0,0,0,서울,서초구,1,1,0,0,3,1,5,126.9823,37.4882,서울서초구,0,화물차자전거,0,0,0,214,0,0
2014-06-03,1,1,1,8,0,0,7,경기,용인시,1,9,0,0,0,1,6,127.1038,37.275,경기용인시,1,화물차승합차,0,0,0,51,0,0
2014-03-30,1,6,2,7,5,0,0,전북,남원시,1,9,0,0,0,0,2,127.4518,35.4581,전북남원시,2,승용차승용차,0,1,0,193,0,0
2014-10-07,1,1,1,1,0,0,0,경북,봉화군,1,10,0,0,0,4,1,128.8114,37.0271,경북봉화군,0,이륜차없음,0,0,0,149,0,0
2014-10-13,1,0,1,1,0,0,0,대구,북구,1,1,0,1,2,2,5,128.592,35.888,대구북구,0,승합차자전거,0,0,0,112,0,0
2014-10-15,0,2,1,1,0,0,0,전북,순창군,1,11,0,0,0,4,1,127.091,35.3266,전북순창군,0,이륜차없음,0,0,0,131,0,0
2014-11-11,0,1,1,2,0,1,0,충북,청주시,1,6,0,0,0,0,1,127.469,36.6504,충북청주시,0,승용차없음,0,0,0,83,0,0
2014-11-11,1,1,1,1,0,0,0,전남,고흥군,1,1,0,0,0,4,1,127.3403,34.8015,전남고흥군,0,이륜차없음,0,0,0,191,0,0
2014-11-10,1,0,1,3,1,1,0,충북,음성군,1,1,0,1,2,1,3,127.6638,36.8844,충북음성군,0,화물차화물차,0,0,0,110,0,0
2014-11-10,1,0,1,1,0,0,0,전북,진안군,1,6,0,0,0,1,1,127.316,35.7295,전북진안군,0,화물차없음,0,0,0,192,0,0
2014-11-09,0,6,1,1,0,0,0,경기,가평군,1,6,0,1,2,2,1,127.4365,37.758,경기가평군,0,승합차없음,0,1,0,176,0,0
2014-11-08,0,5,1,2,1,0,0,충남,청양군,1,10,0,0,0,4,1,126.7881,36.4445,충남청양군,0,이륜차없음,0,1,0,174,0,0
2014-11-18,1,1,1,1,0,0,0,경기,연천군,1,7,0,1,2,7,3,127.0647,38.0313,경기연천군,0,자전거화물차,0,0,0,106,0,0
2014-11-18,1,1,1,1,0,0,0,강원,양양군,1,6,0,0,0,1,1,128.7923,37.9088,강원양양군,0,화물차없음,0,0,0,164,0,0
2014-10-07,1,1,2,5,2,1,0,울산,울주군,1,9,5,0,0,0,3,129.3367,35.4447,울산울주군,1,승용차화물차,0,0,0,17,0,0
2014-10-05,1,6,1,1,0,0,0,충남,서산시,1,1,5,1,1,4,9,126.4234,36.7396,충남서산시,0,이륜차건설기계,0,1,0,69,0,0
2014-10-07,0,1,1,1,0,0,0,대전,중구,1,1,0,1,1,0,7,127.3962,36.3288,대전중구,0,승용차원동기장치자전거,0,0,0,39,0,0
2014-10-07,1,1,1,2,0,1,0,경기,안성시,1,9,5,0,0,1,9,127.3578,37.0802,경기안성시,0,화물차건설기계,0,0,0,23,0,0
2014-08-22,1,4,1,3,1,1,0,전남,여수시,1,6,0,0,0,0,1,127.7114,34.7482,전남여수시,0,승용차없음,0,0,0,102,0,0
2014-11-17,0,0,1,1,0,0,0,충북,청주시,1,7,0,0,0,4,2,127.4425,36.6247,충북청주시,0,이륜차승용차,0,0,0,83,0,0
2014-11-03,1,0,1,2,1,0,0,강원,원주시,1,7,7,1,1,1,4,127.9228,37.3534,강원원주시,0,화물차이륜차,0,0,0,36,0,0
2014-09-12,0,4,1,1,0,0,0,경남,함양군,1,7,7,1,1,7,3,127.7743,35.5621,경남함양군,0,자전거화물차,0,0,0,108,0,0
2014-09-10,1,2,1,1,0,0,0,서울,강서구,1,6,0,0,0,6,1,126.7971,37.5828,서울강서구,0,원동기장치자전거없음,0,0,0,43,0,0
2014-09-11,1,3,1,1,0,0,0,경북,경산시,1,5,0,0,0,1,4,128.7452,35.9563,경북경산시,0,화물차이륜차,0,0,0,52,0,0
2014-09-11,1,3,1,1,0,0,0,경기,화성시,1,10,0,0,0,4,1,127.0311,37.2125,경기화성시,0,이륜차없음,0,0,0,50,0,0
2014-09-11,0,3,1,1,0,0,0,서울,강서구,1,7,0,1,1,4,6,126.8525,37.5559,서울강서구,0,이륜차승합차,0,0,0,43,0,0
2014-09-11,0,3,1,2,1,0,0,전북,군산시,1,7,0,1,1,0,4,126.7547,36.0037,전북군산시,0,승용차이륜차,0,0,0,166,0,0
2014-09-12,1,4,1,1,0,0,0,대구,달서구,1,7,6,0,3,3,4,128.512,35.836,대구달서구,0,건설기계이륜차,0,0,0,20,0,0
2014-09-25,1,3,1,1,0,0,0,충남,서천군,1,1,0,0,0,1,1,126.5889,36.146,충남서천군,0,화물차없음,0,0,0,10,0,0
2014-09-22,0,0,1,1,0,0,0,서울,마포구,1,1,0,0,0,7,2,126.9414,37.537,서울마포구,0,자전거승용차,0,0,0,159,0,0
2014-09-23,1,1,1,1,0,0,0,경북,청도군,1,10,0,0,0,4,1,128.6096,35.6616,경북청도군,0,이륜차없음,0,0,0,3,0,0
2014-09-24,0,2,1,1,0,0,0,경기,광주시,1,6,0,0,0,0,1,127.3353,37.328,경기광주시,0,승용차없음,0,0,0,9,0,0
2014-10-03,0,4,1,3,0,2,0,서울,관악구,1,1,6,1,1,4,2,126.9153,37.4777,서울관악구,0,이륜차승용차,0,1,0,188,0,0
2014-10-01,1,2,1,2,1,0,0,경기,용인시,1,5,0,0,0,0,3,127.1046,37.3205,경기용인시,0,승용차화물차,0,0,0,51,0,0
2014-10-01,1,2,1,2,0,1,0,경북,예천군,1,7,0,1,1,1,4,128.2817,36.6069,경북예천군,0,화물차이륜차,0,0,0,55,0,0
2014-09-01,1,0,1,1,0,0,0,경북,김천시,1,7,7,1,1,1,5,128.1242,36.1177,경북김천시,0,화물차자전거,0,0,0,76,0,0
2014-09-05,1,4,1,1,0,0,0,서울,성북구,1,1,5,1,2,0,4,126.9996,37.6087,서울성북구,0,승용차이륜차,0,0,0,167,0,0
2014-09-08,1,0,1,1,0,0,0,광주,서구,1,6,5,1,2,2,1,126.8559,35.1602,광주서구,0,승합차없음,0,1,0,222,0,0
2014-09-02,0,1,1,1,0,0,0,대전,대덕구,1,1,0,2,0,1,1,127.4205,36.413,대전대덕구,0,화물차없음,0,0,0,77,0,0
2014-09-02,0,1,1,1,0,0,0,강원,영월군,1,11,0,0,0,9,1,128.2833,37.2663,강원영월군,0,농기계없음,0,0,0,114,0,0
2014-09-21,1,6,1,1,0,0,0,충남,천안시,1,11,0,0,0,4,1,127.3034,36.8977,충남천안시,0,이륜차없음,0,1,0,63,0,0
2014-10-01,0,2,1,1,0,0,0,전북,익산시,1,7,8,1,1,0,5,126.9786,35.947,전북익산시,0,승용차자전거,0,0,0,125,0,0
2014-11-11,0,1,1,5,0,4,0,전남,나주시,1,5,0,0,0,1,3,126.7007,35.1041,전남나주시,1,화물차화물차,0,0,0,33,0,0
2014-12-01,1,0,1,2,0,1,0,전북,완주군,1,9,5,0,0,1,3,127.1683,35.8863,전북완주군,0,화물차화물차,0,0,0,28,0,0
2014-01-06,0,0,1,1,0,0,0,경남,의령군,1,6,0,0,0,0,1,128.1629,35.3598,경남의령군,0,승용차없음,0,0,0,189,0,0
2014-01-04,0,5,1,1,0,0,0,부산,강서구,1,1,6,1,2,0,9,128.874,35.1411,부산강서구,0,승용차건설기계,0,1,0,206,0,0
2014-01-03,0,4,1,1,0,0,0,서울,마포구,1,6,0,0,0,0,1,126.9432,37.5357,서울마포구,0,승용차없음,0,0,0,159,0,0
2014-01-14,0,1,1,1,0,0,0,강원,원주시,1,6,0,0,0,0,1,127.8144,37.3062,강원원주시,0,승용차없음,0,0,0,36,0,0
2014-01-11,1,5,1,3,1,1,0,충북,옥천군,1,9,5,0,0,0,2,127.6026,36.2976,충북옥천군,0,승용차승용차,0,1,0,142,0,0
2014-02-05,0,2,1,3,2,0,0,세종,세종,1,10,0,0,0,0,1,127.3326,36.5465,세종세종,1,승용차없음,1,0,0,229,0,0
2014-10-20,0,0,1,1,0,0,0,충남,예산군,1,6,0,0,0,0,1,126.6792,36.7376,충남예산군,0,승용차없음,0,0,0,187,0,0
2014-10-23,1,3,1,1,0,0,0,제주,서귀포시,1,6,0,0,0,4,1,126.454,33.253,제주서귀포시,0,이륜차없음,0,0,0,62,0,0
2014-10-23,0,3,1,1,0,0,0,경기,수원시,1,7,6,1,1,7,2,127.0678,37.2481,경기수원시,0,자전거승용차,0,0,0,99,0,0
2014-10-29,1,2,1,3,1,0,1,강원,홍천군,1,1,0,0,0,0,1,128.014,37.8547,강원홍천군,0,승용차없음,0,0,0,82,0,0
2014-11-10,1,0,1,1,0,0,0,경기,용인시,1,5,0,0,0,1,8,127.3919,37.1414,경기용인시,0,화물차농기계,0,0,0,51,0,0
2014-11-10,0,0,1,1,0,0,0,경북,포항시,1,7,6,1,1,4,2,129.3837,35.9695,경북포항시,0,이륜차승용차,0,0,0,160,0,0
2014-11-09,0,6,1,1,0,0,0,서울,성북구,1,7,6,1,1,7,2,127.0554,37.6123,서울성북구,0,자전거승용차,0,1,0,167,0,0
2014-11-11,0,1,1,1,0,0,0,대구,수성구,1,5,0,1,2,0,6,128.7104,35.8395,대구수성구,0,승용차승합차,0,0,0,37,0,0
2014-11-06,1,3,1,1,0,0,0,대구,달성군,1,6,0,0,0,1,1,128.4566,35.726,대구달성군,0,화물차없음,0,0,0,30,0,0
2014-11-19,0,2,1,1,0,0,0,충남,아산시,1,11,0,2,4,0,1,127.1111,36.7587,충남아산시,0,승용차없음,0,0,0,53,0,0
2014-11-20,1,3,1,1,0,0,0,대구,달성군,1,1,0,1,2,1,7,128.4466,35.6819,대구달성군,0,화물차원동기장치자전거,0,0,0,30,0,0
2014-11-20,1,3,1,2,0,1,0,서울,광진구,1,7,8,1,1,0,7,127.0853,37.554,서울광진구,0,승용차원동기장치자전거,0,0,0,183,0,0
2014-11-20,1,3,1,1,0,0,0,경북,상주시,1,5,0,0,0,1,5,128.1799,36.5628,경북상주시,0,화물차자전거,0,0,0,58,0,0
2014-10-09,0,3,1,3,1,1,0,경기,의정부시,1,7,2,1,1,0,2,127.0482,37.7436,경기의정부시,0,승용차승용차,0,1,0,64,0,0
2014-10-04,1,5,1,1,0,0,0,경기,안산시,1,6,0,0,0,4,1,126.8599,37.3377,경기안산시,0,이륜차없음,0,1,0,2,0,0
2014-10-13,1,0,1,1,0,0,0,인천,서구,1,1,5,0,0,7,3,126.6771,37.5491,인천서구,0,자전거화물차,0,0,0,97,0,0
2014-10-21,1,1,1,1,0,0,0,전남,해남군,1,1,0,0,0,9,1,126.6141,34.3764,전남해남군,0,농기계없음,0,0,0,119,0,0
2014-10-20,1,0,1,3,0,2,0,서울,양천구,1,5,0,1,2,0,3,126.8766,37.5301,서울양천구,0,승용차화물차,0,0,0,140,0,0
2014-10-16,1,3,1,5,3,1,0,강원,홍천군,1,10,0,0,0,1,1,127.9634,37.8174,강원홍천군,1,화물차없음,0,0,0,82,0,0
2014-08-25,1,0,1,1,0,0,0,충북,충주시,1,9,5,2,4,0,9,127.8548,37.0386,충북충주시,0,승용차건설기계,0,0,0,6,0,0
2014-08-25,1,0,1,2,0,1,0,경남,고성군,1,7,6,1,1,1,6,128.3664,35.0562,경남고성군,0,화물차승합차,0,0,0,87,0,0
2014-08-22,0,4,2,5,2,1,0,경기,성남시,1,1,0,1,1,0,2,127.1098,37.4032,경기성남시,1,승용차승용차,0,0,0,95,0,0
2014-09-02,1,1,1,2,1,0,0,경기,용인시,1,9,5,0,0,0,9,127.2354,37.2083,경기용인시,0,승용차건설기계,0,0,0,51,0,0
2014-08-23,0,5,1,1,0,0,0,울산,울주군,1,1,0,0,0,0,1,129.2503,35.5723,울산울주군,0,승용차없음,0,1,0,17,0,0
2014-09-02,0,1,1,4,1,1,1,경기,연천군,1,6,0,0,0,0,1,127.0777,38.181,경기연천군,1,승용차없음,0,0,0,106,0,0
2014-08-29,1,4,1,1,0,0,0,서울,송파구,1,1,0,1,1,3,5,127.1273,37.4758,서울송파구,0,건설기계자전거,0,0,0,156,0,0
2014-09-06,0,5,1,1,0,0,0,인천,서구,1,10,0,0,0,6,1,126.637,37.541,인천서구,0,원동기장치자전거없음,0,1,0,97,0,0
2014-09-06,1,5,1,1,0,0,0,제주,서귀포시,1,10,0,0,0,4,1,126.1896,33.2717,제주서귀포시,0,이륜차없음,0,1,0,62,0,0
2014-09-07,0,6,1,7,6,0,0,대구,수성구,1,9,5,1,2,0,2,128.6413,35.859,대구수성구,2,승용차승용차,0,1,0,37,0,0
2014-09-07,0,6,1,1,0,0,0,전북,군산시,1,6,0,0,0,0,1,126.7104,35.9595,전북군산시,0,승용차없음,0,1,0,166,0,0
2014-09-04,1,3,1,1,0,0,0,경기,수원시,1,6,0,0,0,4,1,127.0271,37.244,경기수원시,0,이륜차없음,0,0,0,99,0,0
2014-09-05,1,4,1,1,0,0,0,충남,태안군,1,7,0,0,0,6,2,126.215,36.8649,충남태안군,0,원동기장치자전거승용차,0,0,0,169,0,0
2014-09-05,1,4,1,2,0,1,0,전북,진안군,1,1,0,0,0,1,1,127.3817,35.6749,전북진안군,0,화물차없음,0,0,0,192,0,0
2014-09-12,0,4,1,1,0,0,0,충남,서천군,1,1,8,1,1,2,7,126.6847,36.0838,충남서천군,0,승합차원동기장치자전거,0,0,0,10,0,0
2014-09-14,1,6,1,1,0,0,0,울산,울주군,1,10,0,0,0,9,1,129.1653,35.5288,울산울주군,0,농기계없음,0,1,0,17,0,0
2014-12-10,0,2,1,1,0,0,0,울산,동구,1,6,0,0,0,4,1,129.4088,35.4943,울산동구,0,이륜차없음,0,0,0,225,0,0
2014-12-11,0,3,1,3,0,2,0,경기,포천시,1,1,0,0,0,2,1,127.2444,37.8716,경기포천시,0,승합차없음,0,0,0,171,0,0
2014-12-19,0,4,1,1,0,0,0,경북,안동시,1,5,0,0,0,0,2,128.7199,36.5599,경북안동시,0,승용차승용차,0,0,0,66,0,0
2014-12-17,0,2,1,1,0,0,0,전남,완도군,1,5,0,0,0,0,3,126.7299,34.3344,전남완도군,0,승용차화물차,0,0,0,141,0,0
2014-12-28,0,6,1,4,2,1,0,전북,전주시,1,9,5,0,0,0,2,127.1047,35.8701,전북전주시,1,승용차승용차,0,1,0,11,0,0
2014-12-26,1,4,1,1,0,0,0,경북,영천시,1,1,0,1,1,1,5,128.9931,36.0253,경북영천시,0,화물차자전거,0,0,0,5,0,0
2014-11-15,0,5,1,2,0,1,0,인천,연수구,1,7,6,1,1,4,2,126.6828,37.4242,인천연수구,0,이륜차승용차,0,1,0,35,0,0
2014-11-24,0,0,1,1,0,0,0,충북,청주시,1,6,0,1,1,0,1,127.3606,36.624,충북청주시,0,승용차없음,0,0,0,83,0,0
2014-10-01,0,2,1,3,2,0,0,전북,익산시,1,5,0,2,4,1,3,126.9368,35.922,전북익산시,1,화물차화물차,0,0,0,125,0,0
2014-10-03,1,4,1,1,0,0,0,경남,거제시,1,1,0,0,0,5,1,128.6496,34.9795,경남거제시,0,특수차없음,0,1,0,15,0,0
2014-12-13,1,5,1,3,1,1,0,충남,아산시,1,6,0,0,0,0,1,127.0301,36.8652,충남아산시,0,승용차없음,0,1,0,53,0,0
2014-12-14,1,6,1,1,0,0,0,경북,영덕군,1,1,0,0,0,0,2,129.3757,36.4022,경북영덕군,0,승용차승용차,0,1,0,54,0,0
2014-12-13,1,5,1,2,0,1,0,전남,영암군,1,7,0,0,0,0,3,126.434,34.754,전남영암군,0,승용차화물차,0,1,0,16,0,0
2014-12-14,1,6,1,1,0,0,0,충남,태안군,1,6,0,0,0,4,1,126.2286,36.6961,충남태안군,0,이륜차없음,0,1,0,169,0,0
2014-12-20,0,5,1,2,1,0,0,경기,화성시,1,10,0,0,0,1,1,126.9608,37.2216,경기화성시,0,화물차없음,0,1,0,50,0,0
2014-11-22,1,5,1,2,0,1,0,충북,청주시,1,6,0,0,0,1,1,127.5536,36.6502,충북청주시,0,화물차없음,0,1,0,83,0,0
2014-12-01,1,0,1,1,0,0,0,강원,삼척시,1,7,0,1,2,3,5,129.1674,37.4366,강원삼척시,0,건설기계자전거,0,0,0,78,0,0
2014-12-31,0,2,1,5,0,4,0,경기,광주시,1,5,0,1,2,0,2,127.1603,37.3583,경기광주시,1,승용차승용차,0,0,0,9,0,0
2014-11-14,0,4,1,5,3,1,0,충남,서산시,1,7,5,0,0,0,2,126.4364,36.9353,충남서산시,1,승용차승용차,0,0,0,69,0,0
2014-12-31,1,2,1,1,0,0,0,전북,임실군,1,6,0,0,0,0,1,127.282,35.6893,전북임실군,0,승용차없음,0,0,0,152,0,0
2014-11-22,0,5,1,1,0,0,0,강원,춘천시,1,5,0,1,2,4,2,127.7412,37.8901,강원춘천시,0,이륜차승용차,0,1,0,111,0,0
2014-12-01,1,0,1,1,0,0,0,부산,사상구,1,5,0,0,0,4,3,128.977,35.1701,부산사상구,0,이륜차화물차,0,0,0,120,0,0
2012-02-21,0,1,1,2,1,0,0,전남,광양시,1,6,0,0,0,1,1,127.6192,35.0103,전남광양시,0,화물차없음,0,0,0,130,0,0
2014-01-21,1,1,1,3,1,1,0,강원,영월군,1,10,0,0,0,2,1,128.1754,37.3168,강원영월군,0,승합차없음,0,0,0,114,0,0
2013-02-05,1,1,1,1,0,0,0,경북,경산시,1,1,8,1,1,1,4,128.8221,35.8211,경북경산시,0,화물차이륜차,0,0,0,52,0,0
2012-06-04,0,0,1,1,0,0,0,전남,영암군,1,11,0,1,1,4,1,126.6081,34.6984,전남영암군,0,이륜차없음,0,0,0,16,0,0
2013-01-11,0,4,1,1,0,0,0,광주,남구,1,6,0,0,0,0,1,126.8789,35.1044,광주남구,0,승용차없음,0,0,0,190,0,0
2013-06-14,0,4,1,2,1,0,0,제주,제주시,1,5,0,0,0,0,8,126.3661,33.3634,제주제주시,0,승용차농기계,0,0,0,90,0,0
2014-04-03,1,3,1,1,0,0,0,제주,제주시,1,1,0,0,0,4,2,126.2747,33.4109,제주제주시,0,이륜차승용차,0,0,0,90,0,0
2014-11-25,1,1,1,2,0,1,0,경기,화성시,1,1,0,0,0,1,2,126.9199,37.1317,경기화성시,0,화물차승용차,0,0,0,50,0,0
2014-04-09,1,2,1,1,0,0,0,충북,청원군,1,6,0,0,0,1,1,127.4171,36.4546,충북청주시,0,화물차없음,0,0,0,83,0,0
2014-04-01,1,1,1,7,2,3,1,울산,울주군,1,1,0,0,0,1,2,129.1273,35.5605,울산울주군,1,화물차승용차,0,0,0,17,0,0
2014-01-16,0,3,1,1,0,0,0,전남,여수시,1,6,0,0,0,0,1,127.7159,34.7449,전남여수시,0,승용차없음,0,0,0,102,0,0
2014-01-14,1,1,1,1,0,0,0,경북,경산시,1,1,0,1,2,1,1,128.8235,35.8204,경북경산시,0,화물차없음,0,0,0,52,0,0
2014-01-14,1,1,1,1,0,0,0,전북,전주시,1,5,3,0,0,1,11,127.0741,35.7913,전북전주시,0,화물차특수차,0,0,0,11,0,0
2014-01-12,0,6,1,2,1,0,0,경기,안산시,1,5,0,1,2,4,2,126.8445,37.3117,경기안산시,0,이륜차승용차,0,1,0,2,0,0
2014-01-20,1,0,1,4,2,1,0,전북,진안군,1,11,0,0,0,0,1,127.4327,35.7617,전북진안군,1,승용차없음,0,0,0,192,0,0
2014-01-31,1,4,1,1,0,0,0,전남,담양군,1,6,0,0,0,4,1,127.0033,35.3237,전남담양군,0,이륜차없음,0,1,0,181,0,0
2014-01-25,1,5,1,1,0,0,0,광주,동구,1,1,4,0,0,0,1,126.937,35.1505,광주동구,0,승용차없음,0,1,0,162,0,0
2014-01-25,0,5,1,1,0,0,0,전북,남원시,1,6,0,1,2,6,1,127.3935,35.4114,전북남원시,0,원동기장치자전거없음,0,1,0,193,0,0
2014-01-26,0,6,1,3,2,0,0,강원,인제군,1,6,0,0,0,0,1,128.2814,38.179,강원인제군,1,승용차없음,0,1,0,124,0,0
2014-02-05,0,2,1,1,0,0,0,경기,포천시,1,6,0,0,0,1,1,127.1333,37.8408,경기포천시,0,화물차없음,0,0,0,171,0,0
2014-02-21,1,4,1,1,0,0,0,서울,영등포구,1,7,0,0,0,1,7,126.8844,37.5179,서울영등포구,0,화물차원동기장치자전거,0,0,0,150,0,0
2014-09-20,0,5,1,1,0,0,0,서울,양천구,1,6,0,0,0,0,1,126.8696,37.5254,서울양천구,0,승용차없음,0,1,0,140,0,0
2014-09-20,1,5,1,1,0,0,0,경기,양평군,1,1,0,1,2,2,6,127.5819,37.4855,경기양평군,0,승합차승합차,0,1,0,48,0,0
2014-09-19,0,4,2,5,0,3,0,부산,강서구,1,7,2,1,1,0,2,128.929,35.1984,부산강서구,1,승용차승용차,0,0,0,206,0,0
2014-09-16,0,1,1,1,0,0,0,대전,유성구,1,1,9,0,0,0,5,127.3889,36.4229,대전유성구,0,승용차자전거,0,0,0,148,0,0
2014-09-26,0,4,1,1,0,0,0,전남,영암군,1,1,0,0,0,1,2,126.6285,34.8398,전남영암군,0,화물차승용차,0,0,0,16,0,0
2014-09-25,0,3,1,1,0,0,0,경기,고양시,1,6,0,1,1,0,1,126.8759,37.582,경기고양시,0,승용차없음,0,0,0,40,0,0
2014-09-24,1,2,1,4,3,0,0,경남,밀양시,1,6,0,1,2,2,1,128.8433,35.4929,경남밀양시,1,승합차없음,0,0,0,177,0,0
2014-09-24,1,2,1,4,3,0,0,경북,청송군,1,9,5,0,0,1,3,129.0695,36.3883,경북청송군,1,화물차화물차,0,0,0,203,0,0
2014-09-23,1,1,1,1,0,0,0,전북,무주군,1,7,6,1,1,3,2,127.5911,35.9086,전북무주군,0,건설기계승용차,0,0,0,182,0,0