발생년월일,주야,요일,사망자수,사상자수,중상자수,경상자수,부상신고자수,발생지시도,발생지시군구,사고유형_대분류,사고유형_중분류,법규위반,도로형태_대분류,도로형태,당사자종별_1당_대분류,당사자종별_2당_대분류,경도,위도,발생지,사고피해정도,사고차량타입,도시여부,주말/공휴일,인구수,발생지번호,보행자의위치,무단횡단여부
2014-10-05,1,6,1,2,1,0,0,경기,이천시,1,1,0,0,0,1,4,127.5198,37.1299,경기이천시,0,화물차이륜차,0,1,0,41,0,0
2014-10-14,0,1,1,1,0,0,0,서울,마포구,1,7,0,1,1,4,2,126.9193,37.5579,서울마포구,0,이륜차승용차,0,0,0,159,0,0
2014-10-12,0,6,1,1,0,0,0,전북,전주시,1,1,0,0,0,6,2,127.1418,35.8121,전북전주시,0,원동기장치자전거승용차,0,1,0,11,0,0
2014-10-11,0,5,1,1,0,0,0,충남,천안시,1,7,6,1,1,0,3,127.2305,36.914,충남천안시,0,승용차화물차,0,1,0,63,0,0
2014-10-10,0,4,1,2,0,1,0,전남,무안군,1,7,0,1,2,1,2,126.4288,34.8859,전남무안군,0,화물차승용차,0,0,0,101,0,0
2014-10-11,1,5,1,2,0,1,0,경북,경산시,1,7,0,1,1,1,4,128.8355,35.7917,경북경산시,0,화물차이륜차,0,1,0,52,0,0
2014-10-20,0,0,1,1,0,0,0,경남,김해시,1,6,0,1,2,1,1,128.9039,35.2439,경남김해시,0,화물차없음,0,0,0,13,0,0
2014-10-19,1,6,1,5,4,0,0,강원,고성군,1,1,0,0,0,0,2,128.5434,38.2964,강원고성군,1,승용차승용차,0,1,0,217,0,0
2014-10-21,1,1,1,2,0,1,0,경북,경산시,1,6,0,0,0,0,1,128.8648,35.7948,경북경산시,0,승용차없음,0,0,0,52,0,0
2014-09-05,1,4,1,1,0,0,0,서울,서초구,1,6,0,0,0,0,1,126.9966,37.4811,서울서초구,0,승용차없음,0,0,0,214,0,0
2014-09-27,0,5,1,3,0,2,0,전북,전주시,1,9,6,1,1,4,2,127.1159,35.8338,전북전주시,0,이륜차승용차,0,1,0,11,0,0
2014-09-26,1,4,1,1,0,0,0,전남,영광군,1,10,0,0,0,4,1,126.4916,35.2903,전남영광군,0,이륜차없음,0,0,0,127,0,0
2014-09-15,0,0,1,1,0,0,0,충남,청양군,1,11,0,0,0,1,1,126.7284,36.4493,충남청양군,0,화물차없음,0,0,0,174,0,0
2014-09-17,0,2,1,7,4,2,0,인천,서구,1,7,6,1,1,0,2,126.6739,37.5936,인천서구,2,승용차승용차,0,0,0,97,0,0
2014-09-10,0,2,1,5,4,0,0,강원,화천군,1,10,0,0,0,0,1,127.6796,38.0703,강원화천군,1,승용차없음,0,0,0,218,0,0
2014-09-11,1,3,1,1,0,0,0,강원,철원군,1,7,7,1,1,1,4,127.3473,38.2284,강원철원군,0,화물차이륜차,0,0,0,184,0,0
2014-09-11,1,3,1,1,0,0,0,경남,밀양시,1,5,0,0,0,0,8,128.6956,35.4071,경남밀양시,0,승용차농기계,0,0,0,177,0,0
2014-09-19,0,4,1,1,0,0,0,강원,양구군,1,10,0,1,2,0,1,127.9969,38.0911,강원양구군,0,승용차없음,0,0,0,115,0,0
2014-09-21,1,6,1,1,0,0,0,충북,영동군,1,10,0,0,0,4,1,127.9492,36.0695,충북영동군,0,이륜차없음,0,1,0,75,0,0
2014-09-20,1,5,1,2,0,1,0,대구,서구,1,1,0,0,0,0,4,128.5653,35.8602,대구서구,0,승용차이륜차,0,1,0,107,0,0
2014-09-16,1,1,1,1,0,0,0,대전,대덕구,1,7,6,1,1,3,5,127.4164,36.4048,대전대덕구,0,건설기계자전거,0,0,0,77,0,0
2014-08-19,1,1,1,1,0,0,0,경남,김해시,1,1,0,0,0,2,5,128.7867,35.3388,경남김해시,0,승합차자전거,0,0,0,13,0,0
2014-08-16,0,5,1,1,0,0,0,강원,삼척시,1,6,0,0,0,6,1,129.1834,37.4356,강원삼척시,0,원동기장치자전거없음,0,1,0,78,0,0
2014-12-14,1,6,1,2,1,0,0,경기,파주시,1,6,0,0,0,0,1,126.9725,38.0027,경기파주시,0,승용차없음,0,1,0,175,0,0
2014-12-12,1,4,1,1,0,0,0,경남,창원시(통합),1,1,5,0,0,7,2,128.6563,35.2439,경남창원시(통합),0,자전거승용차,0,0,0,86,0,0
2014-12-12,1,4,1,1,0,0,0,전북,고창군,1,11,0,0,0,0,1,126.5964,35.4502,전북고창군,0,승용차없음,0,0,0,219,0,0
2014-12-08,1,0,1,2,1,0,0,경기,양주시,1,9,6,1,1,0,2,127.0148,37.8695,경기양주시,0,승용차승용차,0,0,0,59,0,0
2014-12-20,1,5,1,2,1,0,0,충남,공주시,1,9,5,0,0,0,3,127.0589,36.4267,충남공주시,0,승용차화물차,0,1,0,19,0,0
2014-12-20,1,5,1,2,1,0,0,경북,영천시,1,1,5,0,0,6,3,128.8885,35.9037,경북영천시,0,원동기장치자전거화물차,0,1,0,5,0,0
2014-12-26,1,4,1,2,0,1,0,충남,당진시,1,5,0,0,0,1,3,126.8464,36.8836,충남당진시,0,화물차화물차,0,0,0,46,0,0
2014-12-25,0,3,1,1,0,0,0,충북,청주시,1,7,0,0,0,0,5,127.4866,36.664,충북청주시,0,승용차자전거,0,1,0,83,0,0
2014-12-22,0,0,1,1,0,0,0,경기,양평군,1,10,0,0,0,0,1,127.4126,37.6041,경기양평군,0,승용차없음,0,0,0,48,0,0
2014-12-24,1,2,1,1,0,0,0,대구,달성군,1,1,0,0,0,9,1,128.4722,35.885,대구달성군,0,농기계없음,0,0,0,30,0,0
2014-12-23,1,1,1,1,0,0,0,경남,창원시(통합),1,1,5,0,0,1,3,128.4626,35.186,경남창원시(통합),0,화물차화물차,0,0,0,86,0,0
2014-11-16,0,6,1,1,0,0,0,대구,달서구,1,5,0,0,0,6,3,128.5741,35.8567,대구달서구,0,원동기장치자전거화물차,0,1,0,20,0,0
2014-11-26,1,2,2,7,5,0,0,충남,태안군,1,9,5,0,0,0,9,126.2927,36.6771,충남태안군,2,승용차건설기계,0,0,0,169,0,0
2014-11-22,1,5,1,1,0,0,0,충남,당진시,1,7,7,1,1,3,7,126.6285,36.8887,충남당진시,0,건설기계원동기장치자전거,0,1,0,46,0,0
2014-11-20,0,3,1,1,0,0,0,전남,장흥군,1,5,0,0,0,1,5,126.844,34.7996,전남장흥군,0,화물차자전거,0,0,0,56,0,0
2014-11-20,1,3,1,1,0,0,0,광주,남구,1,6,0,2,4,1,1,126.8773,35.0898,광주남구,0,화물차없음,0,0,0,190,0,0
2014-11-27,0,3,1,2,0,1,0,충북,영동군,1,6,0,0,0,1,1,127.7276,36.2035,충북영동군,0,화물차없음,0,0,0,75,0,0
2014-12-07,0,6,1,3,1,0,1,경남,창원시(통합),1,6,0,1,2,4,1,128.5051,35.2267,경남창원시(통합),0,이륜차없음,0,1,0,86,0,0
2014-12-06,0,5,1,1,0,0,0,대구,달서구,1,5,0,0,0,1,3,128.5248,35.8603,대구달서구,0,화물차화물차,0,1,0,20,0,0
2014-12-05,0,4,1,1,0,0,0,전북,전주시,1,1,0,0,0,0,2,127.1319,35.7921,전북전주시,0,승용차승용차,0,0,0,11,0,0
2014-12-05,1,4,1,2,1,0,0,충남,금산군,1,6,0,0,0,1,1,127.5212,36.1939,충남금산군,0,화물차없음,0,0,0,68,0,0
2014-12-05,0,4,1,1,0,0,0,경기,용인시,1,6,0,1,2,0,1,127.2388,37.3387,경기용인시,0,승용차없음,0,0,0,51,0,0
2014-12-09,0,1,1,1,0,0,0,서울,성동구,1,1,0,0,0,0,2,127.0347,37.5407,서울성동구,0,승용차승용차,0,0,0,84,0,0
2014-12-19,0,4,1,4,0,2,1,광주,동구,1,7,0,1,1,0,2,126.9099,35.1536,광주동구,0,승용차승용차,0,0,0,162,0,0
2014-12-19,0,4,1,3,0,2,0,전남,나주시,1,7,0,0,0,0,6,126.7195,35.0329,전남나주시,0,승용차승합차,0,0,0,33,0,0
2014-12-19,1,4,1,5,3,1,0,전북,남원시,1,7,8,1,1,0,2,127.4392,35.4251,전북남원시,1,승용차승용차,0,0,0,193,0,0
2014-12-19,1,4,1,1,0,0,0,경남,창원시(통합),1,5,0,1,2,1,3,128.7094,35.3449,경남창원시(통합),0,화물차화물차,0,0,0,86,0,0
2014-12-19,0,4,1,1,0,0,0,경북,경주시,1,1,0,1,1,4,3,129.3203,35.6785,경북경주시,0,이륜차화물차,0,0,0,100,0,0
2014-11-22,0,5,1,1,0,0,0,경남,창원시(통합),1,5,0,0,0,0,8,128.6856,35.3481,경남창원시(통합),0,승용차농기계,0,1,0,86,0,0
2014-12-13,1,5,1,1,0,0,0,경기,남양주시,1,5,0,0,0,0,3,127.3173,37.6537,경기남양주시,0,승용차화물차,0,1,0,70,0,0
2014-12-26,1,4,1,2,0,1,0,광주,광산구,1,7,10,0,0,1,2,126.8049,35.1822,광주광산구,0,화물차승용차,0,0,0,135,0,0
2014-06-26,1,3,1,2,1,0,0,충북,옥천군,1,7,6,1,1,4,4,127.6049,36.2717,충북옥천군,0,이륜차이륜차,0,0,0,142,0,0
2014-12-26,1,4,1,2,1,0,0,충남,공주시,1,9,5,0,0,1,3,126.9553,36.5083,충남공주시,0,화물차화물차,0,0,0,19,0,0
2014-12-28,0,6,1,1,0,0,0,인천,연수구,1,6,0,0,0,0,1,126.6262,37.3738,인천연수구,0,승용차없음,0,1,0,35,0,0
2014-12-27,0,5,1,1,0,0,0,경북,안동시,1,1,0,0,0,0,2,128.9329,36.3949,경북안동시,0,승용차승용차,0,1,0,66,0,0
2014-11-24,1,0,1,1,0,0,0,서울,은평구,1,7,9,1,1,7,6,126.8871,37.5872,서울은평구,0,자전거승합차,0,0,0,139,0,0
2014-11-21,1,4,1,2,1,0,0,인천,서구,1,7,7,1,1,1,9,126.6369,37.5776,인천서구,0,화물차건설기계,0,0,0,97,0,0
2014-11-20,1,3,1,2,0,1,0,충남,아산시,1,9,5,2,4,0,3,126.8918,36.785,충남아산시,0,승용차화물차,0,0,0,53,0,0
2014-11-29,0,5,1,1,0,0,0,충북,옥천군,1,1,0,0,0,0,1,127.5925,36.3093,충북옥천군,0,승용차없음,0,1,0,142,0,0
2014-12-07,0,6,1,1,0,0,0,대구,북구,1,1,6,0,0,0,5,128.6185,35.8979,대구북구,0,승용차자전거,0,1,0,112,0,0
2014-12-05,1,4,1,1,0,0,0,전남,진도군,1,11,0,0,0,9,1,126.2526,34.4474,전남진도군,0,농기계없음,0,0,0,71,0,0
2014-02-14,1,4,1,1,0,0,0,충북,제천시,1,1,0,1,1,4,2,128.2138,37.1449,충북제천시,0,이륜차승용차,0,0,0,103,0,0
2014-02-14,1,4,1,3,1,1,0,경기,포천시,1,6,0,0,0,0,1,127.269,38.0461,경기포천시,0,승용차없음,0,0,0,171,0,0
2014-02-16,1,6,1,3,2,0,0,경남,진주시,1,9,5,0,0,0,2,127.994,35.2444,경남진주시,1,승용차승용차,0,1,0,42,0,0
2014-02-15,0,5,1,2,0,1,0,충북,음성군,1,1,0,0,0,0,1,127.5775,37.0019,충북음성군,0,승용차없음,0,1,0,110,0,0
2014-09-22,1,0,1,1,0,0,0,전남,영광군,1,7,0,1,1,4,3,126.3994,35.2887,전남영광군,0,이륜차화물차,0,0,0,127,0,0
2014-09-22,1,0,1,5,2,2,0,전북,군산시,1,7,0,1,2,1,3,126.7524,35.9986,전북군산시,1,화물차화물차,0,0,0,166,0,0
2014-09-23,1,1,1,1,0,0,0,충남,금산군,1,7,6,1,1,3,3,127.4771,36.1032,충남금산군,0,건설기계화물차,0,0,0,68,0,0
2014-10-01,1,2,1,1,0,0,0,경북,봉화군,1,10,0,0,0,1,1,128.69,36.9244,경북봉화군,0,화물차없음,0,0,0,149,0,0
2014-08-26,0,1,1,1,0,0,0,서울,동대문구,1,6,0,0,0,6,1,127.05,37.5839,서울동대문구,0,원동기장치자전거없음,0,0,0,201,0,0
2014-08-23,1,5,1,1,0,0,0,충북,영동군,1,6,0,0,0,6,1,127.6378,36.1362,충북영동군,0,원동기장치자전거없음,0,1,0,75,0,0
2013-09-28,0,5,1,1,0,0,0,경북,경주시,1,1,0,0,0,5,2,129.314,35.7583,경북경주시,0,특수차승용차,0,1,0,100,0,0
2013-06-14,0,4,1,1,0,0,0,서울,강북구,1,6,0,0,0,0,1,127.0139,37.6313,서울강북구,0,승용차없음,0,0,0,200,0,0
2014-04-24,1,3,1,1,0,0,0,충북,청원군,1,6,0,1,1,0,1,127.4261,36.4952,충북청주시,0,승용차없음,0,0,0,83,0,0
2014-06-09,1,0,1,2,0,1,0,충북,청주시,1,7,7,0,0,6,2,127.4655,36.6353,충북청주시,0,원동기장치자전거승용차,0,0,0,83,0,0
2013-04-28,0,6,4,6,2,0,0,제주,서귀포시,1,10,0,0,0,0,1,126.6225,33.3579,제주서귀포시,2,승용차없음,0,1,0,62,0,0
2012-04-02,0,0,1,1,0,0,0,강원,원주시,1,5,0,0,0,0,5,128.0158,37.2731,강원원주시,0,승용차자전거,0,0,0,36,0,0
2012-10-12,1,4,1,1,0,0,0,강원,원주시,1,7,0,1,2,1,5,127.9745,37.3121,강원원주시,0,화물차자전거,0,0,0,36,0,0
2013-12-04,1,2,1,2,1,0,0,경남,함양군,1,6,0,0,0,5,1,127.7826,35.6222,경남함양군,0,특수차없음,0,0,0,108,0,0
2012-10-04,0,3,1,2,1,0,0,경남,양산시,1,1,5,0,0,9,2,129.0207,35.3323,경남양산시,0,농기계승용차,0,0,0,49,0,0
2014-01-12,0,6,1,1,0,0,0,충남,당진시,1,11,0,0,0,0,1,126.8268,36.8885,충남당진시,0,승용차없음,0,1,0,46,0,0
2014-01-22,0,2,1,3,0,2,0,경남,밀양시,1,9,5,0,0,0,2,128.6491,35.4406,경남밀양시,0,승용차승용차,0,0,0,177,0,0
2014-01-22,0,2,1,1,0,0,0,울산,울주군,1,1,6,1,1,6,2,129.1401,35.5538,울산울주군,0,원동기장치자전거승용차,0,0,0,17,0,0
2014-01-21,0,1,1,2,0,1,0,대전,서구,1,9,6,1,1,4,2,127.33,36.2961,대전서구,0,이륜차승용차,0,0,0,4,0,0
2014-01-18,0,5,1,1,0,0,0,경북,포항시,1,5,0,1,2,0,3,129.3667,35.9658,경북포항시,0,승용차화물차,0,1,0,160,0,0
2014-01-18,1,5,1,1,0,0,0,대전,대덕구,1,7,7,1,1,1,4,127.4455,36.357,대전대덕구,0,화물차이륜차,0,1,0,77,0,0
2014-01-30,1,3,1,2,0,1,0,경기,파주시,1,7,5,0,0,0,2,126.982,37.9925,경기파주시,0,승용차승용차,0,1,0,175,0,0
2014-12-02,1,1,2,2,0,0,0,전북,완주군,1,1,0,0,0,0,1,127.1125,35.9865,전북완주군,0,승용차없음,0,0,0,28,0,0
2014-11-29,0,5,1,3,0,2,0,대구,달성군,1,9,5,0,0,0,2,128.4917,35.7525,대구달성군,0,승용차승용차,0,1,0,30,0,0
2014-11-28,0,4,1,1,0,0,0,경남,창원시(통합),1,10,0,0,0,0,1,128.5764,35.1136,경남창원시(통합),0,승용차없음,0,0,0,86,0,0
2014-11-29,0,5,1,1,0,0,0,경남,사천시,1,5,0,0,0,1,6,128.0735,34.957,경남사천시,0,화물차승합차,0,1,0,57,0,0
2014-12-07,1,6,1,1,0,0,0,전북,전주시,1,1,0,0,0,0,2,127.0765,35.8667,전북전주시,0,승용차승용차,0,1,0,11,0,0
2014-12-04,1,3,1,2,0,1,0,경기,포천시,1,7,0,1,1,0,9,127.2279,37.9058,경기포천시,0,승용차건설기계,0,0,0,171,0,0
2014-08-02,0,5,1,2,1,0,0,경북,경산시,1,5,3,0,0,1,3,128.8003,35.877,경북경산시,0,화물차화물차,0,1,0,52,0,0
2014-04-05,0,5,1,2,1,0,0,경기,광주시,1,10,0,0,0,0,1,127.2491,37.468,경기광주시,0,승용차없음,0,1,0,9,0,0
2014-04-16,1,2,1,3,0,2,0,경북,상주시,1,10,0,0,0,2,1,128.2089,36.4431,경북상주시,0,승합차없음,0,0,0,58,0,0
2014-05-29,1,3,2,5,2,1,0,경남,합천군,1,9,5,0,0,1,6,128.1532,35.7311,경남합천군,1,화물차승합차,0,0,0,133,0,0
2014-10-13,1,0,1,2,1,0,0,전남,장성군,1,1,0,0,0,4,1,126.6785,35.2199,전남장성군,0,이륜차없음,0,0,0,146,0,0
2014-10-13,0,0,1,1,0,0,0,강원,평창군,1,7,0,0,0,1,2,128.5441,37.6392,강원평창군,0,화물차승용차,0,0,0,24,0,0
2014-10-12,0,6,1,6,2,2,1,서울,중구,1,1,5,0,0,0,2,127.0008,37.5548,서울중구,1,승용차승용차,0,1,0,8,0,0
2014-02-01,0,5,2,3,1,0,0,대구,동구,1,5,0,0,0,0,2,128.6744,35.9018,대구동구,1,승용차승용차,0,1,0,26,0,0
2014-01-29,0,2,1,2,0,1,0,대구,달성군,1,5,0,0,0,0,6,128.4378,35.7234,대구달성군,0,승용차승합차,0,0,0,30,0,0
2014-01-29,1,2,1,3,1,1,0,서울,금천구,1,5,3,1,2,2,4,126.8982,37.4608,서울금천구,0,승합차이륜차,0,0,0,109,0,0
2014-01-29,0,2,1,1,0,0,0,전남,강진군,1,11,0,1,2,9,1,126.7217,34.5046,전남강진군,0,농기계없음,0,0,0,121,0,0
2014-01-29,0,2,1,1,0,0,0,부산,기장군,1,5,0,0,0,0,3,129.1766,35.2425,부산기장군,0,승용차화물차,0,0,0,85,0,0
2014-01-30,1,3,1,2,1,0,0,경기,여주시,1,6,0,0,0,0,1,127.5245,37.4261,경기여주시,0,승용차없음,0,1,0,22,0,0
2014-01-31,0,4,1,4,3,0,0,강원,동해시,1,1,2,0,0,0,2,129.1261,37.5074,강원동해시,1,승용차승용차,0,1,0,210,0,0
2014-01-26,1,6,1,5,1,3,0,전남,무안군,1,5,0,1,2,1,2,126.4305,34.8902,전남무안군,1,화물차승용차,0,1,0,101,0,0
2014-02-10,0,0,1,1,0,0,0,부산,사하구,1,1,5,0,3,7,3,128.9986,35.0884,부산사하구,0,자전거화물차,0,0,0,25,0,0
2014-02-09,1,6,1,1,0,0,0,충남,홍성군,1,1,0,1,2,1,7,126.6711,36.6041,충남홍성군,0,화물차원동기장치자전거,0,1,0,38,0,0
2014-02-09,1,6,1,4,2,1,0,대구,달성군,1,9,0,0,0,0,2,128.438,35.8543,대구달성군,1,승용차승용차,0,1,0,30,0,0
2014-01-29,0,2,1,2,1,0,0,경기,이천시,1,5,0,0,0,1,2,127.4437,37.204,경기이천시,0,화물차승용차,0,0,0,41,0,0
2014-09-17,1,2,1,4,3,0,0,충북,제천시,1,1,0,2,4,0,3,128.1266,37.197,충북제천시,1,승용차화물차,0,0,0,103,0,0
2014-10-20,0,0,1,1,0,0,0,경기,성남시,1,6,0,0,0,0,1,127.0999,37.4004,경기성남시,0,승용차없음,0,0,0,95,0,0
2014-05-19,1,0,1,2,0,1,0,충북,진천군,1,1,3,0,0,0,2,127.4807,36.8597,충북진천군,0,승용차승용차,0,0,0,60,0,0
2014-05-12,1,0,1,3,1,1,0,울산,울주군,1,1,0,0,0,1,3,129.2498,35.558,울산울주군,0,화물차화물차,0,0,0,17,0,0
2014-05-03,0,5,1,4,1,2,0,전남,장성군,1,1,0,0,0,0,2,126.8379,35.2921,전남장성군,1,승용차승용차,0,1,0,146,0,0
2014-10-12,0,6,1,5,3,1,0,경기,안양시,1,5,0,1,1,0,2,126.9596,37.394,경기안양시,1,승용차승용차,0,1,0,151,0,0
2014-10-21,1,1,1,1,0,0,0,강원,삼척시,1,6,0,0,0,0,1,129.3039,37.278,강원삼척시,0,승용차없음,0,0,0,78,0,0
2014-10-18,1,5,1,1,0,0,0,전남,광양시,1,10,0,0,0,9,1,127.5711,35.0502,전남광양시,0,농기계없음,0,1,0,130,0,0
2014-10-25,1,5,1,1,0,0,0,경기,양주시,1,9,0,1,2,7,3,126.9884,37.8218,경기양주시,0,자전거화물차,0,1,0,59,0,0
2014-10-26,1,6,1,1,0,0,0,경북,예천군,1,5,0,0,0,0,8,128.491,36.694,경북예천군,0,승용차농기계,0,1,0,55,0,0
2014-10-24,1,4,1,3,1,1,0,전북,김제시,1,5,0,0,0,1,11,126.9791,35.8849,전북김제시,0,화물차특수차,0,0,0,34,0,0
2014-10-26,0,6,1,2,1,0,0,울산,북구,1,1,0,0,0,4,1,129.431,35.6076,울산북구,0,이륜차없음,0,1,0,158,0,0
2014-10-24,0,4,1,1,0,0,0,전북,임실군,1,5,0,0,0,0,5,127.2927,35.6185,전북임실군,0,승용차자전거,0,0,0,152,0,0
2014-11-02,1,6,1,1,0,0,0,부산,중구,1,7,9,0,0,0,4,129.0287,35.1038,부산중구,0,승용차이륜차,0,1,0,228,0,0
2014-10-30,0,3,1,1,0,0,0,충남,보령시,1,1,5,0,0,9,3,126.5502,36.2273,충남보령시,0,농기계화물차,0,0,0,136,0,0
2014-11-08,1,5,1,1,0,0,0,강원,원주시,1,1,0,0,0,0,4,127.7722,37.2212,강원원주시,0,승용차이륜차,0,1,0,36,0,0
2014-11-13,1,3,1,2,1,0,0,경기,포천시,1,5,5,0,0,0,3,127.2769,38.1156,경기포천시,0,승용차화물차,0,0,0,171,0,0
2014-11-13,1,3,1,1,0,0,0,충남,논산시,1,10,0,2,0,4,1,127.083,36.1982,충남논산시,0,이륜차없음,0,0,0,61,0,0
2014-11-09,0,6,1,1,0,0,0,충남,천안시,1,1,0,2,4,0,4,127.1785,36.9067,충남천안시,0,승용차이륜차,0,1,0,63,0,0
2014-10-14,1,1,1,1,0,0,0,경북,상주시,1,1,0,0,0,6,1,128.1888,36.4471,경북상주시,0,원동기장치자전거없음,0,0,0,58,0,0
2014-10-14,0,1,1,3,1,1,0,경남,창원시(통합),1,9,5,0,0,6,2,128.5663,35.1907,경남창원시(통합),0,원동기장치자전거승용차,0,0,0,86,0,0
2014-10-12,1,6,1,1,0,0,0,경기,양평군,1,11,0,0,0,4,1,127.6232,37.6393,경기양평군,0,이륜차없음,0,1,0,48,0,0
2014-10-12,0,6,1,1,0,0,0,울산,울주군,1,1,0,0,0,0,4,129.2186,35.4864,울산울주군,0,승용차이륜차,0,1,0,17,0,0
2014-09-30,1,1,1,1,0,0,0,서울,동작구,1,9,5,0,0,4,3,126.9325,37.5009,서울동작구,0,이륜차화물차,0,0,0,93,0,0
2014-09-29,0,0,1,1,0,0,0,전남,영광군,1,9,5,0,0,6,2,126.4737,35.3275,전남영광군,0,원동기장치자전거승용차,0,0,0,127,0,0
2014-09-30,1,1,1,2,1,0,0,경기,안성시,1,7,5,0,0,0,3,127.2902,37.0389,경기안성시,0,승용차화물차,0,0,0,23,0,0
2014-09-21,0,6,1,1,0,0,0,전남,보성군,1,5,0,0,0,0,3,127.0702,34.7971,전남보성군,0,승용차화물차,0,1,0,122,0,0
2014-09-16,1,1,1,1,0,0,0,경북,예천군,1,11,0,0,0,3,1,128.5439,36.6699,경북예천군,0,건설기계없음,0,0,0,55,0,0
2014-09-04,1,3,1,1,0,0,0,경북,칠곡군,1,5,0,0,0,1,3,128.4562,35.9508,경북칠곡군,0,화물차화물차,0,0,0,21,0,0
2014-09-20,0,5,1,4,0,3,0,전북,고창군,1,5,0,0,0,2,2,126.5876,35.3644,전북고창군,1,승합차승용차,0,1,0,219,0,0
2014-10-22,1,2,1,1,0,0,0,전남,영암군,1,1,0,1,2,1,4,126.6801,34.8877,전남영암군,0,화물차이륜차,0,0,0,16,0,0
2014-10-23,0,3,1,4,1,1,1,전북,순창군,1,11,0,0,0,0,1,127.1402,35.3701,전북순창군,1,승용차없음,0,0,0,131,0,0
2014-10-31,1,4,1,18,6,7,4,경북,군위군,1,9,5,0,0,1,6,128.6793,36.1822,경북군위군,2,화물차승합차,0,0,0,170,0,0
2014-10-31,1,4,1,1,0,0,0,세종,세종,1,10,0,0,0,0,1,127.2445,36.4644,세종세종,0,승용차없음,1,0,0,229,0,0
2014-10-27,1,0,1,1,0,0,0,경북,문경시,1,11,0,0,0,0,1,128.2497,36.5797,경북문경시,0,승용차없음,0,0,0,74,0,0
2014-11-07,0,4,1,2,1,0,0,경북,칠곡군,1,6,0,0,0,0,1,128.5524,36.0011,경북칠곡군,0,승용차없음,0,0,0,21,0,0
2014-11-17,1,0,1,1,0,0,0,전북,부안군,1,10,0,1,1,4,1,126.7672,35.7306,전북부안군,0,이륜차없음,0,0,0,185,0,0
2014-11-17,0,0,1,1,0,0,0,전남,여수시,1,5,0,0,0,2,6,127.7289,34.7471,전남여수시,0,승합차승합차,0,0,0,102,0,0
2014-05-03,0,5,3,5,1,1,0,전북,정읍시,1,5,0,0,0,2,3,126.9017,35.6357,전북정읍시,1,승합차화물차,0,1,0,12,0,0
2014-08-25,1,0,1,1,0,0,0,경기,고양시,1,1,0,0,0,2,5,126.7593,37.6905,경기고양시,0,승합차자전거,0,0,0,40,0,0
2014-08-28,1,3,1,3,0,1,1,경기,포천시,1,6,0,0,0,0,1,127.2118,38.0336,경기포천시,0,승용차없음,0,0,0,171,0,0
2014-08-27,1,2,1,1,0,0,0,충남,홍성군,1,1,0,0,0,4,1,126.6905,36.6246,충남홍성군,0,이륜차없음,0,0,0,38,0,0
2014-08-22,1,4,1,1,0,0,0,전북,김제시,1,1,0,1,1,1,5,126.8818,35.8031,전북김제시,0,화물차자전거,0,0,0,34,0,0
2014-08-22,0,4,1,4,2,1,0,강원,양구군,1,9,5,0,0,9,2,128.1272,38.2753,강원양구군,1,농기계승용차,0,0,0,115,0,0
2014-08-30,1,5,1,1,0,0,0,제주,제주시,1,11,0,1,2,9,1,126.3195,33.4029,제주제주시,0,농기계없음,0,1,0,90,0,0
2014-09-06,1,5,1,1,0,0,0,경남,거창군,1,1,5,0,0,4,3,127.9142,35.7507,경남거창군,0,이륜차화물차,0,1,0,154,0,0
2014-09-04,1,3,1,1,0,0,0,강원,속초시,1,7,0,0,0,1,5,128.6079,38.1627,강원속초시,0,화물차자전거,0,0,0,104,0,0
2014-09-03,1,2,1,1,0,0,0,경남,진주시,1,6,0,0,0,1,1,128.3024,35.1604,경남진주시,0,화물차없음,0,0,0,42,0,0
2014-09-04,0,3,1,1,0,0,0,대구,달서구,1,5,0,1,1,0,4,128.5468,35.8434,대구달서구,0,승용차이륜차,0,0,0,20,0,0
2014-09-13,1,5,1,1,0,0,0,인천,강화군,1,9,0,1,1,0,4,126.4617,37.6312,인천강화군,0,승용차이륜차,0,1,0,92,0,0
2014-09-11,1,3,1,1,0,0,0,충남,부여군,1,7,6,1,1,4,6,127.0185,36.2402,충남부여군,0,이륜차승합차,0,0,0,129,0,0
2014-09-12,0,4,1,2,1,0,0,전남,영암군,1,9,5,0,0,1,3,126.619,34.8345,전남영암군,0,화물차화물차,0,0,0,16,0,0
2014-09-19,0,4,1,1,0,0,0,충북,증평군,1,7,0,0,0,0,5,127.57,36.7889,충북증평군,0,승용차자전거,0,0,0,138,0,0
2014-09-20,0,5,1,4,3,0,0,전남,영암군,1,7,8,1,1,1,2,126.695,34.8284,전남영암군,1,화물차승용차,0,1,0,16,0,0
2014-09-17,0,2,1,1,0,0,0,부산,사상구,1,1,0,0,0,4,6,128.9742,35.1578,부산사상구,0,이륜차승합차,0,0,0,120,0,0
2014-09-17,1,2,1,2,1,0,0,경기,고양시,1,5,0,0,0,1,3,126.8579,37.5973,경기고양시,0,화물차화물차,0,0,0,40,0,0
2014-08-16,0,5,1,1,0,0,0,경기,양주시,1,1,0,0,0,2,5,126.9926,37.824,경기양주시,0,승합차자전거,0,1,0,59,0,0
2014-08-24,1,6,1,2,1,0,0,충북,영동군,1,1,0,1,1,0,2,127.7283,36.2035,충북영동군,0,승용차승용차,0,1,0,75,0,0