발생년월일,주야,요일,사망자수,사상자수,중상자수,경상자수,부상신고자수,발생지시도,발생지시군구,사고유형_대분류,사고유형_중분류,법규위반,도로형태_대분류,도로형태,당사자종별_1당_대분류,당사자종별_2당_대분류,경도,위도,발생지,사고피해정도,사고차량타입,도시여부,주말/공휴일,인구수,발생지번호,보행자의위치,무단횡단여부
2014-07-20,0,6,1,1,0,0,0,전북,고창군,1,1,0,0,0,1,3,126.6648,35.4423,전북고창군,0,화물차화물차,0,1,0,219,0,0
2014-06-19,1,3,1,1,0,0,0,경남,밀양시,1,1,0,0,0,1,2,128.8064,35.4839,경남밀양시,0,화물차승용차,0,0,0,177,0,0
2014-08-18,1,0,1,1,0,0,0,충북,청주시,1,6,0,0,0,0,1,127.3993,36.6116,충북청주시,0,승용차없음,0,0,0,83,0,0
2014-07-28,0,0,2,4,1,1,0,경기,광주시,1,1,0,0,0,0,2,127.3182,37.3638,경기광주시,1,승용차승용차,0,0,0,9,0,0
2014-05-14,1,2,1,1,0,0,0,경기,고양시,1,1,0,0,0,0,3,126.8453,37.6646,경기고양시,0,승용차화물차,0,0,0,40,0,0
2014-05-22,1,3,1,1,0,0,0,전북,순창군,1,5,0,0,0,4,3,126.988,35.4473,전북순창군,0,이륜차화물차,0,0,0,131,0,0
2014-05-30,1,4,1,2,1,0,0,경기,안산시,1,7,0,0,0,0,2,126.8696,37.306,경기안산시,0,승용차승용차,0,0,0,2,0,0
2014-06-06,0,4,1,2,1,0,0,전북,군산시,1,7,6,1,1,1,2,126.6568,35.9558,전북군산시,0,화물차승용차,0,1,0,166,0,0
2014-05-31,1,5,1,1,0,0,0,충남,아산시,1,9,0,1,1,0,4,126.9868,36.7803,충남아산시,0,승용차이륜차,0,1,0,53,0,0
2014-06-11,1,2,1,3,0,2,0,강원,홍천군,1,5,0,1,2,1,9,127.8541,37.6728,강원홍천군,0,화물차건설기계,0,0,0,82,0,0
2014-06-13,1,4,1,2,1,0,0,경기,양주시,1,5,5,0,0,1,2,126.9936,37.8881,경기양주시,0,화물차승용차,0,0,0,59,0,0
2014-06-11,1,2,1,1,0,0,0,전남,해남군,1,1,0,0,0,4,3,126.5611,34.5856,전남해남군,0,이륜차화물차,0,0,0,119,0,0
2014-06-28,0,5,1,2,1,0,0,경남,통영시,1,7,0,1,1,0,4,128.4248,34.8525,경남통영시,0,승용차이륜차,0,1,0,212,0,0
2014-06-16,0,0,1,1,0,0,0,전북,부안군,1,7,6,1,1,7,3,126.7516,35.7363,전북부안군,0,자전거화물차,0,0,0,185,0,0
2014-06-18,1,2,1,1,0,0,0,전북,군산시,1,5,0,1,1,6,2,126.7253,35.9815,전북군산시,0,원동기장치자전거승용차,0,0,0,166,0,0
2014-02-24,1,0,1,1,0,0,0,제주,제주시,1,6,0,0,0,0,1,126.529,33.5054,제주제주시,0,승용차없음,0,0,0,90,0,0
2014-02-20,0,3,1,1,0,0,0,제주,제주시,1,6,0,0,0,0,1,126.5707,33.5193,제주제주시,0,승용차없음,0,0,0,90,0,0
2014-08-07,1,3,1,1,0,0,0,전북,부안군,1,5,0,0,0,1,3,126.7671,35.7242,전북부안군,0,화물차화물차,0,0,0,185,0,0
2014-03-03,1,0,2,2,0,0,0,전북,장수군,1,6,0,2,4,0,1,127.5565,35.7295,전북장수군,0,승용차없음,0,0,0,155,0,0
2014-05-28,1,2,1,2,1,0,0,경기,여주시,1,10,0,0,0,1,1,127.5728,37.2388,경기여주시,0,화물차없음,0,0,0,22,0,0
2014-04-27,0,6,1,2,1,0,0,경기,여주시,1,10,0,0,0,0,1,127.5819,37.3078,경기여주시,0,승용차없음,0,1,0,22,0,0
2014-09-12,0,4,1,5,3,1,0,충북,청주시,1,5,3,0,0,1,2,127.4241,36.6687,충북청주시,1,화물차승용차,0,0,0,83,0,0
2014-12-20,0,5,2,2,0,0,0,경남,함양군,1,11,0,0,0,0,1,127.6594,35.6857,경남함양군,0,승용차없음,0,1,0,108,0,0
2014-01-08,1,2,1,3,1,1,0,전남,순천시,1,9,0,1,1,1,2,127.5344,34.9602,전남순천시,0,화물차승용차,0,0,0,27,0,0
2014-01-01,0,2,1,1,0,0,0,전남,진도군,1,5,0,0,0,0,4,126.2794,34.4441,전남진도군,0,승용차이륜차,0,1,0,71,0,0
2014-01-01,0,2,1,1,0,0,0,강원,화천군,1,10,0,0,0,1,1,127.8271,38.0646,강원화천군,0,화물차없음,0,1,0,218,0,0
2014-01-15,1,2,1,1,0,0,0,경남,김해시,1,10,0,0,0,0,1,128.8125,35.2969,경남김해시,0,승용차없음,0,0,0,13,0,0
2014-01-16,1,3,1,1,0,0,0,경남,양산시,1,7,2,0,0,1,5,129.0785,35.3067,경남양산시,0,화물차자전거,0,0,0,49,0,0
2014-06-18,0,2,1,1,0,0,0,전북,전주시,1,7,2,1,2,0,4,127.1701,35.8275,전북전주시,0,승용차이륜차,0,0,0,11,0,0
2014-06-16,0,0,1,1,0,0,0,전남,고흥군,1,10,0,1,1,0,1,127.2945,34.6195,전남고흥군,0,승용차없음,0,0,0,191,0,0
2014-05-08,1,3,1,3,1,1,0,대전,동구,1,7,5,2,0,4,3,127.4271,36.3437,대전동구,0,이륜차화물차,0,0,0,80,0,0
2014-05-09,0,4,1,1,0,0,0,경기,부천시,1,7,0,1,2,5,5,126.7779,37.5257,경기부천시,0,특수차자전거,0,0,0,65,0,0
2014-05-09,1,4,1,1,0,0,0,광주,광산구,1,9,5,0,0,4,2,126.7819,35.1447,광주광산구,0,이륜차승용차,0,0,0,135,0,0
2014-05-19,1,0,1,1,0,0,0,서울,송파구,1,1,0,1,1,1,5,127.1394,37.503,서울송파구,0,화물차자전거,0,0,0,156,0,0
2014-05-24,0,5,1,1,0,0,0,경북,안동시,1,10,0,0,0,4,1,128.4612,36.556,경북안동시,0,이륜차없음,0,1,0,66,0,0
2014-05-21,1,2,1,2,1,0,0,경북,의성군,1,9,5,0,0,3,3,128.3497,36.4553,경북의성군,0,건설기계화물차,0,0,0,105,0,0
2014-05-22,0,3,1,2,1,0,0,경기,안양시,1,9,5,2,4,6,2,126.929,37.4011,경기안양시,0,원동기장치자전거승용차,0,0,0,151,0,0
2014-05-21,1,2,1,1,0,0,0,세종,세종,1,11,0,0,0,7,1,127.3011,36.5821,세종세종,0,자전거없음,1,0,0,229,0,0
2014-05-22,1,3,1,1,0,0,0,전북,익산시,1,10,0,0,0,4,1,127.0039,36.1128,전북익산시,0,이륜차없음,0,0,0,125,0,0
2014-05-30,1,4,1,1,0,0,0,전남,함평군,1,10,0,0,0,4,1,126.5263,35.0471,전남함평군,0,이륜차없음,0,0,0,157,0,0
2014-06-04,1,2,1,1,0,0,0,경남,창원시(통합),1,7,5,0,0,4,2,128.4797,35.1142,경남창원시(통합),0,이륜차승용차,0,1,0,86,0,0
2014-06-02,1,0,1,1,0,0,0,경기,포천시,1,10,0,1,2,4,1,127.2095,37.9053,경기포천시,0,이륜차없음,0,0,0,171,0,0
2014-06-12,0,3,1,1,0,0,0,충북,청주시,1,6,0,1,2,0,1,127.4781,36.6027,충북청주시,0,승용차없음,0,0,0,83,0,0
2014-07-16,1,2,1,1,0,0,0,광주,남구,1,1,0,1,2,0,5,126.8962,35.1124,광주남구,0,승용차자전거,0,0,0,190,0,0
2014-07-22,0,1,1,4,0,3,0,충북,청주시,1,1,2,0,0,0,2,127.4886,36.6547,충북청주시,1,승용차승용차,0,0,0,83,0,0
2014-08-19,0,1,1,4,2,1,0,경기,성남시,1,6,0,1,2,2,1,127.1079,37.3598,경기성남시,1,승합차없음,0,0,0,95,0,0
2014-08-05,0,1,1,1,0,0,0,충남,당진시,1,5,0,0,0,0,3,126.7666,36.9642,충남당진시,0,승용차화물차,0,0,0,46,0,0
2014-08-05,1,1,1,2,0,1,0,전북,남원시,1,11,0,0,0,9,1,127.4125,35.5563,전북남원시,0,농기계없음,0,0,0,193,0,0
2014-08-03,1,6,1,3,0,2,0,경남,밀양시,1,7,5,0,0,1,2,128.8919,35.53,경남밀양시,0,화물차승용차,0,1,0,177,0,0
2014-08-08,0,4,1,1,0,0,0,경남,창원시(통합),1,11,0,0,0,7,1,128.6997,35.3393,경남창원시(통합),0,자전거없음,0,0,0,86,0,0
2014-08-15,1,4,1,3,2,0,0,경기,남양주시,1,7,6,1,1,0,2,127.1785,37.7125,경기남양주시,1,승용차승용차,0,1,0,70,0,0
2014-07-08,1,1,1,1,0,0,0,경북,경주시,1,1,5,0,0,1,9,129.4496,35.7716,경북경주시,0,화물차건설기계,0,0,0,100,0,0
2014-07-07,1,0,1,3,2,0,0,경북,의성군,1,5,0,1,2,1,3,128.6102,36.3086,경북의성군,1,화물차화물차,0,0,0,105,0,0
2014-07-05,1,5,1,1,0,0,0,충북,청주시,1,7,6,1,1,2,4,127.4524,36.7407,충북청주시,0,승합차이륜차,0,1,0,83,0,0
2014-07-05,0,5,1,1,0,0,0,경기,안양시,1,1,0,0,0,4,3,126.9069,37.4171,경기안양시,0,이륜차화물차,0,1,0,151,0,0
2014-07-04,1,4,1,1,0,0,0,광주,동구,1,7,3,0,0,0,4,126.9219,35.1643,광주동구,0,승용차이륜차,0,0,0,162,0,0
2014-01-21,1,1,1,1,0,0,0,경기,안성시,1,10,0,0,0,0,1,127.2677,37.0216,경기안성시,0,승용차없음,0,0,0,23,0,0
2014-01-23,1,3,1,2,0,1,0,강원,원주시,1,6,0,0,0,0,1,128.0605,37.2449,강원원주시,0,승용차없음,0,0,0,36,0,0
2014-01-19,0,6,1,2,1,0,0,경기,동두천시,1,1,5,0,0,0,2,127.0565,37.885,경기동두천시,0,승용차승용차,0,1,0,94,0,0
2014-01-19,0,6,1,1,0,0,0,광주,남구,1,7,6,1,1,0,4,126.8979,35.1262,광주남구,0,승용차이륜차,0,1,0,190,0,0
2014-01-18,1,5,1,1,0,0,0,인천,남동구,1,1,0,1,2,0,5,126.7168,37.401,인천남동구,0,승용차자전거,0,1,0,29,0,0
2014-01-27,1,0,1,1,0,0,0,전북,군산시,1,1,0,1,1,1,5,126.7242,35.9821,전북군산시,0,화물차자전거,0,0,0,166,0,0
2014-02-12,0,2,1,2,1,0,0,제주,서귀포시,1,6,0,1,2,0,1,126.6295,33.2635,제주서귀포시,0,승용차없음,0,0,0,62,0,0
2014-02-09,1,6,1,1,0,0,0,충남,태안군,1,11,0,0,0,3,1,126.2953,36.7571,충남태안군,0,건설기계없음,0,1,0,169,0,0
2014-02-23,0,6,1,1,0,0,0,경기,의정부시,1,5,0,0,0,0,3,127.0341,37.7292,경기의정부시,0,승용차화물차,0,1,0,64,0,0
2014-09-02,0,1,1,3,1,1,0,충남,서천군,1,1,0,0,0,1,2,126.6818,36.0994,충남서천군,0,화물차승용차,0,0,0,10,0,0
2014-09-06,1,5,1,5,4,0,0,전북,익산시,1,6,0,0,0,0,1,127.1035,36.0441,전북익산시,1,승용차없음,0,1,0,125,0,0
2014-01-07,0,1,1,1,0,0,0,경북,경산시,1,1,0,0,0,2,2,128.7763,35.8795,경북경산시,0,승합차승용차,0,0,0,52,0,0
2014-01-22,1,2,1,9,1,7,0,충북,충주시,1,5,0,1,2,1,3,127.8255,36.9733,충북충주시,2,화물차화물차,0,0,0,6,0,0
2014-07-21,0,0,1,1,0,0,0,경기,성남시,1,6,0,0,0,0,1,127.0667,37.3614,경기성남시,0,승용차없음,0,0,0,95,0,0
2014-07-21,0,0,1,3,0,2,0,전남,영광군,1,5,0,0,0,1,3,126.552,35.29,전남영광군,0,화물차화물차,0,0,0,127,0,0
2014-07-10,0,3,1,1,0,0,0,전북,임실군,1,10,0,0,0,1,1,127.1561,35.6511,전북임실군,0,화물차없음,0,0,0,152,0,0
2014-07-18,0,4,1,1,0,0,0,대구,달서구,1,5,0,0,0,4,2,128.4815,35.8529,대구달서구,0,이륜차승용차,0,0,0,20,0,0
2014-07-21,0,0,1,3,2,0,0,경기,여주시,1,10,0,1,2,6,1,127.6465,37.2942,경기여주시,1,원동기장치자전거없음,0,0,0,22,0,0
2014-07-18,0,4,1,1,0,0,0,경기,용인시,1,7,0,0,0,2,2,127.0961,37.3203,경기용인시,0,승합차승용차,0,0,0,51,0,0
2014-07-29,1,1,1,1,0,0,0,충북,충주시,1,6,0,0,0,0,1,127.7631,37.1055,충북충주시,0,승용차없음,0,0,0,6,0,0
2014-08-19,1,1,1,1,0,0,0,서울,용산구,1,1,0,1,1,3,2,126.9954,37.5363,서울용산구,0,건설기계승용차,0,0,0,134,0,0
2014-08-19,1,1,1,2,1,0,0,전남,광양시,1,7,6,1,1,1,3,127.5797,34.9612,전남광양시,0,화물차화물차,0,0,0,130,0,0
2014-08-04,1,0,1,1,0,0,0,서울,송파구,1,1,6,1,1,2,4,127.0908,37.5076,서울송파구,0,승합차이륜차,0,0,0,156,0,0
2014-08-08,0,4,1,5,4,0,0,인천,남동구,1,7,0,1,1,0,2,126.7248,37.4116,인천남동구,1,승용차승용차,0,0,0,29,0,0
2014-08-02,1,5,1,3,2,0,0,전남,순천시,1,7,5,0,0,2,2,127.4894,34.9661,전남순천시,1,승합차승용차,0,1,0,27,0,0
2014-08-13,1,2,3,7,4,0,0,제주,제주시,1,7,5,0,0,1,2,126.5454,33.4709,제주제주시,2,화물차승용차,0,0,0,90,0,0
2014-08-13,0,2,1,1,0,0,0,경기,용인시,1,1,0,0,0,4,1,127.2216,37.2953,경기용인시,0,이륜차없음,0,0,0,51,0,0
2014-08-13,0,2,1,1,0,0,0,인천,남구,1,7,6,1,1,4,11,126.6458,37.467,인천남동구,0,이륜차특수차,0,0,0,29,0,0
2014-08-14,1,3,1,1,0,0,0,제주,서귀포시,1,6,0,1,2,6,1,126.4592,33.2544,제주서귀포시,0,원동기장치자전거없음,0,0,0,62,0,0
2014-07-27,0,6,1,6,5,0,0,대전,대덕구,1,10,0,0,0,1,1,127.4223,36.4127,대전대덕구,1,화물차없음,0,1,0,77,0,0
2014-08-03,0,6,2,7,2,3,0,경남,김해시,1,7,5,0,0,0,2,128.8131,35.2208,경남김해시,2,승용차승용차,0,1,0,13,0,0
2014-07-27,1,6,1,7,2,4,0,대구,동구,1,5,0,0,0,1,3,128.6561,35.9144,대구동구,1,화물차화물차,0,1,0,26,0,0
2014-02-10,0,0,1,1,0,0,0,전북,김제시,1,5,0,0,0,0,3,126.8384,35.8287,전북김제시,0,승용차화물차,0,0,0,34,0,0
2014-08-03,0,6,1,1,0,0,0,경기,의왕시,1,6,0,0,0,1,1,126.9662,37.3211,경기의왕시,0,화물차없음,0,1,0,199,0,0
2014-06-13,1,4,1,1,0,0,0,울산,남구,1,5,0,0,0,0,3,129.3276,35.5389,울산남구,0,승용차화물차,0,0,0,213,0,0
2014-06-08,1,6,1,1,0,0,0,충남,보령시,1,11,0,0,0,9,1,126.6162,36.4535,충남보령시,0,농기계없음,0,1,0,136,0,0
2014-06-16,0,0,1,1,0,0,0,경기,평택시,1,6,0,0,0,0,1,127.0073,37.0011,경기평택시,0,승용차없음,0,0,0,14,0,0
2014-06-16,0,0,1,1,0,0,0,경남,김해시,1,6,0,0,0,4,1,128.8278,35.1766,경남김해시,0,이륜차없음,0,0,0,13,0,0
2014-06-14,0,5,1,1,0,0,0,경기,의왕시,1,6,0,0,0,0,1,127.0131,37.3927,경기의왕시,0,승용차없음,0,1,0,199,0,0
2014-06-14,0,5,1,5,2,1,1,경기,용인시,1,6,0,0,0,0,1,127.2108,37.2267,경기용인시,1,승용차없음,0,1,0,51,0,0
2014-06-15,1,6,1,1,0,0,0,전북,부안군,1,11,0,0,0,6,1,126.7166,35.5715,전북부안군,0,원동기장치자전거없음,0,1,0,185,0,0
2014-06-14,0,5,1,1,0,0,0,전남,나주시,1,1,0,1,2,0,4,126.7145,34.9948,전남나주시,0,승용차이륜차,0,1,0,33,0,0
2014-05-13,1,1,1,2,1,0,0,경기,안성시,1,7,0,0,0,1,11,127.245,37.02,경기안성시,0,화물차특수차,0,0,0,23,0,0
2014-05-08,0,3,1,3,2,0,0,강원,철원군,1,7,0,0,0,1,3,127.5351,38.2743,강원철원군,1,화물차화물차,0,0,0,184,0,0
2014-05-19,0,0,1,1,0,0,0,전북,부안군,1,5,3,0,0,4,3,126.6873,35.7744,전북부안군,0,이륜차화물차,0,0,0,185,0,0
2014-05-16,0,4,2,2,0,0,0,충북,청주시,1,10,0,0,0,4,1,127.4539,36.6458,충북청주시,0,이륜차없음,0,0,0,83,0,0
2014-05-18,1,6,1,1,0,0,0,충북,진천군,1,1,0,0,0,4,1,127.5254,36.7952,충북진천군,0,이륜차없음,0,1,0,60,0,0
2014-05-19,1,0,1,1,0,0,0,충남,금산군,1,6,0,0,0,0,1,127.4675,36.1252,충남금산군,0,승용차없음,0,0,0,68,0,0
2014-05-20,1,1,1,3,2,0,0,전남,여수시,1,1,6,1,1,5,3,127.6701,34.8368,전남여수시,1,특수차화물차,0,0,0,102,0,0
2014-05-29,1,3,1,3,2,0,0,서울,용산구,1,5,2,0,0,0,2,126.9883,37.5448,서울용산구,1,승용차승용차,0,0,0,134,0,0
2014-03-14,1,4,1,1,0,0,0,경기,화성시,1,6,0,0,0,0,1,126.9655,37.2089,경기화성시,0,승용차없음,0,0,0,50,0,0
2014-02-18,1,1,1,1,0,0,0,울산,울주군,1,5,0,0,0,1,3,129.2491,35.5585,울산울주군,0,화물차화물차,0,0,0,17,0,0
2014-04-11,0,4,3,6,0,2,1,충북,충주시,1,1,0,0,0,1,9,127.8899,36.9078,충북충주시,1,화물차건설기계,0,0,0,6,0,0
2014-06-05,0,3,1,1,0,0,0,대구,북구,1,5,0,0,0,0,11,128.5481,35.9494,대구북구,0,승용차특수차,0,0,0,112,0,0
2014-05-26,1,0,1,1,0,0,0,부산,기장군,1,6,0,0,0,0,1,129.2058,35.2359,부산기장군,0,승용차없음,0,0,0,85,0,0
2014-07-27,0,6,1,1,0,0,0,전북,군산시,1,5,0,0,0,0,11,126.7926,36.0305,전북군산시,0,승용차특수차,0,1,0,166,0,0
2014-07-09,1,2,1,1,0,0,0,전북,익산시,1,6,0,0,0,1,1,127.0942,35.9459,전북익산시,0,화물차없음,0,0,0,125,0,0
2014-01-18,0,5,1,1,0,0,0,대구,서구,1,1,0,0,0,0,2,128.5578,35.8575,대구서구,0,승용차승용차,0,1,0,107,0,0
2014-01-17,0,4,2,2,0,0,0,충북,음성군,1,1,5,0,0,1,3,127.4985,36.9986,충북음성군,0,화물차화물차,0,0,0,110,0,0
2014-05-31,1,5,1,1,0,0,0,전남,순천시,1,1,0,0,0,0,1,127.5215,34.9651,전남순천시,0,승용차없음,0,1,0,27,0,0
2014-06-04,0,2,1,1,0,0,0,경남,진주시,1,1,0,0,0,5,7,128.1717,35.1288,경남진주시,0,특수차원동기장치자전거,0,1,0,42,0,0
2014-06-04,1,2,1,1,0,0,0,전남,순천시,1,11,0,0,0,9,1,127.5522,34.9175,전남순천시,0,농기계없음,0,1,0,27,0,0
2014-06-16,1,0,1,1,0,0,0,경북,경산시,1,1,7,1,1,6,3,128.848,35.8969,경북경산시,0,원동기장치자전거화물차,0,0,0,52,0,0
2014-06-16,1,0,1,1,0,0,0,경북,문경시,1,10,0,0,0,9,1,128.046,36.5483,경북문경시,0,농기계없음,0,0,0,74,0,0
2014-06-10,0,1,1,1,0,0,0,경기,오산시,1,6,0,0,0,0,1,127.0518,37.1817,경기오산시,0,승용차없음,0,0,0,143,0,0
2014-06-10,1,1,1,3,1,1,0,전남,여수시,1,5,0,0,0,3,3,127.6801,34.764,전남여수시,0,건설기계화물차,0,0,0,102,0,0
2014-06-09,0,0,1,11,2,8,0,대전,서구,1,7,9,0,3,4,6,127.3479,36.3286,대전서구,2,이륜차승합차,0,0,0,4,0,0
2014-06-07,0,5,1,3,1,1,0,전북,김제시,1,9,5,0,0,1,3,126.8419,35.8061,전북김제시,0,화물차화물차,0,1,0,34,0,0
2014-06-23,0,0,1,3,2,0,0,서울,은평구,1,5,0,0,0,0,2,126.8953,37.5822,서울은평구,1,승용차승용차,0,0,0,139,0,0
2014-05-10,0,5,1,1,0,0,0,경기,연천군,1,1,0,0,0,0,5,127.0742,38.0808,경기연천군,0,승용차자전거,0,1,0,106,0,0
2014-05-09,1,4,1,1,0,0,0,전북,김제시,1,7,8,1,1,6,9,126.8195,35.8506,전북김제시,0,원동기장치자전거건설기계,0,0,0,34,0,0
2014-08-13,1,2,1,2,0,1,0,전북,정읍시,1,7,8,1,1,0,3,126.949,35.6357,전북정읍시,0,승용차화물차,0,0,0,12,0,0
2014-08-11,0,0,1,3,0,2,0,충북,청주시,1,5,0,0,0,1,2,127.4504,36.747,충북청주시,0,화물차승용차,0,0,0,83,0,0
2014-08-11,1,0,1,1,0,0,0,대구,동구,1,1,0,0,0,2,4,128.6487,35.8797,대구동구,0,승합차이륜차,0,0,0,26,0,0
2014-07-01,0,1,1,1,0,0,0,서울,종로구,1,6,0,0,0,4,1,127.0152,37.5785,서울종로구,0,이륜차없음,0,0,0,116,0,0
2014-06-30,1,0,1,1,0,0,0,전북,부안군,1,7,0,1,1,0,7,126.7428,35.7522,전북부안군,0,승용차원동기장치자전거,0,0,0,185,0,0
2014-07-06,0,6,1,2,1,0,0,경기,연천군,1,9,5,0,0,0,2,127.0685,38.0428,경기연천군,0,승용차승용차,0,1,0,106,0,0
2014-07-05,0,5,1,4,3,0,0,전북,전주시,1,9,6,1,1,0,3,127.1189,35.8488,전북전주시,1,승용차화물차,0,1,0,11,0,0
2014-07-04,0,4,1,3,1,1,0,경북,김천시,1,7,0,0,0,4,2,128.1356,36.1235,경북김천시,0,이륜차승용차,0,0,0,76,0,0
2014-07-15,1,1,1,1,0,0,0,충남,홍성군,1,11,0,0,0,6,1,126.7269,36.5683,충남홍성군,0,원동기장치자전거없음,0,0,0,38,0,0
2014-07-11,1,4,1,1,0,0,0,경남,밀양시,1,6,0,0,0,0,1,128.7223,35.5404,경남밀양시,0,승용차없음,0,0,0,177,0,0
2014-07-15,0,1,1,1,0,0,0,대구,동구,1,7,0,0,0,0,4,128.6146,35.8683,대구동구,0,승용차이륜차,0,0,0,26,0,0
2014-07-24,0,3,1,1,0,0,0,경기,수원시,1,1,2,1,2,0,1,127.0385,37.2455,경기수원시,0,승용차없음,0,0,0,99,0,0
2014-07-27,0,6,1,1,0,0,0,강원,양구군,1,6,0,0,0,0,1,127.9422,38.2087,강원양구군,0,승용차없음,0,1,0,115,0,0
2014-08-04,0,0,1,1,0,0,0,경기,평택시,1,5,0,1,2,5,2,127.063,37.0897,경기평택시,0,특수차승용차,0,0,0,14,0,0
2014-08-13,1,2,1,1,0,0,0,울산,울주군,1,10,0,0,0,3,1,129.2184,35.6096,울산울주군,0,건설기계없음,0,0,0,17,0,0
2014-10-27,1,0,1,2,1,0,0,충북,청주시,1,5,0,0,0,1,3,127.4354,36.5638,충북청주시,0,화물차화물차,0,0,0,83,0,0
2014-11-18,0,1,1,2,1,0,0,대구,동구,1,5,0,0,0,1,11,128.6641,35.9146,대구동구,0,화물차특수차,0,0,0,26,0,0
2014-10-31,0,4,1,5,2,2,0,대구,북구,1,5,0,0,0,0,2,128.5828,35.9094,대구북구,1,승용차승용차,0,0,0,112,0,0
2014-04-27,0,6,2,3,1,0,0,경남,거창군,1,1,0,0,0,5,2,127.9186,35.6424,경남거창군,1,특수차승용차,0,1,0,154,0,0
2014-09-24,1,2,1,2,1,0,0,전남,순천시,1,10,0,0,0,0,1,127.4508,34.8746,전남순천시,0,승용차없음,0,0,0,27,0,0
2014-12-22,0,0,1,5,0,0,4,충남,천안시,1,10,0,0,0,2,1,127.1577,36.7378,충남천안시,0,승합차없음,0,0,0,63,0,0
2014-01-18,0,5,1,2,1,0,0,경남,하동군,1,1,0,0,0,0,2,127.8974,35.0275,경남하동군,0,승용차승용차,0,1,0,172,0,0
2014-01-30,0,3,1,1,0,0,0,경기,용인시,1,7,6,1,1,0,3,127.2798,37.2355,경기용인시,0,승용차화물차,0,1,0,51,0,0
2014-01-27,1,0,1,1,0,0,0,전북,군산시,1,5,0,0,0,2,3,126.6998,35.9721,전북군산시,0,승합차화물차,0,0,0,166,0,0
2014-01-27,0,0,1,3,1,1,0,충남,태안군,1,9,5,1,2,0,6,126.2874,36.6945,충남태안군,0,승용차승합차,0,0,0,169,0,0
2014-02-11,1,1,1,1,0,0,0,강원,영월군,1,7,5,0,0,5,4,128.4634,37.2606,강원영월군,0,특수차이륜차,0,0,0,114,0,0
2014-02-12,0,2,1,3,0,2,0,경북,영주시,1,5,0,0,0,0,3,128.5631,36.8337,경북영주시,0,승용차화물차,0,0,0,113,0,0
2014-02-13,1,3,1,1,0,0,0,서울,용산구,1,9,6,1,1,4,2,126.9661,37.538,서울용산구,0,이륜차승용차,0,0,0,134,0,0
2014-02-12,0,2,1,1,0,0,0,서울,성북구,1,5,0,0,0,6,3,127.0029,37.5872,서울성북구,0,원동기장치자전거화물차,0,0,0,167,0,0
2014-03-26,1,2,1,6,3,1,1,경남,진주시,1,5,0,0,0,2,3,127.9949,35.2258,경남진주시,1,승합차화물차,0,0,0,42,0,0
2014-02-01,1,5,2,7,3,2,0,전남,곡성군,1,7,0,0,0,1,2,127.1527,35.2589,전남곡성군,2,화물차승용차,0,1,0,147,0,0
2014-02-08,0,5,1,2,1,0,0,경기,시흥시,1,7,5,0,0,0,2,126.7883,37.4295,경기시흥시,0,승용차승용차,0,1,0,73,0,0
2014-08-13,1,2,1,3,2,0,0,경기,김포시,1,1,0,0,0,3,3,126.7656,37.5919,경기김포시,1,건설기계화물차,0,0,0,47,0,0
2014-08-13,0,2,1,1,0,0,0,경남,창원시(통합),1,6,0,1,2,0,1,128.7125,35.1946,경남창원시(통합),0,승용차없음,0,0,0,86,0,0
2014-08-11,1,0,1,2,0,1,0,충북,충주시,1,5,0,0,0,0,3,127.9704,37.0968,충북충주시,0,승용차화물차,0,0,0,6,0,0
2014-08-10,1,6,1,2,0,1,0,충남,태안군,1,7,0,1,2,1,2,126.3074,36.6457,충남태안군,0,화물차승용차,0,1,0,169,0,0
2014-06-30,0,0,1,1,0,0,0,충남,당진시,1,1,0,2,4,0,3,126.6826,36.9027,충남당진시,0,승용차화물차,0,0,0,46,0,0
2014-07-06,1,6,1,1,0,0,0,경기,성남시,1,7,0,1,2,6,6,127.1219,37.3822,경기성남시,0,원동기장치자전거승합차,0,1,0,95,0,0
2014-07-03,1,3,1,3,2,0,0,경기,포천시,1,7,5,1,2,1,3,127.2594,38.0254,경기포천시,1,화물차화물차,0,0,0,171,0,0
2014-07-04,1,4,1,1,0,0,0,경남,김해시,1,1,6,0,3,0,7,128.9109,35.2288,경남김해시,0,승용차원동기장치자전거,0,0,0,13,0,0
2014-07-04,0,4,1,2,1,0,0,전북,완주군,1,1,0,0,0,4,4,127.0967,35.919,전북완주군,0,이륜차이륜차,0,0,0,28,0,0
2014-07-05,1,5,1,1,0,0,0,광주,서구,1,1,0,1,2,0,5,126.877,35.1595,광주서구,0,승용차자전거,0,1,0,222,0,0
2014-09-19,1,4,1,1,0,0,0,경북,김천시,1,1,0,0,0,0,1,128.2826,36.1511,경북김천시,0,승용차없음,0,0,0,76,0,0
2014-03-07,1,4,1,1,0,0,0,인천,계양구,1,5,0,0,0,0,2,126.7049,37.5236,인천계양구,0,승용차승용차,0,0,0,7,0,0
2014-04-11,0,4,1,1,0,0,0,경기,안성시,1,1,0,0,0,0,3,127.1327,37.0348,경기안성시,0,승용차화물차,0,0,0,23,0,0
2014-12-07,1,6,1,1,0,0,0,경북,경주시,1,1,0,0,0,1,1,129.1735,35.8122,경북경주시,0,화물차없음,0,1,0,100,0,0
2014-11-18,1,1,1,2,0,1,0,경북,경주시,1,7,0,0,0,1,3,129.0794,35.8562,경북경주시,0,화물차화물차,0,0,0,100,0,0