발생년월일,주야,요일,사망자수,사상자수,중상자수,경상자수,부상신고자수,발생지시도,발생지시군구,사고유형_대분류,사고유형_중분류,법규위반,도로형태_대분류,도로형태,당사자종별_1당_대분류,당사자종별_2당_대분류,경도,위도,발생지,사고피해정도,사고차량타입,도시여부,주말/공휴일,인구수,발생지번호,보행자의위치,무단횡단여부
2014-01-16,1,3,1,1,0,0,0,경북,영주시,1,1,0,0,0,5,1,128.5343,36.8394,경북영주시,0,특수차없음,0,0,0,113,0,0
2014-05-09,0,4,1,2,1,0,0,경기,평택시,1,5,3,0,0,1,3,126.8942,37.053,경기평택시,0,화물차화물차,0,0,0,14,0,0
2014-06-13,0,4,1,2,0,1,0,충남,논산시,1,5,0,0,0,1,3,127.1022,36.0733,충남논산시,0,화물차화물차,0,0,0,61,0,0
2014-07-28,0,0,1,2,0,1,0,경기,안산시,1,5,0,0,0,1,3,126.821,37.35,경기안산시,0,화물차화물차,0,0,0,2,0,0
2014-08-21,1,3,1,1,0,0,0,충남,당진시,1,6,0,0,0,0,1,126.7001,36.8881,충남당진시,0,승용차없음,0,0,0,46,0,0
2014-08-02,1,5,1,1,0,0,0,경남,진주시,1,1,0,0,0,0,1,128.2064,35.1817,경남진주시,0,승용차없음,0,1,0,42,0,0
2014-08-14,1,3,1,1,0,0,0,울산,울주군,1,10,0,0,0,0,1,129.1121,35.5361,울산울주군,0,승용차없음,0,0,0,17,0,0
2014-05-19,0,0,1,18,1,16,0,전북,전주시,1,5,0,1,2,1,6,127.1226,35.7932,전북전주시,2,화물차승합차,0,0,0,11,0,0
2014-05-18,0,6,1,1,0,0,0,전남,광양시,1,7,0,1,1,0,3,127.6424,34.8925,전남광양시,0,승용차화물차,0,1,0,130,0,0
2014-05-19,1,0,1,1,0,0,0,전북,고창군,1,1,0,2,4,9,1,126.5791,35.4379,전북고창군,0,농기계없음,0,0,0,219,0,0
2014-05-18,1,6,1,1,0,0,0,대구,중구,1,1,6,1,1,7,2,128.578,35.8783,대구중구,0,자전거승용차,0,1,0,178,0,0
2014-05-14,1,2,2,2,0,0,0,대전,대덕구,1,6,0,1,2,1,1,127.4515,36.358,대전대덕구,0,화물차없음,0,0,0,77,0,0
2014-05-17,1,5,1,1,0,0,0,서울,관악구,1,1,0,0,3,0,3,126.9369,37.471,서울관악구,0,승용차화물차,0,1,0,188,0,0
2014-05-14,0,2,1,2,1,0,0,경기,구리시,1,6,2,0,0,0,1,127.1149,37.5636,경기구리시,0,승용차없음,0,0,0,165,0,0
2014-05-25,1,6,2,4,1,1,0,경기,고양시,1,7,6,1,1,0,2,126.7143,37.6938,경기고양시,1,승용차승용차,0,1,0,40,0,0
2014-05-29,1,3,1,1,0,0,0,경남,창원시(통합),1,1,0,0,0,0,5,128.6885,35.1477,경남창원시(통합),0,승용차자전거,0,0,0,86,0,0
2014-05-29,1,3,1,1,0,0,0,전북,김제시,1,9,0,1,1,1,5,126.7664,35.8586,전북김제시,0,화물차자전거,0,0,0,34,0,0
2014-06-12,0,3,1,1,0,0,0,경남,김해시,1,5,2,1,2,0,3,129.0019,35.2622,경남김해시,0,승용차화물차,0,0,0,13,0,0
2014-06-10,1,1,1,2,1,0,0,경남,거창군,1,6,0,1,2,9,1,127.9099,35.6304,경남거창군,0,농기계없음,0,0,0,154,0,0
2014-06-23,0,0,1,1,0,0,0,경기,평택시,1,5,0,0,0,0,5,126.8468,36.9696,경기평택시,0,승용차자전거,0,0,0,14,0,0
2014-06-24,1,1,1,1,0,0,0,경남,합천군,1,5,3,0,0,6,3,128.1179,35.3983,경남합천군,0,원동기장치자전거화물차,0,0,0,133,0,0
2014-06-23,1,0,1,1,0,0,0,경기,양주시,1,9,5,0,0,0,6,126.9765,37.8156,경기양주시,0,승용차승합차,0,0,0,59,0,0
2014-09-25,1,3,1,1,0,0,0,경북,칠곡군,1,6,0,0,0,0,1,128.5164,36.0461,경북칠곡군,0,승용차없음,0,0,0,21,0,0
2014-02-06,1,3,1,2,1,0,0,충북,단양군,1,5,0,2,4,0,3,128.2906,36.9743,충북단양군,0,승용차화물차,0,0,0,204,0,0
2014-12-04,1,3,1,2,0,1,0,경기,평택시,1,5,0,0,0,1,3,127.0753,37.0282,경기평택시,0,화물차화물차,0,0,0,14,0,0
2014-01-08,1,2,1,1,0,0,0,경기,여주시,1,6,0,0,0,0,1,127.6693,37.2823,경기여주시,0,승용차없음,0,0,0,22,0,0
2014-01-05,1,6,1,1,0,0,0,경북,구미시,1,1,5,0,0,4,12,128.3242,36.1323,경북구미시,0,이륜차기타,0,1,0,144,0,0
2014-01-06,1,0,1,1,0,0,0,경남,거창군,1,7,7,1,1,1,4,128.0051,35.7058,경남거창군,0,화물차이륜차,0,0,0,154,0,0
2014-01-03,1,4,1,1,0,0,0,경남,진주시,1,5,0,0,0,4,2,128.1066,35.1562,경남진주시,0,이륜차승용차,0,0,0,42,0,0
2014-01-13,1,0,1,3,2,0,0,경기,용인시,1,7,6,1,1,0,2,127.1044,37.2743,경기용인시,1,승용차승용차,0,0,0,51,0,0
2014-01-13,1,0,1,1,0,0,0,전남,함평군,1,6,0,0,0,4,1,126.416,35.1457,전남함평군,0,이륜차없음,0,0,0,157,0,0
2014-07-23,0,2,1,1,0,0,0,충북,청주시,1,5,0,0,0,0,3,127.3781,36.6398,충북청주시,0,승용차화물차,0,0,0,83,0,0
2014-06-08,0,6,1,1,0,0,0,충남,천안시,1,10,0,0,0,0,1,127.2123,36.7794,충남천안시,0,승용차없음,0,1,0,63,0,0
2014-06-10,1,1,1,1,0,0,0,전남,장흥군,1,11,0,0,0,6,1,126.9442,34.8007,전남장흥군,0,원동기장치자전거없음,0,0,0,56,0,0
2014-06-22,1,6,1,1,0,0,0,경북,상주시,1,11,0,0,0,0,1,127.9102,36.4716,경북상주시,0,승용차없음,0,1,0,58,0,0
2014-06-21,1,5,1,2,0,1,0,대전,서구,1,9,5,0,0,0,2,127.3272,36.3006,대전서구,0,승용차승용차,0,1,0,4,0,0
2014-06-20,0,4,1,1,0,0,0,충북,제천시,1,10,0,0,0,1,1,128.1514,37.0077,충북제천시,0,화물차없음,0,0,0,103,0,0
2014-06-23,1,0,1,5,0,4,0,충북,충주시,1,6,0,0,0,2,1,127.9284,37.038,충북충주시,1,승합차없음,0,0,0,6,0,0
2014-05-11,1,6,1,1,0,0,0,경기,성남시,1,1,0,0,0,1,1,127.1243,37.4444,경기성남시,0,화물차없음,0,1,0,95,0,0
2014-05-11,1,6,1,1,0,0,0,경남,함안군,1,1,2,2,4,0,5,128.4186,35.2755,경남함안군,0,승용차자전거,0,1,0,117,0,0
2014-05-19,1,0,1,1,0,0,0,제주,제주시,1,10,0,0,0,0,1,126.45,33.414,제주제주시,0,승용차없음,0,0,0,90,0,0
2014-05-15,0,3,1,1,0,0,0,대구,달성군,1,5,0,0,0,0,9,128.4432,35.6919,대구달성군,0,승용차건설기계,0,0,0,30,0,0
2014-05-25,1,6,1,1,0,0,0,충남,부여군,1,11,0,0,0,0,1,126.8363,36.2739,충남부여군,0,승용차없음,0,1,0,129,0,0
2014-05-22,1,3,1,1,0,0,0,경남,하동군,1,9,5,0,0,4,3,127.8176,35.0295,경남하동군,0,이륜차화물차,0,0,0,172,0,0
2014-12-12,1,4,1,1,0,0,0,경기,안산시,1,1,0,0,0,1,3,126.8759,37.3327,경기안산시,0,화물차화물차,0,0,0,2,0,0
2014-11-19,1,2,1,2,0,1,0,전북,익산시,1,5,0,0,0,1,3,127.1036,36.0451,전북익산시,0,화물차화물차,0,0,0,125,0,0
2014-04-11,1,4,1,1,0,0,0,충북,충주시,1,10,0,0,0,5,1,127.8471,36.9807,충북충주시,0,특수차없음,0,0,0,6,0,0
2014-04-06,1,6,1,1,0,0,0,강원,강릉시,1,6,0,0,0,0,1,128.8212,37.7718,강원강릉시,0,승용차없음,0,1,0,194,0,0
2014-01-16,1,3,1,1,0,0,0,경북,청도군,1,11,0,0,0,4,1,128.5766,35.709,경북청도군,0,이륜차없음,0,0,0,3,0,0
2014-01-13,0,0,1,1,0,0,0,서울,성동구,1,5,0,0,0,1,3,127.0407,37.5386,서울성동구,0,화물차화물차,0,0,0,84,0,0
2014-01-10,1,4,1,1,0,0,0,부산,강서구,1,7,6,0,3,7,3,128.8346,35.0832,부산강서구,0,자전거화물차,0,0,0,206,0,0
2014-01-10,0,4,1,3,1,1,0,부산,해운대구,1,7,6,1,1,2,2,129.1544,35.2327,부산해운대구,0,승합차승용차,0,0,0,1,0,0
2014-01-10,1,4,1,1,0,0,0,충남,당진시,1,5,0,2,4,0,3,126.5954,36.9681,충남당진시,0,승용차화물차,0,0,0,46,0,0
2014-01-20,0,0,1,1,0,0,0,서울,중랑구,1,7,7,1,1,0,2,127.0861,37.5708,서울중랑구,0,승용차승용차,0,0,0,196,0,0
2014-01-28,0,1,1,4,0,2,1,경기,의왕시,1,5,0,1,2,0,2,126.9804,37.3353,경기의왕시,0,승용차승용차,0,0,0,199,0,0
2014-01-31,0,4,1,1,0,0,0,충북,괴산군,1,11,0,0,0,1,1,127.668,36.81,충북괴산군,0,화물차없음,0,1,0,179,0,0
2014-01-25,1,5,1,4,1,2,0,경북,봉화군,1,6,0,0,0,2,1,128.9484,36.8334,경북봉화군,1,승합차없음,0,1,0,149,0,0
2014-02-08,1,5,1,2,1,0,0,전북,순창군,1,7,8,1,1,4,3,126.9899,35.4857,전북순창군,0,이륜차화물차,0,1,0,131,0,0
2014-02-07,0,4,1,3,0,2,0,경기,용인시,1,9,6,1,2,0,6,127.239,37.2295,경기용인시,0,승용차승합차,0,0,0,51,0,0
2014-06-22,1,6,1,2,1,0,0,충남,서산시,1,10,0,0,0,0,1,126.5663,36.7895,충남서산시,0,승용차없음,0,1,0,69,0,0
2014-09-03,0,2,2,7,1,4,0,경기,용인시,1,6,2,0,0,2,1,127.1193,37.2915,경기용인시,1,승합차없음,0,0,0,51,0,0
2014-06-11,1,2,1,4,3,0,0,경북,상주시,1,9,5,0,0,0,3,128.0957,36.4066,경북상주시,1,승용차화물차,0,0,0,58,0,0
2014-06-25,1,2,1,1,0,0,0,울산,남구,1,1,10,0,0,4,3,129.3444,35.5088,울산남구,0,이륜차화물차,0,0,0,213,0,0
2014-06-23,1,0,1,1,0,0,0,전남,구례군,1,1,4,2,4,2,1,127.4667,35.3204,전남구례군,0,승합차없음,0,0,0,161,0,0
2014-06-09,1,0,1,3,2,0,0,경남,함안군,1,10,0,2,0,1,1,128.4681,35.2672,경남함안군,1,화물차없음,0,0,0,117,0,0
2014-06-09,0,0,1,3,1,1,0,충남,천안시,1,1,6,1,1,1,2,127.2305,36.9139,충남천안시,0,화물차승용차,0,0,0,63,0,0
2014-06-09,1,0,1,1,0,0,0,대전,대덕구,1,7,0,0,0,1,5,127.4146,36.3466,대전대덕구,0,화물차자전거,0,0,0,77,0,0
2014-06-20,1,4,1,1,0,0,0,서울,광진구,1,5,0,1,1,0,5,127.0907,37.55,서울광진구,0,승용차자전거,0,0,0,183,0,0
2014-06-22,0,6,1,1,0,0,0,경기,여주시,1,1,0,2,4,0,5,127.6336,37.2743,경기여주시,0,승용차자전거,0,1,0,22,0,0
2014-06-21,1,5,1,2,1,0,0,경기,포천시,1,5,0,0,0,0,7,127.2015,37.8587,경기포천시,0,승용차원동기장치자전거,0,1,0,171,0,0
2014-06-17,0,1,1,3,2,0,0,경기,수원시,1,7,6,1,1,4,2,127.0187,37.2501,경기수원시,1,이륜차승용차,0,0,0,99,0,0
2014-06-18,0,2,2,3,1,0,0,전남,고흥군,1,10,0,0,0,1,1,127.2516,34.5808,전남고흥군,1,화물차없음,0,0,0,191,0,0
2014-06-19,1,3,1,1,0,0,0,경남,양산시,1,1,7,1,2,6,2,128.9863,35.31,경남양산시,0,원동기장치자전거승용차,0,0,0,49,0,0
2014-05-09,1,4,1,1,0,0,0,강원,원주시,1,11,0,0,0,0,1,127.8916,37.394,강원원주시,0,승용차없음,0,0,0,36,0,0
2014-05-17,1,5,1,1,0,0,0,충북,보은군,1,10,0,2,4,9,1,127.8101,36.4659,충북보은군,0,농기계없음,0,1,0,32,0,0
2014-05-16,1,4,1,1,0,0,0,충북,괴산군,1,10,0,0,0,4,1,127.8699,36.8604,충북괴산군,0,이륜차없음,0,0,0,179,0,0
2014-05-24,1,5,1,6,4,1,0,충남,태안군,1,7,5,0,0,3,6,126.4089,36.4597,충남태안군,1,건설기계승합차,0,1,0,169,0,0
2014-05-23,1,4,1,1,0,0,0,전북,정읍시,1,1,2,0,0,0,5,126.8465,35.5662,전북정읍시,0,승용차자전거,0,0,0,12,0,0
2014-11-11,1,1,1,1,0,0,0,인천,남동구,1,6,0,0,0,1,1,126.7389,37.4308,인천남동구,0,화물차없음,0,0,0,29,0,0
2014-01-09,0,3,1,1,0,0,0,충북,청주시,1,7,6,1,1,0,4,127.4601,36.635,충북청주시,0,승용차이륜차,0,0,0,83,0,0
2014-01-09,1,3,1,2,1,0,0,전남,나주시,1,6,0,1,2,0,1,126.7057,34.976,전남나주시,0,승용차없음,0,0,0,33,0,0
2014-01-08,1,2,1,1,0,0,0,부산,동구,1,1,5,2,0,0,2,129.0586,35.1297,부산동구,0,승용차승용차,0,0,0,209,0,0
2014-01-07,0,1,1,1,0,0,0,경기,시흥시,1,6,0,1,2,0,1,126.7722,37.4425,경기시흥시,0,승용차없음,0,0,0,73,0,0
2014-01-08,0,2,1,3,2,0,0,경기,파주시,1,6,0,1,2,1,1,126.7892,37.775,경기파주시,1,화물차없음,0,0,0,175,0,0
2014-08-21,0,3,1,3,0,1,1,경기,화성시,1,10,0,0,0,0,1,126.8823,37.2422,경기화성시,0,승용차없음,0,0,0,50,0,0
2014-01-09,1,3,1,2,1,0,0,경남,의령군,1,1,0,0,0,1,4,128.2597,35.2591,경남의령군,0,화물차이륜차,0,0,0,189,0,0
2014-01-20,1,0,1,1,0,0,0,경기,화성시,1,7,0,0,0,0,5,126.9204,37.1323,경기화성시,0,승용차자전거,0,0,0,50,0,0
2014-01-30,0,3,1,1,0,0,0,서울,성동구,1,6,0,0,0,4,1,127.0389,37.5432,서울성동구,0,이륜차없음,0,1,0,84,0,0
2014-01-29,0,2,1,1,0,0,0,경기,고양시,1,5,0,0,0,1,3,126.7992,37.6489,경기고양시,0,화물차화물차,0,0,0,40,0,0
2014-01-26,0,6,1,1,0,0,0,부산,북구,1,1,0,1,1,0,12,129.0172,35.2678,부산북구,0,승용차기타,0,1,0,118,0,0
2014-02-24,0,0,1,1,0,0,0,경기,화성시,1,1,0,1,2,2,3,127.0511,37.2215,경기화성시,0,승합차화물차,0,0,0,50,0,0
2014-02-24,0,0,1,1,0,0,0,경북,봉화군,1,11,0,0,0,0,1,128.8558,36.8552,경북봉화군,0,승용차없음,0,0,0,149,0,0
2014-02-24,0,0,1,2,1,0,0,경기,파주시,1,9,5,1,2,0,2,126.7606,37.7853,경기파주시,0,승용차승용차,0,0,0,175,0,0
2014-02-23,1,6,1,1,0,0,0,제주,제주시,1,6,0,0,0,9,1,126.7466,33.551,제주제주시,0,농기계없음,0,1,0,90,0,0
2014-02-23,0,6,1,1,0,0,0,경남,창녕군,1,6,0,0,0,4,1,128.4974,35.5409,경남창녕군,0,이륜차없음,0,1,0,211,0,0
2014-03-16,1,6,1,5,4,0,0,인천,남구,1,1,0,2,0,1,1,126.6363,37.4443,인천남동구,1,화물차없음,0,1,0,29,0,0
2014-05-29,1,3,1,1,0,0,0,경북,상주시,1,5,0,0,0,1,3,128.1131,36.3825,경북상주시,0,화물차화물차,0,0,0,58,0,0
2014-09-05,0,4,1,2,0,1,0,경기,이천시,1,5,0,0,0,1,3,127.443,37.1962,경기이천시,0,화물차화물차,0,0,0,41,0,0
2014-05-25,0,6,1,1,0,0,0,경북,영덕군,1,9,5,0,0,2,8,129.4107,36.54,경북영덕군,0,승합차농기계,0,1,0,54,0,0
2014-05-20,1,1,1,4,0,3,0,부산,강서구,1,5,3,2,4,1,3,128.9602,35.1706,부산강서구,1,화물차화물차,0,0,0,206,0,0
2014-05-29,0,3,1,1,0,0,0,대전,대덕구,1,5,0,0,0,0,3,127.4136,36.3763,대전대덕구,0,승용차화물차,0,0,0,77,0,0
2014-06-12,1,3,1,2,0,1,0,충남,공주시,1,1,0,0,0,0,4,127.1207,36.6088,충남공주시,0,승용차이륜차,0,0,0,19,0,0
2014-06-12,1,3,1,1,0,0,0,서울,동대문구,1,1,3,0,0,7,2,127.033,37.5709,서울동대문구,0,자전거승용차,0,0,0,201,0,0
2014-06-10,1,1,1,1,0,0,0,울산,북구,1,11,0,0,0,0,1,129.3431,35.6459,울산북구,0,승용차없음,0,0,0,158,0,0
2014-06-07,1,5,1,1,0,0,0,전북,임실군,1,7,7,1,1,3,4,127.2807,35.6408,전북임실군,0,건설기계이륜차,0,1,0,152,0,0
2014-06-06,0,4,1,1,0,0,0,전북,정읍시,1,1,0,0,0,7,1,126.7836,35.6113,전북정읍시,0,자전거없음,0,1,0,12,0,0
2014-06-21,1,5,1,1,0,0,0,충남,천안시,1,1,0,0,0,0,5,127.1284,36.7835,충남천안시,0,승용차자전거,0,1,0,63,0,0
2014-06-19,0,3,1,2,0,1,0,부산,동래구,1,7,6,1,1,4,2,129.0922,35.1945,부산동래구,0,이륜차승용차,0,0,0,216,0,0
2014-06-19,1,3,1,2,0,1,0,경북,안동시,1,5,0,0,0,0,3,128.7009,36.5932,경북안동시,0,승용차화물차,0,0,0,66,0,0
2014-01-03,0,4,1,4,1,2,0,경기,용인시,1,5,0,0,0,1,2,127.2792,37.2342,경기용인시,1,화물차승용차,0,0,0,51,0,0
2014-01-22,0,2,1,4,1,2,0,경기,수원시,1,9,5,1,2,0,2,126.9783,37.2773,경기수원시,1,승용차승용차,0,0,0,99,0,0
2014-01-30,0,3,1,1,0,0,0,경기,부천시,1,5,0,0,0,0,5,126.7607,37.4994,경기부천시,0,승용차자전거,0,1,0,65,0,0
2014-05-31,0,5,2,7,2,3,0,대구,북구,1,5,0,0,0,0,2,128.5184,35.8937,대구북구,2,승용차승용차,0,1,0,112,0,0
2014-06-12,0,3,1,3,2,0,0,전북,남원시,1,10,0,0,0,1,1,127.377,35.3169,전북남원시,1,화물차없음,0,0,0,193,0,0
2014-03-16,1,6,1,9,3,5,0,충남,천안시,1,5,0,0,0,0,2,127.1187,36.695,충남천안시,2,승용차승용차,0,1,0,63,0,0
2014-06-25,1,2,1,4,1,2,0,경기,성남시,1,7,0,0,0,1,6,127.1033,37.3577,경기성남시,1,화물차승합차,0,0,0,95,0,0
2014-09-24,1,2,1,4,1,2,0,경기,이천시,1,5,0,0,0,1,3,127.4284,37.2305,경기이천시,1,화물차화물차,0,0,0,41,0,0
2014-09-29,0,0,1,3,1,1,0,경기,여주시,1,5,0,0,0,1,3,127.5267,37.3704,경기여주시,0,화물차화물차,0,0,0,22,0,0
2014-09-21,0,6,1,2,0,1,0,충북,충주시,1,5,3,0,0,1,2,127.7803,37.0386,충북충주시,0,화물차승용차,0,1,0,6,0,0
2014-02-14,0,4,1,1,0,0,0,경기,시흥시,1,1,0,0,0,6,2,126.8395,37.383,경기시흥시,0,원동기장치자전거승용차,0,0,0,73,0,0
2014-01-31,0,4,1,1,0,0,0,경기,화성시,1,6,0,0,0,1,1,126.8604,37.2368,경기화성시,0,화물차없음,0,1,0,50,0,0
2014-02-11,0,1,1,3,0,2,0,전남,강진군,1,7,6,1,1,1,2,126.7084,34.7013,전남강진군,0,화물차승용차,0,0,0,121,0,0
2014-02-10,0,0,1,2,1,0,0,대전,대덕구,1,7,2,1,1,0,3,127.4085,36.3578,대전대덕구,0,승용차화물차,0,0,0,77,0,0
2014-02-09,1,6,1,4,1,1,1,경북,경주시,1,6,0,2,4,0,1,129.1902,35.8101,경북경주시,1,승용차없음,0,1,0,100,0,0
2014-02-22,1,5,1,2,1,0,0,강원,강릉시,1,9,5,0,0,3,3,128.9895,37.7155,강원강릉시,0,건설기계화물차,0,1,0,194,0,0
2014-02-22,1,5,1,1,0,0,0,서울,종로구,1,1,0,0,0,2,5,126.9611,37.5723,서울종로구,0,승합차자전거,0,1,0,116,0,0
2014-06-18,1,2,1,1,0,0,0,전북,군산시,1,6,0,0,0,0,1,126.8534,35.9222,전북군산시,0,승용차없음,0,0,0,166,0,0
2014-06-18,1,2,1,1,0,0,0,강원,정선군,1,5,6,1,1,1,5,128.673,37.3765,강원정선군,0,화물차자전거,0,0,0,198,0,0
2014-06-18,1,2,1,1,0,0,0,충북,음성군,1,1,0,0,0,6,3,127.748,36.9306,충북음성군,0,원동기장치자전거화물차,0,0,0,110,0,0
2014-06-07,0,5,1,1,0,0,0,강원,삼척시,1,1,0,0,0,9,1,129.197,37.4,강원삼척시,0,농기계없음,0,1,0,78,0,0
2014-06-16,1,0,1,1,0,0,0,전남,진도군,1,11,4,0,0,4,1,126.3548,34.435,전남진도군,0,이륜차없음,0,0,0,71,0,0
2014-06-15,1,6,1,5,1,3,0,부산,해운대구,1,7,6,1,1,3,2,129.1279,35.2198,부산해운대구,1,건설기계승용차,0,1,0,1,0,0
2014-06-16,1,0,1,1,0,0,0,경남,창녕군,1,6,0,0,0,1,1,128.3889,35.5914,경남창녕군,0,화물차없음,0,0,0,211,0,0
2014-06-14,1,5,1,2,0,1,0,제주,제주시,1,9,5,0,0,0,2,126.2606,33.4127,제주제주시,0,승용차승용차,0,1,0,90,0,0
2014-05-08,1,3,1,4,3,0,0,경기,고양시,1,7,6,1,1,5,2,126.8206,37.6284,경기고양시,1,특수차승용차,0,0,0,40,0,0
2014-05-18,1,6,1,1,0,0,0,경북,영양군,1,6,0,0,0,4,1,129.1952,36.7002,경북영양군,0,이륜차없음,0,1,0,128,0,0
2014-05-24,1,5,1,1,0,0,0,경기,여주시,1,1,5,1,2,0,4,127.6183,37.3458,경기여주시,0,승용차이륜차,0,1,0,22,0,0
2014-05-23,0,4,1,1,0,0,0,충남,천안시,1,9,6,1,1,0,7,127.1414,36.83,충남천안시,0,승용차원동기장치자전거,0,0,0,63,0,0
2014-05-25,0,6,1,1,0,0,0,경남,진주시,1,1,0,0,0,0,2,128.0372,35.2119,경남진주시,0,승용차승용차,0,1,0,42,0,0
2014-05-31,1,5,1,3,2,0,0,충북,증평군,1,7,8,1,1,1,2,127.6313,36.7942,충북증평군,1,화물차승용차,0,1,0,138,0,0
2014-05-27,0,1,1,1,0,0,0,경기,수원시,1,1,0,0,0,7,1,127.0358,37.2415,경기수원시,0,자전거없음,0,0,0,99,0,0
2014-06-03,0,1,1,3,0,2,0,인천,부평구,1,7,5,2,0,4,2,126.74,37.4888,인천부평구,0,이륜차승용차,0,0,0,44,0,0
2014-06-21,0,5,1,1,0,0,0,대구,수성구,1,6,0,0,0,1,1,128.6593,35.8541,대구수성구,0,화물차없음,0,1,0,37,0,0
2014-11-10,0,0,1,4,2,1,0,충북,음성군,1,5,0,0,0,1,3,127.7164,37.098,충북음성군,1,화물차화물차,0,0,0,110,0,0
2014-01-08,0,2,1,1,0,0,0,대구,남구,1,5,3,0,0,0,5,128.6043,35.8348,대구남구,0,승용차자전거,0,0,0,145,0,0
2014-01-02,1,3,1,1,0,0,0,대전,중구,1,1,0,1,2,7,2,127.3918,36.318,대전중구,0,자전거승용차,0,0,0,39,0,0
2014-01-01,1,2,1,1,0,0,0,경기,부천시,1,7,6,1,1,6,2,126.8059,37.5069,경기부천시,0,원동기장치자전거승용차,0,1,0,65,0,0
2014-01-03,1,4,1,1,0,0,0,충북,괴산군,1,5,3,0,0,1,3,127.7061,36.7999,충북괴산군,0,화물차화물차,0,0,0,179,0,0
2014-01-02,1,3,1,1,0,0,0,충북,청주시,1,6,0,0,0,4,1,127.4386,36.6151,충북청주시,0,이륜차없음,0,0,0,83,0,0
2014-01-16,0,3,1,1,0,0,0,경기,광명시,1,7,6,1,1,0,5,126.8723,37.4816,경기광명시,0,승용차자전거,0,0,0,81,0,0
2014-01-13,0,0,1,2,1,0,0,인천,중구,1,7,2,1,1,0,2,126.4775,37.4412,인천중구,0,승용차승용차,0,0,0,72,0,0
2014-01-11,1,5,1,1,0,0,0,충남,태안군,1,6,0,0,0,1,1,126.2384,36.8483,충남태안군,0,화물차없음,0,1,0,169,0,0
2014-01-10,1,4,1,1,0,0,0,경남,양산시,1,1,0,0,0,0,5,128.9877,35.3113,경남양산시,0,승용차자전거,0,0,0,49,0,0
2014-01-11,1,5,1,1,0,0,0,경기,용인시,1,1,0,1,2,1,2,127.2131,37.2635,경기용인시,0,화물차승용차,0,1,0,51,0,0
2014-01-09,0,3,1,1,0,0,0,울산,울주군,1,1,0,1,2,0,2,129.1121,35.5425,울산울주군,0,승용차승용차,0,0,0,17,0,0
2014-01-17,0,4,1,2,1,0,0,경남,합천군,1,7,5,0,0,0,3,128.1682,35.5772,경남합천군,0,승용차화물차,0,0,0,133,0,0
2014-01-19,1,6,1,4,0,2,1,경기,평택시,1,7,6,1,1,0,6,127.0728,37.011,경기평택시,0,승용차승합차,0,1,0,14,0,0
2014-01-26,1,6,1,3,2,0,0,충남,당진시,1,1,5,0,0,0,2,126.6823,36.869,충남당진시,1,승용차승용차,0,1,0,46,0,0
2014-02-12,1,2,1,2,1,0,0,전남,순천시,1,9,5,0,0,1,3,127.1917,35.0874,전남순천시,0,화물차화물차,0,0,0,27,0,0
2014-02-12,1,2,1,1,0,0,0,경남,함양군,1,10,0,0,0,1,1,127.7028,35.6554,경남함양군,0,화물차없음,0,0,0,108,0,0
2014-02-22,1,5,1,2,0,1,0,경기,고양시,1,7,5,0,0,0,3,126.7974,37.644,경기고양시,0,승용차화물차,0,1,0,40,0,0
2014-02-19,1,2,1,1,0,0,0,부산,진구,1,1,3,0,0,2,7,129.0653,35.1628,부산진구,0,승합차원동기장치자전거,0,0,0,231,0,0
2014-03-12,0,2,1,1,0,0,0,전남,장성군,1,6,0,0,0,0,1,126.8067,35.4462,전남장성군,0,승용차없음,0,0,0,146,0,0
2014-06-19,1,3,1,1,0,0,0,경남,창원시(통합),1,5,0,0,0,2,5,128.5078,35.1429,경남창원시(통합),0,승합차자전거,0,0,0,86,0,0
2014-06-17,1,1,1,1,0,0,0,제주,서귀포시,1,7,6,1,1,3,3,126.841,33.3357,제주서귀포시,0,건설기계화물차,0,0,0,62,0,0
2014-06-19,1,3,1,3,1,1,0,강원,강릉시,1,10,0,0,0,0,1,128.8475,37.5302,강원강릉시,0,승용차없음,0,0,0,194,0,0
2014-06-18,1,2,1,1,0,0,0,경북,상주시,1,7,0,0,0,0,7,128.1584,36.3986,경북상주시,0,승용차원동기장치자전거,0,0,0,58,0,0
2014-06-17,1,1,1,1,0,0,0,충남,천안시,1,1,4,0,0,0,1,127.1589,36.8141,충남천안시,0,승용차없음,0,0,0,63,0,0
2014-06-19,0,3,1,1,0,0,0,경기,수원시,1,1,6,1,1,4,3,127.0206,37.2968,경기수원시,0,이륜차화물차,0,0,0,99,0,0
2014-06-17,0,1,1,1,0,0,0,서울,성북구,1,7,0,0,0,4,2,127.0459,37.6187,서울성북구,0,이륜차승용차,0,0,0,167,0,0
2014-06-07,0,5,1,1,0,0,0,경기,평택시,1,6,0,1,1,0,1,127.0823,37.0512,경기평택시,0,승용차없음,0,1,0,14,0,0
2014-06-17,0,1,1,1,0,0,0,경남,고성군,1,5,0,0,0,6,3,128.1951,34.9445,경남고성군,0,원동기장치자전거화물차,0,0,0,87,0,0
2014-06-15,0,6,1,1,0,0,0,전남,여수시,1,1,0,0,0,0,2,127.6969,34.7272,전남여수시,0,승용차승용차,0,1,0,102,0,0