발생년월일,주야,요일,사망자수,사상자수,중상자수,경상자수,부상신고자수,발생지시도,발생지시군구,사고유형_대분류,사고유형_중분류,법규위반,도로형태_대분류,도로형태,당사자종별_1당_대분류,당사자종별_2당_대분류,경도,위도,발생지,사고피해정도,사고차량타입,도시여부,주말/공휴일,인구수,발생지번호,보행자의위치,무단횡단여부
2014-02-23,1,6,1,1,0,0,0,경북,경주시,1,10,0,0,0,4,1,129.2597,35.8449,경북경주시,0,이륜차없음,0,1,0,100,0,0
2014-02-23,0,6,1,2,1,0,0,충북,제천시,1,5,0,0,0,0,3,128.2173,37.1608,충북제천시,0,승용차화물차,0,1,0,103,0,0
2014-08-08,0,4,1,15,0,8,6,충남,공주시,1,1,0,0,0,0,3,127.1125,36.539,충남공주시,2,승용차화물차,0,0,0,19,0,0
2014-01-04,1,5,1,3,2,0,0,전남,순천시,1,7,6,1,1,0,2,127.4891,34.9957,전남순천시,1,승용차승용차,0,1,0,27,0,0
2014-01-03,1,4,1,1,0,0,0,전남,순천시,1,7,0,1,1,5,4,127.2363,35.0796,전남순천시,0,특수차이륜차,0,0,0,27,0,0
2014-01-02,0,3,1,2,0,1,0,전남,보성군,1,5,0,0,0,0,8,127.1091,34.8541,전남보성군,0,승용차농기계,0,0,0,122,0,0
2014-01-23,0,3,1,1,0,0,0,세종,세종,1,6,0,1,2,0,1,127.2401,36.4976,세종세종,0,승용차없음,1,0,0,229,0,0
2014-01-30,1,3,1,1,0,0,0,경기,파주시,1,7,9,1,1,7,6,126.7605,37.7279,경기파주시,0,자전거승합차,0,1,0,175,0,0
2014-10-10,1,4,1,1,0,0,0,대전,유성구,1,1,0,0,0,0,1,127.3974,36.4096,대전유성구,0,승용차없음,0,0,0,148,0,0
2014-10-04,1,5,1,4,0,3,0,경남,함안군,1,1,0,0,0,5,2,128.4742,35.2715,경남함안군,1,특수차승용차,0,1,0,117,0,0
2014-10-02,0,3,1,6,5,0,0,경북,상주시,1,5,0,0,0,1,2,128.1544,36.3698,경북상주시,1,화물차승용차,0,0,0,58,0,0
2014-03-07,0,4,1,2,0,1,0,경기,용인시,1,5,0,0,0,0,3,127.1619,37.2867,경기용인시,0,승용차화물차,0,0,0,51,0,0
2014-12-24,1,2,1,1,0,0,0,충북,음성군,1,1,0,0,0,1,2,127.6519,37.1417,충북음성군,0,화물차승용차,0,0,0,110,0,0
2014-01-08,1,2,1,1,0,0,0,경기,양평군,1,5,0,0,0,1,7,127.4907,37.5105,경기양평군,0,화물차원동기장치자전거,0,0,0,48,0,0
2014-01-02,0,3,1,1,0,0,0,부산,해운대구,1,5,0,0,0,6,6,129.1258,35.1791,부산해운대구,0,원동기장치자전거승합차,0,0,0,1,0,0
2014-06-07,0,5,2,10,6,2,0,전남,무안군,1,10,0,0,0,2,1,126.5044,34.9451,전남무안군,2,승합차없음,0,1,0,101,0,0
2014-05-21,1,2,1,1,0,0,0,경기,성남시,1,1,0,0,0,0,3,127.1035,37.3699,경기성남시,0,승용차화물차,0,0,0,95,0,0
2014-07-10,0,3,1,1,0,0,0,경기,광주시,1,6,0,0,0,0,1,127.2467,37.4751,경기광주시,0,승용차없음,0,0,0,9,0,0
2014-01-29,1,2,1,1,0,0,0,경북,영주시,1,7,0,0,0,0,7,128.6219,36.8209,경북영주시,0,승용차원동기장치자전거,0,0,0,113,0,0
2014-02-09,1,6,2,2,0,0,0,경남,창원시(통합),1,11,0,0,0,0,1,128.6951,35.2719,경남창원시(통합),0,승용차없음,0,1,0,86,0,0
2014-02-06,0,3,1,1,0,0,0,충북,청원군,1,11,0,0,0,6,1,127.4119,36.5283,충북청주시,0,원동기장치자전거없음,0,0,0,83,0,0
2014-02-01,0,5,1,1,0,0,0,경기,김포시,1,6,0,0,0,1,1,126.5643,37.7266,경기김포시,0,화물차없음,0,1,0,47,0,0
2014-02-21,0,4,1,3,2,0,0,경기,파주시,1,7,5,0,0,0,2,126.7914,37.7948,경기파주시,1,승용차승용차,0,0,0,175,0,0
2014-02-17,1,0,1,3,0,2,0,전북,김제시,1,7,6,1,1,0,3,126.9138,35.8078,전북김제시,0,승용차화물차,0,0,0,34,0,0
2014-02-18,0,1,1,1,0,0,0,경북,영주시,1,1,0,1,1,6,11,128.6129,36.8323,경북영주시,0,원동기장치자전거특수차,0,0,0,113,0,0
2014-02-18,0,1,1,2,1,0,0,경남,진주시,1,10,0,1,1,4,1,128.1162,35.1651,경남진주시,0,이륜차없음,0,0,0,42,0,0
2014-02-20,0,3,1,1,0,0,0,경기,평택시,1,10,0,0,0,6,1,127.0923,37.0757,경기평택시,0,원동기장치자전거없음,0,0,0,14,0,0
2014-02-01,0,5,1,1,0,0,0,경기,수원시,1,5,0,0,0,0,9,127.0329,37.2908,경기수원시,0,승용차건설기계,0,1,0,99,0,0
2014-02-16,0,6,1,2,1,0,0,경기,화성시,1,1,0,0,0,0,2,126.9298,37.1604,경기화성시,0,승용차승용차,0,1,0,50,0,0
2014-02-02,1,6,1,1,0,0,0,경기,포천시,1,6,0,0,0,0,1,127.2107,37.8236,경기포천시,0,승용차없음,0,1,0,171,0,0
2014-02-01,0,5,1,3,0,2,0,강원,인제군,1,7,2,0,0,0,2,128.3529,38.2061,강원인제군,0,승용차승용차,0,1,0,124,0,0
2014-02-17,1,0,1,2,0,1,0,세종,세종,1,7,6,1,1,4,3,127.2921,36.5886,세종세종,0,이륜차화물차,1,0,0,229,0,0
2014-02-17,1,0,1,1,0,0,0,전북,군산시,1,7,7,1,1,1,7,126.7276,35.9471,전북군산시,0,화물차원동기장치자전거,0,0,0,166,0,0
2014-02-15,1,5,1,1,0,0,0,서울,성동구,1,1,0,0,0,4,4,127.0257,37.5552,서울성동구,0,이륜차이륜차,0,1,0,84,0,0
2014-08-27,0,2,1,1,0,0,0,경기,용인시,1,1,0,0,0,0,3,127.1034,37.3066,경기용인시,0,승용차화물차,0,0,0,51,0,0
2014-01-28,1,1,1,3,1,1,0,경북,성주군,1,5,0,0,0,1,3,128.262,36.0116,경북성주군,0,화물차화물차,0,0,0,168,0,0
2014-05-13,1,1,4,7,3,0,0,경기,고양시,1,5,0,0,0,0,3,126.805,37.6384,경기고양시,2,승용차화물차,0,0,0,40,0,0
2014-04-25,0,4,1,2,1,0,0,전북,장수군,1,5,0,0,0,0,3,127.5978,35.7647,전북장수군,0,승용차화물차,0,0,0,155,0,0
2014-06-21,0,5,2,3,1,0,0,경기,동두천시,1,9,5,0,0,0,2,127.0461,37.8953,경기동두천시,1,승용차승용차,0,1,0,94,0,0
2014-06-21,0,5,1,1,0,0,0,서울,강북구,1,5,0,0,0,6,6,127.0443,37.619,서울강북구,0,원동기장치자전거승합차,0,1,0,200,0,0
2014-06-21,0,5,1,1,0,0,0,경남,통영시,1,1,0,0,0,1,1,128.4409,34.8611,경남통영시,0,화물차없음,0,1,0,212,0,0
2014-06-21,0,5,1,2,0,1,0,세종,세종,1,5,0,0,0,0,9,127.3994,36.5304,세종세종,0,승용차건설기계,1,1,0,229,0,0
2014-05-10,0,5,1,1,0,0,0,서울,강서구,1,7,6,1,1,0,4,126.8377,37.5704,서울강서구,0,승용차이륜차,0,1,0,43,0,0
2014-05-20,1,1,1,2,0,1,0,경기,용인시,1,5,5,0,0,0,2,127.1106,37.3206,경기용인시,0,승용차승용차,0,0,0,51,0,0
2014-05-20,1,1,1,1,0,0,0,경기,용인시,1,5,0,0,0,1,3,127.3225,37.2463,경기용인시,0,화물차화물차,0,0,0,51,0,0
2014-05-21,1,2,1,1,0,0,0,충북,청원군,1,7,0,0,0,9,8,127.4973,36.7458,충북청주시,0,농기계농기계,0,0,0,83,0,0
2014-05-26,1,0,1,1,0,0,0,전북,정읍시,1,7,3,0,0,4,2,126.8224,35.5865,전북정읍시,0,이륜차승용차,0,0,0,12,0,0
2014-12-20,0,5,1,1,0,0,0,대구,달서구,1,7,0,0,0,0,2,128.5163,35.8252,대구달서구,0,승용차승용차,0,1,0,20,0,0
2014-11-14,1,4,1,2,1,0,0,경남,창원시(통합),1,6,0,0,0,0,1,128.7018,35.284,경남창원시(통합),0,승용차없음,0,0,0,86,0,0
2014-11-20,1,3,1,5,0,4,0,충북,괴산군,1,5,0,0,0,0,2,127.9936,36.7582,충북괴산군,1,승용차승용차,0,0,0,179,0,0
2014-11-05,1,2,1,1,0,0,0,부산,강서구,1,1,0,0,0,6,7,128.9612,35.1545,부산강서구,0,원동기장치자전거원동기장치자전거,0,0,0,206,0,0
2014-01-06,0,0,1,1,0,0,0,충남,서천군,1,6,0,1,2,0,1,126.7059,36.0556,충남서천군,0,승용차없음,0,0,0,10,0,0
2014-09-22,0,0,1,1,0,0,0,경남,함안군,1,5,0,0,0,5,9,128.3736,35.2912,경남함안군,0,특수차건설기계,0,0,0,117,0,0
2014-09-07,0,6,1,2,1,0,0,경북,청도군,1,1,0,0,0,0,2,128.7564,35.6344,경북청도군,0,승용차승용차,0,1,0,3,0,0
2014-01-27,0,0,1,1,0,0,0,전남,고흥군,1,9,0,0,0,1,4,127.2967,34.6305,전남고흥군,0,화물차이륜차,0,0,0,191,0,0
2014-01-27,1,0,1,1,0,0,0,경기,양주시,1,5,7,1,1,1,2,126.9625,37.8033,경기양주시,0,화물차승용차,0,0,0,59,0,0
2014-01-27,1,0,1,1,0,0,0,경북,경주시,1,7,0,1,1,0,4,129.2069,35.8501,경북경주시,0,승용차이륜차,0,0,0,100,0,0
2014-02-07,1,4,1,1,0,0,0,전남,나주시,1,7,6,1,1,0,4,126.7113,35.0048,전남나주시,0,승용차이륜차,0,0,0,33,0,0
2014-02-07,1,4,1,3,1,1,0,경북,영주시,1,9,5,0,0,0,3,128.6441,36.9238,경북영주시,0,승용차화물차,0,0,0,113,0,0
2014-02-14,0,4,1,1,0,0,0,충북,괴산군,1,1,0,0,0,6,1,127.8803,36.8833,충북괴산군,0,원동기장치자전거없음,0,0,0,179,0,0
2014-02-16,0,6,1,1,0,0,0,경남,남해군,1,1,0,2,4,0,8,127.8702,34.7887,경남남해군,0,승용차농기계,0,1,0,197,0,0
2014-02-17,1,0,1,1,0,0,0,충남,예산군,1,9,6,1,1,1,7,126.8609,36.7331,충남예산군,0,화물차원동기장치자전거,0,0,0,187,0,0
2014-06-22,0,6,1,5,2,2,0,강원,원주시,1,9,5,1,1,0,2,128.0044,37.4231,강원원주시,1,승용차승용차,0,1,0,36,0,0
2014-05-17,0,5,1,2,1,0,0,충남,보령시,1,5,0,1,2,0,8,126.663,36.3912,충남보령시,0,승용차농기계,0,1,0,136,0,0
2014-07-03,1,3,1,1,0,0,0,충북,청주시,1,6,0,0,0,1,1,127.6048,36.7229,충북청주시,0,화물차없음,0,0,0,83,0,0
2014-07-14,0,0,1,1,0,0,0,경남,사천시,1,5,0,0,0,0,11,128.0507,35.0674,경남사천시,0,승용차특수차,0,0,0,57,0,0
2014-07-18,0,4,1,1,0,0,0,경북,칠곡군,1,1,0,0,0,4,1,128.3452,36.0506,경북칠곡군,0,이륜차없음,0,0,0,21,0,0
2014-07-17,0,3,1,1,0,0,0,전북,고창군,1,10,0,0,0,1,1,126.6453,35.4408,전북고창군,0,화물차없음,0,0,0,219,0,0
2014-06-26,0,3,1,1,0,0,0,경북,경주시,1,5,0,0,0,0,3,129.1926,35.7869,경북경주시,0,승용차화물차,0,0,0,100,0,0
2014-07-19,0,5,1,1,0,0,0,전남,구례군,1,6,0,0,0,0,1,127.4383,35.3181,전남구례군,0,승용차없음,0,1,0,161,0,0
2014-07-25,1,4,1,2,1,0,0,충남,아산시,1,9,5,0,0,1,3,126.8572,36.8143,충남아산시,0,화물차화물차,0,0,0,53,0,0
2014-07-21,1,0,1,1,0,0,0,서울,동대문구,1,1,6,1,1,0,7,127.0304,37.5778,서울동대문구,0,승용차원동기장치자전거,0,0,0,201,0,0
2014-08-02,1,5,1,1,0,0,0,충북,음성군,1,1,7,1,1,1,7,127.7734,36.9162,충북음성군,0,화물차원동기장치자전거,0,1,0,110,0,0
2014-08-02,0,5,1,1,0,0,0,서울,관악구,1,1,6,1,1,6,2,126.9227,37.4899,서울관악구,0,원동기장치자전거승용차,0,1,0,188,0,0
2014-08-05,0,1,1,1,0,0,0,경북,봉화군,1,11,0,0,0,4,1,128.7781,36.8183,경북봉화군,0,이륜차없음,0,0,0,149,0,0
2014-08-06,1,2,1,2,1,0,0,경남,하동군,1,9,5,0,0,2,6,127.7734,35.0625,경남하동군,0,승합차승합차,0,0,0,172,0,0
2014-08-06,0,2,1,3,1,1,0,강원,삼척시,1,9,5,0,0,0,3,129.3372,37.2079,강원삼척시,0,승용차화물차,0,0,0,78,0,0
2014-08-03,1,6,1,3,2,0,0,부산,해운대구,1,5,0,0,0,0,3,129.1284,35.22,부산해운대구,1,승용차화물차,0,1,0,1,0,0
2014-08-03,1,6,1,1,0,0,0,전남,보성군,1,6,0,0,0,0,1,127.3454,34.8261,전남보성군,0,승용차없음,0,1,0,122,0,0
2014-08-12,0,1,1,1,0,0,0,전북,군산시,1,6,0,0,0,0,1,126.5333,35.9345,전북군산시,0,승용차없음,0,0,0,166,0,0
2014-07-02,1,2,1,1,0,0,0,경기,성남시,1,5,6,1,1,6,2,127.1075,37.4599,경기성남시,0,원동기장치자전거승용차,0,0,0,95,0,0
2014-07-01,0,1,1,1,0,0,0,전남,영암군,1,1,0,0,0,0,2,126.6999,34.7991,전남영암군,0,승용차승용차,0,0,0,16,0,0
2014-07-05,1,5,1,1,0,0,0,강원,홍천군,1,5,3,0,0,0,4,127.9144,37.7101,강원홍천군,0,승용차이륜차,0,1,0,82,0,0
2014-07-03,0,3,1,3,2,0,0,경남,양산시,1,1,5,2,4,0,2,129.0349,35.3339,경남양산시,1,승용차승용차,0,0,0,49,0,0
2014-07-13,1,6,1,1,0,0,0,서울,구로구,1,9,6,1,1,2,7,126.8867,37.4817,서울구로구,0,승합차원동기장치자전거,0,1,0,79,0,0
2014-07-13,0,6,1,1,0,0,0,부산,진구,1,6,0,0,0,0,1,129.0676,35.1503,부산진구,0,승용차없음,0,1,0,231,0,0
2014-07-12,1,5,1,1,0,0,0,제주,서귀포시,1,6,0,0,0,4,1,126.77,33.303,제주서귀포시,0,이륜차없음,0,1,0,62,0,0
2014-07-14,1,0,1,1,0,0,0,경기,평택시,1,7,5,0,0,7,2,126.846,36.9854,경기평택시,0,자전거승용차,0,0,0,14,0,0
2014-07-11,0,4,1,1,0,0,0,경기,이천시,1,6,0,1,1,0,1,127.4503,37.2169,경기이천시,0,승용차없음,0,0,0,41,0,0
2014-07-09,1,2,1,1,0,0,0,강원,정선군,1,10,0,0,0,1,1,128.7774,37.2419,강원정선군,0,화물차없음,0,0,0,198,0,0
2014-07-18,1,4,1,1,0,0,0,경북,상주시,1,7,7,1,1,1,4,128.1262,36.3346,경북상주시,0,화물차이륜차,0,0,0,58,0,0
2014-07-14,0,0,1,1,0,0,0,전북,익산시,1,6,0,1,1,0,1,126.9786,36.0339,전북익산시,0,승용차없음,0,0,0,125,0,0
2014-07-25,1,4,1,4,2,1,0,전남,신안군,1,9,5,0,0,1,2,126.2371,35.0602,전남신안군,1,화물차승용차,0,0,0,132,0,0
2014-07-23,1,2,1,1,0,0,0,경남,김해시,1,1,0,1,2,3,5,128.8504,35.2328,경남김해시,0,건설기계자전거,0,0,0,13,0,0
2014-07-22,0,1,1,1,0,0,0,대구,달서구,1,7,0,1,1,1,5,128.5235,35.8152,대구달서구,0,화물차자전거,0,0,0,20,0,0
2014-08-02,1,5,1,4,0,3,0,경기,남양주시,1,5,0,0,0,3,2,127.1713,37.7016,경기남양주시,1,건설기계승용차,0,1,0,70,0,0
2014-08-02,1,5,1,1,0,0,0,전남,여수시,1,6,0,1,1,0,1,127.7214,34.744,전남여수시,0,승용차없음,0,1,0,102,0,0
2014-07-31,1,3,1,1,0,0,0,경남,김해시,1,6,0,1,1,1,1,128.9311,35.3079,경남김해시,0,화물차없음,0,0,0,13,0,0
2014-07-27,0,6,1,1,0,0,0,경북,김천시,1,1,0,1,1,6,1,128.0306,36.0033,경북김천시,0,원동기장치자전거없음,0,1,0,76,0,0
2014-07-30,0,2,1,1,0,0,0,경기,광주시,1,1,0,0,0,7,1,127.2892,37.3891,경기광주시,0,자전거없음,0,0,0,9,0,0
2014-07-27,1,6,1,1,0,0,0,제주,제주시,1,6,0,0,0,0,1,126.6293,33.5352,제주제주시,0,승용차없음,0,1,0,90,0,0
2014-07-27,0,6,1,1,0,0,0,경북,김천시,1,7,2,0,0,2,5,128.0577,36.13,경북김천시,0,승합차자전거,0,1,0,76,0,0
2014-06-30,1,0,1,1,0,0,0,경남,거창군,1,1,7,1,1,4,3,127.8971,35.6817,경남거창군,0,이륜차화물차,0,0,0,154,0,0
2014-07-07,1,0,1,2,1,0,0,인천,연수구,1,7,5,0,0,0,2,126.6549,37.4005,인천연수구,0,승용차승용차,0,0,0,35,0,0
2014-07-03,1,3,1,1,0,0,0,강원,평창군,1,1,0,0,0,0,6,128.381,37.4458,강원평창군,0,승용차승합차,0,0,0,24,0,0
2014-07-14,1,0,1,1,0,0,0,전북,익산시,1,7,0,0,0,2,5,126.9825,35.9566,전북익산시,0,승합차자전거,0,0,0,125,0,0
2014-07-15,0,1,1,4,1,2,0,경기,김포시,1,7,7,1,1,0,4,126.7122,37.6274,경기김포시,1,승용차이륜차,0,0,0,47,0,0
2014-07-26,1,5,1,1,0,0,0,경남,하동군,1,6,0,0,0,7,1,127.887,34.9726,경남하동군,0,자전거없음,0,1,0,172,0,0
2014-01-08,1,2,1,1,0,0,0,인천,남동구,1,1,0,0,0,4,1,126.7145,37.4153,인천남동구,0,이륜차없음,0,0,0,29,0,0
2014-11-27,1,3,1,1,0,0,0,충북,청주시,1,1,3,0,0,1,2,127.382,36.6294,충북청주시,0,화물차승용차,0,0,0,83,0,0
2014-11-05,1,2,1,2,1,0,0,경북,문경시,1,5,0,0,0,1,3,128.0234,36.7459,경북문경시,0,화물차화물차,0,0,0,74,0,0
2014-11-06,1,3,1,4,2,1,0,대구,달성군,1,5,0,0,0,1,3,128.4347,35.6766,대구달성군,1,화물차화물차,0,0,0,30,0,0
2014-05-25,0,6,1,1,0,0,0,서울,강서구,1,1,0,1,1,6,6,126.8467,37.5613,서울강서구,0,원동기장치자전거승합차,0,1,0,43,0,0
2014-05-20,0,1,1,1,0,0,0,충북,영동군,1,6,0,0,0,0,1,127.757,36.1596,충북영동군,0,승용차없음,0,0,0,75,0,0
2014-05-21,1,2,1,5,4,0,0,경북,경주시,1,1,5,0,0,0,2,129.0569,35.7764,경북경주시,1,승용차승용차,0,0,0,100,0,0
2014-05-31,0,5,1,1,0,0,0,경남,김해시,1,6,0,0,0,0,1,128.7797,35.1799,경남김해시,0,승용차없음,0,1,0,13,0,0
2014-05-31,1,5,1,1,0,0,0,강원,평창군,1,6,0,0,0,0,1,128.5467,37.6164,강원평창군,0,승용차없음,0,1,0,24,0,0
2014-05-30,1,4,1,1,0,0,0,전남,여수시,1,7,6,1,1,0,7,127.7214,34.744,전남여수시,0,승용차원동기장치자전거,0,0,0,102,0,0
2014-05-30,1,4,1,1,0,0,0,전북,완주군,1,1,0,1,1,1,5,127.156,35.9361,전북완주군,0,화물차자전거,0,0,0,28,0,0
2014-05-28,1,2,1,7,3,3,0,충남,당진시,1,7,7,1,1,1,2,126.547,37.0189,충남당진시,1,화물차승용차,0,0,0,46,0,0
2014-06-06,0,4,2,2,0,0,0,강원,동해시,1,1,0,0,0,0,3,129.1468,37.4839,강원동해시,0,승용차화물차,0,1,0,210,0,0
2014-06-06,0,4,1,3,1,1,0,서울,송파구,1,5,0,2,0,2,3,127.1245,37.4687,서울송파구,0,승합차화물차,0,1,0,156,0,0
2014-07-25,0,4,1,1,0,0,0,전남,광양시,1,6,0,1,1,0,1,127.7082,34.9418,전남광양시,0,승용차없음,0,0,0,130,0,0
2014-07-21,1,0,1,1,0,0,0,경기,시흥시,1,9,5,1,2,6,2,126.793,37.4396,경기시흥시,0,원동기장치자전거승용차,0,0,0,73,0,0
2014-07-31,1,3,1,1,0,0,0,경기,양주시,1,6,0,1,1,0,1,127.0049,37.8025,경기양주시,0,승용차없음,0,0,0,59,0,0
2014-05-31,1,5,1,2,1,0,0,전북,무주군,1,10,0,0,0,0,1,127.6468,35.8359,전북무주군,0,승용차없음,0,1,0,182,0,0
2014-08-03,0,6,1,1,0,0,0,충남,천안시,1,1,0,0,0,0,2,127.2373,36.7443,충남천안시,0,승용차승용차,0,1,0,63,0,0
2014-08-10,0,6,1,3,1,1,0,울산,울주군,1,1,3,0,0,0,3,129.2495,35.5579,울산울주군,0,승용차화물차,0,1,0,17,0,0
2014-07-23,1,2,1,3,1,1,0,강원,원주시,1,6,0,0,0,5,1,127.9059,37.3595,강원원주시,0,특수차없음,0,0,0,36,0,0
2014-05-31,0,5,1,7,2,4,0,충남,논산시,1,7,6,1,1,7,2,127.1607,36.2134,충남논산시,1,자전거승용차,0,1,0,61,0,0
2014-06-02,1,0,1,2,1,0,0,경북,영천시,1,1,5,0,0,1,3,128.9009,35.9848,경북영천시,0,화물차화물차,0,0,0,5,0,0
2014-06-11,1,2,1,1,0,0,0,경기,안산시,1,1,2,1,2,0,5,126.8215,37.3195,경기안산시,0,승용차자전거,0,0,0,2,0,0
2014-06-16,1,0,1,1,0,0,0,대전,유성구,1,5,0,0,0,0,11,127.2731,36.2707,대전유성구,0,승용차특수차,0,0,0,148,0,0
2014-06-16,1,0,1,1,0,0,0,전남,광양시,1,10,0,0,0,3,1,127.6633,35.0022,전남광양시,0,건설기계없음,0,0,0,130,0,0
2014-06-14,0,5,1,1,0,0,0,경북,안동시,1,6,0,1,2,9,1,128.9549,36.6212,경북안동시,0,농기계없음,0,1,0,66,0,0
2014-06-25,0,2,2,2,0,0,0,전남,나주시,1,9,5,0,0,0,2,126.8343,35.0473,전남나주시,0,승용차승용차,0,0,0,33,0,0
2014-06-25,0,2,1,4,3,0,0,경기,수원시,1,9,6,1,1,0,2,127.0187,37.2501,경기수원시,1,승용차승용차,0,0,0,99,0,0
2014-05-18,1,6,1,2,1,0,0,충북,청원군,1,6,0,0,0,1,1,127.5418,36.7349,충북청주시,0,화물차없음,0,1,0,83,0,0
2014-05-19,1,0,1,1,0,0,0,대구,동구,1,1,6,1,1,2,7,128.7041,35.8729,대구동구,0,승합차원동기장치자전거,0,0,0,26,0,0
2014-05-19,1,0,1,1,0,0,0,경북,김천시,1,6,0,0,0,1,1,128.1129,36.0909,경북김천시,0,화물차없음,0,0,0,76,0,0
2014-05-23,0,4,1,2,1,0,0,경북,구미시,1,5,0,0,0,0,8,128.2975,36.2009,경북구미시,0,승용차농기계,0,0,0,144,0,0
2014-05-25,0,6,1,1,0,0,0,경남,진주시,1,10,0,1,1,4,1,128.2614,35.1738,경남진주시,0,이륜차없음,0,1,0,42,0,0
2014-05-22,1,3,1,2,1,0,0,전북,익산시,1,5,0,0,0,2,4,126.9584,36.0475,전북익산시,0,승합차이륜차,0,0,0,125,0,0
2014-05-29,1,3,1,2,1,0,0,서울,마포구,1,9,0,2,4,7,5,126.886,37.5797,서울마포구,0,자전거자전거,0,0,0,159,0,0
2014-06-04,1,2,1,1,0,0,0,전남,함평군,1,5,2,1,1,1,4,126.6088,35.1111,전남함평군,0,화물차이륜차,0,1,0,157,0,0
2014-06-02,1,0,1,4,2,1,0,서울,강동구,1,1,5,0,0,0,2,127.1496,37.5318,서울강동구,1,승용차승용차,0,0,0,91,0,0
2014-06-02,1,0,1,1,0,0,0,경북,구미시,1,5,10,0,0,4,2,128.3216,36.138,경북구미시,0,이륜차승용차,0,0,0,144,0,0
2014-06-02,1,0,1,2,1,0,0,경기,안성시,1,9,5,0,0,1,3,127.4236,37.0763,경기안성시,0,화물차화물차,0,0,0,23,0,0
2014-06-03,1,1,1,1,0,0,0,충북,제천시,1,1,0,1,1,0,5,128.2094,37.1395,충북제천시,0,승용차자전거,0,0,0,103,0,0
2014-06-12,1,3,1,1,0,0,0,전남,나주시,1,1,8,1,1,5,7,126.8432,35.0423,전남나주시,0,특수차원동기장치자전거,0,0,0,33,0,0
2014-06-25,1,2,2,3,1,0,0,경기,평택시,1,1,3,0,0,1,3,127.0712,36.9801,경기평택시,1,화물차화물차,0,0,0,14,0,0
2014-06-25,1,2,1,1,0,0,0,경남,거제시,1,7,6,1,2,4,2,128.6532,34.912,경남거제시,0,이륜차승용차,0,0,0,15,0,0
2014-07-18,1,4,1,4,0,3,0,경기,시흥시,1,5,0,0,0,1,2,126.8089,37.4487,경기시흥시,1,화물차승용차,0,0,0,73,0,0
2014-07-18,1,4,1,1,0,0,0,충남,부여군,1,1,0,0,0,1,5,126.87,36.2976,충남부여군,0,화물차자전거,0,0,0,129,0,0
2014-07-26,1,5,1,1,0,0,0,경기,부천시,1,9,6,1,1,0,4,126.7544,37.5123,경기부천시,0,승용차이륜차,0,1,0,65,0,0
2014-07-27,1,6,1,3,1,0,1,경기,용인시,1,7,5,0,0,2,3,127.1996,37.1369,경기용인시,0,승합차화물차,0,1,0,51,0,0
2014-07-23,1,2,1,2,1,0,0,충남,서천군,1,1,0,0,0,0,1,126.7183,36.0272,충남서천군,0,승용차없음,0,0,0,10,0,0
2014-07-31,1,3,1,1,0,0,0,경기,양주시,1,7,6,1,1,0,3,127.0479,37.7934,경기양주시,0,승용차화물차,0,0,0,59,0,0
2014-08-07,1,3,1,2,0,1,0,서울,중랑구,1,9,5,0,0,6,2,127.0767,37.6141,서울중랑구,0,원동기장치자전거승용차,0,0,0,196,0,0
2014-07-31,1,3,1,1,0,0,0,경기,가평군,1,1,0,0,0,4,1,127.5254,37.8758,경기가평군,0,이륜차없음,0,0,0,176,0,0
2014-07-31,1,3,1,1,0,0,0,경북,청송군,1,11,0,0,0,0,1,128.9929,36.4416,경북청송군,0,승용차없음,0,0,0,203,0,0
2014-07-31,1,3,1,1,0,0,0,전북,정읍시,1,11,0,0,0,4,1,126.8107,35.611,전북정읍시,0,이륜차없음,0,0,0,12,0,0
2014-08-01,0,4,1,1,0,0,0,충남,예산군,1,6,0,0,0,6,1,126.8424,36.6072,충남예산군,0,원동기장치자전거없음,0,0,0,187,0,0
2014-07-29,0,1,1,4,2,1,0,경기,수원시,1,1,6,1,1,1,2,127.0192,37.2925,경기수원시,1,화물차승용차,0,0,0,99,0,0
2014-07-28,0,0,1,1,0,0,0,경북,구미시,1,10,0,0,0,6,1,128.4008,36.1749,경북구미시,0,원동기장치자전거없음,0,0,0,144,0,0
2014-07-07,0,0,1,1,0,0,0,강원,평창군,1,6,0,0,0,0,1,128.4335,37.6071,강원평창군,0,승용차없음,0,0,0,24,0,0
2014-07-08,0,1,1,1,0,0,0,경북,포항시,1,1,0,0,3,0,2,129.3593,36.0092,경북포항시,0,승용차승용차,0,0,0,160,0,0
2014-07-03,0,3,1,4,1,2,0,경북,김천시,1,1,0,0,0,0,8,128.0379,36.1473,경북김천시,1,승용차농기계,0,0,0,76,0,0
2014-07-14,0,0,2,4,2,0,0,경기,동두천시,1,6,0,0,0,0,1,127.0574,37.876,경기동두천시,1,승용차없음,0,0,0,94,0,0
2014-07-12,1,5,1,1,0,0,0,강원,강릉시,1,6,0,0,0,4,1,128.7755,37.7053,강원강릉시,0,이륜차없음,0,1,0,194,0,0
2014-07-10,1,3,1,1,0,0,0,경기,안양시,1,7,6,1,1,0,4,126.9435,37.3853,경기안양시,0,승용차이륜차,0,0,0,151,0,0
2014-07-19,0,5,1,1,0,0,0,세종,세종,1,6,0,0,0,6,1,127.205,36.6731,세종세종,0,원동기장치자전거없음,1,1,0,229,0,0
2014-07-19,1,5,1,3,2,0,0,울산,동구,1,7,6,1,1,4,4,129.4223,35.488,울산동구,1,이륜차이륜차,0,1,0,225,0,0