발생년월일,주야,요일,사망자수,사상자수,중상자수,경상자수,부상신고자수,발생지시도,발생지시군구,사고유형_대분류,사고유형_중분류,법규위반,도로형태_대분류,도로형태,당사자종별_1당_대분류,당사자종별_2당_대분류,경도,위도,발생지,사고피해정도,사고차량타입,도시여부,주말/공휴일,인구수,발생지번호,보행자의위치,무단횡단여부
2014-07-21,0,0,1,1,0,0,0,경기,이천시,1,6,0,0,0,0,1,127.5667,37.1737,경기이천시,0,승용차없음,0,0,0,41,0,0
2014-07-15,0,1,1,1,0,0,0,강원,강릉시,1,10,0,0,0,0,1,128.8695,37.7421,강원강릉시,0,승용차없음,0,0,0,194,0,0
2014-07-16,1,2,1,1,0,0,0,경북,군위군,1,10,0,0,0,9,1,128.6719,36.1868,경북군위군,0,농기계없음,0,0,0,170,0,0
2014-07-16,1,2,1,1,0,0,0,충북,괴산군,1,10,0,0,0,4,1,127.6419,36.7719,충북괴산군,0,이륜차없음,0,0,0,179,0,0
2014-07-16,1,2,1,1,0,0,0,경기,김포시,1,1,0,0,0,7,1,126.5645,37.7173,경기김포시,0,자전거없음,0,0,0,47,0,0
2014-07-16,0,2,1,1,0,0,0,경기,화성시,1,5,2,0,0,0,6,126.8767,37.1559,경기화성시,0,승용차승합차,0,0,0,50,0,0
2014-07-15,1,1,1,2,1,0,0,경기,양평군,1,11,0,0,0,1,1,127.4606,37.5699,경기양평군,0,화물차없음,0,0,0,48,0,0
2014-07-26,0,5,1,2,0,1,0,대구,서구,1,1,6,1,1,4,2,128.5715,35.8795,대구서구,0,이륜차승용차,0,1,0,107,0,0
2014-07-24,1,3,1,1,0,0,0,충남,서천군,1,1,6,1,1,6,6,126.6502,36.0931,충남서천군,0,원동기장치자전거승합차,0,0,0,10,0,0
2014-07-24,1,3,1,1,0,0,0,전북,전주시,1,7,0,1,1,0,4,127.1315,35.8697,전북전주시,0,승용차이륜차,0,0,0,11,0,0
2014-08-01,1,4,2,5,3,0,0,강원,인제군,1,9,5,0,0,0,6,128.2707,38.1347,강원인제군,1,승용차승합차,0,0,0,124,0,0
2014-07-31,1,3,1,2,1,0,0,충남,서천군,1,1,5,0,0,6,3,126.7777,36.1718,충남서천군,0,원동기장치자전거화물차,0,0,0,10,0,0
2014-07-31,0,3,1,1,0,0,0,경남,진주시,1,6,0,0,0,6,1,127.9528,35.1656,경남진주시,0,원동기장치자전거없음,0,0,0,42,0,0
2014-07-30,0,2,1,3,2,0,0,경북,안동시,1,5,0,0,0,0,2,128.7666,36.5806,경북안동시,1,승용차승용차,0,0,0,66,0,0
2014-07-29,0,1,1,1,0,0,0,인천,남동구,1,1,0,0,0,6,1,126.7301,37.4032,인천남동구,0,원동기장치자전거없음,0,0,0,29,0,0
2014-08-04,0,0,3,3,0,0,0,전남,보성군,1,9,5,0,0,0,2,127.073,34.8311,전남보성군,1,승용차승용차,0,0,0,122,0,0
2014-08-04,0,0,1,2,1,0,0,광주,광산구,1,7,6,1,1,0,7,126.8047,35.1909,광주광산구,0,승용차원동기장치자전거,0,0,0,135,0,0
2014-08-05,1,1,1,2,1,0,0,충북,청주시,1,7,0,0,0,0,4,127.5097,36.5655,충북청주시,0,승용차이륜차,0,0,0,83,0,0
2014-08-04,0,0,1,1,0,0,0,전남,신안군,1,10,0,2,4,9,1,126.1535,34.6547,전남신안군,0,농기계없음,0,0,0,132,0,0
2014-08-15,0,4,1,1,0,0,0,경기,양주시,1,7,6,1,1,1,3,127.0464,37.784,경기양주시,0,화물차화물차,0,1,0,59,0,0
2014-08-13,1,2,1,3,0,2,0,경기,여주시,1,11,0,0,0,6,1,127.6615,37.286,경기여주시,0,원동기장치자전거없음,0,0,0,22,0,0
2014-07-28,1,0,1,1,0,0,0,경기,성남시,1,1,3,1,2,4,6,127.1274,37.4415,경기성남시,0,이륜차승합차,0,0,0,95,0,0
2014-08-07,1,3,1,1,0,0,0,광주,광산구,1,7,0,1,2,0,7,126.8392,35.1973,광주광산구,0,승용차원동기장치자전거,0,0,0,135,0,0
2014-08-07,1,3,1,1,0,0,0,경기,오산시,1,7,0,1,1,1,5,127.0662,37.16,경기오산시,0,화물차자전거,0,0,0,143,0,0
2014-06-30,0,0,1,3,2,0,0,경북,경주시,1,10,0,0,0,0,1,129.2408,35.8047,경북경주시,1,승용차없음,0,0,0,100,0,0
2014-07-05,1,5,1,1,0,0,0,서울,강북구,1,7,4,0,0,1,5,127.0312,37.6373,서울강북구,0,화물차자전거,0,1,0,200,0,0
2014-07-03,0,3,1,1,0,0,0,부산,강서구,1,5,0,1,2,1,11,128.8663,35.1354,부산강서구,0,화물차특수차,0,0,0,206,0,0
2014-07-15,1,1,1,1,0,0,0,광주,북구,1,7,7,1,1,0,7,126.8747,35.225,광주북구,0,승용차원동기장치자전거,0,0,0,137,0,0
2014-07-12,1,5,1,3,1,1,0,경북,청송군,1,9,5,0,0,0,2,128.9027,36.2522,경북청송군,0,승용차승용차,0,1,0,203,0,0
2014-07-12,0,5,1,2,1,0,0,전북,군산시,1,1,0,0,0,1,2,126.6573,35.9595,전북군산시,0,화물차승용차,0,1,0,166,0,0
2014-07-10,1,3,1,2,1,0,0,경북,청도군,1,10,0,0,0,0,1,129.0379,35.6428,경북청도군,0,승용차없음,0,0,0,3,0,0
2014-07-24,0,3,1,1,0,0,0,인천,연수구,1,1,0,0,0,8,4,126.6938,37.4176,인천연수구,0,기타이륜차,0,0,0,35,0,0
2014-07-21,0,0,1,1,0,0,0,전남,해남군,1,11,0,0,0,9,1,126.5146,34.4918,전남해남군,0,농기계없음,0,0,0,119,0,0
2014-01-11,1,5,1,1,0,0,0,경북,칠곡군,1,5,0,0,0,1,4,128.4893,35.9262,경북칠곡군,0,화물차이륜차,0,1,0,21,0,0
2014-01-10,0,4,1,1,0,0,0,경북,경산시,1,5,0,0,0,4,3,128.7351,35.7597,경북경산시,0,이륜차화물차,0,0,0,52,0,0
2014-02-20,1,3,1,1,0,0,0,충남,부여군,1,7,0,1,2,1,4,126.8833,36.2651,충남부여군,0,화물차이륜차,0,0,0,129,0,0
2014-07-29,0,1,1,1,0,0,0,경기,화성시,1,1,0,0,0,2,4,126.8771,37.1669,경기화성시,0,승합차이륜차,0,0,0,50,0,0
2014-08-07,1,3,1,1,0,0,0,경기,포천시,1,5,10,0,0,4,6,127.2731,38.0946,경기포천시,0,이륜차승합차,0,0,0,171,0,0
2014-07-01,1,1,1,1,0,0,0,경남,밀양시,1,6,0,0,0,1,1,128.8308,35.5064,경남밀양시,0,화물차없음,0,0,0,177,0,0
2014-10-25,0,5,1,1,0,0,0,대전,유성구,1,6,0,0,0,0,1,127.3165,36.2933,대전유성구,0,승용차없음,0,1,0,148,0,0
2014-08-27,1,2,1,1,0,0,0,경북,경산시,1,7,0,0,0,1,2,128.7587,35.8737,경북경산시,0,화물차승용차,0,0,0,52,0,0
2014-02-03,1,0,1,4,1,2,0,광주,광산구,1,5,2,0,0,0,2,126.7145,35.1097,광주광산구,1,승용차승용차,0,0,0,135,0,0
2014-02-01,0,5,1,1,0,0,0,충남,논산시,1,1,0,0,0,1,5,127.0738,36.2543,충남논산시,0,화물차자전거,0,1,0,61,0,0
2014-01-31,0,4,1,2,1,0,0,전남,강진군,1,1,0,1,2,0,2,126.7677,34.6417,전남강진군,0,승용차승용차,0,1,0,121,0,0
2014-02-14,0,4,1,2,1,0,0,대전,서구,1,7,5,0,0,0,6,127.4018,36.3531,대전서구,0,승용차승합차,0,0,0,4,0,0
2014-02-16,0,6,1,1,0,0,0,부산,해운대구,1,1,0,0,0,0,1,129.1818,35.1779,부산해운대구,0,승용차없음,0,1,0,1,0,0
2014-02-13,0,3,1,1,0,0,0,충북,충주시,1,5,0,0,0,0,7,127.917,37.0061,충북충주시,0,승용차원동기장치자전거,0,0,0,6,0,0
2014-02-11,0,1,1,2,1,0,0,충남,논산시,1,6,0,0,0,0,1,127.0836,36.2062,충남논산시,0,승용차없음,0,0,0,61,0,0
2014-02-11,0,1,1,1,0,0,0,충남,공주시,1,1,0,0,0,0,1,127.2483,36.3601,충남공주시,0,승용차없음,0,0,0,19,0,0
2014-02-13,1,3,1,2,0,1,0,경남,창원시(통합),1,5,0,0,0,1,3,128.7184,35.1933,경남창원시(통합),0,화물차화물차,0,0,0,86,0,0
2014-02-10,1,0,1,2,1,0,0,충남,아산시,1,1,5,0,0,0,3,126.9105,36.792,충남아산시,0,승용차화물차,0,0,0,53,0,0
2014-02-10,1,0,1,1,0,0,0,경기,부천시,1,7,9,0,0,6,2,126.804,37.5211,경기부천시,0,원동기장치자전거승용차,0,0,0,65,0,0
2014-02-13,1,3,1,1,0,0,0,경북,경주시,1,1,0,0,0,6,3,129.2025,35.8499,경북경주시,0,원동기장치자전거화물차,0,0,0,100,0,0
2014-02-11,1,1,1,3,1,0,1,경기,고양시,1,7,0,0,0,1,3,126.7185,37.6658,경기고양시,0,화물차화물차,0,0,0,40,0,0
2014-02-11,1,1,1,2,1,0,0,전남,나주시,1,7,7,1,1,3,3,126.7946,35.0186,전남나주시,0,건설기계화물차,0,0,0,33,0,0
2014-06-25,1,2,1,1,0,0,0,전북,김제시,1,6,0,0,0,1,1,126.9092,35.8373,전북김제시,0,화물차없음,0,0,0,34,0,0
2014-06-23,1,0,1,2,1,0,0,대전,서구,1,1,3,2,4,1,2,127.3777,36.3649,대전서구,0,화물차승용차,0,0,0,4,0,0
2014-06-25,0,2,1,2,1,0,0,울산,울주군,1,9,5,0,0,0,2,129.2369,35.512,울산울주군,0,승용차승용차,0,0,0,17,0,0
2014-06-23,0,0,1,1,0,0,0,경남,남해군,1,10,0,0,0,4,1,128.0343,34.732,경남남해군,0,이륜차없음,0,0,0,197,0,0
2014-06-24,1,1,1,1,0,0,0,경북,군위군,1,1,0,0,0,1,1,128.6556,36.1507,경북군위군,0,화물차없음,0,0,0,170,0,0
2014-05-09,1,4,1,2,0,1,0,전남,담양군,1,1,5,0,0,2,9,127.0071,35.4286,전남담양군,0,승합차건설기계,0,0,0,181,0,0
2014-05-08,0,3,1,1,0,0,0,경북,경주시,1,1,2,0,0,0,5,129.2159,35.8525,경북경주시,0,승용차자전거,0,0,0,100,0,0
2014-05-11,0,6,1,1,0,0,0,대구,동구,1,1,0,0,0,6,1,128.6154,35.8813,대구동구,0,원동기장치자전거없음,0,1,0,26,0,0
2014-07-06,0,6,1,2,1,0,0,경북,구미시,1,10,0,0,0,0,1,128.3502,36.0726,경북구미시,0,승용차없음,0,1,0,144,0,0
2014-07-06,1,6,3,5,2,0,0,충북,단양군,1,5,5,1,1,1,3,128.3098,37.0434,충북단양군,1,화물차화물차,0,1,0,204,0,0
2014-07-06,1,6,1,3,2,0,0,경북,영천시,1,9,5,0,0,0,2,128.8207,35.9941,경북영천시,1,승용차승용차,0,1,0,5,0,0
2014-07-08,1,1,1,1,0,0,0,전남,함평군,1,7,7,1,1,2,7,126.4268,35.1427,전남함평군,0,승합차원동기장치자전거,0,0,0,157,0,0
2014-07-14,0,0,1,1,0,0,0,경남,창녕군,1,6,0,0,0,0,1,128.4908,35.5418,경남창녕군,0,승용차없음,0,0,0,211,0,0
2014-07-14,1,0,1,1,0,0,0,전북,군산시,1,7,0,0,0,1,5,126.7951,35.9546,전북군산시,0,화물차자전거,0,0,0,166,0,0
2014-07-12,0,5,1,3,2,0,0,충남,아산시,1,11,0,0,0,0,1,126.8677,36.8025,충남아산시,1,승용차없음,0,1,0,53,0,0
2014-07-11,0,4,2,3,1,0,0,경기,안산시,1,6,0,1,2,0,1,126.7916,37.3348,경기안산시,1,승용차없음,0,0,0,2,0,0
2014-07-19,1,5,1,1,0,0,0,부산,사상구,1,5,0,0,0,1,3,128.9757,35.1434,부산사상구,0,화물차화물차,0,1,0,120,0,0
2014-07-17,0,3,1,3,0,2,0,경기,이천시,1,5,3,0,0,0,2,127.4148,37.2478,경기이천시,0,승용차승용차,0,0,0,41,0,0
2014-07-17,0,3,1,1,0,0,0,경기,남양주시,1,7,6,1,1,4,2,127.3013,37.6521,경기남양주시,0,이륜차승용차,0,0,0,70,0,0
2014-07-25,1,4,1,1,0,0,0,충남,논산시,1,7,0,0,0,6,2,127.0968,36.1929,충남논산시,0,원동기장치자전거승용차,0,0,0,61,0,0
2014-07-22,0,1,1,1,0,0,0,강원,홍천군,1,11,0,0,0,0,1,127.8036,37.6869,강원홍천군,0,승용차없음,0,0,0,82,0,0
2014-07-29,1,1,1,1,0,0,0,서울,구로구,1,1,3,0,0,7,2,126.8941,37.483,서울구로구,0,자전거승용차,0,0,0,79,0,0
2014-07-28,1,0,1,1,0,0,0,경기,화성시,1,1,0,0,0,0,1,126.8873,37.1862,경기화성시,0,승용차없음,0,0,0,50,0,0
2014-07-29,1,1,1,1,0,0,0,강원,속초시,1,7,0,1,1,6,6,128.5694,38.2014,강원속초시,0,원동기장치자전거승합차,0,0,0,104,0,0
2014-08-03,1,6,1,1,0,0,0,경기,하남시,1,6,0,0,0,0,1,127.2778,37.5241,경기하남시,0,승용차없음,0,1,0,67,0,0
2014-08-04,0,0,1,3,1,1,0,전남,여수시,1,6,0,0,0,0,1,127.6498,34.7999,전남여수시,0,승용차없음,0,0,0,102,0,0
2014-08-05,0,1,1,4,1,2,0,경기,평택시,1,7,7,1,2,0,2,126.8903,36.9374,경기평택시,1,승용차승용차,0,0,0,14,0,0
2014-08-02,1,5,1,2,1,0,0,전남,담양군,1,9,5,1,2,0,2,127.0392,35.3513,전남담양군,0,승용차승용차,0,1,0,181,0,0
2014-07-02,1,2,1,1,0,0,0,경기,의정부시,1,1,3,1,1,7,4,127.0552,37.7374,경기의정부시,0,자전거이륜차,0,0,0,64,0,0
2014-07-01,1,1,1,1,0,0,0,경기,파주시,1,7,2,1,2,2,5,126.8101,37.8238,경기파주시,0,승합차자전거,0,0,0,175,0,0
2014-06-30,1,0,1,3,2,0,0,울산,중구,1,7,0,0,0,1,3,129.3485,35.5505,울산중구,1,화물차화물차,0,0,0,205,0,0
2014-07-06,0,6,1,1,0,0,0,경기,김포시,1,1,0,1,1,0,4,126.5675,37.6472,경기김포시,0,승용차이륜차,0,1,0,47,0,0
2014-07-06,0,6,1,4,0,3,0,경기,여주시,1,5,0,0,0,1,8,127.5611,37.2992,경기여주시,1,화물차농기계,0,1,0,22,0,0
2014-07-03,1,3,1,1,0,0,0,경남,고성군,1,5,0,0,0,0,5,128.4026,35.0008,경남고성군,0,승용차자전거,0,0,0,87,0,0
2014-05-11,0,6,1,5,4,0,0,경기,구리시,1,1,6,1,1,0,2,127.128,37.5727,경기구리시,1,승용차승용차,0,1,0,165,0,0
2014-05-19,1,0,1,1,0,0,0,전남,고흥군,1,1,0,1,1,9,1,127.2332,34.5762,전남고흥군,0,농기계없음,0,0,0,191,0,0
2014-05-16,0,4,1,1,0,0,0,충남,아산시,1,7,6,1,1,9,3,126.908,36.8804,충남아산시,0,농기계화물차,0,0,0,53,0,0
2014-05-17,0,5,1,1,0,0,0,경기,평택시,1,1,0,0,0,1,4,127.0751,36.9728,경기평택시,0,화물차이륜차,0,1,0,14,0,0
2014-05-17,0,5,1,2,1,0,0,충남,서산시,1,5,0,0,0,1,4,126.5642,36.7028,충남서산시,0,화물차이륜차,0,1,0,69,0,0
2014-05-24,1,5,1,1,0,0,0,충북,청주시,1,10,0,0,0,4,1,127.4412,36.6537,충북청주시,0,이륜차없음,0,1,0,83,0,0
2014-05-21,1,2,1,4,3,0,0,광주,북구,1,9,5,0,0,0,2,126.9367,35.2043,광주북구,1,승용차승용차,0,0,0,137,0,0
2014-05-31,1,5,1,1,0,0,0,서울,성동구,1,1,0,0,0,6,1,127.0305,37.5498,서울성동구,0,원동기장치자전거없음,0,1,0,84,0,0
2014-05-27,1,1,1,1,0,0,0,전북,임실군,1,7,0,1,1,1,7,127.2821,35.6142,전북임실군,0,화물차원동기장치자전거,0,0,0,152,0,0
2014-05-25,1,6,1,2,1,0,0,강원,정선군,1,6,4,1,2,0,1,128.6525,37.3788,강원정선군,0,승용차없음,0,1,0,198,0,0
2014-06-04,0,2,1,3,2,0,0,경기,화성시,1,9,5,0,0,1,2,126.7978,37.1996,경기화성시,1,화물차승용차,0,1,0,50,0,0
2014-06-04,1,2,1,1,0,0,0,경북,봉화군,1,5,0,0,0,0,8,128.7584,36.846,경북봉화군,0,승용차농기계,0,1,0,149,0,0
2014-06-05,0,3,1,1,0,0,0,충남,보령시,1,11,0,0,0,1,1,126.6025,36.3353,충남보령시,0,화물차없음,0,0,0,136,0,0
2014-06-02,1,0,1,2,0,1,0,충남,논산시,1,5,3,1,2,1,2,127.2183,36.2105,충남논산시,0,화물차승용차,0,0,0,61,0,0
2014-06-12,0,3,1,1,0,0,0,전남,순천시,1,7,0,1,2,0,2,127.5477,34.9642,전남순천시,0,승용차승용차,0,0,0,27,0,0
2014-06-12,1,3,1,1,0,0,0,경기,용인시,1,5,5,0,0,1,4,127.2058,37.1395,경기용인시,0,화물차이륜차,0,0,0,51,0,0
2014-06-24,0,1,1,2,1,0,0,대전,서구,1,7,0,1,2,6,2,127.3383,36.3322,대전서구,0,원동기장치자전거승용차,0,0,0,4,0,0
2014-06-24,1,1,1,2,1,0,0,충남,홍성군,1,1,0,0,0,0,11,126.6132,36.4878,충남홍성군,0,승용차특수차,0,0,0,38,0,0
2014-06-25,1,2,1,1,0,0,0,경북,성주군,1,1,8,1,1,4,2,128.2859,35.9251,경북성주군,0,이륜차승용차,0,0,0,168,0,0
2014-06-21,1,5,1,1,0,0,0,충북,옥천군,1,1,0,0,0,1,2,127.6697,36.439,충북옥천군,0,화물차승용차,0,1,0,142,0,0
2014-07-28,1,0,1,1,0,0,0,경북,경산시,1,11,0,0,0,4,1,128.7669,35.8219,경북경산시,0,이륜차없음,0,0,0,52,0,0
2014-08-14,1,3,1,1,0,0,0,서울,강서구,1,1,0,1,1,7,6,126.8637,37.5515,서울강서구,0,자전거승합차,0,0,0,43,0,0
2014-08-14,0,3,1,1,0,0,0,대구,서구,1,5,0,0,0,0,3,128.5401,35.8584,대구서구,0,승용차화물차,0,0,0,107,0,0
2014-07-28,0,0,1,1,0,0,0,충북,영동군,1,1,7,1,1,0,7,127.663,36.1305,충북영동군,0,승용차원동기장치자전거,0,0,0,75,0,0
2014-07-28,0,0,1,1,0,0,0,광주,서구,1,10,0,1,2,6,1,126.8744,35.1299,광주서구,0,원동기장치자전거없음,0,0,0,222,0,0
2014-08-07,1,3,1,1,0,0,0,전남,나주시,1,7,0,0,0,0,7,126.5414,34.9498,전남나주시,0,승용차원동기장치자전거,0,0,0,33,0,0
2014-08-13,0,2,1,1,0,0,0,부산,기장군,1,1,4,1,1,1,1,129.2138,35.2525,부산기장군,0,화물차없음,0,0,0,85,0,0
2014-08-10,1,6,1,1,0,0,0,경북,구미시,1,7,0,0,0,0,4,128.3538,36.1632,경북구미시,0,승용차이륜차,0,1,0,144,0,0
2014-08-11,1,0,1,1,0,0,0,충남,홍성군,1,11,0,1,2,6,1,126.5904,36.5832,충남홍성군,0,원동기장치자전거없음,0,0,0,38,0,0
2014-07-10,1,3,3,6,3,0,0,부산,해운대구,1,1,0,1,2,0,2,129.1278,35.1873,부산해운대구,2,승용차승용차,0,0,0,1,0,0
2014-07-20,0,6,1,1,0,0,0,부산,남구,1,1,0,0,0,6,1,129.0951,35.1279,부산남구,0,원동기장치자전거없음,0,1,0,180,0,0
2014-07-20,1,6,1,4,1,2,0,경기,수원시,1,9,5,0,0,0,2,127.0215,37.3125,경기수원시,1,승용차승용차,0,1,0,99,0,0
2014-10-28,1,1,5,5,0,0,0,전북,김제시,1,5,2,0,0,0,3,126.9843,35.732,전북김제시,2,승용차화물차,0,0,0,34,0,0
2014-06-30,1,0,1,1,0,0,0,전남,보성군,1,7,0,0,0,6,7,127.0771,34.7706,전남보성군,0,원동기장치자전거원동기장치자전거,0,0,0,122,0,0
2014-07-07,1,0,1,3,1,1,0,전북,남원시,1,5,0,1,1,1,3,127.52,35.4404,전북남원시,0,화물차화물차,0,0,0,193,0,0
2014-07-13,1,6,1,1,0,0,0,서울,강북구,1,7,8,1,1,0,5,127.0283,37.6362,서울강북구,0,승용차자전거,0,1,0,200,0,0
2014-07-10,0,3,1,1,0,0,0,전남,여수시,1,5,0,1,2,0,3,127.6456,34.7813,전남여수시,0,승용차화물차,0,0,0,102,0,0
2014-07-19,1,5,1,1,0,0,0,경북,칠곡군,1,10,0,0,0,6,1,128.4887,35.9717,경북칠곡군,0,원동기장치자전거없음,0,1,0,21,0,0
2014-07-17,0,3,1,1,0,0,0,경기,고양시,1,5,0,0,0,0,9,126.8167,37.6051,경기고양시,0,승용차건설기계,0,0,0,40,0,0
2014-07-16,1,2,1,1,0,0,0,충북,진천군,1,7,0,1,1,1,4,127.4687,36.8712,충북진천군,0,화물차이륜차,0,0,0,60,0,0
2014-07-25,1,4,1,1,0,0,0,전남,여수시,1,7,0,1,1,0,4,127.6993,34.7491,전남여수시,0,승용차이륜차,0,0,0,102,0,0
2014-07-21,1,0,1,1,0,0,0,경기,오산시,1,1,3,1,2,0,6,127.0638,37.1643,경기오산시,0,승용차승합차,0,0,0,143,0,0
2014-08-01,1,4,1,1,0,0,0,전북,남원시,1,1,0,0,0,1,4,127.5287,35.4375,전북남원시,0,화물차이륜차,0,0,0,193,0,0
2014-07-27,0,6,1,1,0,0,0,충남,부여군,1,1,0,0,0,0,2,126.779,36.279,충남부여군,0,승용차승용차,0,1,0,129,0,0
2014-07-27,0,6,1,3,2,0,0,강원,철원군,1,9,7,1,1,0,2,127.1655,38.245,강원철원군,1,승용차승용차,0,1,0,184,0,0
2014-08-14,0,3,1,1,0,0,0,대전,서구,1,6,0,0,0,0,1,127.3682,36.3091,대전서구,0,승용차없음,0,0,0,4,0,0
2014-08-09,1,5,1,2,1,0,0,경기,여주시,1,1,8,1,1,6,2,127.551,37.2112,경기여주시,0,원동기장치자전거승용차,0,1,0,22,0,0
2014-08-09,0,5,1,1,0,0,0,전남,여수시,1,5,0,0,0,4,2,127.7198,34.7342,전남여수시,0,이륜차승용차,0,1,0,102,0,0
2014-07-05,1,5,1,5,3,0,1,제주,서귀포시,1,10,0,0,0,1,1,126.4791,33.259,제주서귀포시,1,화물차없음,0,1,0,62,0,0
2014-01-07,0,1,1,1,0,0,0,부산,진구,1,10,0,0,0,4,1,129.073,35.152,부산진구,0,이륜차없음,0,0,0,231,0,0
2014-07-20,1,6,1,2,0,1,0,광주,광산구,1,5,3,0,0,1,4,126.8263,35.2237,광주광산구,0,화물차이륜차,0,1,0,135,0,0
2014-07-14,0,0,1,1,0,0,0,전남,순천시,1,1,0,1,2,0,8,127.4801,35.0039,전남순천시,0,승용차농기계,0,0,0,27,0,0
2014-07-26,0,5,1,1,0,0,0,전남,장흥군,1,11,4,0,0,9,1,126.9254,34.4887,전남장흥군,0,농기계없음,0,1,0,56,0,0
2014-07-25,1,4,1,1,0,0,0,대전,유성구,1,7,7,1,1,6,2,127.3823,36.438,대전유성구,0,원동기장치자전거승용차,0,0,0,148,0,0
2014-07-25,1,4,2,7,5,0,0,충남,아산시,1,9,5,0,0,0,2,126.8622,36.8797,충남아산시,2,승용차승용차,0,0,0,53,0,0
2014-07-25,0,4,1,1,0,0,0,경기,안산시,1,5,6,1,1,4,2,126.8066,37.3346,경기안산시,0,이륜차승용차,0,0,0,2,0,0
2014-07-24,1,3,1,1,0,0,0,서울,서초구,1,1,7,1,2,0,4,126.9818,37.476,서울서초구,0,승용차이륜차,0,0,0,214,0,0
2014-07-24,0,3,1,1,0,0,0,경남,창원시(통합),1,6,0,0,0,0,1,128.5795,35.3163,경남창원시(통합),0,승용차없음,0,0,0,86,0,0
2014-07-21,1,0,1,1,0,0,0,경기,성남시,1,1,0,0,0,0,3,127.1165,37.4275,경기성남시,0,승용차화물차,0,0,0,95,0,0
2014-08-02,1,5,1,4,3,0,0,경남,거제시,1,9,5,0,0,0,2,128.6563,34.9405,경남거제시,1,승용차승용차,0,1,0,15,0,0
2014-08-02,0,5,1,1,0,0,0,충남,당진시,1,6,0,1,2,0,1,126.7753,36.7865,충남당진시,0,승용차없음,0,1,0,46,0,0
2014-08-01,0,4,1,1,0,0,0,대구,달성군,1,1,0,0,0,4,2,128.4377,35.7271,대구달성군,0,이륜차승용차,0,0,0,30,0,0
2014-08-15,1,4,1,2,0,1,0,경기,양주시,1,5,0,0,0,1,2,126.9904,37.8125,경기양주시,0,화물차승용차,0,1,0,59,0,0
2014-08-15,1,4,1,1,0,0,0,전남,해남군,1,1,0,0,0,6,3,126.5867,34.5597,전남해남군,0,원동기장치자전거화물차,0,1,0,119,0,0
2014-07-07,0,0,1,2,0,1,0,충남,부여군,1,7,0,1,1,0,4,126.9324,36.1757,충남부여군,0,승용차이륜차,0,0,0,129,0,0
2014-07-06,1,6,1,3,0,2,0,경북,고령군,1,9,0,0,0,1,2,128.3391,35.6796,경북고령군,0,화물차승용차,0,1,0,220,0,0
2014-07-13,0,6,1,1,0,0,0,대구,동구,1,10,0,0,0,4,1,128.68,35.9541,대구동구,0,이륜차없음,0,1,0,26,0,0
2014-07-12,1,5,1,1,0,0,0,전남,해남군,1,10,0,0,0,6,1,126.4275,34.5754,전남해남군,0,원동기장치자전거없음,0,1,0,119,0,0
2014-07-20,1,6,1,1,0,0,0,경기,양주시,1,5,0,0,0,7,2,126.9851,37.8199,경기양주시,0,자전거승용차,0,1,0,59,0,0
2014-07-19,0,5,1,1,0,0,0,경남,창원시(통합),1,7,6,1,1,2,4,128.664,35.2362,경남창원시(통합),0,승합차이륜차,0,1,0,86,0,0
2014-07-18,0,4,1,1,0,0,0,전남,장성군,1,1,0,0,0,0,1,126.6497,35.2367,전남장성군,0,승용차없음,0,0,0,146,0,0
2014-07-15,0,1,1,4,3,0,0,경기,화성시,1,1,6,1,1,0,2,126.7546,37.2115,경기화성시,1,승용차승용차,0,0,0,50,0,0
2014-07-26,1,5,1,1,0,0,0,강원,인제군,1,11,4,0,0,1,1,128.286,38.0706,강원인제군,0,화물차없음,0,1,0,124,0,0
2014-07-24,0,3,1,1,0,0,0,경기,성남시,1,1,0,0,0,0,2,127.115,37.3729,경기성남시,0,승용차승용차,0,0,0,95,0,0
2014-07-26,1,5,1,1,0,0,0,전남,나주시,1,7,8,1,1,1,7,126.6767,35.0194,전남나주시,0,화물차원동기장치자전거,0,1,0,33,0,0
2014-07-26,1,5,1,2,1,0,0,대구,달성군,1,1,5,1,2,0,2,128.4643,35.8638,대구달성군,0,승용차승용차,0,1,0,30,0,0
2014-07-22,1,1,1,1,0,0,0,경기,의왕시,1,1,0,0,0,6,2,126.9921,37.3903,경기의왕시,0,원동기장치자전거승용차,0,0,0,199,0,0
2014-10-25,0,5,1,1,0,0,0,인천,계양구,1,1,0,2,0,0,1,126.7653,37.5771,인천계양구,0,승용차없음,0,1,0,7,0,0
2014-05-24,1,5,1,1,0,0,0,경기,이천시,1,1,7,1,1,9,4,127.4357,37.2697,경기이천시,0,농기계이륜차,0,1,0,41,0,0
2014-05-24,1,5,1,1,0,0,0,경북,울진군,1,1,0,1,2,7,1,129.3791,36.9157,경북울진군,0,자전거없음,0,1,0,208,0,0
2014-05-21,0,2,1,1,0,0,0,경남,거제시,1,10,0,1,2,4,1,128.7298,34.8713,경남거제시,0,이륜차없음,0,0,0,15,0,0
2014-05-20,0,1,1,1,0,0,0,전남,순천시,1,6,0,0,0,0,1,127.5437,34.9241,전남순천시,0,승용차없음,0,0,0,27,0,0
2014-05-22,0,3,1,1,0,0,0,인천,남동구,1,7,2,0,0,0,5,126.7025,37.3989,인천남동구,0,승용차자전거,0,0,0,29,0,0