발생년월일,주야,요일,사망자수,사상자수,중상자수,경상자수,부상신고자수,발생지시도,발생지시군구,사고유형_대분류,사고유형_중분류,법규위반,도로형태_대분류,도로형태,당사자종별_1당_대분류,당사자종별_2당_대분류,경도,위도,발생지,사고피해정도,사고차량타입,도시여부,주말/공휴일,인구수,발생지번호,보행자의위치,무단횡단여부
2014-05-27,1,1,1,1,0,0,0,경기,성남시,1,1,0,1,1,0,1,127.1683,37.4425,경기성남시,0,승용차없음,0,0,0,95,0,0
2014-05-28,1,2,1,1,0,0,0,충남,공주시,1,6,0,1,1,1,1,127.2696,36.3639,충남공주시,0,화물차없음,0,0,0,19,0,0
2014-05-28,1,2,1,2,0,1,0,제주,서귀포시,1,5,0,0,0,0,8,126.8128,33.3695,제주서귀포시,0,승용차농기계,0,0,0,62,0,0
2014-05-26,1,0,1,1,0,0,0,전남,장흥군,1,9,5,0,0,1,7,126.9545,34.7879,전남장흥군,0,화물차원동기장치자전거,0,0,0,56,0,0
2014-06-07,1,5,1,5,2,2,0,전남,광양시,1,1,6,1,1,4,3,127.6951,34.9385,전남광양시,1,이륜차화물차,0,1,0,130,0,0
2014-06-01,1,6,1,2,1,0,0,인천,서구,1,6,0,0,0,0,1,126.6901,37.503,인천서구,0,승용차없음,0,1,0,97,0,0
2014-06-01,0,6,1,1,0,0,0,충북,충주시,1,7,0,0,0,0,7,127.9666,37.1126,충북충주시,0,승용차원동기장치자전거,0,1,0,6,0,0
2014-06-07,1,5,2,2,0,0,0,충남,홍성군,1,1,0,0,0,1,8,126.5553,36.6013,충남홍성군,0,화물차농기계,0,1,0,38,0,0
2014-06-08,1,6,1,3,1,1,0,충남,서천군,1,7,6,1,1,1,2,126.6723,36.0331,충남서천군,0,화물차승용차,0,1,0,10,0,0
2014-06-08,1,6,1,1,0,0,0,대전,서구,1,1,0,0,3,0,2,127.3479,36.3198,대전서구,0,승용차승용차,0,1,0,4,0,0
2014-06-09,0,0,1,3,1,1,0,울산,동구,1,1,0,0,0,4,1,129.4181,35.4832,울산동구,0,이륜차없음,0,0,0,225,0,0
2014-05-12,1,0,1,1,0,0,0,충북,청원군,1,1,6,1,1,2,7,127.3815,36.6597,충북청주시,0,승합차원동기장치자전거,0,0,0,83,0,0
2014-05-10,1,5,1,1,0,0,0,경북,군위군,1,11,0,0,0,3,1,128.7299,36.1642,경북군위군,0,건설기계없음,0,1,0,170,0,0
2014-05-18,1,6,1,1,0,0,0,경북,칠곡군,1,10,4,0,0,1,1,128.5356,36.0896,경북칠곡군,0,화물차없음,0,1,0,21,0,0
2014-05-16,1,4,1,1,0,0,0,전남,영암군,1,7,0,1,2,0,3,126.6403,34.8427,전남영암군,0,승용차화물차,0,0,0,16,0,0
2014-05-16,0,4,2,2,0,0,0,경기,시흥시,1,5,0,0,0,4,7,126.6415,37.3214,경기시흥시,0,이륜차원동기장치자전거,0,0,0,73,0,0
2014-05-14,0,2,1,1,0,0,0,경북,영천시,1,9,5,0,0,0,3,128.8734,35.9315,경북영천시,0,승용차화물차,0,0,0,5,0,0
2014-05-21,0,2,1,1,0,0,0,충남,금산군,1,7,7,1,1,6,2,127.4957,36.1185,충남금산군,0,원동기장치자전거승용차,0,0,0,68,0,0
2014-05-20,1,1,1,1,0,0,0,경북,울릉군,1,1,0,0,0,4,1,130.8721,37.5412,인천서구,0,이륜차없음,0,0,0,97,0,0
2014-05-29,0,3,2,5,3,0,0,경기,평택시,1,10,2,0,0,0,1,127.0699,37.0363,경기평택시,1,승용차없음,0,0,0,14,0,0
2014-05-30,0,4,1,3,2,0,0,전남,함평군,1,7,0,1,1,1,3,126.5329,35.0223,전남함평군,1,화물차화물차,0,0,0,157,0,0
2014-05-30,0,4,1,1,0,0,0,충북,청주시,1,1,0,0,0,0,5,127.4751,36.6117,충북청주시,0,승용차자전거,0,0,0,83,0,0
2014-05-30,1,4,1,2,0,1,0,경북,칠곡군,1,5,0,0,0,1,2,128.4761,35.9583,경북칠곡군,0,화물차승용차,0,0,0,21,0,0
2014-05-30,0,4,1,1,0,0,0,서울,관악구,1,1,0,0,0,1,1,126.92,37.4692,서울관악구,0,화물차없음,0,0,0,188,0,0
2014-05-28,0,2,1,2,1,0,0,광주,광산구,1,7,6,1,1,2,7,126.7611,35.1333,광주광산구,0,승합차원동기장치자전거,0,0,0,135,0,0
2014-05-28,1,2,1,1,0,0,0,충남,당진시,1,7,7,1,2,4,2,126.8145,36.775,충남당진시,0,이륜차승용차,0,0,0,46,0,0
2014-05-28,0,2,1,5,3,1,0,경기,여주시,1,6,0,0,0,0,1,127.6541,37.2589,경기여주시,1,승용차없음,0,0,0,22,0,0
2014-07-23,0,2,1,5,4,0,0,충남,보령시,1,7,6,1,1,2,2,126.5231,36.309,충남보령시,1,승합차승용차,0,0,0,136,0,0
2014-07-21,1,0,1,4,2,1,0,전남,광양시,1,5,0,1,2,0,6,127.6022,35.083,전남광양시,1,승용차승합차,0,0,0,130,0,0
2014-08-02,0,5,1,1,0,0,0,경북,포항시,1,1,0,0,0,0,2,129.3424,36.1643,경북포항시,0,승용차승용차,0,1,0,160,0,0
2014-08-02,0,5,1,6,1,4,0,경기,안양시,1,5,0,1,2,0,2,126.9525,37.3831,경기안양시,1,승용차승용차,0,1,0,151,0,0
2014-08-12,0,1,1,1,0,0,0,울산,동구,1,7,7,1,1,0,4,129.4331,35.53,울산동구,0,승용차이륜차,0,0,0,225,0,0
2014-08-14,1,3,1,2,0,1,0,전북,전주시,1,6,0,0,0,0,1,127.1862,35.8104,전북전주시,0,승용차없음,0,0,0,11,0,0
2014-08-14,0,3,2,3,0,1,0,전북,전주시,1,5,6,1,1,0,2,127.1237,35.8355,전북전주시,1,승용차승용차,0,0,0,11,0,0
2014-08-14,0,3,1,1,0,0,0,경북,영덕군,1,6,0,1,1,1,1,129.3787,36.4154,경북영덕군,0,화물차없음,0,0,0,54,0,0
2014-08-10,1,6,1,2,0,1,0,경북,포항시,1,1,5,0,0,0,8,129.2538,36.1,경북포항시,0,승용차농기계,0,1,0,160,0,0
2014-08-09,1,5,1,1,0,0,0,전북,부안군,1,7,2,0,0,0,5,126.7689,35.7305,전북부안군,0,승용차자전거,0,1,0,185,0,0
2014-08-09,0,5,1,1,0,0,0,대구,달서구,1,9,0,1,1,4,9,128.4919,35.8445,대구달서구,0,이륜차건설기계,0,1,0,20,0,0
2014-08-10,0,6,1,1,0,0,0,경기,용인시,1,5,0,1,2,0,7,127.1183,37.3298,경기용인시,0,승용차원동기장치자전거,0,1,0,51,0,0
2014-06-29,0,6,1,1,0,0,0,경남,함양군,1,5,2,0,0,0,8,127.7166,35.6361,경남함양군,0,승용차농기계,0,1,0,108,0,0
2014-07-02,1,2,1,1,0,0,0,제주,제주시,1,1,6,1,1,6,2,126.1858,33.2997,제주제주시,0,원동기장치자전거승용차,0,0,0,90,0,0
2014-07-08,0,1,1,1,0,0,0,경기,수원시,1,5,0,0,0,0,5,127.0648,37.2592,경기수원시,0,승용차자전거,0,0,0,99,0,0
2014-07-05,1,5,1,2,0,1,0,전남,순천시,1,1,3,0,0,5,2,127.5853,34.8737,전남순천시,0,특수차승용차,0,1,0,27,0,0
2014-07-14,1,0,1,1,0,0,0,경남,고성군,1,7,0,1,2,4,11,128.3412,34.9568,경남고성군,0,이륜차특수차,0,0,0,87,0,0
2014-07-19,1,5,1,1,0,0,0,전북,부안군,1,7,0,1,1,1,4,126.7399,35.7233,전북부안군,0,화물차이륜차,0,1,0,185,0,0
2014-07-18,1,4,1,1,0,0,0,경북,상주시,1,1,7,1,1,0,5,128.1549,36.4198,경북상주시,0,승용차자전거,0,0,0,58,0,0
2014-07-18,1,4,1,2,1,0,0,충남,아산시,1,6,0,1,2,1,1,126.8779,36.7481,충남아산시,0,화물차없음,0,0,0,53,0,0
2014-07-27,0,6,1,1,0,0,0,경기,성남시,1,1,0,2,0,7,1,127.1352,37.4334,경기성남시,0,자전거없음,0,1,0,95,0,0
2014-07-24,1,3,1,3,1,1,0,전남,목포시,1,7,5,0,0,0,4,126.4166,34.8082,전남목포시,0,승용차이륜차,0,0,0,153,0,0
2014-07-31,1,3,1,1,0,0,0,부산,남구,1,7,5,0,0,2,4,129.0753,35.135,부산남구,0,승합차이륜차,0,0,0,180,0,0
2014-07-31,0,3,1,6,0,2,3,경기,수원시,1,5,0,1,2,0,3,127.0324,37.2468,경기수원시,1,승용차화물차,0,0,0,99,0,0
2014-08-02,0,5,1,1,0,0,0,대구,달서구,1,5,6,0,0,0,7,128.492,35.8488,대구달서구,0,승용차원동기장치자전거,0,1,0,20,0,0
2014-07-31,0,3,1,1,0,0,0,서울,강서구,1,1,0,1,2,1,5,126.8416,37.5706,서울강서구,0,화물차자전거,0,0,0,43,0,0
2014-08-01,1,4,1,1,0,0,0,경기,고양시,1,7,0,0,0,0,4,126.8548,37.6461,경기고양시,0,승용차이륜차,0,0,0,40,0,0
2014-07-27,0,6,1,1,0,0,0,경기,화성시,1,5,0,0,0,0,5,126.7984,37.0742,경기화성시,0,승용차자전거,0,1,0,50,0,0
2014-08-12,1,1,1,2,1,0,0,전남,목포시,1,6,0,0,0,0,1,126.3621,34.752,전남목포시,0,승용차없음,0,0,0,153,0,0
2014-08-11,1,0,1,2,0,1,0,인천,서구,1,5,0,0,0,1,3,126.6607,37.4853,인천서구,0,화물차화물차,0,0,0,97,0,0
2014-06-17,0,1,1,1,0,0,0,인천,서구,1,1,5,0,0,1,3,126.6821,37.5221,인천서구,0,화물차화물차,0,0,0,97,0,0
2014-08-22,0,4,1,1,0,0,0,경북,문경시,1,5,0,0,0,1,3,128.1119,36.6931,경북문경시,0,화물차화물차,0,0,0,74,0,0
2014-05-26,0,0,1,1,0,0,0,충남,부여군,1,6,0,1,2,0,1,126.7609,36.2106,충남부여군,0,승용차없음,0,0,0,129,0,0
2014-05-28,1,2,2,5,2,1,0,인천,중구,1,7,0,1,1,1,2,126.4222,37.4815,인천중구,1,화물차승용차,0,0,0,72,0,0
2014-05-26,0,0,1,2,0,1,0,울산,남구,1,1,0,0,0,0,2,129.3074,35.5461,울산남구,0,승용차승용차,0,0,0,213,0,0
2014-06-04,0,2,1,2,1,0,0,경기,시흥시,1,5,6,1,2,0,4,126.8527,37.4022,경기시흥시,0,승용차이륜차,0,1,0,73,0,0
2014-06-03,0,1,1,1,0,0,0,경북,영천시,1,1,0,0,0,7,2,128.9055,35.9484,경북영천시,0,자전거승용차,0,0,0,5,0,0
2014-06-02,0,0,1,1,0,0,0,경기,광주시,1,5,0,0,0,0,3,127.2701,37.4028,경기광주시,0,승용차화물차,0,0,0,9,0,0
2014-06-01,0,6,1,2,0,1,0,인천,남구,1,7,5,0,0,4,2,126.6493,37.4502,인천남동구,0,이륜차승용차,0,1,0,29,0,0
2014-06-02,1,0,1,1,0,0,0,전북,순창군,1,9,5,0,0,1,4,127.1937,35.399,전북순창군,0,화물차이륜차,0,0,0,131,0,0
2014-06-12,1,3,1,1,0,0,0,전남,여수시,1,1,0,1,1,6,6,127.7422,34.7469,전남여수시,0,원동기장치자전거승합차,0,0,0,102,0,0
2014-06-12,0,3,1,1,0,0,0,전남,광양시,1,6,0,1,1,0,1,127.6695,34.9118,전남광양시,0,승용차없음,0,0,0,130,0,0
2014-06-09,1,0,1,8,0,6,1,서울,은평구,1,9,5,0,0,4,6,126.9198,37.6234,서울은평구,1,이륜차승합차,0,0,0,139,0,0
2014-06-07,1,5,1,3,2,0,0,인천,서구,1,6,0,1,1,0,1,126.6123,37.5543,인천서구,1,승용차없음,0,1,0,97,0,0
2014-05-09,1,4,1,1,0,0,0,서울,강서구,1,1,0,0,0,6,6,126.8131,37.561,서울강서구,0,원동기장치자전거승합차,0,0,0,43,0,0
2014-05-19,1,0,1,1,0,0,0,광주,북구,1,5,0,0,0,6,6,126.9026,35.2217,광주북구,0,원동기장치자전거승합차,0,0,0,137,0,0
2014-05-19,1,0,1,1,0,0,0,경기,화성시,1,7,0,0,0,7,6,127.0549,37.199,경기화성시,0,자전거승합차,0,0,0,50,0,0
2014-05-17,1,5,1,1,0,0,0,대전,동구,1,6,0,0,0,6,1,127.4931,36.3463,대전동구,0,원동기장치자전거없음,0,1,0,80,0,0
2014-05-16,0,4,1,1,0,0,0,경남,창원시(통합),1,7,0,2,0,0,2,128.6027,35.2533,경남창원시(통합),0,승용차승용차,0,0,0,86,0,0
2014-05-15,1,3,1,1,0,0,0,서울,관악구,1,1,5,0,0,0,4,126.9245,37.4836,서울관악구,0,승용차이륜차,0,0,0,188,0,0
2014-05-15,0,3,1,1,0,0,0,전남,나주시,1,5,0,0,0,1,3,126.7128,34.9941,전남나주시,0,화물차화물차,0,0,0,33,0,0
2014-05-23,0,4,1,1,0,0,0,대전,중구,1,7,0,1,1,0,7,127.4483,36.3072,대전중구,0,승용차원동기장치자전거,0,0,0,39,0,0
2014-05-24,1,5,1,1,0,0,0,경기,남양주시,1,10,0,0,0,4,1,127.2986,37.7293,경기남양주시,0,이륜차없음,0,1,0,70,0,0
2014-05-21,1,2,1,1,0,0,0,부산,사하구,1,6,0,0,0,0,1,128.9734,35.0526,부산사하구,0,승용차없음,0,0,0,25,0,0
2014-05-30,0,4,1,1,0,0,0,경북,경산시,1,1,9,0,0,4,6,128.7961,35.8118,경북경산시,0,이륜차승합차,0,0,0,52,0,0
2014-05-28,1,2,1,1,0,0,0,충북,보은군,1,10,0,2,4,9,1,127.7481,36.4005,충북보은군,0,농기계없음,0,0,0,32,0,0
2014-05-26,1,0,1,1,0,0,0,충북,진천군,1,6,0,0,0,0,1,127.5547,36.7827,충북진천군,0,승용차없음,0,0,0,60,0,0
2014-05-28,1,2,1,1,0,0,0,경북,구미시,1,6,0,0,0,4,1,128.3233,36.2934,경북구미시,0,이륜차없음,0,0,0,144,0,0
2014-05-27,1,1,1,4,2,1,0,충남,서산시,1,7,6,1,1,0,2,126.4329,36.9384,충남서산시,1,승용차승용차,0,0,0,69,0,0
2014-06-04,0,2,1,1,0,0,0,충북,청주시,1,7,6,1,1,4,2,127.4994,36.6799,충북청주시,0,이륜차승용차,0,1,0,83,0,0
2014-06-05,1,3,1,2,0,1,0,경기,포천시,1,7,5,0,0,7,2,127.3211,37.9623,경기포천시,0,자전거승용차,0,0,0,171,0,0
2014-06-01,1,6,1,3,1,0,1,강원,홍천군,1,6,0,0,0,0,1,128.2678,37.6784,강원홍천군,0,승용차없음,0,1,0,82,0,0
2014-06-02,1,0,1,3,1,1,0,강원,삼척시,1,9,5,0,0,0,9,129.0664,37.2839,강원삼척시,0,승용차건설기계,0,0,0,78,0,0
2014-06-04,0,2,1,1,0,0,0,경기,용인시,1,5,0,0,0,1,11,127.1725,37.283,경기용인시,0,화물차특수차,0,1,0,51,0,0
2014-06-02,0,0,1,17,0,15,1,강원,춘천시,1,7,7,1,1,1,6,127.7726,37.85,강원춘천시,2,화물차승합차,0,0,0,111,0,0
2014-08-11,0,0,1,3,2,0,0,전남,무안군,1,1,5,0,0,1,2,126.4179,35.0233,전남무안군,1,화물차승용차,0,0,0,101,0,0
2014-08-21,1,3,1,1,0,0,0,전북,남원시,1,7,10,0,0,4,2,127.3789,35.4001,전북남원시,0,이륜차승용차,0,0,0,193,0,0
2014-08-20,0,2,1,1,0,0,0,경기,성남시,1,1,0,1,2,0,7,127.1428,37.4442,경기성남시,0,승용차원동기장치자전거,0,0,0,95,0,0
2014-06-30,0,0,1,1,0,0,0,경북,칠곡군,1,9,5,0,0,4,3,128.4539,35.9561,경북칠곡군,0,이륜차화물차,0,0,0,21,0,0
2014-07-05,1,5,1,1,0,0,0,부산,동래구,1,5,0,0,0,7,3,129.0824,35.2096,부산동래구,0,자전거화물차,0,1,0,216,0,0
2014-07-11,1,4,1,1,0,0,0,충북,충주시,1,5,6,1,1,1,4,127.8514,37.0211,충북충주시,0,화물차이륜차,0,0,0,6,0,0
2014-07-17,1,3,1,1,0,0,0,강원,양구군,1,10,0,0,0,6,1,128.0565,38.0224,강원양구군,0,원동기장치자전거없음,0,0,0,115,0,0
2014-07-24,0,3,1,1,0,0,0,서울,도봉구,1,7,6,1,1,6,6,127.0458,37.6874,서울도봉구,0,원동기장치자전거승합차,0,0,0,98,0,0
2014-07-24,1,3,1,1,0,0,0,전남,무안군,1,1,0,0,0,4,1,126.3089,34.9683,전남무안군,0,이륜차없음,0,0,0,101,0,0
2014-07-25,0,4,1,1,0,0,0,경기,여주시,1,11,0,0,0,0,1,127.5435,37.2026,경기여주시,0,승용차없음,0,0,0,22,0,0
2014-07-25,0,4,1,1,0,0,0,경북,성주군,1,5,0,0,0,4,9,128.278,35.922,경북성주군,0,이륜차건설기계,0,0,0,168,0,0
2014-07-24,1,3,1,1,0,0,0,경남,김해시,1,1,0,0,0,1,1,128.8272,35.3745,경남김해시,0,화물차없음,0,0,0,13,0,0
2014-07-21,1,0,1,1,0,0,0,서울,용산구,1,6,0,0,0,4,1,126.9831,37.5199,서울용산구,0,이륜차없음,0,0,0,134,0,0
2014-08-01,0,4,1,1,0,0,0,전북,전주시,1,1,0,1,2,6,2,127.1529,35.8061,전북전주시,0,원동기장치자전거승용차,0,0,0,11,0,0
2014-08-02,1,5,1,1,0,0,0,대전,동구,1,11,0,0,0,0,1,127.4719,36.3027,대전동구,0,승용차없음,0,1,0,80,0,0
2014-07-31,0,3,1,1,0,0,0,충북,충주시,1,1,0,0,0,1,5,127.9173,36.9913,충북충주시,0,화물차자전거,0,0,0,6,0,0
2014-07-30,0,2,1,1,0,0,0,서울,성동구,1,6,0,0,0,0,1,127.0696,37.5559,서울성동구,0,승용차없음,0,0,0,84,0,0
2014-08-09,0,5,1,2,1,0,0,서울,동작구,1,1,0,0,0,1,3,126.9534,37.5152,서울동작구,0,화물차화물차,0,1,0,93,0,0
2014-08-21,1,3,1,3,1,1,0,경기,여주시,1,9,5,1,2,3,3,127.5495,37.3969,경기여주시,0,건설기계화물차,0,0,0,22,0,0
2014-08-19,0,1,1,1,0,0,0,경기,성남시,1,1,0,1,2,0,3,127.134,37.4074,경기성남시,0,승용차화물차,0,0,0,95,0,0
2014-08-06,1,2,2,2,0,0,0,경남,하동군,1,11,0,0,0,1,1,127.6563,35.173,경남하동군,0,화물차없음,0,0,0,172,0,0
2014-08-07,1,3,1,2,1,0,0,경기,가평군,1,1,0,1,2,9,4,127.3527,37.8691,경기가평군,0,농기계이륜차,0,0,0,176,0,0
2014-06-11,1,2,1,2,1,0,0,전남,함평군,1,6,0,0,0,0,1,126.4811,35.135,전남함평군,0,승용차없음,0,0,0,157,0,0
2014-09-11,1,3,2,3,1,0,0,전북,완주군,1,6,0,0,0,0,1,127.1525,35.8954,전북완주군,1,승용차없음,0,0,0,28,0,0
2014-11-24,1,0,1,4,1,2,0,경남,진주시,1,1,0,0,0,0,3,128.022,35.2012,경남진주시,1,승용차화물차,0,0,0,42,0,0
2014-11-21,1,4,1,4,1,2,0,경북,경주시,1,5,0,0,0,1,3,129.1291,35.8233,경북경주시,1,화물차화물차,0,0,0,100,0,0
2014-06-09,1,0,1,2,1,0,0,경북,청도군,1,1,0,1,1,6,6,128.7772,35.5704,경북청도군,0,원동기장치자전거승합차,0,0,0,3,0,0
2014-06-09,0,0,1,1,0,0,0,전북,군산시,1,5,0,0,0,2,8,126.8542,35.9425,전북군산시,0,승합차농기계,0,0,0,166,0,0
2014-05-08,1,3,1,1,0,0,0,경남,진주시,1,9,5,0,0,4,3,128.0718,35.2058,경남진주시,0,이륜차화물차,0,0,0,42,0,0
2014-05-17,0,5,1,2,0,1,0,부산,강서구,1,5,0,0,0,0,11,128.8347,35.0695,부산강서구,0,승용차특수차,0,1,0,206,0,0
2014-05-13,0,1,1,1,0,0,0,충북,영동군,1,6,0,0,0,1,1,127.815,36.2749,충북영동군,0,화물차없음,0,0,0,75,0,0
2014-06-16,0,0,1,2,1,0,0,경북,포항시,1,1,0,1,1,6,1,129.3766,36.0083,경북포항시,0,원동기장치자전거없음,0,0,0,160,0,0
2014-06-16,0,0,1,2,1,0,0,대구,달서구,1,6,0,0,0,4,1,128.4809,35.853,대구달서구,0,이륜차없음,0,0,0,20,0,0
2014-06-14,1,5,1,1,0,0,0,경북,구미시,1,10,0,0,0,4,1,128.5047,36.1142,경북구미시,0,이륜차없음,0,1,0,144,0,0
2014-06-25,1,2,1,1,0,0,0,전남,화순군,1,7,5,0,0,1,9,126.9719,34.9793,전남화순군,0,화물차건설기계,0,0,0,88,0,0
2014-06-25,0,2,1,2,1,0,0,경기,양주시,1,9,5,1,2,0,4,126.9905,37.8582,경기양주시,0,승용차이륜차,0,0,0,59,0,0
2014-05-10,1,5,1,1,0,0,0,경기,고양시,1,7,0,0,0,4,2,126.7398,37.6951,경기고양시,0,이륜차승용차,0,1,0,40,0,0
2014-05-18,1,6,1,1,0,0,0,경남,의령군,1,7,8,1,1,0,4,128.368,35.3413,경남의령군,0,승용차이륜차,0,1,0,189,0,0
2014-05-14,0,2,1,2,0,1,0,제주,제주시,1,6,0,0,0,4,1,126.5259,33.4922,제주제주시,0,이륜차없음,0,0,0,90,0,0
2014-05-22,0,3,1,1,0,0,0,경기,양평군,1,9,5,0,0,4,6,127.3713,37.5255,경기양평군,0,이륜차승합차,0,0,0,48,0,0
2014-05-22,1,3,1,1,0,0,0,경기,고양시,1,1,0,1,2,1,7,126.855,37.6756,경기고양시,0,화물차원동기장치자전거,0,0,0,40,0,0
2014-05-22,1,3,1,2,1,0,0,경남,함양군,1,9,5,0,0,1,4,127.7181,35.5176,경남함양군,0,화물차이륜차,0,0,0,108,0,0
2014-05-29,1,3,1,1,0,0,0,부산,강서구,1,7,0,0,0,1,5,128.9328,35.2096,부산강서구,0,화물차자전거,0,0,0,206,0,0
2014-06-17,1,1,1,1,0,0,0,경기,이천시,1,1,0,2,4,4,1,127.4458,37.2642,경기이천시,0,이륜차없음,0,0,0,41,0,0
2014-06-18,1,2,1,1,0,0,0,경북,예천군,1,5,0,0,0,2,8,128.3932,36.5482,경북예천군,0,승합차농기계,0,0,0,55,0,0
2014-06-14,1,5,1,1,0,0,0,광주,광산구,1,1,0,0,0,1,4,126.7457,35.1264,광주광산구,0,화물차이륜차,0,1,0,135,0,0
2014-06-24,1,1,1,1,0,0,0,경남,양산시,1,7,6,1,1,6,2,129.0422,35.3544,경남양산시,0,원동기장치자전거승용차,0,0,0,49,0,0
2014-06-25,0,2,1,1,0,0,0,경기,남양주시,1,1,0,0,0,0,5,127.1663,37.6278,경기남양주시,0,승용차자전거,0,0,0,70,0,0
2014-06-26,1,3,1,1,0,0,0,충북,영동군,1,1,0,0,0,6,1,127.6851,36.0919,충북영동군,0,원동기장치자전거없음,0,0,0,75,0,0
2014-06-22,1,6,1,2,0,1,0,서울,중랑구,1,1,0,0,0,0,3,127.0787,37.606,서울중랑구,0,승용차화물차,0,1,0,196,0,0
2014-06-23,1,0,1,1,0,0,0,울산,중구,1,10,0,0,0,7,1,129.3048,35.5542,울산중구,0,자전거없음,0,0,0,205,0,0
2014-06-20,1,4,1,1,0,0,0,충남,천안시,1,10,0,0,0,4,1,127.2922,36.7894,충남천안시,0,이륜차없음,0,0,0,63,0,0
2014-05-19,1,0,1,1,0,0,0,충남,홍성군,1,1,0,0,0,4,3,126.6195,36.5017,충남홍성군,0,이륜차화물차,0,0,0,38,0,0
2014-05-14,0,2,1,1,0,0,0,경남,사천시,1,1,0,0,0,0,2,128.1131,35.105,경남사천시,0,승용차승용차,0,0,0,57,0,0
2014-05-24,0,5,1,2,0,1,0,전북,정읍시,1,1,0,0,0,0,8,126.8705,35.6859,전북정읍시,0,승용차농기계,0,1,0,12,0,0
2014-05-24,0,5,1,1,0,0,0,전남,목포시,1,6,0,1,2,0,1,126.4151,34.8011,전남목포시,0,승용차없음,0,1,0,153,0,0
2014-05-20,1,1,1,3,1,1,0,전남,무안군,1,1,5,0,0,0,3,126.4258,35.0156,전남무안군,0,승용차화물차,0,0,0,101,0,0
2014-05-21,0,2,1,1,0,0,0,전북,정읍시,1,1,0,0,0,0,5,126.8626,35.5898,전북정읍시,0,승용차자전거,0,0,0,12,0,0
2014-05-23,1,4,1,10,1,3,5,경기,안산시,1,5,0,0,0,0,6,126.7866,37.3293,경기안산시,1,승용차승합차,0,0,0,2,0,0
2014-06-07,1,5,1,2,0,0,1,강원,정선군,1,1,4,0,0,0,1,128.8733,37.1994,강원정선군,0,승용차없음,0,1,0,198,0,0
2014-06-05,1,3,1,1,0,0,0,전북,고창군,1,6,0,1,1,1,1,126.6663,35.3934,전북고창군,0,화물차없음,0,0,0,219,0,0
2014-06-03,1,1,1,1,0,0,0,전남,영광군,1,1,0,0,0,1,5,126.5152,35.2524,전남영광군,0,화물차자전거,0,0,0,127,0,0
2014-06-01,1,6,1,2,1,0,0,대전,동구,1,11,0,0,0,9,1,127.4858,36.3863,대전동구,0,농기계없음,0,1,0,80,0,0
2014-06-19,1,3,1,1,0,0,0,강원,춘천시,1,10,0,0,0,9,1,127.7055,37.7321,강원춘천시,0,농기계없음,0,0,0,111,0,0
2014-06-18,1,2,1,1,0,0,0,전남,여수시,1,6,0,0,0,1,1,127.6362,34.7608,전남여수시,0,화물차없음,0,0,0,102,0,0
2014-06-15,0,6,2,2,0,0,0,서울,송파구,1,6,0,1,2,6,1,127.1373,37.4968,서울송파구,0,원동기장치자전거없음,0,1,0,156,0,0
2014-06-16,0,0,1,4,1,2,0,강원,철원군,1,7,7,1,1,0,2,127.3474,38.2283,강원철원군,1,승용차승용차,0,0,0,184,0,0
2014-06-15,1,6,1,1,0,0,0,서울,양천구,1,7,5,0,0,7,2,126.8535,37.5189,서울양천구,0,자전거승용차,0,1,0,140,0,0
2014-05-11,0,6,1,2,1,0,0,충남,천안시,1,5,0,0,0,0,5,127.155,36.8261,충남천안시,0,승용차자전거,0,1,0,63,0,0
2014-05-17,1,5,1,2,0,1,0,전남,보성군,1,5,0,0,0,1,8,127.1563,34.777,전남보성군,0,화물차농기계,0,1,0,122,0,0
2014-05-19,0,0,1,1,0,0,0,인천,남동구,1,7,5,0,0,0,4,126.7397,37.4049,인천남동구,0,승용차이륜차,0,0,0,29,0,0
2014-05-14,0,2,1,2,0,1,0,충남,보령시,1,5,0,0,0,0,8,126.5995,36.4607,충남보령시,0,승용차농기계,0,0,0,136,0,0
2014-07-02,0,2,1,1,0,0,0,서울,강동구,1,1,0,0,0,7,2,127.1224,37.5261,서울강동구,0,자전거승용차,0,0,0,91,0,0
2014-07-06,1,6,1,1,0,0,0,경남,진주시,1,10,0,0,0,1,1,128.0194,35.2277,경남진주시,0,화물차없음,0,1,0,42,0,0
2014-07-04,1,4,1,1,0,0,0,경북,상주시,1,10,0,0,0,6,1,128.1656,36.4074,경북상주시,0,원동기장치자전거없음,0,0,0,58,0,0
2014-07-02,0,2,1,1,0,0,0,경남,창원시(통합),1,6,0,0,0,0,1,128.6668,35.2504,경남창원시(통합),0,승용차없음,0,0,0,86,0,0
2014-07-05,1,5,1,1,0,0,0,경북,경주시,1,7,6,1,1,2,7,129.1429,35.7996,경북경주시,0,승합차원동기장치자전거,0,1,0,100,0,0
2014-07-12,0,5,1,8,2,5,0,전북,익산시,1,7,5,0,0,1,2,127.0286,35.971,전북익산시,2,화물차승용차,0,1,0,125,0,0
2014-07-15,0,1,2,6,2,2,0,경북,경산시,1,1,5,0,0,0,2,128.7432,35.8072,경북경산시,1,승용차승용차,0,0,0,52,0,0
2014-07-10,0,3,1,3,0,2,0,경남,합천군,1,5,0,0,0,1,8,128.0291,35.5254,경남합천군,0,화물차농기계,0,0,0,133,0,0
2014-07-20,1,6,1,1,0,0,0,경남,통영시,1,10,0,0,0,6,1,128.4439,34.8643,경남통영시,0,원동기장치자전거없음,0,1,0,212,0,0